order_id,customer_id,store_id,order_date,order_status,payment_method,currency,updated_at
ORD0000001,CUST000169,STORE0001,2026-08-10 10:41:59,COMPLETED,CREDIT_CARD,USD,2026-08-12 22:41:59
ORD0000002,CUST000427,STORE0011,2026-06-07 18:07:22,PENDING,STORE_CREDIT,USD,2026-06-09 18:07:22
ORD0000003,CUST000005,STORE0004,2026-02-19 20:17:43,REFUNDED,DEBIT_CARD,USD,2026-02-21 17:17:43
ORD0000004,CUST000114,STORE0004,2026-06-20 13:02:17,COMPLETED,CREDIT_CARD,USD,2026-06-21 15:02:17
ORD0000005,CUST000292,STORE0009,2026-06-20 10:35:12,REFUNDED,STORE_CREDIT,USD,2026-06-23 10:35:12
ORD0000006,CUST000117,STORE0009,2026-04-25 11:54:43,COMPLETED,STORE_CREDIT,USD,2026-04-28 07:54:43
ORD0000007,CUST000219,STORE0011,2026-08-05 18:03:54,COMPLETED,PAYPAL,USD,2026-08-08 01:03:54
ORD0000008,CUST000265,STORE0013,2026-02-25 19:14:03,COMPLETED,STORE_CREDIT,USD,2026-02-28 00:14:03
ORD0000009,CUST000378,STORE0004,2026-08-09 14:04:58,COMPLETED,DEBIT_CARD,USD,2026-08-10 15:04:58
ORD0000010,CUST000246,STORE0007,2026-02-20 17:51:40,COMPLETED,DEBIT_CARD,USD,2026-02-22 01:51:40
ORD0000011,CUST000421,STORE0006,2026-06-27 20:15:04,PENDING,CREDIT_CARD,USD,2026-06-30 04:15:04
ORD0000012,CUST000435,STORE0012,2026-03-02 20:08:03,PENDING,CREDIT_CARD,USD,2026-03-05 04:08:03
ORD0000013,CUST000029,STORE0009,2026-02-27 12:54:24,COMPLETED,STORE_CREDIT,USD,2026-02-28 00:54:24
ORD0000014,CUST000334,STORE0011,2026-02-20 15:33:21,CANCELLED,CREDIT_CARD,USD,2026-02-21 15:33:21
ORD0000015,CUST000431,STORE0004,2026-07-10 10:40:32,COMPLETED,PAYPAL,USD,2026-07-12 07:40:32
ORD0000016,CUST000300,STORE0007,2026-06-25 18:48:22,COMPLETED,DEBIT_CARD,USD,2026-06-28 15:48:22
ORD0000017,CUST000497,STORE0001,2026-06-26 17:42:43,COMPLETED,DEBIT_CARD,USD,2026-06-27 00:42:43
ORD0000018,CUST000403,STORE0002,2026-05-12 11:42:30,REFUNDED,STORE_CREDIT,USD,2026-05-14 22:42:30
ORD0000019,CUST000113,STORE0001,2026-07-27 11:44:14,COMPLETED,DEBIT_CARD,USD,2026-07-28 14:44:14
ORD0000020,CUST000038,STORE0006,2026-02-21 16:07:09,COMPLETED,DEBIT_CARD,USD,2026-02-24 00:07:09
ORD0000021,CUST000135,STORE0012,2026-03-30 13:54:35,COMPLETED,DEBIT_CARD,USD,2026-03-31 11:54:35
ORD0000022,CUST000347,STORE0003,2026-05-22 18:50:56,COMPLETED,DEBIT_CARD,USD,2026-05-24 13:50:56
ORD0000023,CUST000088,STORE0009,2026-07-23 14:56:45,COMPLETED,DEBIT_CARD,USD,2026-07-24 05:56:45
ORD0000024,CUST000275,STORE0005,2026-03-24 13:15:03,REFUNDED,DEBIT_CARD,USD,2026-03-26 00:15:03
ORD0000025,CUST000266,STORE0008,2026-03-31 13:45:23,CANCELLED,PAYPAL,USD,2026-04-03 02:45:23
ORD0000026,CUST000459,STORE0004,2026-06-09 21:15:25,COMPLETED,PAYPAL,USD,2026-06-11 12:15:25
ORD0000027,CUST000219,STORE0008,2026-06-13 14:26:23,PENDING,GIFT_CARD,USD,2026-06-16 05:26:23
ORD0000028,CUST000331,STORE0002,2026-05-16 09:18:53,CANCELLED,STORE_CREDIT,USD,2026-05-19 02:18:53
ORD0000029,CUST000101,STORE0011,2026-05-09 12:19:47,PENDING,DEBIT_CARD,USD,2026-05-10 23:19:47
ORD0000030,CUST000297,STORE0013,2026-07-31 08:30:41,CANCELLED,PAYPAL,USD,2026-08-01 03:30:41
ORD0000031,CUST000403,STORE0009,2026-06-13 19:52:29,COMPLETED,GIFT_CARD,USD,2026-06-14 05:52:29
ORD0000032,CUST000483,STORE0012,2026-02-16 15:51:42,PENDING,GIFT_CARD,USD,2026-02-18 12:51:42
ORD0000033,CUST000399,STORE0012,2026-07-01 12:20:37,COMPLETED,CREDIT_CARD,USD,2026-07-04 12:20:37
ORD0000034,CUST000244,STORE0002,2026-05-09 17:28:40,COMPLETED,DEBIT_CARD,USD,2026-05-10 04:28:40
ORD0000035,CUST000309,STORE0008,2026-02-20 10:12:04,COMPLETED,DEBIT_CARD,USD,2026-02-21 22:12:04
ORD0000036,CUST000189,STORE0009,2026-02-16 10:20:55,COMPLETED,DEBIT_CARD,USD,2026-02-18 12:20:55
ORD0000037,CUST000104,STORE0009,2026-08-08 15:17:12,COMPLETED,PAYPAL,USD,2026-08-09 09:17:12
ORD0000038,CUST000169,STORE0010,2026-06-19 15:29:36,COMPLETED,GIFT_CARD,USD,2026-06-20 02:29:36
ORD0000039,CUST000415,STORE0003,2026-05-31 11:11:57,CANCELLED,PAYPAL,USD,2026-06-02 18:11:57
ORD0000040,CUST000454,STORE0003,2026-04-25 18:34:18,REFUNDED,DEBIT_CARD,USD,2026-04-26 02:34:18
ORD0000041,CUST000038,STORE0011,2026-08-10 18:47:29,COMPLETED,PAYPAL,USD,2026-08-12 13:47:29
ORD0000042,CUST000487,STORE0008,2026-03-21 15:52:17,PENDING,DEBIT_CARD,USD,2026-03-22 11:52:17
ORD0000043,CUST000079,STORE0008,2026-05-16 10:13:45,COMPLETED,DEBIT_CARD,USD,2026-05-19 06:13:45
ORD0000044,CUST000200,STORE0012,2026-05-03 15:03:38,COMPLETED,PAYPAL,USD,2026-05-03 21:03:38
ORD0000045,CUST000033,STORE0004,2026-03-10 20:53:53,REFUNDED,DEBIT_CARD,USD,2026-03-11 17:53:53
ORD0000046,CUST000288,STORE0011,2026-04-03 17:13:59,CANCELLED,PAYPAL,USD,2026-04-05 19:13:59
ORD0000047,CUST000008,STORE0007,2026-07-31 13:00:24,COMPLETED,DEBIT_CARD,USD,2026-08-02 23:00:24
ORD0000048,CUST000035,STORE0004,2026-05-30 12:49:38,COMPLETED,STORE_CREDIT,USD,2026-05-31 01:49:38
ORD0000049,CUST000356,STORE0003,2026-05-10 10:40:48,REFUNDED,PAYPAL,USD,2026-05-12 02:40:48
ORD0000050,CUST000196,STORE0009,2026-07-27 19:14:32,CANCELLED,DEBIT_CARD,USD,2026-07-27 20:14:32
ORD0000051,CUST000388,STORE0004,2026-07-22 09:03:08,COMPLETED,GIFT_CARD,USD,2026-07-25 00:03:08
ORD0000052,CUST000473,STORE0012,2026-07-17 15:47:56,COMPLETED,GIFT_CARD,USD,2026-07-18 08:47:56
ORD0000053,CUST000332,STORE0005,2026-02-20 11:54:46,COMPLETED,DEBIT_CARD,USD,2026-02-22 06:54:46
ORD0000054,CUST000128,STORE0013,2026-08-08 19:46:14,CANCELLED,STORE_CREDIT,USD,2026-08-10 19:46:14
ORD0000055,CUST000252,STORE0002,2026-04-04 08:40:09,COMPLETED,CREDIT_CARD,USD,2026-04-05 00:40:09
ORD0000056,CUST000121,STORE0009,2026-03-06 14:46:29,COMPLETED,DEBIT_CARD,USD,2026-03-07 11:46:29
ORD0000057,CUST000296,STORE0008,2026-07-26 11:17:55,PENDING,CREDIT_CARD,USD,2026-07-29 00:17:55
ORD0000058,CUST000472,STORE0005,2026-07-16 16:09:35,REFUNDED,GIFT_CARD,USD,2026-07-17 14:09:35
ORD0000059,CUST000367,STORE0008,2026-04-05 10:58:12,COMPLETED,STORE_CREDIT,USD,2026-04-05 11:58:12
ORD0000060,CUST000302,STORE0002,2026-05-29 08:58:07,COMPLETED,DEBIT_CARD,USD,2026-06-01 08:58:07
ORD0000061,CUST000385,STORE0012,2026-05-14 16:45:31,REFUNDED,CREDIT_CARD,USD,2026-05-16 15:45:31
ORD0000062,CUST000076,STORE0005,2026-07-18 15:43:09,COMPLETED,STORE_CREDIT,USD,2026-07-19 22:43:09
ORD0000063,CUST000204,STORE0012,2026-07-14 09:33:58,COMPLETED,DEBIT_CARD,USD,2026-07-16 15:33:58
ORD0000064,CUST000474,STORE0012,2026-03-08 09:40:36,PENDING,DEBIT_CARD,USD,2026-03-10 05:40:36
ORD0000065,CUST000158,STORE0001,2026-03-29 21:31:00,COMPLETED,PAYPAL,USD,2026-03-30 05:31:00
ORD0000066,CUST000102,STORE0008,2026-04-01 16:07:28,CANCELLED,DEBIT_CARD,USD,2026-04-02 19:07:28
ORD0000067,CUST000462,STORE0007,2026-06-06 18:58:39,COMPLETED,CREDIT_CARD,USD,2026-06-07 15:58:39
ORD0000068,CUST000016,STORE0010,2026-04-15 15:31:43,PENDING,CREDIT_CARD,USD,2026-04-16 03:31:43
ORD0000069,CUST000022,STORE0002,2026-04-09 16:50:00,COMPLETED,GIFT_CARD,USD,2026-04-12 10:50:00
ORD0000070,CUST000500,STORE0006,2026-05-09 20:06:00,COMPLETED,DEBIT_CARD,USD,2026-05-11 23:06:00
ORD0000071,CUST000359,STORE0013,2026-04-18 13:28:39,REFUNDED,STORE_CREDIT,USD,2026-04-21 01:28:39
ORD0000072,CUST000185,STORE0001,2026-05-08 18:28:14,CANCELLED,PAYPAL,USD,2026-05-11 08:28:14
ORD0000073,CUST000198,STORE0005,2026-07-19 11:45:09,PENDING,STORE_CREDIT,USD,2026-07-22 05:45:09
ORD0000074,CUST000459,STORE0008,2026-03-15 15:42:34,COMPLETED,DEBIT_CARD,USD,2026-03-16 22:42:34
ORD0000075,CUST000367,STORE0001,2026-03-27 13:57:24,PENDING,DEBIT_CARD,USD,2026-03-29 00:57:24
ORD0000076,CUST000447,STORE0004,2026-07-11 20:59:38,COMPLETED,PAYPAL,USD,2026-07-13 15:59:38
ORD0000077,CUST000097,STORE0012,2026-03-15 17:23:08,PENDING,PAYPAL,USD,2026-03-17 09:23:08
ORD0000078,CUST000164,STORE0013,2026-05-18 20:43:59,PENDING,STORE_CREDIT,USD,2026-05-19 12:43:59
ORD0000079,CUST000256,STORE0011,2026-06-10 10:38:18,COMPLETED,STORE_CREDIT,USD,2026-06-10 14:38:18
ORD0000080,CUST000435,STORE0012,2026-07-10 15:40:53,COMPLETED,GIFT_CARD,USD,2026-07-13 06:40:53
ORD0000081,CUST000473,STORE0013,2026-03-31 21:31:46,COMPLETED,DEBIT_CARD,USD,2026-04-02 11:31:46
ORD0000082,CUST000166,STORE0013,2026-07-12 21:51:03,PENDING,PAYPAL,USD,2026-07-14 11:51:03
ORD0000083,CUST000005,STORE0006,2026-07-11 09:43:50,PENDING,PAYPAL,USD,2026-07-12 03:43:50
ORD0000084,CUST000061,STORE0004,2026-05-26 15:19:44,CANCELLED,PAYPAL,USD,2026-05-27 13:19:44
ORD0000085,CUST000062,STORE0002,2026-03-07 09:31:41,REFUNDED,DEBIT_CARD,USD,2026-03-10 02:31:41
ORD0000086,CUST000356,STORE0012,2026-03-10 20:37:11,COMPLETED,PAYPAL,USD,2026-03-13 09:37:11
ORD0000087,CUST000466,STORE0013,2026-07-01 10:25:52,REFUNDED,PAYPAL,USD,2026-07-01 12:25:52
ORD0000088,CUST000405,STORE0011,2026-03-17 20:48:13,REFUNDED,DEBIT_CARD,USD,2026-03-18 11:48:13
ORD0000089,CUST000044,STORE0002,2026-06-23 12:23:34,COMPLETED,CREDIT_CARD,USD,2026-06-25 18:23:34
ORD0000090,CUST000401,STORE0005,2026-08-01 16:28:08,CANCELLED,GIFT_CARD,USD,2026-08-04 06:28:08
ORD0000091,CUST000122,STORE0001,2026-04-03 10:19:54,PENDING,DEBIT_CARD,USD,2026-04-04 13:19:54
ORD0000092,CUST000131,STORE0005,2026-05-22 18:57:10,COMPLETED,CREDIT_CARD,USD,2026-05-25 04:57:10
ORD0000093,CUST000421,STORE0009,2026-07-18 10:26:52,COMPLETED,PAYPAL,USD,2026-07-20 02:26:52
ORD0000094,CUST000034,STORE0006,2026-07-27 09:23:58,COMPLETED,DEBIT_CARD,USD,2026-07-28 19:23:58
ORD0000095,CUST000421,STORE0013,2026-06-19 09:33:22,REFUNDED,STORE_CREDIT,USD,2026-06-20 21:33:22
ORD0000096,CUST000485,STORE0013,2026-05-24 10:22:51,REFUNDED,STORE_CREDIT,USD,2026-05-27 06:22:51
ORD0000097,CUST000337,STORE0003,2026-03-22 14:36:47,COMPLETED,GIFT_CARD,USD,2026-03-22 20:36:47
ORD0000098,CUST000488,STORE0007,2026-06-27 19:56:59,PENDING,GIFT_CARD,USD,2026-06-29 00:56:59
ORD0000099,CUST000374,STORE0004,2026-03-09 10:36:03,COMPLETED,STORE_CREDIT,USD,2026-03-10 22:36:03
ORD0000100,CUST000098,STORE0012,2026-02-15 19:27:44,CANCELLED,DEBIT_CARD,USD,2026-02-17 15:27:44
ORD0000101,CUST000217,STORE0008,2026-05-22 10:23:07,COMPLETED,STORE_CREDIT,USD,2026-05-23 17:23:07
ORD0000102,CUST000423,STORE0001,2026-06-12 17:54:31,COMPLETED,CREDIT_CARD,USD,2026-06-14 14:54:31
ORD0000103,CUST000182,STORE0001,2026-03-11 14:31:12,COMPLETED,STORE_CREDIT,USD,2026-03-14 09:31:12
ORD0000104,CUST000056,STORE0008,2026-08-01 21:28:10,COMPLETED,PAYPAL,USD,2026-08-03 18:28:10
ORD0000105,CUST000069,STORE0007,2026-06-01 19:21:57,COMPLETED,DEBIT_CARD,USD,2026-06-02 15:21:57
ORD0000106,CUST000380,STORE0007,2026-03-19 09:06:50,COMPLETED,DEBIT_CARD,USD,2026-03-20 01:06:50
ORD0000107,CUST000348,STORE0006,2026-06-03 17:47:00,COMPLETED,GIFT_CARD,USD,2026-06-06 06:47:00
ORD0000108,CUST000079,STORE0012,2026-06-24 10:15:17,PENDING,GIFT_CARD,USD,2026-06-25 00:15:17
ORD0000109,CUST000020,STORE0005,2026-04-04 10:27:01,CANCELLED,CREDIT_CARD,USD,2026-04-05 11:27:01
ORD0000110,CUST000187,STORE0005,2026-05-14 19:26:15,COMPLETED,DEBIT_CARD,USD,2026-05-15 01:26:15
ORD0000111,CUST000147,STORE0008,2026-04-26 17:06:27,COMPLETED,PAYPAL,USD,2026-04-28 01:06:27
ORD0000112,CUST000170,STORE0006,2026-05-17 19:49:37,CANCELLED,DEBIT_CARD,USD,2026-05-19 18:49:37
ORD0000113,CUST000453,STORE0011,2026-04-03 11:45:28,COMPLETED,STORE_CREDIT,USD,2026-04-03 20:45:28
ORD0000114,CUST000099,STORE0007,2026-07-04 19:16:57,PENDING,GIFT_CARD,USD,2026-07-07 18:16:57
ORD0000115,CUST000024,STORE0010,2026-03-01 20:44:12,REFUNDED,PAYPAL,USD,2026-03-03 22:44:12
ORD0000116,CUST000002,STORE0003,2026-07-10 11:37:44,COMPLETED,PAYPAL,USD,2026-07-13 04:37:44
ORD0000117,CUST000088,STORE0004,2026-02-25 16:15:18,COMPLETED,GIFT_CARD,USD,2026-02-26 10:15:18
ORD0000118,CUST000453,STORE0009,2026-04-22 19:08:26,CANCELLED,GIFT_CARD,USD,2026-04-24 08:08:26
ORD0000119,CUST000446,STORE0011,2026-07-26 17:35:13,PENDING,DEBIT_CARD,USD,2026-07-29 01:35:13
ORD0000120,CUST000386,STORE0007,2026-03-25 15:14:46,REFUNDED,GIFT_CARD,USD,2026-03-27 22:14:46
ORD0000121,CUST000095,STORE0003,2026-04-03 17:31:46,COMPLETED,CREDIT_CARD,USD,2026-04-05 05:31:46
ORD0000122,CUST000097,STORE0002,2026-03-22 09:27:15,COMPLETED,CREDIT_CARD,USD,2026-03-24 12:27:15
ORD0000123,CUST000068,STORE0004,2026-03-07 12:09:40,CANCELLED,CREDIT_CARD,USD,2026-03-07 13:09:40
ORD0000124,CUST000011,STORE0001,2026-03-12 16:18:06,CANCELLED,DEBIT_CARD,USD,2026-03-14 21:18:06
ORD0000125,CUST000076,STORE0006,2026-07-31 12:14:58,REFUNDED,CREDIT_CARD,USD,2026-08-02 13:14:58
ORD0000126,CUST000061,STORE0006,2026-03-07 08:38:09,COMPLETED,STORE_CREDIT,USD,2026-03-09 14:38:09
ORD0000127,CUST000342,STORE0011,2026-05-02 17:52:18,COMPLETED,GIFT_CARD,USD,2026-05-03 06:52:18
ORD0000128,CUST000500,STORE0008,2026-03-03 09:36:27,REFUNDED,DEBIT_CARD,USD,2026-03-04 20:36:27
ORD0000129,CUST000164,STORE0008,2026-06-02 15:44:26,CANCELLED,DEBIT_CARD,USD,2026-06-04 09:44:26
ORD0000130,CUST000298,STORE0012,2026-06-01 16:36:49,REFUNDED,CREDIT_CARD,USD,2026-06-02 20:36:49
ORD0000131,CUST000186,STORE0009,2026-06-15 10:58:07,COMPLETED,GIFT_CARD,USD,2026-06-17 06:58:07
ORD0000132,CUST000029,STORE0012,2026-03-21 09:44:45,COMPLETED,CREDIT_CARD,USD,2026-03-23 09:44:45
ORD0000133,CUST000188,STORE0003,2026-03-06 11:04:00,CANCELLED,DEBIT_CARD,USD,2026-03-08 16:04:00
ORD0000134,CUST000147,STORE0002,2026-03-25 08:56:41,COMPLETED,STORE_CREDIT,USD,2026-03-26 06:56:41
ORD0000135,CUST000449,STORE0008,2026-07-05 19:53:16,CANCELLED,GIFT_CARD,USD,2026-07-08 11:53:16
ORD0000136,CUST000113,STORE0007,2026-04-02 21:47:35,CANCELLED,PAYPAL,USD,2026-04-03 06:47:35
ORD0000137,CUST000218,STORE0004,2026-04-24 09:06:04,COMPLETED,CREDIT_CARD,USD,2026-04-26 03:06:04
ORD0000138,CUST000306,STORE0001,2026-05-04 11:35:12,REFUNDED,DEBIT_CARD,USD,2026-05-04 15:35:12
ORD0000139,CUST000405,STORE0008,2026-02-25 08:20:05,COMPLETED,GIFT_CARD,USD,2026-02-25 09:20:05
ORD0000140,CUST000460,STORE0012,2026-06-22 09:32:51,PENDING,CREDIT_CARD,USD,2026-06-23 04:32:51
ORD0000141,CUST000238,STORE0002,2026-07-24 09:45:14,COMPLETED,DEBIT_CARD,USD,2026-07-25 03:45:14
ORD0000142,CUST000107,STORE0010,2026-07-19 09:09:36,REFUNDED,CREDIT_CARD,USD,2026-07-22 00:09:36
ORD0000143,CUST000152,STORE0003,2026-03-03 12:36:23,COMPLETED,CREDIT_CARD,USD,2026-03-03 23:36:23
ORD0000144,CUST000132,STORE0013,2026-06-07 18:59:08,COMPLETED,PAYPAL,USD,2026-06-10 18:59:08
ORD0000145,CUST000470,STORE0011,2026-03-19 15:23:32,PENDING,GIFT_CARD,USD,2026-03-21 07:23:32
ORD0000146,CUST000449,STORE0011,2026-02-24 17:41:03,REFUNDED,STORE_CREDIT,USD,2026-02-26 00:41:03
ORD0000147,CUST000205,STORE0002,2026-04-12 14:55:29,REFUNDED,GIFT_CARD,USD,2026-04-13 01:55:29
ORD0000148,CUST000470,STORE0007,2026-06-04 11:25:21,COMPLETED,GIFT_CARD,USD,2026-06-06 03:25:21
ORD0000149,CUST000186,STORE0013,2026-06-04 15:13:03,COMPLETED,PAYPAL,USD,2026-06-04 17:13:03
ORD0000150,CUST000141,STORE0007,2026-03-06 12:55:45,COMPLETED,STORE_CREDIT,USD,2026-03-08 17:55:45
ORD0000151,CUST000459,STORE0007,2026-05-12 20:19:10,COMPLETED,PAYPAL,USD,2026-05-14 16:19:10
ORD0000152,CUST000293,STORE0007,2026-02-16 16:50:57,CANCELLED,CREDIT_CARD,USD,2026-02-17 17:50:57
ORD0000153,CUST000078,STORE0008,2026-03-23 15:55:20,COMPLETED,GIFT_CARD,USD,2026-03-25 19:55:20
ORD0000154,CUST000297,STORE0002,2026-02-23 11:47:12,COMPLETED,DEBIT_CARD,USD,2026-02-26 08:47:12
ORD0000155,CUST000190,STORE0006,2026-02-18 12:57:19,CANCELLED,PAYPAL,USD,2026-02-19 03:57:19
ORD0000156,CUST000392,STORE0006,2026-03-15 10:29:27,COMPLETED,STORE_CREDIT,USD,2026-03-16 08:29:27
ORD0000157,CUST000146,STORE0012,2026-07-22 21:06:05,PENDING,CREDIT_CARD,USD,2026-07-23 10:06:05
ORD0000158,CUST000325,STORE0008,2026-06-22 17:51:02,REFUNDED,PAYPAL,USD,2026-06-24 06:51:02
ORD0000159,CUST000439,STORE0008,2026-03-17 13:50:58,COMPLETED,PAYPAL,USD,2026-03-19 17:50:58
ORD0000160,CUST000138,STORE0011,2026-04-22 12:53:57,PENDING,DEBIT_CARD,USD,2026-04-24 17:53:57
ORD0000161,CUST000405,STORE0006,2026-06-26 21:47:38,COMPLETED,DEBIT_CARD,USD,2026-06-28 15:47:38
ORD0000162,CUST000082,STORE0007,2026-04-14 09:45:51,COMPLETED,CREDIT_CARD,USD,2026-04-17 01:45:51
ORD0000163,CUST000048,STORE0002,2026-02-20 14:00:40,PENDING,CREDIT_CARD,USD,2026-02-21 09:00:40
ORD0000164,CUST000325,STORE0011,2026-05-16 10:15:41,COMPLETED,DEBIT_CARD,USD,2026-05-18 00:15:41
ORD0000165,CUST000322,STORE0001,2026-07-27 17:55:06,COMPLETED,STORE_CREDIT,USD,2026-07-30 03:55:06
ORD0000166,CUST000048,STORE0002,2026-06-20 21:23:58,PENDING,PAYPAL,USD,2026-06-21 23:23:58
ORD0000167,CUST000321,STORE0002,2026-04-08 18:26:24,COMPLETED,DEBIT_CARD,USD,2026-04-11 03:26:24
ORD0000168,CUST000324,STORE0010,2026-02-22 09:21:22,COMPLETED,CREDIT_CARD,USD,2026-02-25 06:21:22
ORD0000169,CUST000016,STORE0009,2026-02-19 16:32:48,COMPLETED,GIFT_CARD,USD,2026-02-20 19:32:48
ORD0000170,CUST000043,STORE0012,2026-08-10 10:17:17,COMPLETED,CREDIT_CARD,USD,2026-08-11 11:17:17
ORD0000171,CUST000415,STORE0008,2026-06-05 16:25:59,COMPLETED,DEBIT_CARD,USD,2026-06-07 00:25:59
ORD0000172,CUST000407,STORE0013,2026-07-14 12:10:50,COMPLETED,PAYPAL,USD,2026-07-17 02:10:50
ORD0000173,CUST000018,STORE0009,2026-04-19 17:26:18,CANCELLED,GIFT_CARD,USD,2026-04-22 12:26:18
ORD0000174,CUST000111,STORE0011,2026-05-20 13:09:49,COMPLETED,CREDIT_CARD,USD,2026-05-21 04:09:49
ORD0000175,CUST000291,STORE0013,2026-05-07 11:35:04,COMPLETED,STORE_CREDIT,USD,2026-05-08 23:35:04
ORD0000176,CUST000312,STORE0013,2026-08-04 09:36:57,REFUNDED,PAYPAL,USD,2026-08-06 14:36:57
ORD0000177,CUST000253,STORE0008,2026-02-25 12:26:07,COMPLETED,DEBIT_CARD,USD,2026-02-27 21:26:07
ORD0000178,CUST000295,STORE0001,2026-06-12 12:08:53,COMPLETED,STORE_CREDIT,USD,2026-06-12 16:08:53
ORD0000179,CUST000161,STORE0008,2026-07-20 08:25:19,REFUNDED,PAYPAL,USD,2026-07-22 18:25:19
ORD0000180,CUST000371,STORE0007,2026-04-12 10:05:12,REFUNDED,STORE_CREDIT,USD,2026-04-14 09:05:12
ORD0000181,CUST000164,STORE0003,2026-07-13 21:57:26,REFUNDED,CREDIT_CARD,USD,2026-07-16 06:57:26
ORD0000182,CUST000248,STORE0004,2026-03-09 12:49:18,REFUNDED,GIFT_CARD,USD,2026-03-09 22:49:18
ORD0000183,CUST000254,STORE0001,2026-04-09 08:42:13,COMPLETED,DEBIT_CARD,USD,2026-04-11 09:42:13
ORD0000184,CUST000484,STORE0005,2026-06-10 18:09:54,CANCELLED,DEBIT_CARD,USD,2026-06-11 07:09:54
ORD0000185,CUST000318,STORE0009,2026-04-06 20:25:12,COMPLETED,PAYPAL,USD,2026-04-08 07:25:12
ORD0000186,CUST000053,STORE0003,2026-06-12 09:47:07,COMPLETED,PAYPAL,USD,2026-06-12 11:47:07
ORD0000187,CUST000181,STORE0005,2026-03-16 16:05:22,COMPLETED,DEBIT_CARD,USD,2026-03-17 19:05:22
ORD0000188,CUST000196,STORE0012,2026-06-02 11:18:12,COMPLETED,STORE_CREDIT,USD,2026-06-03 09:18:12
ORD0000189,CUST000349,STORE0001,2026-07-29 11:07:14,COMPLETED,CREDIT_CARD,USD,2026-07-29 17:07:14
ORD0000190,CUST000208,STORE0007,2026-05-25 09:14:46,PENDING,PAYPAL,USD,2026-05-26 19:14:46
ORD0000191,CUST000306,STORE0005,2026-02-14 09:11:32,REFUNDED,GIFT_CARD,USD,2026-02-16 22:11:32
ORD0000192,CUST000499,STORE0005,2026-03-05 10:43:48,PENDING,STORE_CREDIT,USD,2026-03-05 11:43:48
ORD0000193,CUST000009,STORE0010,2026-08-07 12:53:14,CANCELLED,DEBIT_CARD,USD,2026-08-10 04:53:14
ORD0000194,CUST000130,STORE0006,2026-06-11 08:52:22,COMPLETED,STORE_CREDIT,USD,2026-06-13 02:52:22
ORD0000195,CUST000073,STORE0006,2026-06-21 08:15:36,REFUNDED,GIFT_CARD,USD,2026-06-23 15:15:36
ORD0000196,CUST000328,STORE0002,2026-04-25 18:43:34,COMPLETED,DEBIT_CARD,USD,2026-04-28 13:43:34
ORD0000197,CUST000302,STORE0007,2026-04-25 12:12:02,CANCELLED,GIFT_CARD,USD,2026-04-28 06:12:02
ORD0000198,CUST000076,STORE0008,2026-08-07 10:33:18,CANCELLED,DEBIT_CARD,USD,2026-08-10 09:33:18
ORD0000199,CUST000233,STORE0001,2026-04-10 12:52:37,COMPLETED,PAYPAL,USD,2026-04-10 18:52:37
ORD0000200,CUST000026,STORE0005,2026-03-21 13:56:18,PENDING,STORE_CREDIT,USD,2026-03-24 05:56:18
ORD0000201,CUST000376,STORE0004,2026-06-04 17:58:05,COMPLETED,CREDIT_CARD,USD,2026-06-05 21:58:05
ORD0000202,CUST000051,STORE0005,2026-05-02 17:19:11,CANCELLED,GIFT_CARD,USD,2026-05-05 00:19:11
ORD0000203,CUST000237,STORE0009,2026-04-01 14:50:56,PENDING,CREDIT_CARD,USD,2026-04-03 21:50:56
ORD0000204,CUST000351,STORE0012,2026-05-16 15:22:27,COMPLETED,PAYPAL,USD,2026-05-18 20:22:27
ORD0000205,CUST000155,STORE0013,2026-04-17 17:32:23,COMPLETED,STORE_CREDIT,USD,2026-04-20 14:32:23
ORD0000206,CUST000055,STORE0006,2026-07-16 09:52:18,CANCELLED,GIFT_CARD,USD,2026-07-18 22:52:18
ORD0000207,CUST000437,STORE0003,2026-05-02 18:19:46,COMPLETED,STORE_CREDIT,USD,2026-05-05 08:19:46
ORD0000208,CUST000259,STORE0008,2026-05-25 08:59:07,COMPLETED,PAYPAL,USD,2026-05-27 11:59:07
ORD0000209,CUST000103,STORE0008,2026-06-16 12:18:42,COMPLETED,GIFT_CARD,USD,2026-06-19 03:18:42
ORD0000210,CUST000200,STORE0001,2026-07-12 12:02:41,REFUNDED,CREDIT_CARD,USD,2026-07-14 20:02:41
ORD0000211,CUST000033,STORE0003,2026-07-31 10:22:41,REFUNDED,GIFT_CARD,USD,2026-08-03 10:22:41
ORD0000212,CUST000430,STORE0011,2026-06-17 14:30:38,REFUNDED,STORE_CREDIT,USD,2026-06-18 13:30:38
ORD0000213,CUST000035,STORE0001,2026-02-21 21:46:10,COMPLETED,CREDIT_CARD,USD,2026-02-22 09:46:10
ORD0000214,CUST000408,STORE0004,2026-03-12 10:46:57,COMPLETED,CREDIT_CARD,USD,2026-03-14 15:46:57
ORD0000215,CUST000038,STORE0008,2026-05-20 17:40:53,COMPLETED,GIFT_CARD,USD,2026-05-21 15:40:53
ORD0000216,CUST000294,STORE0009,2026-04-06 11:16:31,COMPLETED,DEBIT_CARD,USD,2026-04-07 23:16:31
ORD0000217,CUST000405,STORE0004,2026-03-08 17:01:40,REFUNDED,DEBIT_CARD,USD,2026-03-09 05:01:40
ORD0000218,CUST000209,STORE0010,2026-07-03 21:04:21,COMPLETED,PAYPAL,USD,2026-07-06 16:04:21
ORD0000219,CUST000181,STORE0006,2026-07-22 16:54:08,PENDING,PAYPAL,USD,2026-07-23 00:54:08
ORD0000220,CUST000256,STORE0004,2026-02-27 17:34:21,COMPLETED,GIFT_CARD,USD,2026-02-28 21:34:21
ORD0000221,CUST000317,STORE0001,2026-07-03 19:57:07,CANCELLED,GIFT_CARD,USD,2026-07-06 07:57:07
ORD0000222,CUST000474,STORE0013,2026-08-02 08:15:31,COMPLETED,STORE_CREDIT,USD,2026-08-05 08:15:31
ORD0000223,CUST000139,STORE0012,2026-02-24 09:02:31,CANCELLED,GIFT_CARD,USD,2026-02-25 13:02:31
ORD0000224,CUST000274,STORE0010,2026-05-22 18:43:47,COMPLETED,PAYPAL,USD,2026-05-25 16:43:47
ORD0000225,CUST000219,STORE0009,2026-03-21 09:28:07,CANCELLED,GIFT_CARD,USD,2026-03-23 08:28:07
ORD0000226,CUST000048,STORE0010,2026-02-16 11:26:47,PENDING,STORE_CREDIT,USD,2026-02-19 07:26:47
ORD0000227,CUST000030,STORE0002,2026-02-28 10:28:11,COMPLETED,GIFT_CARD,USD,2026-02-28 15:28:11
ORD0000228,CUST000067,STORE0010,2026-05-26 15:42:07,REFUNDED,CREDIT_CARD,USD,2026-05-27 00:42:07
ORD0000229,CUST000417,STORE0006,2026-04-11 15:45:19,COMPLETED,GIFT_CARD,USD,2026-04-14 13:45:19
ORD0000230,CUST000071,STORE0009,2026-04-14 12:47:35,COMPLETED,GIFT_CARD,USD,2026-04-15 03:47:35
ORD0000231,CUST000143,STORE0010,2026-05-23 12:52:05,COMPLETED,STORE_CREDIT,USD,2026-05-24 23:52:05
ORD0000232,CUST000221,STORE0009,2026-02-27 18:19:02,CANCELLED,CREDIT_CARD,USD,2026-03-01 14:19:02
ORD0000233,CUST000056,STORE0009,2026-05-24 19:59:43,COMPLETED,PAYPAL,USD,2026-05-27 15:59:43
ORD0000234,CUST000122,STORE0003,2026-02-17 12:51:43,COMPLETED,DEBIT_CARD,USD,2026-02-17 22:51:43
ORD0000235,CUST000312,STORE0001,2026-03-17 12:36:42,COMPLETED,DEBIT_CARD,USD,2026-03-18 21:36:42
ORD0000236,CUST000285,STORE0004,2026-05-29 08:37:05,COMPLETED,GIFT_CARD,USD,2026-06-01 06:37:05
ORD0000237,CUST000022,STORE0009,2026-04-13 08:45:16,COMPLETED,GIFT_CARD,USD,2026-04-13 10:45:16
ORD0000238,CUST000040,STORE0004,2026-04-07 13:36:23,PENDING,CREDIT_CARD,USD,2026-04-09 18:36:23
ORD0000239,CUST000460,STORE0011,2026-05-20 15:18:39,COMPLETED,GIFT_CARD,USD,2026-05-21 11:18:39
ORD0000240,CUST000312,STORE0004,2026-05-05 16:45:49,REFUNDED,STORE_CREDIT,USD,2026-05-08 09:45:49
ORD0000241,CUST000479,STORE0004,2026-07-08 16:36:40,CANCELLED,STORE_CREDIT,USD,2026-07-10 21:36:40
ORD0000242,CUST000125,STORE0006,2026-04-17 20:49:23,COMPLETED,GIFT_CARD,USD,2026-04-20 06:49:23
ORD0000243,CUST000186,STORE0011,2026-06-17 17:14:28,PENDING,DEBIT_CARD,USD,2026-06-19 22:14:28
ORD0000244,CUST000311,STORE0005,2026-04-28 13:20:07,COMPLETED,PAYPAL,USD,2026-04-30 17:20:07
ORD0000245,CUST000233,STORE0001,2026-03-28 09:26:16,PENDING,PAYPAL,USD,2026-03-31 07:26:16
ORD0000246,CUST000217,STORE0006,2026-03-18 14:44:35,COMPLETED,CREDIT_CARD,USD,2026-03-20 03:44:35
ORD0000247,CUST000370,STORE0001,2026-03-04 19:58:22,COMPLETED,PAYPAL,USD,2026-03-06 23:58:22
ORD0000248,CUST000078,STORE0001,2026-07-15 17:23:43,REFUNDED,PAYPAL,USD,2026-07-18 03:23:43
ORD0000249,CUST000484,STORE0013,2026-03-10 11:19:31,COMPLETED,STORE_CREDIT,USD,2026-03-10 17:19:31
ORD0000250,CUST000388,STORE0003,2026-03-22 08:52:47,REFUNDED,PAYPAL,USD,2026-03-23 10:52:47
ORD0000251,CUST000250,STORE0008,2026-04-12 10:18:58,COMPLETED,DEBIT_CARD,USD,2026-04-12 23:18:58
ORD0000252,CUST000276,STORE0013,2026-04-04 08:31:53,PENDING,GIFT_CARD,USD,2026-04-04 11:31:53
ORD0000253,CUST000065,STORE0008,2026-04-30 09:45:45,PENDING,PAYPAL,USD,2026-05-01 00:45:45
ORD0000254,CUST000260,STORE0006,2026-04-25 15:40:47,CANCELLED,GIFT_CARD,USD,2026-04-26 00:40:47
ORD0000255,CUST000193,STORE0004,2026-08-05 11:16:30,COMPLETED,DEBIT_CARD,USD,2026-08-08 01:16:30
ORD0000256,CUST000252,STORE0009,2026-07-20 11:45:11,COMPLETED,GIFT_CARD,USD,2026-07-22 16:45:11
ORD0000257,CUST000450,STORE0005,2026-04-14 12:42:31,COMPLETED,STORE_CREDIT,USD,2026-04-16 14:42:31
ORD0000258,CUST000148,STORE0007,2026-06-08 13:15:42,COMPLETED,DEBIT_CARD,USD,2026-06-09 03:15:42
ORD0000259,CUST000248,STORE0013,2026-06-19 17:26:43,COMPLETED,GIFT_CARD,USD,2026-06-19 20:26:43
ORD0000260,CUST000032,STORE0009,2026-05-07 12:43:20,COMPLETED,PAYPAL,USD,2026-05-09 14:43:20
ORD0000261,CUST000158,STORE0008,2026-05-29 11:36:56,COMPLETED,DEBIT_CARD,USD,2026-06-01 07:36:56
ORD0000262,CUST000361,STORE0006,2026-05-15 20:49:35,COMPLETED,STORE_CREDIT,USD,2026-05-16 02:49:35
ORD0000263,CUST000275,STORE0007,2026-04-13 12:51:10,COMPLETED,PAYPAL,USD,2026-04-15 06:51:10
ORD0000264,CUST000011,STORE0013,2026-06-28 09:32:25,PENDING,CREDIT_CARD,USD,2026-06-30 23:32:25
ORD0000265,CUST000353,STORE0004,2026-02-22 12:47:07,PENDING,PAYPAL,USD,2026-02-24 12:47:07
ORD0000266,CUST000259,STORE0012,2026-08-13 20:46:26,COMPLETED,STORE_CREDIT,USD,2026-08-13 21:46:26
ORD0000267,CUST000160,STORE0013,2026-05-07 14:32:47,COMPLETED,GIFT_CARD,USD,2026-05-09 04:32:47
ORD0000268,CUST000114,STORE0007,2026-07-07 12:30:18,REFUNDED,STORE_CREDIT,USD,2026-07-10 08:30:18
ORD0000269,CUST000488,STORE0006,2026-07-03 19:06:28,COMPLETED,PAYPAL,USD,2026-07-03 22:06:28
ORD0000270,CUST000087,STORE0004,2026-06-19 17:15:05,COMPLETED,STORE_CREDIT,USD,2026-06-21 20:15:05
ORD0000271,CUST000353,STORE0010,2026-07-17 14:55:00,COMPLETED,STORE_CREDIT,USD,2026-07-18 16:55:00
ORD0000272,CUST000376,STORE0002,2026-03-12 14:44:04,COMPLETED,CREDIT_CARD,USD,2026-03-13 06:44:04
ORD0000273,CUST000498,STORE0002,2026-02-23 14:31:10,REFUNDED,PAYPAL,USD,2026-02-26 09:31:10
ORD0000274,CUST000061,STORE0007,2026-04-30 19:59:56,REFUNDED,STORE_CREDIT,USD,2026-05-02 05:59:56
ORD0000275,CUST000149,STORE0009,2026-08-08 11:51:39,REFUNDED,STORE_CREDIT,USD,2026-08-10 10:51:39
ORD0000276,CUST000476,STORE0003,2026-03-28 16:45:53,COMPLETED,GIFT_CARD,USD,2026-03-28 17:45:53
ORD0000277,CUST000356,STORE0002,2026-07-01 15:21:06,COMPLETED,STORE_CREDIT,USD,2026-07-04 02:21:06
ORD0000278,CUST000177,STORE0011,2026-02-17 11:17:18,PENDING,STORE_CREDIT,USD,2026-02-19 17:17:18
ORD0000279,CUST000111,STORE0005,2026-03-31 12:36:06,COMPLETED,STORE_CREDIT,USD,2026-04-03 06:36:06
ORD0000280,CUST000378,STORE0010,2026-08-04 15:13:10,COMPLETED,DEBIT_CARD,USD,2026-08-05 20:13:10
ORD0000281,CUST000448,STORE0001,2026-05-07 09:57:03,COMPLETED,PAYPAL,USD,2026-05-10 02:57:03
ORD0000282,CUST000397,STORE0007,2026-08-13 15:22:19,PENDING,GIFT_CARD,USD,2026-08-16 09:22:19
ORD0000283,CUST000431,STORE0007,2026-07-07 15:31:44,PENDING,CREDIT_CARD,USD,2026-07-08 23:31:44
ORD0000284,CUST000344,STORE0006,2026-06-02 11:39:35,COMPLETED,GIFT_CARD,USD,2026-06-04 11:39:35
ORD0000285,CUST000100,STORE0001,2026-07-14 12:21:06,COMPLETED,STORE_CREDIT,USD,2026-07-15 20:21:06
ORD0000286,CUST000442,STORE0012,2026-06-14 17:40:29,COMPLETED,PAYPAL,USD,2026-06-15 15:40:29
ORD0000287,CUST000068,STORE0002,2026-06-01 21:54:07,COMPLETED,CREDIT_CARD,USD,2026-06-04 05:54:07
ORD0000288,CUST000336,STORE0010,2026-02-18 13:53:43,PENDING,DEBIT_CARD,USD,2026-02-20 05:53:43
ORD0000289,CUST000043,STORE0003,2026-06-07 08:17:38,COMPLETED,PAYPAL,USD,2026-06-10 00:17:38
ORD0000290,CUST000061,STORE0006,2026-06-13 17:53:44,COMPLETED,PAYPAL,USD,2026-06-16 17:53:44
ORD0000291,CUST000163,STORE0010,2026-07-24 08:49:10,PENDING,DEBIT_CARD,USD,2026-07-24 09:49:10
ORD0000292,CUST000483,STORE0004,2026-03-19 12:03:24,REFUNDED,DEBIT_CARD,USD,2026-03-21 00:03:24
ORD0000293,CUST000097,STORE0005,2026-04-06 10:18:16,REFUNDED,GIFT_CARD,USD,2026-04-08 18:18:16
ORD0000294,CUST000329,STORE0009,2026-06-09 21:40:43,PENDING,CREDIT_CARD,USD,2026-06-10 18:40:43
ORD0000295,CUST000283,STORE0012,2026-04-23 09:32:49,COMPLETED,DEBIT_CARD,USD,2026-04-24 18:32:49
ORD0000296,CUST000166,STORE0006,2026-07-08 14:42:37,COMPLETED,CREDIT_CARD,USD,2026-07-10 07:42:37
ORD0000297,CUST000468,STORE0006,2026-05-03 10:29:34,COMPLETED,PAYPAL,USD,2026-05-03 12:29:34
ORD0000298,CUST000248,STORE0011,2026-05-27 12:02:59,COMPLETED,CREDIT_CARD,USD,2026-05-30 04:02:59
ORD0000299,CUST000454,STORE0010,2026-08-11 16:12:36,PENDING,DEBIT_CARD,USD,2026-08-12 09:12:36
ORD0000300,CUST000103,STORE0003,2026-05-02 12:05:11,COMPLETED,PAYPAL,USD,2026-05-03 14:05:11
ORD0000301,CUST000398,STORE0006,2026-02-15 15:10:22,COMPLETED,STORE_CREDIT,USD,2026-02-18 03:10:22
ORD0000302,CUST000391,STORE0003,2026-05-27 20:20:57,COMPLETED,STORE_CREDIT,USD,2026-05-30 02:20:57
ORD0000303,CUST000312,STORE0003,2026-04-15 13:23:21,CANCELLED,STORE_CREDIT,USD,2026-04-15 13:23:21
ORD0000304,CUST000223,STORE0002,2026-05-11 14:41:11,COMPLETED,GIFT_CARD,USD,2026-05-12 09:41:11
ORD0000305,CUST000491,STORE0007,2026-03-31 10:25:43,CANCELLED,PAYPAL,USD,2026-03-31 23:25:43
ORD0000306,CUST000352,STORE0008,2026-02-16 15:41:42,COMPLETED,CREDIT_CARD,USD,2026-02-18 21:41:42
ORD0000307,CUST000414,STORE0013,2026-06-09 16:23:49,COMPLETED,STORE_CREDIT,USD,2026-06-11 10:23:49
ORD0000308,CUST000238,STORE0005,2026-02-24 09:55:31,COMPLETED,CREDIT_CARD,USD,2026-02-26 07:55:31
ORD0000309,CUST000326,STORE0001,2026-07-16 09:22:46,COMPLETED,PAYPAL,USD,2026-07-19 05:22:46
ORD0000310,CUST000075,STORE0011,2026-06-20 14:57:17,COMPLETED,STORE_CREDIT,USD,2026-06-23 00:57:17
ORD0000311,CUST000168,STORE0006,2026-02-23 10:38:46,REFUNDED,PAYPAL,USD,2026-02-23 22:38:46
ORD0000312,CUST000487,STORE0012,2026-04-20 19:41:47,COMPLETED,CREDIT_CARD,USD,2026-04-23 02:41:47
ORD0000313,CUST000111,STORE0013,2026-06-05 12:47:44,PENDING,GIFT_CARD,USD,2026-06-06 11:47:44
ORD0000314,CUST000107,STORE0001,2026-05-31 18:08:17,COMPLETED,STORE_CREDIT,USD,2026-06-03 05:08:17
ORD0000315,CUST000424,STORE0008,2026-07-14 14:40:38,COMPLETED,PAYPAL,USD,2026-07-17 11:40:38
ORD0000316,CUST000438,STORE0012,2026-06-21 11:34:44,COMPLETED,GIFT_CARD,USD,2026-06-23 12:34:44
ORD0000317,CUST000107,STORE0012,2026-06-29 13:19:18,PENDING,PAYPAL,USD,2026-07-01 05:19:18
ORD0000318,CUST000146,STORE0009,2026-06-19 11:24:58,CANCELLED,PAYPAL,USD,2026-06-20 03:24:58
ORD0000319,CUST000443,STORE0003,2026-05-27 16:26:22,PENDING,PAYPAL,USD,2026-05-28 19:26:22
ORD0000320,CUST000254,STORE0013,2026-06-12 12:52:59,COMPLETED,DEBIT_CARD,USD,2026-06-13 08:52:59
ORD0000321,CUST000051,STORE0007,2026-07-12 18:26:26,COMPLETED,CREDIT_CARD,USD,2026-07-13 18:26:26
ORD0000322,CUST000485,STORE0001,2026-05-08 17:15:10,CANCELLED,CREDIT_CARD,USD,2026-05-11 05:15:10
ORD0000323,CUST000034,STORE0001,2026-04-07 17:29:29,COMPLETED,DEBIT_CARD,USD,2026-04-10 01:29:29
ORD0000324,CUST000493,STORE0002,2026-02-15 19:02:43,REFUNDED,STORE_CREDIT,USD,2026-02-17 23:02:43
ORD0000325,CUST000394,STORE0001,2026-05-18 14:45:59,CANCELLED,PAYPAL,USD,2026-05-20 22:45:59
ORD0000326,CUST000073,STORE0004,2026-06-17 11:16:06,COMPLETED,PAYPAL,USD,2026-06-17 20:16:06
ORD0000327,CUST000148,STORE0001,2026-04-11 13:36:23,REFUNDED,GIFT_CARD,USD,2026-04-13 02:36:23
ORD0000328,CUST000327,STORE0004,2026-02-21 21:13:37,COMPLETED,STORE_CREDIT,USD,2026-02-22 15:13:37
ORD0000329,CUST000265,STORE0007,2026-06-16 17:57:10,COMPLETED,STORE_CREDIT,USD,2026-06-17 12:57:10
ORD0000330,CUST000176,STORE0004,2026-05-04 11:14:09,COMPLETED,DEBIT_CARD,USD,2026-05-05 02:14:09
ORD0000331,CUST000401,STORE0013,2026-06-28 11:47:12,COMPLETED,PAYPAL,USD,2026-06-28 15:47:12
ORD0000332,CUST000447,STORE0002,2026-02-28 15:36:33,COMPLETED,GIFT_CARD,USD,2026-03-01 22:36:33
ORD0000333,CUST000143,STORE0002,2026-04-03 19:53:58,COMPLETED,STORE_CREDIT,USD,2026-04-04 11:53:58
ORD0000334,CUST000298,STORE0008,2026-06-12 09:34:56,PENDING,GIFT_CARD,USD,2026-06-12 15:34:56
ORD0000335,CUST000292,STORE0001,2026-07-12 14:55:57,COMPLETED,DEBIT_CARD,USD,2026-07-14 22:55:57
ORD0000336,CUST000139,STORE0008,2026-07-25 10:21:32,COMPLETED,GIFT_CARD,USD,2026-07-28 03:21:32
ORD0000337,CUST000084,STORE0003,2026-03-02 20:27:43,COMPLETED,PAYPAL,USD,2026-03-03 08:27:43
ORD0000338,CUST000399,STORE0002,2026-04-14 11:19:32,COMPLETED,STORE_CREDIT,USD,2026-04-16 03:19:32
ORD0000339,CUST000099,STORE0013,2026-05-26 20:10:54,COMPLETED,GIFT_CARD,USD,2026-05-27 16:10:54
ORD0000340,CUST000289,STORE0007,2026-05-31 08:48:25,COMPLETED,GIFT_CARD,USD,2026-06-02 12:48:25
ORD0000341,CUST000367,STORE0005,2026-04-30 21:23:01,COMPLETED,PAYPAL,USD,2026-05-03 03:23:01
ORD0000342,CUST000317,STORE0009,2026-06-06 21:17:06,COMPLETED,DEBIT_CARD,USD,2026-06-08 04:17:06
ORD0000343,CUST000488,STORE0001,2026-08-01 14:44:58,REFUNDED,DEBIT_CARD,USD,2026-08-04 04:44:58
ORD0000344,CUST000029,STORE0011,2026-05-12 12:34:23,COMPLETED,CREDIT_CARD,USD,2026-05-14 00:34:23
ORD0000345,CUST000302,STORE0005,2026-07-10 11:35:05,COMPLETED,GIFT_CARD,USD,2026-07-11 18:35:05
ORD0000346,CUST000395,STORE0002,2026-08-12 19:47:20,PENDING,PAYPAL,USD,2026-08-14 17:47:20
ORD0000347,CUST000383,STORE0001,2026-03-21 09:41:26,COMPLETED,PAYPAL,USD,2026-03-23 11:41:26
ORD0000348,CUST000276,STORE0008,2026-04-27 17:21:40,COMPLETED,STORE_CREDIT,USD,2026-04-28 02:21:40
ORD0000349,CUST000409,STORE0009,2026-03-08 17:59:29,CANCELLED,CREDIT_CARD,USD,2026-03-09 17:59:29
ORD0000350,CUST000174,STORE0008,2026-06-29 20:44:47,PENDING,CREDIT_CARD,USD,2026-07-02 03:44:47
ORD0000351,CUST000078,STORE0005,2026-04-12 17:43:49,COMPLETED,PAYPAL,USD,2026-04-15 13:43:49
ORD0000352,CUST000052,STORE0001,2026-06-30 17:54:02,PENDING,STORE_CREDIT,USD,2026-07-01 09:54:02
ORD0000353,CUST000118,STORE0011,2026-04-08 11:19:10,COMPLETED,DEBIT_CARD,USD,2026-04-09 21:19:10
ORD0000354,CUST000026,STORE0008,2026-06-06 14:12:13,PENDING,STORE_CREDIT,USD,2026-06-08 14:12:13
ORD0000355,CUST000310,STORE0006,2026-05-06 14:12:13,COMPLETED,GIFT_CARD,USD,2026-05-09 06:12:13
ORD0000356,CUST000493,STORE0002,2026-05-15 13:19:53,COMPLETED,GIFT_CARD,USD,2026-05-17 20:19:53
ORD0000357,CUST000200,STORE0008,2026-02-18 12:46:41,COMPLETED,DEBIT_CARD,USD,2026-02-18 17:46:41
ORD0000358,CUST000444,STORE0012,2026-08-02 12:23:39,COMPLETED,PAYPAL,USD,2026-08-03 08:23:39
ORD0000359,CUST000415,STORE0011,2026-04-01 13:56:59,COMPLETED,CREDIT_CARD,USD,2026-04-02 09:56:59
ORD0000360,CUST000402,STORE0001,2026-05-09 08:56:30,COMPLETED,PAYPAL,USD,2026-05-10 02:56:30
ORD0000361,CUST000087,STORE0003,2026-03-11 08:22:57,COMPLETED,PAYPAL,USD,2026-03-11 19:22:57
ORD0000362,CUST000343,STORE0012,2026-03-10 15:31:47,PENDING,DEBIT_CARD,USD,2026-03-11 16:31:47
ORD0000363,CUST000338,STORE0002,2026-03-10 19:25:18,CANCELLED,DEBIT_CARD,USD,2026-03-11 08:25:18
ORD0000364,CUST000364,STORE0008,2026-08-04 17:33:33,CANCELLED,DEBIT_CARD,USD,2026-08-06 03:33:33
ORD0000365,CUST000479,STORE0001,2026-05-23 18:03:50,COMPLETED,CREDIT_CARD,USD,2026-05-24 17:03:50
ORD0000366,CUST000204,STORE0006,2026-02-16 17:30:30,PENDING,DEBIT_CARD,USD,2026-02-18 13:30:30
ORD0000367,CUST000061,STORE0012,2026-04-26 18:49:32,COMPLETED,DEBIT_CARD,USD,2026-04-28 13:49:32
ORD0000368,CUST000050,STORE0011,2026-05-12 20:33:16,COMPLETED,PAYPAL,USD,2026-05-14 18:33:16
ORD0000369,CUST000365,STORE0005,2026-03-18 21:22:19,COMPLETED,STORE_CREDIT,USD,2026-03-21 04:22:19
ORD0000370,CUST000410,STORE0009,2026-05-17 16:14:44,CANCELLED,GIFT_CARD,USD,2026-05-18 13:14:44
ORD0000371,CUST000317,STORE0004,2026-03-24 16:39:27,PENDING,GIFT_CARD,USD,2026-03-25 17:39:27
ORD0000372,CUST000498,STORE0007,2026-06-15 15:20:08,REFUNDED,CREDIT_CARD,USD,2026-06-17 05:20:08
ORD0000373,CUST000376,STORE0010,2026-07-16 09:03:48,COMPLETED,DEBIT_CARD,USD,2026-07-17 02:03:48
ORD0000374,CUST000128,STORE0006,2026-03-04 11:17:08,COMPLETED,STORE_CREDIT,USD,2026-03-05 02:17:08
ORD0000375,CUST000339,STORE0008,2026-05-01 21:07:34,REFUNDED,DEBIT_CARD,USD,2026-05-04 07:07:34
ORD0000376,CUST000021,STORE0007,2026-04-20 09:40:29,COMPLETED,PAYPAL,USD,2026-04-21 06:40:29
ORD0000377,CUST000254,STORE0012,2026-06-04 14:03:40,COMPLETED,GIFT_CARD,USD,2026-06-06 01:03:40
ORD0000378,CUST000223,STORE0011,2026-04-23 09:49:52,REFUNDED,STORE_CREDIT,USD,2026-04-25 23:49:52
ORD0000379,CUST000056,STORE0010,2026-07-28 09:36:06,COMPLETED,GIFT_CARD,USD,2026-07-29 15:36:06
ORD0000380,CUST000226,STORE0008,2026-07-10 21:33:02,COMPLETED,CREDIT_CARD,USD,2026-07-13 04:33:02
ORD0000381,CUST000051,STORE0005,2026-05-30 20:01:46,COMPLETED,GIFT_CARD,USD,2026-06-01 04:01:46
ORD0000382,CUST000083,STORE0004,2026-07-06 20:55:35,REFUNDED,PAYPAL,USD,2026-07-08 13:55:35
ORD0000383,CUST000052,STORE0012,2026-03-09 18:25:20,CANCELLED,DEBIT_CARD,USD,2026-03-12 09:25:20
ORD0000384,CUST000058,STORE0004,2026-07-12 12:58:32,REFUNDED,GIFT_CARD,USD,2026-07-15 11:58:32
ORD0000385,CUST000437,STORE0005,2026-03-23 19:21:34,COMPLETED,DEBIT_CARD,USD,2026-03-25 21:21:34
ORD0000386,CUST000115,STORE0012,2026-04-11 11:56:14,COMPLETED,DEBIT_CARD,USD,2026-04-12 14:56:14
ORD0000387,CUST000248,STORE0008,2026-05-31 16:35:36,COMPLETED,DEBIT_CARD,USD,2026-06-02 20:35:36
ORD0000388,CUST000411,STORE0005,2026-06-04 13:23:57,COMPLETED,STORE_CREDIT,USD,2026-06-06 05:23:57
ORD0000389,CUST000297,STORE0003,2026-03-10 20:32:45,COMPLETED,GIFT_CARD,USD,2026-03-13 16:32:45
ORD0000390,CUST000360,STORE0011,2026-07-05 21:14:29,COMPLETED,PAYPAL,USD,2026-07-06 03:14:29
ORD0000391,CUST000287,STORE0011,2026-02-28 13:30:55,REFUNDED,CREDIT_CARD,USD,2026-03-01 07:30:55
ORD0000392,CUST000069,STORE0007,2026-04-10 18:28:19,CANCELLED,GIFT_CARD,USD,2026-04-12 08:28:19
ORD0000393,CUST000277,STORE0011,2026-07-14 13:55:00,CANCELLED,GIFT_CARD,USD,2026-07-14 19:55:00
ORD0000394,CUST000308,STORE0013,2026-03-31 21:11:01,REFUNDED,CREDIT_CARD,USD,2026-04-03 12:11:01
ORD0000395,CUST000486,STORE0011,2026-05-24 20:26:24,REFUNDED,DEBIT_CARD,USD,2026-05-27 08:26:24
ORD0000396,CUST000117,STORE0006,2026-07-29 18:05:21,COMPLETED,STORE_CREDIT,USD,2026-07-30 06:05:21
ORD0000397,CUST000350,STORE0006,2026-03-10 10:00:33,COMPLETED,GIFT_CARD,USD,2026-03-10 10:00:33
ORD0000398,CUST000318,STORE0008,2026-04-01 16:13:22,COMPLETED,STORE_CREDIT,USD,2026-04-02 11:13:22
ORD0000399,CUST000420,STORE0008,2026-02-21 17:02:59,CANCELLED,GIFT_CARD,USD,2026-02-22 08:02:59
ORD0000400,CUST000338,STORE0009,2026-05-24 20:28:07,REFUNDED,CREDIT_CARD,USD,2026-05-27 18:28:07
ORD0000401,CUST000252,STORE0004,2026-05-28 08:22:03,COMPLETED,STORE_CREDIT,USD,2026-05-28 20:22:03
ORD0000402,CUST000295,STORE0012,2026-06-30 16:25:48,CANCELLED,GIFT_CARD,USD,2026-07-01 17:25:48
ORD0000403,CUST000321,STORE0007,2026-05-28 14:24:05,COMPLETED,PAYPAL,USD,2026-05-28 17:24:05
ORD0000404,CUST000255,STORE0013,2026-04-28 20:43:44,COMPLETED,CREDIT_CARD,USD,2026-05-01 15:43:44
ORD0000405,CUST000461,STORE0010,2026-07-02 10:41:20,REFUNDED,STORE_CREDIT,USD,2026-07-02 16:41:20
ORD0000406,CUST000276,STORE0001,2026-08-08 21:27:47,CANCELLED,DEBIT_CARD,USD,2026-08-11 16:27:47
ORD0000407,CUST000114,STORE0012,2026-05-06 09:45:13,COMPLETED,STORE_CREDIT,USD,2026-05-07 11:45:13
ORD0000408,CUST000003,STORE0004,2026-08-01 21:58:53,COMPLETED,PAYPAL,USD,2026-08-02 19:58:53
ORD0000409,CUST000364,STORE0011,2026-05-04 11:56:41,REFUNDED,PAYPAL,USD,2026-05-05 21:56:41
ORD0000410,CUST000203,STORE0001,2026-08-11 20:28:08,REFUNDED,CREDIT_CARD,USD,2026-08-13 00:28:08
ORD0000411,CUST000484,STORE0012,2026-04-20 18:45:59,REFUNDED,GIFT_CARD,USD,2026-04-22 20:45:59
ORD0000412,CUST000104,STORE0002,2026-07-06 21:31:12,COMPLETED,CREDIT_CARD,USD,2026-07-09 15:31:12
ORD0000413,CUST000413,STORE0002,2026-04-16 14:39:23,COMPLETED,PAYPAL,USD,2026-04-17 08:39:23
ORD0000414,CUST000163,STORE0001,2026-07-09 08:09:21,PENDING,DEBIT_CARD,USD,2026-07-10 16:09:21
ORD0000415,CUST000116,STORE0003,2026-07-24 11:21:42,REFUNDED,CREDIT_CARD,USD,2026-07-26 19:21:42
ORD0000416,CUST000369,STORE0003,2026-05-07 13:02:09,COMPLETED,CREDIT_CARD,USD,2026-05-08 18:02:09
ORD0000417,CUST000322,STORE0001,2026-07-08 16:04:01,REFUNDED,STORE_CREDIT,USD,2026-07-11 04:04:01
ORD0000418,CUST000314,STORE0005,2026-05-13 18:29:30,COMPLETED,STORE_CREDIT,USD,2026-05-16 04:29:30
ORD0000419,CUST000022,STORE0008,2026-05-30 19:56:34,PENDING,PAYPAL,USD,2026-06-01 00:56:34
ORD0000420,CUST000216,STORE0007,2026-06-11 19:28:28,COMPLETED,GIFT_CARD,USD,2026-06-14 06:28:28
ORD0000421,CUST000106,STORE0004,2026-04-10 19:12:36,COMPLETED,PAYPAL,USD,2026-04-12 17:12:36
ORD0000422,CUST000334,STORE0008,2026-05-01 21:49:55,CANCELLED,CREDIT_CARD,USD,2026-05-04 01:49:55
ORD0000423,CUST000197,STORE0009,2026-06-04 10:28:01,REFUNDED,PAYPAL,USD,2026-06-05 12:28:01
ORD0000424,CUST000295,STORE0013,2026-04-05 10:26:20,COMPLETED,DEBIT_CARD,USD,2026-04-06 17:26:20
ORD0000425,CUST000044,STORE0001,2026-02-16 21:55:03,COMPLETED,GIFT_CARD,USD,2026-02-17 08:55:03
ORD0000426,CUST000156,STORE0002,2026-07-07 10:57:56,COMPLETED,PAYPAL,USD,2026-07-08 06:57:56
ORD0000427,CUST000322,STORE0008,2026-08-12 12:44:54,COMPLETED,DEBIT_CARD,USD,2026-08-13 02:44:54
ORD0000428,CUST000230,STORE0001,2026-06-19 18:36:22,COMPLETED,GIFT_CARD,USD,2026-06-20 04:36:22
ORD0000429,CUST000470,STORE0003,2026-03-14 20:42:12,REFUNDED,GIFT_CARD,USD,2026-03-16 13:42:12
ORD0000430,CUST000130,STORE0004,2026-06-25 12:33:57,COMPLETED,GIFT_CARD,USD,2026-06-28 02:33:57
ORD0000431,CUST000283,STORE0001,2026-03-19 21:59:39,COMPLETED,GIFT_CARD,USD,2026-03-19 23:59:39
ORD0000432,CUST000188,STORE0013,2026-06-25 21:50:27,COMPLETED,DEBIT_CARD,USD,2026-06-27 16:50:27
ORD0000433,CUST000012,STORE0013,2026-03-18 20:48:06,COMPLETED,DEBIT_CARD,USD,2026-03-19 05:48:06
ORD0000434,CUST000007,STORE0012,2026-05-12 21:58:39,COMPLETED,STORE_CREDIT,USD,2026-05-13 16:58:39
ORD0000435,CUST000361,STORE0003,2026-04-06 19:59:05,COMPLETED,CREDIT_CARD,USD,2026-04-07 06:59:05
ORD0000436,CUST000041,STORE0007,2026-05-07 18:33:12,COMPLETED,PAYPAL,USD,2026-05-08 19:33:12
ORD0000437,CUST000095,STORE0009,2026-02-15 09:11:12,COMPLETED,STORE_CREDIT,USD,2026-02-16 03:11:12
ORD0000438,CUST000388,STORE0004,2026-03-27 14:40:53,CANCELLED,STORE_CREDIT,USD,2026-03-29 03:40:53
ORD0000439,CUST000004,STORE0011,2026-08-07 12:18:48,COMPLETED,CREDIT_CARD,USD,2026-08-07 20:18:48
ORD0000440,CUST000387,STORE0007,2026-03-06 18:48:57,REFUNDED,CREDIT_CARD,USD,2026-03-09 03:48:57
ORD0000441,CUST000251,STORE0006,2026-07-03 19:12:14,CANCELLED,CREDIT_CARD,USD,2026-07-04 16:12:14
ORD0000442,CUST000079,STORE0003,2026-05-23 14:01:55,COMPLETED,PAYPAL,USD,2026-05-25 06:01:55
ORD0000443,CUST000255,STORE0007,2026-03-26 12:53:54,CANCELLED,DEBIT_CARD,USD,2026-03-27 23:53:54
ORD0000444,CUST000486,STORE0003,2026-06-18 18:03:22,COMPLETED,GIFT_CARD,USD,2026-06-19 02:03:22
ORD0000445,CUST000082,STORE0006,2026-07-25 12:43:39,COMPLETED,STORE_CREDIT,USD,2026-07-26 03:43:39
ORD0000446,CUST000353,STORE0003,2026-05-19 17:30:04,COMPLETED,GIFT_CARD,USD,2026-05-22 02:30:04
ORD0000447,CUST000462,STORE0008,2026-04-26 16:21:36,PENDING,DEBIT_CARD,USD,2026-04-28 10:21:36
ORD0000448,CUST000197,STORE0013,2026-03-23 17:20:05,CANCELLED,PAYPAL,USD,2026-03-26 07:20:05
ORD0000449,CUST000074,STORE0006,2026-03-01 15:15:14,REFUNDED,GIFT_CARD,USD,2026-03-01 15:15:14
ORD0000450,CUST000161,STORE0010,2026-07-01 11:52:51,REFUNDED,STORE_CREDIT,USD,2026-07-02 11:52:51
ORD0000451,CUST000405,STORE0007,2026-06-02 19:52:54,COMPLETED,GIFT_CARD,USD,2026-06-04 09:52:54
ORD0000452,CUST000391,STORE0007,2026-03-06 13:29:49,COMPLETED,PAYPAL,USD,2026-03-08 22:29:49
ORD0000453,CUST000362,STORE0010,2026-06-10 12:10:37,COMPLETED,CREDIT_CARD,USD,2026-06-12 05:10:37
ORD0000454,CUST000162,STORE0012,2026-05-21 16:01:40,COMPLETED,PAYPAL,USD,2026-05-23 09:01:40
ORD0000455,CUST000145,STORE0006,2026-07-08 20:36:02,CANCELLED,DEBIT_CARD,USD,2026-07-09 03:36:02
ORD0000456,CUST000387,STORE0006,2026-05-16 13:05:26,COMPLETED,PAYPAL,USD,2026-05-16 21:05:26
ORD0000457,CUST000046,STORE0004,2026-06-08 10:07:48,PENDING,DEBIT_CARD,USD,2026-06-09 19:07:48
ORD0000458,CUST000330,STORE0012,2026-04-12 15:02:02,COMPLETED,DEBIT_CARD,USD,2026-04-13 20:02:02
ORD0000459,CUST000107,STORE0004,2026-07-13 15:00:22,REFUNDED,STORE_CREDIT,USD,2026-07-14 01:00:22
ORD0000460,CUST000387,STORE0010,2026-04-20 13:12:20,COMPLETED,CREDIT_CARD,USD,2026-04-22 15:12:20
ORD0000461,CUST000412,STORE0002,2026-04-07 11:48:36,REFUNDED,DEBIT_CARD,USD,2026-04-09 01:48:36
ORD0000462,CUST000441,STORE0006,2026-04-07 15:46:24,REFUNDED,PAYPAL,USD,2026-04-09 08:46:24
ORD0000463,CUST000141,STORE0001,2026-05-02 15:24:46,CANCELLED,CREDIT_CARD,USD,2026-05-03 11:24:46
ORD0000464,CUST000380,STORE0006,2026-03-05 12:26:41,COMPLETED,CREDIT_CARD,USD,2026-03-07 02:26:41
ORD0000465,CUST000477,STORE0008,2026-03-30 08:07:05,REFUNDED,PAYPAL,USD,2026-03-31 14:07:05
ORD0000466,CUST000255,STORE0007,2026-06-13 14:11:00,CANCELLED,CREDIT_CARD,USD,2026-06-13 19:11:00
ORD0000467,CUST000488,STORE0012,2026-06-19 20:14:45,PENDING,GIFT_CARD,USD,2026-06-20 02:14:45
ORD0000468,CUST000191,STORE0012,2026-07-05 16:09:20,REFUNDED,PAYPAL,USD,2026-07-07 12:09:20
ORD0000469,CUST000393,STORE0005,2026-03-23 21:43:48,COMPLETED,PAYPAL,USD,2026-03-26 18:43:48
ORD0000470,CUST000239,STORE0008,2026-07-02 21:43:10,COMPLETED,STORE_CREDIT,USD,2026-07-04 16:43:10
ORD0000471,CUST000042,STORE0007,2026-03-14 16:34:02,CANCELLED,STORE_CREDIT,USD,2026-03-15 05:34:02
ORD0000472,CUST000117,STORE0011,2026-05-10 15:07:20,REFUNDED,STORE_CREDIT,USD,2026-05-12 14:07:20
ORD0000473,CUST000386,STORE0004,2026-02-14 20:32:51,COMPLETED,DEBIT_CARD,USD,2026-02-17 11:32:51
ORD0000474,CUST000424,STORE0013,2026-08-07 09:04:16,COMPLETED,PAYPAL,USD,2026-08-08 00:04:16
ORD0000475,CUST000348,STORE0008,2026-02-22 15:20:22,COMPLETED,PAYPAL,USD,2026-02-23 23:20:22
ORD0000476,CUST000464,STORE0002,2026-06-15 12:34:05,COMPLETED,CREDIT_CARD,USD,2026-06-16 19:34:05
ORD0000477,CUST000361,STORE0008,2026-04-10 17:26:06,COMPLETED,STORE_CREDIT,USD,2026-04-11 09:26:06
ORD0000478,CUST000358,STORE0009,2026-06-19 10:57:28,COMPLETED,CREDIT_CARD,USD,2026-06-20 06:57:28
ORD0000479,CUST000496,STORE0002,2026-04-05 15:31:15,COMPLETED,DEBIT_CARD,USD,2026-04-07 16:31:15
ORD0000480,CUST000486,STORE0002,2026-03-11 10:08:08,REFUNDED,CREDIT_CARD,USD,2026-03-14 10:08:08
ORD0000481,CUST000279,STORE0002,2026-06-01 15:02:17,COMPLETED,PAYPAL,USD,2026-06-04 14:02:17
ORD0000482,CUST000184,STORE0008,2026-05-27 16:58:15,COMPLETED,CREDIT_CARD,USD,2026-05-28 07:58:15
ORD0000483,CUST000338,STORE0009,2026-05-20 16:16:30,COMPLETED,STORE_CREDIT,USD,2026-05-21 15:16:30
ORD0000484,CUST000006,STORE0006,2026-03-01 16:50:00,COMPLETED,GIFT_CARD,USD,2026-03-04 11:50:00
ORD0000485,CUST000411,STORE0004,2026-04-03 18:30:30,COMPLETED,CREDIT_CARD,USD,2026-04-04 21:30:30
ORD0000486,CUST000412,STORE0002,2026-03-23 18:08:54,CANCELLED,CREDIT_CARD,USD,2026-03-24 12:08:54
ORD0000487,CUST000481,STORE0004,2026-04-22 14:03:48,COMPLETED,GIFT_CARD,USD,2026-04-22 19:03:48
ORD0000488,CUST000246,STORE0010,2026-06-24 14:41:55,PENDING,DEBIT_CARD,USD,2026-06-25 10:41:55
ORD0000489,CUST000044,STORE0012,2026-03-23 20:41:02,COMPLETED,PAYPAL,USD,2026-03-25 07:41:02
ORD0000490,CUST000156,STORE0009,2026-07-18 13:58:19,PENDING,STORE_CREDIT,USD,2026-07-21 01:58:19
ORD0000491,CUST000294,STORE0003,2026-06-14 13:05:44,COMPLETED,STORE_CREDIT,USD,2026-06-16 08:05:44
ORD0000492,CUST000263,STORE0004,2026-05-05 13:58:15,CANCELLED,GIFT_CARD,USD,2026-05-06 13:58:15
ORD0000493,CUST000365,STORE0009,2026-07-05 13:13:51,COMPLETED,DEBIT_CARD,USD,2026-07-08 07:13:51
ORD0000494,CUST000405,STORE0011,2026-05-11 10:56:41,PENDING,GIFT_CARD,USD,2026-05-14 01:56:41
ORD0000495,CUST000236,STORE0009,2026-05-12 10:16:38,COMPLETED,CREDIT_CARD,USD,2026-05-13 18:16:38
ORD0000496,CUST000322,STORE0008,2026-07-16 09:30:27,COMPLETED,CREDIT_CARD,USD,2026-07-18 01:30:27
ORD0000497,CUST000028,STORE0001,2026-03-03 12:06:35,CANCELLED,DEBIT_CARD,USD,2026-03-04 22:06:35
ORD0000498,CUST000146,STORE0007,2026-04-16 11:14:39,CANCELLED,STORE_CREDIT,USD,2026-04-17 21:14:39
ORD0000499,CUST000495,STORE0007,2026-04-07 16:39:01,COMPLETED,STORE_CREDIT,USD,2026-04-08 03:39:01
ORD0000500,CUST000113,STORE0005,2026-03-13 08:15:42,COMPLETED,STORE_CREDIT,USD,2026-03-15 15:15:42
ORD0000501,CUST000278,STORE0013,2026-04-24 11:56:43,COMPLETED,STORE_CREDIT,USD,2026-04-26 18:56:43
ORD0000502,CUST000430,STORE0008,2026-07-19 11:23:09,REFUNDED,STORE_CREDIT,USD,2026-07-19 20:23:09
ORD0000503,CUST000119,STORE0007,2026-07-17 15:01:43,CANCELLED,CREDIT_CARD,USD,2026-07-18 22:01:43
ORD0000504,CUST000229,STORE0007,2026-03-08 14:16:22,COMPLETED,GIFT_CARD,USD,2026-03-10 00:16:22
ORD0000505,CUST000118,STORE0002,2026-03-26 09:39:44,CANCELLED,GIFT_CARD,USD,2026-03-26 15:39:44
ORD0000506,CUST000440,STORE0007,2026-04-26 21:58:11,COMPLETED,GIFT_CARD,USD,2026-04-29 01:58:11
ORD0000507,CUST000027,STORE0010,2026-07-31 20:50:55,PENDING,GIFT_CARD,USD,2026-08-01 18:50:55
ORD0000508,CUST000035,STORE0013,2026-03-11 12:52:50,COMPLETED,CREDIT_CARD,USD,2026-03-14 08:52:50
ORD0000509,CUST000263,STORE0001,2026-06-22 16:57:03,COMPLETED,DEBIT_CARD,USD,2026-06-23 09:57:03
ORD0000510,CUST000312,STORE0006,2026-07-10 20:17:29,COMPLETED,DEBIT_CARD,USD,2026-07-13 06:17:29
ORD0000511,CUST000251,STORE0011,2026-05-26 16:34:46,COMPLETED,PAYPAL,USD,2026-05-29 11:34:46
ORD0000512,CUST000310,STORE0007,2026-05-22 14:19:23,COMPLETED,PAYPAL,USD,2026-05-24 06:19:23
ORD0000513,CUST000385,STORE0003,2026-06-09 21:37:50,PENDING,GIFT_CARD,USD,2026-06-10 14:37:50
ORD0000514,CUST000365,STORE0008,2026-05-20 11:29:08,COMPLETED,DEBIT_CARD,USD,2026-05-20 17:29:08
ORD0000515,CUST000245,STORE0001,2026-06-16 09:22:21,COMPLETED,STORE_CREDIT,USD,2026-06-18 00:22:21
ORD0000516,CUST000139,STORE0001,2026-02-20 16:13:40,CANCELLED,CREDIT_CARD,USD,2026-02-22 15:13:40
ORD0000517,CUST000265,STORE0010,2026-03-17 15:48:31,COMPLETED,CREDIT_CARD,USD,2026-03-20 08:48:31
ORD0000518,CUST000370,STORE0011,2026-04-23 10:09:48,COMPLETED,STORE_CREDIT,USD,2026-04-23 21:09:48
ORD0000519,CUST000292,STORE0004,2026-05-31 20:52:56,COMPLETED,STORE_CREDIT,USD,2026-06-03 02:52:56
ORD0000520,CUST000403,STORE0002,2026-04-11 15:58:10,REFUNDED,CREDIT_CARD,USD,2026-04-14 06:58:10
ORD0000521,CUST000373,STORE0006,2026-06-14 12:36:35,CANCELLED,GIFT_CARD,USD,2026-06-16 06:36:35
ORD0000522,CUST000399,STORE0004,2026-04-12 21:01:27,COMPLETED,GIFT_CARD,USD,2026-04-14 07:01:27
ORD0000523,CUST000128,STORE0008,2026-03-25 09:44:34,CANCELLED,PAYPAL,USD,2026-03-27 07:44:34
ORD0000524,CUST000475,STORE0001,2026-06-05 14:52:27,COMPLETED,PAYPAL,USD,2026-06-07 19:52:27
ORD0000525,CUST000307,STORE0006,2026-07-15 14:54:05,COMPLETED,CREDIT_CARD,USD,2026-07-16 00:54:05
ORD0000526,CUST000027,STORE0001,2026-06-14 10:02:08,COMPLETED,GIFT_CARD,USD,2026-06-16 08:02:08
ORD0000527,CUST000421,STORE0004,2026-03-29 14:52:31,COMPLETED,STORE_CREDIT,USD,2026-03-31 00:52:31
ORD0000528,CUST000071,STORE0002,2026-06-12 17:54:16,COMPLETED,CREDIT_CARD,USD,2026-06-15 10:54:16
ORD0000529,CUST000243,STORE0013,2026-06-09 13:32:19,COMPLETED,PAYPAL,USD,2026-06-11 16:32:19
ORD0000530,CUST000061,STORE0003,2026-03-13 15:08:09,REFUNDED,GIFT_CARD,USD,2026-03-14 00:08:09
ORD0000531,CUST000374,STORE0010,2026-05-02 19:13:57,COMPLETED,GIFT_CARD,USD,2026-05-02 23:13:57
ORD0000532,CUST000431,STORE0013,2026-04-19 14:11:52,COMPLETED,PAYPAL,USD,2026-04-22 01:11:52
ORD0000533,CUST000445,STORE0012,2026-04-02 08:55:50,COMPLETED,PAYPAL,USD,2026-04-03 16:55:50
ORD0000534,CUST000123,STORE0009,2026-07-18 15:17:58,COMPLETED,PAYPAL,USD,2026-07-19 14:17:58
ORD0000535,CUST000410,STORE0010,2026-05-20 13:00:06,COMPLETED,DEBIT_CARD,USD,2026-05-23 05:00:06
ORD0000536,CUST000381,STORE0009,2026-04-25 16:25:56,CANCELLED,PAYPAL,USD,2026-04-26 17:25:56
ORD0000537,CUST000322,STORE0013,2026-03-02 15:53:56,COMPLETED,STORE_CREDIT,USD,2026-03-05 02:53:56
ORD0000538,CUST000419,STORE0004,2026-08-04 17:16:25,COMPLETED,STORE_CREDIT,USD,2026-08-04 17:16:25
ORD0000539,CUST000204,STORE0001,2026-06-04 08:04:51,PENDING,STORE_CREDIT,USD,2026-06-05 19:04:51
ORD0000540,CUST000027,STORE0008,2026-07-12 11:34:42,CANCELLED,CREDIT_CARD,USD,2026-07-13 23:34:42
ORD0000541,CUST000384,STORE0012,2026-04-21 10:42:18,REFUNDED,PAYPAL,USD,2026-04-22 18:42:18
ORD0000542,CUST000050,STORE0013,2026-04-28 12:34:44,CANCELLED,CREDIT_CARD,USD,2026-04-28 20:34:44
ORD0000543,CUST000043,STORE0006,2026-03-09 13:11:24,PENDING,STORE_CREDIT,USD,2026-03-10 13:11:24
ORD0000544,CUST000175,STORE0007,2026-06-04 09:51:32,PENDING,DEBIT_CARD,USD,2026-06-06 12:51:32
ORD0000545,CUST000383,STORE0012,2026-03-03 19:14:53,REFUNDED,STORE_CREDIT,USD,2026-03-06 10:14:53
ORD0000546,CUST000341,STORE0006,2026-07-30 13:26:47,PENDING,GIFT_CARD,USD,2026-07-30 13:26:47
ORD0000547,CUST000416,STORE0001,2026-07-27 13:15:19,CANCELLED,GIFT_CARD,USD,2026-07-29 19:15:19
ORD0000548,CUST000494,STORE0003,2026-08-11 12:52:24,COMPLETED,GIFT_CARD,USD,2026-08-12 23:52:24
ORD0000549,CUST000365,STORE0002,2026-03-21 16:38:38,PENDING,GIFT_CARD,USD,2026-03-22 04:38:38
ORD0000550,CUST000064,STORE0003,2026-07-11 11:37:51,COMPLETED,CREDIT_CARD,USD,2026-07-12 16:37:51
ORD0000551,CUST000041,STORE0013,2026-07-04 17:55:44,CANCELLED,STORE_CREDIT,USD,2026-07-06 07:55:44
ORD0000552,CUST000049,STORE0010,2026-02-15 09:57:30,COMPLETED,GIFT_CARD,USD,2026-02-17 21:57:30
ORD0000553,CUST000172,STORE0003,2026-04-02 18:58:36,REFUNDED,CREDIT_CARD,USD,2026-04-03 07:58:36
ORD0000554,CUST000209,STORE0001,2026-08-07 16:56:17,CANCELLED,PAYPAL,USD,2026-08-08 16:56:17
ORD0000555,CUST000177,STORE0003,2026-05-28 17:26:58,CANCELLED,GIFT_CARD,USD,2026-05-30 05:26:58
ORD0000556,CUST000310,STORE0008,2026-02-14 09:25:37,COMPLETED,DEBIT_CARD,USD,2026-02-15 17:25:37
ORD0000557,CUST000128,STORE0012,2026-02-25 19:04:43,COMPLETED,DEBIT_CARD,USD,2026-02-26 12:04:43
ORD0000558,CUST000368,STORE0002,2026-08-11 08:26:06,COMPLETED,PAYPAL,USD,2026-08-12 10:26:06
ORD0000559,CUST000167,STORE0007,2026-05-21 18:33:43,COMPLETED,DEBIT_CARD,USD,2026-05-24 02:33:43
ORD0000560,CUST000238,STORE0003,2026-03-01 20:56:53,COMPLETED,STORE_CREDIT,USD,2026-03-04 06:56:53
ORD0000561,CUST000146,STORE0005,2026-03-31 14:49:00,COMPLETED,CREDIT_CARD,USD,2026-04-03 09:49:00
ORD0000562,CUST000245,STORE0007,2026-04-24 10:30:14,COMPLETED,CREDIT_CARD,USD,2026-04-25 03:30:14
ORD0000563,CUST000268,STORE0005,2026-08-09 09:17:55,REFUNDED,GIFT_CARD,USD,2026-08-12 03:17:55
ORD0000564,CUST000477,STORE0009,2026-07-21 17:51:59,CANCELLED,PAYPAL,USD,2026-07-22 16:51:59
ORD0000565,CUST000103,STORE0011,2026-05-27 18:53:38,CANCELLED,GIFT_CARD,USD,2026-05-30 18:53:38
ORD0000566,CUST000167,STORE0001,2026-05-11 13:30:48,COMPLETED,GIFT_CARD,USD,2026-05-14 09:30:48
ORD0000567,CUST000211,STORE0001,2026-04-07 15:26:34,REFUNDED,CREDIT_CARD,USD,2026-04-08 00:26:34
ORD0000568,CUST000062,STORE0005,2026-07-28 17:56:28,COMPLETED,GIFT_CARD,USD,2026-07-29 04:56:28
ORD0000569,CUST000357,STORE0012,2026-02-15 21:31:52,COMPLETED,GIFT_CARD,USD,2026-02-18 01:31:52
ORD0000570,CUST000143,STORE0001,2026-06-03 19:22:59,COMPLETED,STORE_CREDIT,USD,2026-06-06 04:22:59
ORD0000571,CUST000092,STORE0004,2026-04-08 11:08:18,COMPLETED,PAYPAL,USD,2026-04-08 18:08:18
ORD0000572,CUST000371,STORE0004,2026-05-18 18:48:56,PENDING,PAYPAL,USD,2026-05-20 08:48:56
ORD0000573,CUST000194,STORE0001,2026-03-29 13:02:34,COMPLETED,CREDIT_CARD,USD,2026-03-31 18:02:34
ORD0000574,CUST000056,STORE0007,2026-04-13 19:52:10,COMPLETED,STORE_CREDIT,USD,2026-04-16 13:52:10
ORD0000575,CUST000407,STORE0008,2026-04-26 13:16:38,COMPLETED,DEBIT_CARD,USD,2026-04-26 15:16:38
ORD0000576,CUST000065,STORE0001,2026-04-13 19:44:34,PENDING,STORE_CREDIT,USD,2026-04-14 09:44:34
ORD0000577,CUST000449,STORE0004,2026-03-18 11:58:03,CANCELLED,CREDIT_CARD,USD,2026-03-21 08:58:03
ORD0000578,CUST000048,STORE0005,2026-04-21 13:35:08,PENDING,CREDIT_CARD,USD,2026-04-22 11:35:08
ORD0000579,CUST000320,STORE0008,2026-03-04 14:46:40,CANCELLED,GIFT_CARD,USD,2026-03-05 00:46:40
ORD0000580,CUST000014,STORE0013,2026-08-03 19:01:55,PENDING,CREDIT_CARD,USD,2026-08-03 22:01:55
ORD0000581,CUST000098,STORE0008,2026-03-11 15:50:57,CANCELLED,CREDIT_CARD,USD,2026-03-13 14:50:57
ORD0000582,CUST000150,STORE0005,2026-03-26 09:34:52,COMPLETED,PAYPAL,USD,2026-03-29 06:34:52
ORD0000583,CUST000090,STORE0013,2026-04-28 16:39:50,COMPLETED,PAYPAL,USD,2026-04-30 08:39:50
ORD0000584,CUST000454,STORE0004,2026-05-21 13:40:21,COMPLETED,STORE_CREDIT,USD,2026-05-23 11:40:21
ORD0000585,CUST000121,STORE0007,2026-03-24 20:17:32,COMPLETED,GIFT_CARD,USD,2026-03-26 13:17:32
ORD0000586,CUST000107,STORE0004,2026-05-30 17:54:39,CANCELLED,STORE_CREDIT,USD,2026-06-02 03:54:39
ORD0000587,CUST000065,STORE0002,2026-03-01 12:51:03,COMPLETED,GIFT_CARD,USD,2026-03-03 14:51:03
ORD0000588,CUST000243,STORE0008,2026-04-18 16:12:24,REFUNDED,STORE_CREDIT,USD,2026-04-19 16:12:24
ORD0000589,CUST000348,STORE0005,2026-03-29 16:36:41,REFUNDED,PAYPAL,USD,2026-03-31 07:36:41
ORD0000590,CUST000368,STORE0003,2026-05-19 19:46:54,CANCELLED,DEBIT_CARD,USD,2026-05-22 02:46:54
ORD0000591,CUST000421,STORE0007,2026-04-29 18:24:10,COMPLETED,GIFT_CARD,USD,2026-05-01 17:24:10
ORD0000592,CUST000241,STORE0007,2026-05-03 14:50:17,PENDING,STORE_CREDIT,USD,2026-05-05 03:50:17
ORD0000593,CUST000124,STORE0009,2026-08-11 16:33:11,PENDING,GIFT_CARD,USD,2026-08-13 03:33:11
ORD0000594,CUST000437,STORE0005,2026-04-16 11:58:13,COMPLETED,DEBIT_CARD,USD,2026-04-18 08:58:13
ORD0000595,CUST000365,STORE0010,2026-06-10 16:29:46,PENDING,STORE_CREDIT,USD,2026-06-11 07:29:46
ORD0000596,CUST000348,STORE0004,2026-06-20 11:08:25,REFUNDED,DEBIT_CARD,USD,2026-06-22 04:08:25
ORD0000597,CUST000490,STORE0002,2026-07-20 20:32:31,PENDING,PAYPAL,USD,2026-07-22 13:32:31
ORD0000598,CUST000369,STORE0009,2026-02-16 08:58:11,COMPLETED,CREDIT_CARD,USD,2026-02-16 11:58:11
ORD0000599,CUST000126,STORE0012,2026-05-21 13:30:40,REFUNDED,GIFT_CARD,USD,2026-05-24 04:30:40
ORD0000600,CUST000454,STORE0001,2026-03-05 12:38:04,PENDING,STORE_CREDIT,USD,2026-03-06 03:38:04
ORD0000601,CUST000176,STORE0001,2026-07-14 10:48:26,COMPLETED,DEBIT_CARD,USD,2026-07-15 07:48:26
ORD0000602,CUST000151,STORE0003,2026-06-27 16:26:47,COMPLETED,CREDIT_CARD,USD,2026-06-29 14:26:47
ORD0000603,CUST000383,STORE0003,2026-06-03 20:54:01,COMPLETED,CREDIT_CARD,USD,2026-06-04 20:54:01
ORD0000604,CUST000014,STORE0007,2026-03-25 18:29:04,COMPLETED,CREDIT_CARD,USD,2026-03-26 21:29:04
ORD0000605,CUST000269,STORE0005,2026-04-29 19:02:07,COMPLETED,STORE_CREDIT,USD,2026-05-01 09:02:07
ORD0000606,CUST000176,STORE0005,2026-04-15 15:55:42,CANCELLED,DEBIT_CARD,USD,2026-04-18 10:55:42
ORD0000607,CUST000190,STORE0008,2026-08-09 19:01:38,PENDING,STORE_CREDIT,USD,2026-08-10 01:01:38
ORD0000608,CUST000009,STORE0012,2026-06-09 12:37:51,COMPLETED,STORE_CREDIT,USD,2026-06-11 15:37:51
ORD0000609,CUST000310,STORE0013,2026-07-17 19:46:43,REFUNDED,CREDIT_CARD,USD,2026-07-20 05:46:43
ORD0000610,CUST000292,STORE0010,2026-04-04 10:56:12,COMPLETED,DEBIT_CARD,USD,2026-04-05 09:56:12
ORD0000611,CUST000289,STORE0009,2026-02-28 14:39:44,COMPLETED,PAYPAL,USD,2026-03-03 13:39:44
ORD0000612,CUST000498,STORE0001,2026-07-28 15:11:47,COMPLETED,STORE_CREDIT,USD,2026-07-30 06:11:47
ORD0000613,CUST000009,STORE0005,2026-02-14 13:26:56,REFUNDED,DEBIT_CARD,USD,2026-02-15 04:26:56
ORD0000614,CUST000048,STORE0013,2026-07-04 14:36:24,COMPLETED,CREDIT_CARD,USD,2026-07-06 18:36:24
ORD0000615,CUST000473,STORE0013,2026-03-16 12:53:12,PENDING,PAYPAL,USD,2026-03-17 22:53:12
ORD0000616,CUST000021,STORE0001,2026-03-28 15:48:14,COMPLETED,STORE_CREDIT,USD,2026-03-28 15:48:14
ORD0000617,CUST000258,STORE0004,2026-03-05 09:42:12,PENDING,CREDIT_CARD,USD,2026-03-07 03:42:12
ORD0000618,CUST000332,STORE0005,2026-03-06 12:40:38,COMPLETED,CREDIT_CARD,USD,2026-03-08 05:40:38
ORD0000619,CUST000322,STORE0003,2026-02-26 19:23:14,REFUNDED,GIFT_CARD,USD,2026-02-28 06:23:14
ORD0000620,CUST000201,STORE0003,2026-02-28 19:28:56,COMPLETED,PAYPAL,USD,2026-03-02 22:28:56
ORD0000621,CUST000197,STORE0001,2026-03-27 17:44:59,CANCELLED,GIFT_CARD,USD,2026-03-28 01:44:59
ORD0000622,CUST000497,STORE0004,2026-04-05 11:29:14,COMPLETED,GIFT_CARD,USD,2026-04-06 03:29:14
ORD0000623,CUST000041,STORE0008,2026-02-16 11:54:57,COMPLETED,CREDIT_CARD,USD,2026-02-17 00:54:57
ORD0000624,CUST000343,STORE0006,2026-03-19 15:31:34,CANCELLED,PAYPAL,USD,2026-03-21 11:31:34
ORD0000625,CUST000280,STORE0005,2026-05-03 12:37:03,REFUNDED,STORE_CREDIT,USD,2026-05-04 09:37:03
ORD0000626,CUST000023,STORE0002,2026-06-04 12:18:03,COMPLETED,DEBIT_CARD,USD,2026-06-06 21:18:03
ORD0000627,CUST000469,STORE0003,2026-03-05 08:53:10,REFUNDED,PAYPAL,USD,2026-03-05 19:53:10
ORD0000628,CUST000352,STORE0010,2026-06-06 11:48:27,PENDING,STORE_CREDIT,USD,2026-06-07 16:48:27
ORD0000629,CUST000349,STORE0006,2026-05-29 08:21:14,CANCELLED,CREDIT_CARD,USD,2026-05-31 17:21:14
ORD0000630,CUST000061,STORE0008,2026-06-16 19:03:25,PENDING,DEBIT_CARD,USD,2026-06-19 10:03:25
ORD0000631,CUST000045,STORE0007,2026-08-06 21:42:23,COMPLETED,STORE_CREDIT,USD,2026-08-08 15:42:23
ORD0000632,CUST000021,STORE0009,2026-07-15 16:49:43,COMPLETED,PAYPAL,USD,2026-07-16 22:49:43
ORD0000633,CUST000471,STORE0001,2026-05-09 20:02:38,REFUNDED,STORE_CREDIT,USD,2026-05-11 01:02:38
ORD0000634,CUST000311,STORE0006,2026-07-20 16:35:40,COMPLETED,GIFT_CARD,USD,2026-07-21 02:35:40
ORD0000635,CUST000415,STORE0013,2026-02-23 19:41:28,COMPLETED,DEBIT_CARD,USD,2026-02-25 16:41:28
ORD0000636,CUST000101,STORE0009,2026-08-01 10:01:59,CANCELLED,GIFT_CARD,USD,2026-08-03 19:01:59
ORD0000637,CUST000273,STORE0008,2026-05-23 16:09:54,CANCELLED,STORE_CREDIT,USD,2026-05-25 23:09:54
ORD0000638,CUST000405,STORE0011,2026-06-30 13:43:33,COMPLETED,DEBIT_CARD,USD,2026-07-02 16:43:33
ORD0000639,CUST000373,STORE0010,2026-05-09 18:29:36,COMPLETED,CREDIT_CARD,USD,2026-05-09 21:29:36
ORD0000640,CUST000437,STORE0006,2026-04-23 12:11:59,CANCELLED,PAYPAL,USD,2026-04-25 14:11:59
ORD0000641,CUST000325,STORE0003,2026-08-07 16:47:36,PENDING,PAYPAL,USD,2026-08-09 02:47:36
ORD0000642,CUST000349,STORE0006,2026-04-02 16:48:21,REFUNDED,DEBIT_CARD,USD,2026-04-05 05:48:21
ORD0000643,CUST000441,STORE0009,2026-03-13 16:45:25,COMPLETED,CREDIT_CARD,USD,2026-03-15 14:45:25
ORD0000644,CUST000458,STORE0009,2026-07-11 09:59:53,COMPLETED,STORE_CREDIT,USD,2026-07-13 22:59:53
ORD0000645,CUST000020,STORE0002,2026-05-18 11:25:19,COMPLETED,GIFT_CARD,USD,2026-05-20 04:25:19
ORD0000646,CUST000419,STORE0007,2026-06-15 19:54:33,COMPLETED,PAYPAL,USD,2026-06-17 01:54:33
ORD0000647,CUST000443,STORE0011,2026-03-13 12:49:50,COMPLETED,GIFT_CARD,USD,2026-03-13 16:49:50
ORD0000648,CUST000063,STORE0012,2026-07-15 16:30:35,COMPLETED,PAYPAL,USD,2026-07-16 08:30:35
ORD0000649,CUST000270,STORE0009,2026-05-14 14:10:56,COMPLETED,STORE_CREDIT,USD,2026-05-16 08:10:56
ORD0000650,CUST000144,STORE0005,2026-03-28 10:31:45,COMPLETED,GIFT_CARD,USD,2026-03-31 03:31:45
ORD0000651,CUST000061,STORE0002,2026-08-10 14:21:01,COMPLETED,CREDIT_CARD,USD,2026-08-10 14:21:01
ORD0000652,CUST000332,STORE0004,2026-03-04 11:08:41,PENDING,GIFT_CARD,USD,2026-03-05 01:08:41
ORD0000653,CUST000436,STORE0009,2026-06-28 17:24:24,CANCELLED,DEBIT_CARD,USD,2026-07-01 07:24:24
ORD0000654,CUST000150,STORE0011,2026-05-30 10:47:00,COMPLETED,STORE_CREDIT,USD,2026-06-01 08:47:00
ORD0000655,CUST000431,STORE0011,2026-02-15 18:19:39,COMPLETED,PAYPAL,USD,2026-02-16 01:19:39
ORD0000656,CUST000393,STORE0008,2026-05-28 16:45:05,REFUNDED,DEBIT_CARD,USD,2026-05-31 02:45:05
ORD0000657,CUST000442,STORE0010,2026-02-22 13:09:39,COMPLETED,PAYPAL,USD,2026-02-25 06:09:39
ORD0000658,CUST000368,STORE0008,2026-03-16 18:30:11,COMPLETED,DEBIT_CARD,USD,2026-03-19 04:30:11
ORD0000659,CUST000495,STORE0003,2026-02-21 13:11:11,COMPLETED,STORE_CREDIT,USD,2026-02-24 13:11:11
ORD0000660,CUST000376,STORE0007,2026-05-08 18:54:37,COMPLETED,DEBIT_CARD,USD,2026-05-10 08:54:37
ORD0000661,CUST000405,STORE0010,2026-07-02 11:20:35,COMPLETED,PAYPAL,USD,2026-07-03 21:20:35
ORD0000662,CUST000253,STORE0004,2026-03-27 20:25:18,COMPLETED,STORE_CREDIT,USD,2026-03-27 22:25:18
ORD0000663,CUST000256,STORE0010,2026-03-15 10:57:28,CANCELLED,CREDIT_CARD,USD,2026-03-17 18:57:28
ORD0000664,CUST000170,STORE0004,2026-08-03 17:29:48,CANCELLED,CREDIT_CARD,USD,2026-08-06 08:29:48
ORD0000665,CUST000485,STORE0009,2026-04-17 10:09:01,PENDING,DEBIT_CARD,USD,2026-04-17 22:09:01
ORD0000666,CUST000352,STORE0008,2026-06-26 16:32:55,CANCELLED,GIFT_CARD,USD,2026-06-29 00:32:55
ORD0000667,CUST000385,STORE0013,2026-02-24 11:01:17,COMPLETED,PAYPAL,USD,2026-02-25 17:01:17
ORD0000668,CUST000108,STORE0012,2026-07-10 21:05:01,PENDING,STORE_CREDIT,USD,2026-07-11 16:05:01
ORD0000669,CUST000048,STORE0005,2026-04-05 15:17:41,PENDING,DEBIT_CARD,USD,2026-04-08 08:17:41
ORD0000670,CUST000241,STORE0002,2026-04-08 18:37:31,COMPLETED,DEBIT_CARD,USD,2026-04-09 08:37:31
ORD0000671,CUST000474,STORE0012,2026-06-11 14:29:48,REFUNDED,CREDIT_CARD,USD,2026-06-12 07:29:48
ORD0000672,CUST000207,STORE0002,2026-03-19 10:02:07,CANCELLED,PAYPAL,USD,2026-03-19 14:02:07
ORD0000673,CUST000390,STORE0008,2026-04-18 11:59:39,REFUNDED,CREDIT_CARD,USD,2026-04-19 14:59:39
ORD0000674,CUST000275,STORE0001,2026-08-02 10:29:41,REFUNDED,STORE_CREDIT,USD,2026-08-04 00:29:41
ORD0000675,CUST000012,STORE0013,2026-07-06 18:25:40,CANCELLED,GIFT_CARD,USD,2026-07-07 11:25:40
ORD0000676,CUST000370,STORE0007,2026-03-02 20:47:47,REFUNDED,DEBIT_CARD,USD,2026-03-02 20:47:47
ORD0000677,CUST000061,STORE0003,2026-04-25 11:27:59,COMPLETED,GIFT_CARD,USD,2026-04-28 09:27:59
ORD0000678,CUST000039,STORE0012,2026-03-25 08:09:30,COMPLETED,CREDIT_CARD,USD,2026-03-27 14:09:30
ORD0000679,CUST000032,STORE0008,2026-03-07 14:27:55,CANCELLED,PAYPAL,USD,2026-03-07 16:27:55
ORD0000680,CUST000484,STORE0002,2026-05-12 13:16:55,COMPLETED,DEBIT_CARD,USD,2026-05-12 13:16:55
ORD0000681,CUST000394,STORE0011,2026-06-09 13:27:57,PENDING,STORE_CREDIT,USD,2026-06-11 04:27:57
ORD0000682,CUST000179,STORE0006,2026-04-27 14:53:11,COMPLETED,PAYPAL,USD,2026-04-28 22:53:11
ORD0000683,CUST000020,STORE0004,2026-02-20 20:58:47,PENDING,STORE_CREDIT,USD,2026-02-23 00:58:47
ORD0000684,CUST000047,STORE0008,2026-03-27 14:33:02,CANCELLED,STORE_CREDIT,USD,2026-03-27 15:33:02
ORD0000685,CUST000304,STORE0001,2026-03-13 13:45:03,COMPLETED,DEBIT_CARD,USD,2026-03-13 23:45:03
ORD0000686,CUST000497,STORE0001,2026-04-28 13:33:17,COMPLETED,DEBIT_CARD,USD,2026-04-30 03:33:17
ORD0000687,CUST000219,STORE0012,2026-06-03 17:16:31,COMPLETED,CREDIT_CARD,USD,2026-06-04 19:16:31
ORD0000688,CUST000081,STORE0013,2026-06-06 12:53:27,COMPLETED,DEBIT_CARD,USD,2026-06-08 19:53:27
ORD0000689,CUST000071,STORE0012,2026-06-15 08:02:03,COMPLETED,PAYPAL,USD,2026-06-17 11:02:03
ORD0000690,CUST000229,STORE0010,2026-06-18 18:29:07,COMPLETED,CREDIT_CARD,USD,2026-06-18 22:29:07
ORD0000691,CUST000324,STORE0012,2026-04-24 17:00:20,COMPLETED,GIFT_CARD,USD,2026-04-25 01:00:20
ORD0000692,CUST000468,STORE0007,2026-07-19 16:31:40,COMPLETED,DEBIT_CARD,USD,2026-07-20 00:31:40
ORD0000693,CUST000053,STORE0007,2026-05-22 09:09:13,COMPLETED,CREDIT_CARD,USD,2026-05-23 21:09:13
ORD0000694,CUST000108,STORE0012,2026-08-09 16:42:37,CANCELLED,STORE_CREDIT,USD,2026-08-11 05:42:37
ORD0000695,CUST000085,STORE0007,2026-08-02 10:01:13,COMPLETED,STORE_CREDIT,USD,2026-08-02 16:01:13
ORD0000696,CUST000338,STORE0001,2026-07-25 20:42:40,COMPLETED,STORE_CREDIT,USD,2026-07-26 08:42:40
ORD0000697,CUST000043,STORE0008,2026-02-19 19:53:34,CANCELLED,STORE_CREDIT,USD,2026-02-21 08:53:34
ORD0000698,CUST000458,STORE0005,2026-05-02 16:08:10,PENDING,PAYPAL,USD,2026-05-03 07:08:10
ORD0000699,CUST000024,STORE0007,2026-06-15 13:30:42,COMPLETED,DEBIT_CARD,USD,2026-06-16 12:30:42
ORD0000700,CUST000081,STORE0009,2026-06-21 18:52:37,COMPLETED,STORE_CREDIT,USD,2026-06-22 15:52:37
ORD0000701,CUST000326,STORE0001,2026-04-23 08:37:22,COMPLETED,GIFT_CARD,USD,2026-04-23 23:37:22
ORD0000702,CUST000286,STORE0004,2026-05-10 19:24:22,COMPLETED,STORE_CREDIT,USD,2026-05-13 05:24:22
ORD0000703,CUST000428,STORE0010,2026-05-21 14:34:15,REFUNDED,STORE_CREDIT,USD,2026-05-22 23:34:15
ORD0000704,CUST000174,STORE0002,2026-05-23 10:10:59,COMPLETED,PAYPAL,USD,2026-05-24 17:10:59
ORD0000705,CUST000294,STORE0013,2026-04-11 12:34:25,CANCELLED,DEBIT_CARD,USD,2026-04-14 04:34:25
ORD0000706,CUST000270,STORE0008,2026-07-18 17:04:27,COMPLETED,CREDIT_CARD,USD,2026-07-19 01:04:27
ORD0000707,CUST000459,STORE0013,2026-04-18 13:42:48,CANCELLED,DEBIT_CARD,USD,2026-04-19 09:42:48
ORD0000708,CUST000165,STORE0009,2026-06-24 09:25:21,PENDING,DEBIT_CARD,USD,2026-06-24 11:25:21
ORD0000709,CUST000333,STORE0001,2026-04-04 19:18:17,COMPLETED,PAYPAL,USD,2026-04-07 19:18:17
ORD0000710,CUST000396,STORE0009,2026-03-18 19:16:38,CANCELLED,CREDIT_CARD,USD,2026-03-21 16:16:38
ORD0000711,CUST000139,STORE0007,2026-06-26 21:06:50,COMPLETED,STORE_CREDIT,USD,2026-06-28 14:06:50
ORD0000712,CUST000280,STORE0007,2026-07-21 18:34:39,PENDING,STORE_CREDIT,USD,2026-07-23 01:34:39
ORD0000713,CUST000457,STORE0002,2026-05-08 13:37:16,COMPLETED,CREDIT_CARD,USD,2026-05-08 19:37:16
ORD0000714,CUST000030,STORE0011,2026-06-16 13:15:44,COMPLETED,GIFT_CARD,USD,2026-06-16 18:15:44
ORD0000715,CUST000032,STORE0004,2026-07-16 16:48:49,CANCELLED,DEBIT_CARD,USD,2026-07-18 18:48:49
ORD0000716,CUST000168,STORE0006,2026-07-17 08:24:31,COMPLETED,CREDIT_CARD,USD,2026-07-17 14:24:31
ORD0000717,CUST000092,STORE0001,2026-04-30 14:24:43,PENDING,STORE_CREDIT,USD,2026-05-02 01:24:43
ORD0000718,CUST000420,STORE0013,2026-05-04 13:27:55,COMPLETED,PAYPAL,USD,2026-05-07 03:27:55
ORD0000719,CUST000158,STORE0013,2026-05-06 11:12:50,CANCELLED,PAYPAL,USD,2026-05-06 14:12:50
ORD0000720,CUST000196,STORE0013,2026-03-19 21:40:11,PENDING,GIFT_CARD,USD,2026-03-22 02:40:11
ORD0000721,CUST000218,STORE0003,2026-04-02 09:11:09,COMPLETED,PAYPAL,USD,2026-04-03 08:11:09
ORD0000722,CUST000035,STORE0007,2026-02-21 09:05:11,COMPLETED,CREDIT_CARD,USD,2026-02-21 21:05:11
ORD0000723,CUST000390,STORE0009,2026-02-17 09:30:37,CANCELLED,PAYPAL,USD,2026-02-19 11:30:37
ORD0000724,CUST000007,STORE0013,2026-04-24 15:08:45,COMPLETED,DEBIT_CARD,USD,2026-04-26 00:08:45
ORD0000725,CUST000129,STORE0004,2026-06-16 13:14:27,COMPLETED,STORE_CREDIT,USD,2026-06-18 14:14:27
ORD0000726,CUST000087,STORE0006,2026-04-22 16:11:19,COMPLETED,STORE_CREDIT,USD,2026-04-23 07:11:19
ORD0000727,CUST000220,STORE0005,2026-05-03 18:23:18,REFUNDED,GIFT_CARD,USD,2026-05-06 05:23:18
ORD0000728,CUST000392,STORE0012,2026-06-19 18:39:46,PENDING,PAYPAL,USD,2026-06-20 04:39:46
ORD0000729,CUST000251,STORE0003,2026-02-21 11:55:53,CANCELLED,PAYPAL,USD,2026-02-24 07:55:53
ORD0000730,CUST000127,STORE0001,2026-04-20 13:45:40,COMPLETED,PAYPAL,USD,2026-04-20 17:45:40
ORD0000731,CUST000118,STORE0006,2026-04-13 12:00:02,PENDING,STORE_CREDIT,USD,2026-04-14 01:00:02
ORD0000732,CUST000264,STORE0002,2026-06-02 13:11:17,COMPLETED,GIFT_CARD,USD,2026-06-03 21:11:17
ORD0000733,CUST000420,STORE0009,2026-05-17 19:04:30,CANCELLED,PAYPAL,USD,2026-05-18 22:04:30
ORD0000734,CUST000064,STORE0003,2026-07-01 15:32:32,REFUNDED,STORE_CREDIT,USD,2026-07-02 23:32:32
ORD0000735,CUST000032,STORE0005,2026-05-05 15:37:44,COMPLETED,CREDIT_CARD,USD,2026-05-08 04:37:44
ORD0000736,CUST000120,STORE0001,2026-03-08 21:46:38,CANCELLED,GIFT_CARD,USD,2026-03-10 21:46:38
ORD0000737,CUST000333,STORE0004,2026-07-15 15:10:33,COMPLETED,STORE_CREDIT,USD,2026-07-16 21:10:33
ORD0000738,CUST000089,STORE0009,2026-06-25 08:45:36,CANCELLED,DEBIT_CARD,USD,2026-06-26 11:45:36
ORD0000739,CUST000118,STORE0003,2026-02-14 08:04:44,CANCELLED,PAYPAL,USD,2026-02-16 09:04:44
ORD0000740,CUST000286,STORE0013,2026-08-06 15:45:24,COMPLETED,STORE_CREDIT,USD,2026-08-06 16:45:24
ORD0000741,CUST000048,STORE0005,2026-03-01 19:15:57,CANCELLED,GIFT_CARD,USD,2026-03-03 08:15:57
ORD0000742,CUST000401,STORE0013,2026-07-04 18:08:12,COMPLETED,PAYPAL,USD,2026-07-06 09:08:12
ORD0000743,CUST000418,STORE0005,2026-05-09 19:37:24,COMPLETED,GIFT_CARD,USD,2026-05-10 04:37:24
ORD0000744,CUST000460,STORE0011,2026-05-24 14:17:05,COMPLETED,PAYPAL,USD,2026-05-24 15:17:05
ORD0000745,CUST000317,STORE0008,2026-02-24 16:39:00,COMPLETED,DEBIT_CARD,USD,2026-02-27 15:39:00
ORD0000746,CUST000319,STORE0007,2026-03-26 14:38:29,PENDING,STORE_CREDIT,USD,2026-03-26 15:38:29
ORD0000747,CUST000326,STORE0010,2026-03-16 15:33:43,REFUNDED,STORE_CREDIT,USD,2026-03-19 05:33:43
ORD0000748,CUST000093,STORE0006,2026-06-10 21:04:36,COMPLETED,CREDIT_CARD,USD,2026-06-12 21:04:36
ORD0000749,CUST000324,STORE0009,2026-07-11 16:53:55,COMPLETED,CREDIT_CARD,USD,2026-07-13 16:53:55
ORD0000750,CUST000484,STORE0010,2026-05-19 10:04:50,COMPLETED,GIFT_CARD,USD,2026-05-21 08:04:50
ORD0000751,CUST000250,STORE0005,2026-05-23 17:11:50,COMPLETED,STORE_CREDIT,USD,2026-05-24 05:11:50
ORD0000752,CUST000073,STORE0010,2026-06-16 13:32:37,COMPLETED,CREDIT_CARD,USD,2026-06-18 22:32:37
ORD0000753,CUST000024,STORE0006,2026-06-05 20:32:08,COMPLETED,DEBIT_CARD,USD,2026-06-06 14:32:08
ORD0000754,CUST000461,STORE0006,2026-05-29 12:03:29,COMPLETED,DEBIT_CARD,USD,2026-05-30 15:03:29
ORD0000755,CUST000471,STORE0009,2026-07-20 13:56:46,PENDING,CREDIT_CARD,USD,2026-07-22 00:56:46
ORD0000756,CUST000419,STORE0009,2026-04-01 10:44:16,REFUNDED,DEBIT_CARD,USD,2026-04-03 19:44:16
ORD0000757,CUST000278,STORE0013,2026-05-20 08:30:04,COMPLETED,STORE_CREDIT,USD,2026-05-22 04:30:04
ORD0000758,CUST000238,STORE0013,2026-03-13 21:42:05,COMPLETED,PAYPAL,USD,2026-03-14 20:42:05
ORD0000759,CUST000419,STORE0013,2026-06-06 08:52:36,COMPLETED,CREDIT_CARD,USD,2026-06-07 09:52:36
ORD0000760,CUST000349,STORE0001,2026-02-15 15:16:57,REFUNDED,STORE_CREDIT,USD,2026-02-16 02:16:57
ORD0000761,CUST000409,STORE0010,2026-06-27 15:26:37,CANCELLED,PAYPAL,USD,2026-06-28 18:26:37
ORD0000762,CUST000393,STORE0002,2026-05-30 21:46:05,CANCELLED,DEBIT_CARD,USD,2026-06-02 14:46:05
ORD0000763,CUST000240,STORE0005,2026-04-09 20:50:46,COMPLETED,GIFT_CARD,USD,2026-04-12 04:50:46
ORD0000764,CUST000140,STORE0009,2026-06-05 08:47:27,COMPLETED,STORE_CREDIT,USD,2026-06-06 08:47:27
ORD0000765,CUST000163,STORE0013,2026-04-13 14:58:51,REFUNDED,PAYPAL,USD,2026-04-15 04:58:51
ORD0000766,CUST000492,STORE0007,2026-03-26 11:36:11,REFUNDED,STORE_CREDIT,USD,2026-03-26 12:36:11
ORD0000767,CUST000022,STORE0008,2026-07-25 19:19:46,COMPLETED,DEBIT_CARD,USD,2026-07-26 08:19:46
ORD0000768,CUST000260,STORE0007,2026-03-10 17:43:01,COMPLETED,GIFT_CARD,USD,2026-03-12 11:43:01
ORD0000769,CUST000120,STORE0006,2026-04-23 19:05:43,COMPLETED,CREDIT_CARD,USD,2026-04-23 19:05:43
ORD0000770,CUST000389,STORE0013,2026-08-12 08:05:20,COMPLETED,DEBIT_CARD,USD,2026-08-14 03:05:20
ORD0000771,CUST000392,STORE0008,2026-08-13 11:54:08,COMPLETED,CREDIT_CARD,USD,2026-08-16 09:54:08
ORD0000772,CUST000497,STORE0005,2026-02-17 11:44:57,CANCELLED,CREDIT_CARD,USD,2026-02-18 02:44:57
ORD0000773,CUST000220,STORE0001,2026-06-23 17:44:48,COMPLETED,CREDIT_CARD,USD,2026-06-24 01:44:48
ORD0000774,CUST000316,STORE0010,2026-03-30 16:22:22,PENDING,GIFT_CARD,USD,2026-03-31 23:22:22
ORD0000775,CUST000330,STORE0001,2026-05-26 17:27:58,PENDING,CREDIT_CARD,USD,2026-05-29 15:27:58
ORD0000776,CUST000023,STORE0013,2026-08-11 11:30:32,COMPLETED,DEBIT_CARD,USD,2026-08-12 03:30:32
ORD0000777,CUST000194,STORE0013,2026-03-26 13:20:00,COMPLETED,GIFT_CARD,USD,2026-03-27 09:20:00
ORD0000778,CUST000131,STORE0003,2026-07-13 08:40:11,REFUNDED,DEBIT_CARD,USD,2026-07-14 03:40:11
ORD0000779,CUST000347,STORE0001,2026-05-16 11:00:40,PENDING,STORE_CREDIT,USD,2026-05-19 08:00:40
ORD0000780,CUST000348,STORE0006,2026-06-10 13:48:56,CANCELLED,STORE_CREDIT,USD,2026-06-13 12:48:56
ORD0000781,CUST000086,STORE0007,2026-02-25 11:53:15,COMPLETED,CREDIT_CARD,USD,2026-02-26 09:53:15
ORD0000782,CUST000047,STORE0013,2026-05-13 21:10:14,REFUNDED,CREDIT_CARD,USD,2026-05-16 19:10:14
ORD0000783,CUST000332,STORE0013,2026-07-19 19:42:10,COMPLETED,STORE_CREDIT,USD,2026-07-21 16:42:10
ORD0000784,CUST000109,STORE0009,2026-05-20 13:35:35,COMPLETED,STORE_CREDIT,USD,2026-05-22 05:35:35
ORD0000785,CUST000174,STORE0004,2026-06-16 16:48:51,REFUNDED,CREDIT_CARD,USD,2026-06-17 19:48:51
ORD0000786,CUST000412,STORE0009,2026-04-25 13:56:19,PENDING,CREDIT_CARD,USD,2026-04-25 19:56:19
ORD0000787,CUST000143,STORE0005,2026-06-18 12:41:13,REFUNDED,STORE_CREDIT,USD,2026-06-19 04:41:13
ORD0000788,CUST000066,STORE0001,2026-07-26 11:03:17,REFUNDED,DEBIT_CARD,USD,2026-07-27 06:03:17
ORD0000789,CUST000048,STORE0007,2026-05-10 08:26:16,COMPLETED,CREDIT_CARD,USD,2026-05-11 09:26:16
ORD0000790,CUST000276,STORE0004,2026-03-19 20:04:43,COMPLETED,STORE_CREDIT,USD,2026-03-20 16:04:43
ORD0000791,CUST000381,STORE0002,2026-06-14 12:24:55,CANCELLED,DEBIT_CARD,USD,2026-06-14 17:24:55
ORD0000792,CUST000380,STORE0009,2026-04-25 09:39:24,COMPLETED,DEBIT_CARD,USD,2026-04-26 05:39:24
ORD0000793,CUST000454,STORE0006,2026-05-31 21:58:25,COMPLETED,PAYPAL,USD,2026-06-01 02:58:25
ORD0000794,CUST000263,STORE0013,2026-05-25 13:23:03,COMPLETED,GIFT_CARD,USD,2026-05-27 01:23:03
ORD0000795,CUST000101,STORE0011,2026-05-03 17:49:12,REFUNDED,STORE_CREDIT,USD,2026-05-04 21:49:12
ORD0000796,CUST000087,STORE0007,2026-03-20 14:56:53,COMPLETED,GIFT_CARD,USD,2026-03-21 01:56:53
ORD0000797,CUST000021,STORE0009,2026-06-20 17:43:39,COMPLETED,DEBIT_CARD,USD,2026-06-22 21:43:39
ORD0000798,CUST000287,STORE0006,2026-04-16 10:46:18,COMPLETED,GIFT_CARD,USD,2026-04-17 09:46:18
ORD0000799,CUST000041,STORE0012,2026-05-18 21:42:33,COMPLETED,CREDIT_CARD,USD,2026-05-21 00:42:33
ORD0000800,CUST000346,STORE0005,2026-06-21 13:50:29,COMPLETED,GIFT_CARD,USD,2026-06-22 23:50:29
ORD0000801,CUST000221,STORE0004,2026-04-26 10:05:11,COMPLETED,GIFT_CARD,USD,2026-04-27 22:05:11
ORD0000802,CUST000474,STORE0010,2026-05-03 16:05:52,COMPLETED,PAYPAL,USD,2026-05-04 15:05:52
ORD0000803,CUST000437,STORE0004,2026-02-17 15:55:17,COMPLETED,GIFT_CARD,USD,2026-02-18 21:55:17
ORD0000804,CUST000279,STORE0010,2026-04-05 11:50:57,COMPLETED,CREDIT_CARD,USD,2026-04-07 16:50:57
ORD0000805,CUST000415,STORE0001,2026-06-09 17:26:14,REFUNDED,DEBIT_CARD,USD,2026-06-12 03:26:14
ORD0000806,CUST000331,STORE0011,2026-03-17 15:33:52,COMPLETED,DEBIT_CARD,USD,2026-03-18 12:33:52
ORD0000807,CUST000222,STORE0009,2026-06-11 12:17:54,REFUNDED,CREDIT_CARD,USD,2026-06-14 03:17:54
ORD0000808,CUST000332,STORE0011,2026-02-20 19:33:26,PENDING,DEBIT_CARD,USD,2026-02-22 14:33:26
ORD0000809,CUST000221,STORE0007,2026-08-07 13:26:12,COMPLETED,CREDIT_CARD,USD,2026-08-10 00:26:12
ORD0000810,CUST000391,STORE0011,2026-08-12 13:52:09,PENDING,STORE_CREDIT,USD,2026-08-14 21:52:09
ORD0000811,CUST000024,STORE0001,2026-02-20 10:30:54,REFUNDED,DEBIT_CARD,USD,2026-02-21 08:30:54
ORD0000812,CUST000485,STORE0004,2026-03-16 14:01:38,COMPLETED,STORE_CREDIT,USD,2026-03-17 19:01:38
ORD0000813,CUST000102,STORE0007,2026-07-23 13:22:45,COMPLETED,PAYPAL,USD,2026-07-26 07:22:45
ORD0000814,CUST000372,STORE0011,2026-06-18 20:15:22,COMPLETED,STORE_CREDIT,USD,2026-06-20 19:15:22
ORD0000815,CUST000395,STORE0008,2026-04-13 19:39:12,CANCELLED,CREDIT_CARD,USD,2026-04-14 17:39:12
ORD0000816,CUST000401,STORE0004,2026-05-15 11:08:14,COMPLETED,CREDIT_CARD,USD,2026-05-17 17:08:14
ORD0000817,CUST000262,STORE0003,2026-05-24 17:31:50,COMPLETED,DEBIT_CARD,USD,2026-05-27 09:31:50
ORD0000818,CUST000284,STORE0004,2026-07-06 18:35:40,COMPLETED,PAYPAL,USD,2026-07-07 05:35:40
ORD0000819,CUST000075,STORE0004,2026-04-10 19:09:09,COMPLETED,CREDIT_CARD,USD,2026-04-13 12:09:09
ORD0000820,CUST000380,STORE0010,2026-03-25 19:52:42,REFUNDED,DEBIT_CARD,USD,2026-03-26 18:52:42
ORD0000821,CUST000461,STORE0007,2026-04-17 21:57:40,PENDING,DEBIT_CARD,USD,2026-04-20 10:57:40
ORD0000822,CUST000204,STORE0011,2026-06-19 12:06:52,COMPLETED,PAYPAL,USD,2026-06-19 12:06:52
ORD0000823,CUST000198,STORE0003,2026-05-27 18:03:32,PENDING,PAYPAL,USD,2026-05-29 06:03:32
ORD0000824,CUST000161,STORE0012,2026-04-25 20:30:02,COMPLETED,GIFT_CARD,USD,2026-04-27 12:30:02
ORD0000825,CUST000037,STORE0002,2026-07-08 20:58:43,COMPLETED,PAYPAL,USD,2026-07-10 14:58:43
ORD0000826,CUST000370,STORE0007,2026-07-15 11:37:20,COMPLETED,PAYPAL,USD,2026-07-18 09:37:20
ORD0000827,CUST000223,STORE0003,2026-08-03 08:04:39,PENDING,CREDIT_CARD,USD,2026-08-05 23:04:39
ORD0000828,CUST000482,STORE0004,2026-07-10 11:48:45,COMPLETED,PAYPAL,USD,2026-07-12 14:48:45
ORD0000829,CUST000085,STORE0007,2026-06-19 15:14:05,PENDING,DEBIT_CARD,USD,2026-06-20 14:14:05
ORD0000830,CUST000272,STORE0009,2026-07-23 15:41:34,COMPLETED,DEBIT_CARD,USD,2026-07-25 12:41:34
ORD0000831,CUST000196,STORE0006,2026-05-04 11:01:32,REFUNDED,DEBIT_CARD,USD,2026-05-06 05:01:32
ORD0000832,CUST000036,STORE0006,2026-02-20 20:22:31,PENDING,GIFT_CARD,USD,2026-02-22 20:22:31
ORD0000833,CUST000230,STORE0010,2026-06-09 12:56:05,COMPLETED,PAYPAL,USD,2026-06-10 13:56:05
ORD0000834,CUST000500,STORE0005,2026-07-08 14:39:11,COMPLETED,CREDIT_CARD,USD,2026-07-10 22:39:11
ORD0000835,CUST000292,STORE0012,2026-05-22 11:20:13,COMPLETED,STORE_CREDIT,USD,2026-05-24 10:20:13
ORD0000836,CUST000346,STORE0004,2026-06-03 12:15:05,PENDING,STORE_CREDIT,USD,2026-06-05 04:15:05
ORD0000837,CUST000292,STORE0013,2026-05-10 17:25:22,COMPLETED,PAYPAL,USD,2026-05-12 21:25:22
ORD0000838,CUST000483,STORE0005,2026-04-11 12:45:16,PENDING,GIFT_CARD,USD,2026-04-11 21:45:16
ORD0000839,CUST000362,STORE0005,2026-04-25 17:28:18,COMPLETED,PAYPAL,USD,2026-04-27 03:28:18
ORD0000840,CUST000359,STORE0009,2026-03-29 10:14:03,CANCELLED,STORE_CREDIT,USD,2026-03-31 04:14:03
ORD0000841,CUST000329,STORE0013,2026-06-27 17:54:59,COMPLETED,DEBIT_CARD,USD,2026-06-28 05:54:59
ORD0000842,CUST000229,STORE0003,2026-03-01 19:11:07,PENDING,CREDIT_CARD,USD,2026-03-04 08:11:07
ORD0000843,CUST000173,STORE0008,2026-07-13 10:54:49,COMPLETED,DEBIT_CARD,USD,2026-07-13 14:54:49
ORD0000844,CUST000156,STORE0007,2026-03-02 10:46:39,COMPLETED,CREDIT_CARD,USD,2026-03-05 10:46:39
ORD0000845,CUST000271,STORE0012,2026-07-16 14:12:21,CANCELLED,PAYPAL,USD,2026-07-18 09:12:21
ORD0000846,CUST000282,STORE0006,2026-02-26 11:18:56,COMPLETED,PAYPAL,USD,2026-02-27 11:18:56
ORD0000847,CUST000128,STORE0004,2026-05-04 15:18:11,COMPLETED,DEBIT_CARD,USD,2026-05-06 19:18:11
ORD0000848,CUST000401,STORE0009,2026-02-21 08:35:50,REFUNDED,DEBIT_CARD,USD,2026-02-23 00:35:50
ORD0000849,CUST000046,STORE0011,2026-08-02 15:28:56,COMPLETED,PAYPAL,USD,2026-08-02 23:28:56
ORD0000850,CUST000030,STORE0003,2026-04-13 16:50:50,PENDING,CREDIT_CARD,USD,2026-04-15 14:50:50
ORD0000851,CUST000201,STORE0006,2026-04-01 15:48:21,REFUNDED,DEBIT_CARD,USD,2026-04-02 11:48:21
ORD0000852,CUST000120,STORE0001,2026-03-20 08:08:21,COMPLETED,DEBIT_CARD,USD,2026-03-20 21:08:21
ORD0000853,CUST000130,STORE0007,2026-06-13 15:04:46,REFUNDED,PAYPAL,USD,2026-06-14 06:04:46
ORD0000854,CUST000461,STORE0012,2026-02-28 10:17:41,COMPLETED,CREDIT_CARD,USD,2026-03-01 12:17:41
ORD0000855,CUST000285,STORE0013,2026-04-21 21:31:10,COMPLETED,DEBIT_CARD,USD,2026-04-22 00:31:10
ORD0000856,CUST000235,STORE0002,2026-07-12 20:47:51,PENDING,CREDIT_CARD,USD,2026-07-12 22:47:51
ORD0000857,CUST000417,STORE0012,2026-05-30 21:16:42,CANCELLED,CREDIT_CARD,USD,2026-06-02 08:16:42
ORD0000858,CUST000442,STORE0003,2026-04-22 08:24:23,REFUNDED,DEBIT_CARD,USD,2026-04-25 05:24:23
ORD0000859,CUST000477,STORE0002,2026-04-01 10:20:38,COMPLETED,PAYPAL,USD,2026-04-03 05:20:38
ORD0000860,CUST000127,STORE0008,2026-04-18 18:12:28,CANCELLED,DEBIT_CARD,USD,2026-04-19 03:12:28
ORD0000861,CUST000272,STORE0008,2026-06-25 08:15:44,COMPLETED,PAYPAL,USD,2026-06-28 06:15:44
ORD0000862,CUST000356,STORE0001,2026-07-25 11:38:09,COMPLETED,STORE_CREDIT,USD,2026-07-26 00:38:09
ORD0000863,CUST000286,STORE0008,2026-04-01 10:01:23,PENDING,DEBIT_CARD,USD,2026-04-02 23:01:23
ORD0000864,CUST000351,STORE0013,2026-04-21 17:56:41,COMPLETED,DEBIT_CARD,USD,2026-04-22 17:56:41
ORD0000865,CUST000157,STORE0009,2026-06-26 15:32:38,CANCELLED,CREDIT_CARD,USD,2026-06-28 09:32:38
ORD0000866,CUST000192,STORE0010,2026-08-07 14:49:32,REFUNDED,CREDIT_CARD,USD,2026-08-09 10:49:32
ORD0000867,CUST000094,STORE0007,2026-06-03 18:42:13,COMPLETED,PAYPAL,USD,2026-06-05 10:42:13
ORD0000868,CUST000164,STORE0013,2026-03-29 10:58:22,CANCELLED,CREDIT_CARD,USD,2026-03-30 05:58:22
ORD0000869,CUST000189,STORE0010,2026-03-26 10:37:18,COMPLETED,GIFT_CARD,USD,2026-03-26 19:37:18
ORD0000870,CUST000331,STORE0007,2026-03-30 21:39:46,COMPLETED,CREDIT_CARD,USD,2026-03-31 20:39:46
ORD0000871,CUST000174,STORE0002,2026-04-04 11:46:06,COMPLETED,CREDIT_CARD,USD,2026-04-07 07:46:06
ORD0000872,CUST000361,STORE0003,2026-03-02 21:41:05,COMPLETED,CREDIT_CARD,USD,2026-03-03 16:41:05
ORD0000873,CUST000206,STORE0005,2026-02-16 09:48:37,COMPLETED,GIFT_CARD,USD,2026-02-19 04:48:37
ORD0000874,CUST000157,STORE0013,2026-03-20 21:53:43,COMPLETED,PAYPAL,USD,2026-03-21 02:53:43
ORD0000875,CUST000327,STORE0009,2026-06-16 11:53:20,CANCELLED,PAYPAL,USD,2026-06-18 04:53:20
ORD0000876,CUST000067,STORE0004,2026-04-30 18:11:07,CANCELLED,PAYPAL,USD,2026-05-01 12:11:07
ORD0000877,CUST000408,STORE0002,2026-04-27 19:31:32,CANCELLED,CREDIT_CARD,USD,2026-04-28 09:31:32
ORD0000878,CUST000314,STORE0005,2026-07-11 19:33:06,REFUNDED,STORE_CREDIT,USD,2026-07-12 15:33:06
ORD0000879,CUST000002,STORE0001,2026-02-15 13:59:12,REFUNDED,STORE_CREDIT,USD,2026-02-16 09:59:12
ORD0000880,CUST000002,STORE0006,2026-07-25 08:20:51,COMPLETED,DEBIT_CARD,USD,2026-07-26 18:20:51
ORD0000881,CUST000231,STORE0007,2026-06-30 19:27:10,PENDING,PAYPAL,USD,2026-07-03 05:27:10
ORD0000882,CUST000383,STORE0002,2026-06-23 13:40:07,REFUNDED,PAYPAL,USD,2026-06-26 10:40:07
ORD0000883,CUST000157,STORE0013,2026-03-13 08:04:12,COMPLETED,DEBIT_CARD,USD,2026-03-16 00:04:12
ORD0000884,CUST000345,STORE0009,2026-06-24 19:14:22,COMPLETED,STORE_CREDIT,USD,2026-06-27 06:14:22
ORD0000885,CUST000253,STORE0007,2026-03-10 18:02:27,PENDING,STORE_CREDIT,USD,2026-03-12 17:02:27
ORD0000886,CUST000052,STORE0011,2026-04-23 11:49:04,CANCELLED,PAYPAL,USD,2026-04-24 03:49:04
ORD0000887,CUST000215,STORE0010,2026-06-30 18:15:34,REFUNDED,GIFT_CARD,USD,2026-07-02 08:15:34
ORD0000888,CUST000205,STORE0009,2026-05-23 20:10:39,PENDING,STORE_CREDIT,USD,2026-05-25 17:10:39
ORD0000889,CUST000309,STORE0005,2026-08-04 14:40:40,COMPLETED,GIFT_CARD,USD,2026-08-06 22:40:40
ORD0000890,CUST000317,STORE0007,2026-06-18 08:35:00,CANCELLED,GIFT_CARD,USD,2026-06-20 18:35:00
ORD0000891,CUST000411,STORE0010,2026-06-23 21:19:07,COMPLETED,DEBIT_CARD,USD,2026-06-26 08:19:07
ORD0000892,CUST000106,STORE0007,2026-07-12 16:51:34,COMPLETED,GIFT_CARD,USD,2026-07-14 16:51:34
ORD0000893,CUST000006,STORE0006,2026-03-29 09:53:56,COMPLETED,PAYPAL,USD,2026-03-30 05:53:56
ORD0000894,CUST000284,STORE0010,2026-03-01 08:53:34,COMPLETED,STORE_CREDIT,USD,2026-03-02 18:53:34
ORD0000895,CUST000022,STORE0006,2026-06-17 12:42:52,CANCELLED,DEBIT_CARD,USD,2026-06-20 10:42:52
ORD0000896,CUST000444,STORE0004,2026-02-17 10:59:28,PENDING,CREDIT_CARD,USD,2026-02-19 09:59:28
ORD0000897,CUST000200,STORE0013,2026-08-06 14:06:37,PENDING,DEBIT_CARD,USD,2026-08-08 11:06:37
ORD0000898,CUST000134,STORE0013,2026-07-08 11:52:28,CANCELLED,PAYPAL,USD,2026-07-10 00:52:28
ORD0000899,CUST000272,STORE0008,2026-03-27 14:56:41,PENDING,CREDIT_CARD,USD,2026-03-27 18:56:41
ORD0000900,CUST000063,STORE0001,2026-04-14 12:58:18,COMPLETED,DEBIT_CARD,USD,2026-04-15 20:58:18
ORD0000901,CUST000476,STORE0007,2026-05-20 10:19:02,COMPLETED,DEBIT_CARD,USD,2026-05-21 04:19:02
ORD0000902,CUST000245,STORE0003,2026-05-05 14:49:11,COMPLETED,CREDIT_CARD,USD,2026-05-06 13:49:11
ORD0000903,CUST000016,STORE0005,2026-06-21 12:30:57,COMPLETED,STORE_CREDIT,USD,2026-06-23 02:30:57
ORD0000904,CUST000224,STORE0006,2026-03-29 09:54:52,PENDING,STORE_CREDIT,USD,2026-03-30 14:54:52
ORD0000905,CUST000071,STORE0005,2026-05-10 19:22:13,COMPLETED,STORE_CREDIT,USD,2026-05-11 16:22:13
ORD0000906,CUST000485,STORE0002,2026-03-03 19:49:30,COMPLETED,PAYPAL,USD,2026-03-04 13:49:30
ORD0000907,CUST000165,STORE0012,2026-08-05 13:35:20,COMPLETED,STORE_CREDIT,USD,2026-08-06 12:35:20
ORD0000908,CUST000315,STORE0002,2026-06-08 09:03:21,COMPLETED,CREDIT_CARD,USD,2026-06-11 04:03:21
ORD0000909,CUST000188,STORE0011,2026-04-09 13:49:09,COMPLETED,STORE_CREDIT,USD,2026-04-11 21:49:09
ORD0000910,CUST000434,STORE0010,2026-04-07 08:21:14,COMPLETED,STORE_CREDIT,USD,2026-04-10 01:21:14
ORD0000911,CUST000043,STORE0013,2026-03-03 19:12:15,PENDING,STORE_CREDIT,USD,2026-03-06 13:12:15
ORD0000912,CUST000162,STORE0011,2026-03-02 13:11:07,COMPLETED,PAYPAL,USD,2026-03-04 04:11:07
ORD0000913,CUST000116,STORE0008,2026-06-25 08:06:32,CANCELLED,GIFT_CARD,USD,2026-06-25 21:06:32
ORD0000914,CUST000227,STORE0012,2026-05-21 10:37:51,COMPLETED,GIFT_CARD,USD,2026-05-21 18:37:51
ORD0000915,CUST000132,STORE0007,2026-07-25 20:27:16,COMPLETED,STORE_CREDIT,USD,2026-07-26 02:27:16
ORD0000916,CUST000246,STORE0004,2026-07-11 08:34:57,COMPLETED,DEBIT_CARD,USD,2026-07-13 03:34:57
ORD0000917,CUST000268,STORE0005,2026-04-28 10:41:18,COMPLETED,STORE_CREDIT,USD,2026-04-29 21:41:18
ORD0000918,CUST000397,STORE0008,2026-05-09 18:45:36,COMPLETED,DEBIT_CARD,USD,2026-05-12 12:45:36
ORD0000919,CUST000420,STORE0003,2026-05-01 16:34:12,REFUNDED,CREDIT_CARD,USD,2026-05-04 01:34:12
ORD0000920,CUST000051,STORE0013,2026-04-23 20:59:13,COMPLETED,DEBIT_CARD,USD,2026-04-26 11:59:13
ORD0000921,CUST000271,STORE0009,2026-05-12 20:27:54,CANCELLED,CREDIT_CARD,USD,2026-05-13 10:27:54
ORD0000922,CUST000006,STORE0001,2026-07-22 18:58:55,PENDING,CREDIT_CARD,USD,2026-07-23 15:58:55
ORD0000923,CUST000300,STORE0004,2026-04-11 21:50:23,COMPLETED,STORE_CREDIT,USD,2026-04-13 13:50:23
ORD0000924,CUST000065,STORE0011,2026-05-26 08:47:47,COMPLETED,STORE_CREDIT,USD,2026-05-26 23:47:47
ORD0000925,CUST000440,STORE0009,2026-03-18 21:36:30,COMPLETED,GIFT_CARD,USD,2026-03-19 14:36:30
ORD0000926,CUST000031,STORE0012,2026-06-29 13:52:34,PENDING,STORE_CREDIT,USD,2026-06-30 01:52:34
ORD0000927,CUST000478,STORE0012,2026-06-29 15:13:24,PENDING,DEBIT_CARD,USD,2026-07-01 18:13:24
ORD0000928,CUST000279,STORE0006,2026-06-04 09:23:40,COMPLETED,DEBIT_CARD,USD,2026-06-06 18:23:40
ORD0000929,CUST000123,STORE0010,2026-06-18 17:11:22,COMPLETED,CREDIT_CARD,USD,2026-06-19 07:11:22
ORD0000930,CUST000467,STORE0004,2026-06-14 15:11:29,COMPLETED,STORE_CREDIT,USD,2026-06-15 11:11:29
ORD0000931,CUST000043,STORE0007,2026-04-20 12:04:52,REFUNDED,CREDIT_CARD,USD,2026-04-22 16:04:52
ORD0000932,CUST000491,STORE0006,2026-07-26 11:21:34,PENDING,PAYPAL,USD,2026-07-28 01:21:34
ORD0000933,CUST000074,STORE0008,2026-06-01 11:27:08,PENDING,CREDIT_CARD,USD,2026-06-04 04:27:08
ORD0000934,CUST000271,STORE0013,2026-07-12 11:37:20,PENDING,CREDIT_CARD,USD,2026-07-13 14:37:20
ORD0000935,CUST000338,STORE0010,2026-07-24 19:58:00,CANCELLED,DEBIT_CARD,USD,2026-07-25 17:58:00
ORD0000936,CUST000180,STORE0002,2026-08-13 11:53:53,PENDING,STORE_CREDIT,USD,2026-08-15 05:53:53
ORD0000937,CUST000287,STORE0002,2026-03-13 20:24:53,PENDING,CREDIT_CARD,USD,2026-03-15 06:24:53
ORD0000938,CUST000462,STORE0002,2026-06-23 15:13:35,COMPLETED,GIFT_CARD,USD,2026-06-25 23:13:35
ORD0000939,CUST000423,STORE0011,2026-06-01 08:11:34,COMPLETED,DEBIT_CARD,USD,2026-06-03 10:11:34
ORD0000940,CUST000035,STORE0011,2026-03-29 21:55:14,COMPLETED,GIFT_CARD,USD,2026-03-30 01:55:14
ORD0000941,CUST000254,STORE0012,2026-07-15 21:45:17,COMPLETED,DEBIT_CARD,USD,2026-07-18 21:45:17
ORD0000942,CUST000283,STORE0011,2026-03-05 08:39:30,REFUNDED,CREDIT_CARD,USD,2026-03-06 23:39:30
ORD0000943,CUST000254,STORE0005,2026-03-22 10:18:00,COMPLETED,DEBIT_CARD,USD,2026-03-23 13:18:00
ORD0000944,CUST000221,STORE0002,2026-08-09 14:13:03,COMPLETED,DEBIT_CARD,USD,2026-08-09 15:13:03
ORD0000945,CUST000017,STORE0010,2026-05-10 20:50:15,COMPLETED,DEBIT_CARD,USD,2026-05-13 01:50:15
ORD0000946,CUST000299,STORE0001,2026-02-16 13:29:30,CANCELLED,CREDIT_CARD,USD,2026-02-18 05:29:30
ORD0000947,CUST000409,STORE0010,2026-02-17 08:51:29,COMPLETED,CREDIT_CARD,USD,2026-02-19 19:51:29
ORD0000948,CUST000048,STORE0002,2026-04-07 16:52:24,CANCELLED,STORE_CREDIT,USD,2026-04-07 21:52:24
ORD0000949,CUST000130,STORE0006,2026-04-26 19:26:50,COMPLETED,CREDIT_CARD,USD,2026-04-29 10:26:50
ORD0000950,CUST000028,STORE0003,2026-04-12 20:19:18,PENDING,DEBIT_CARD,USD,2026-04-13 12:19:18
ORD0000951,CUST000139,STORE0013,2026-03-07 10:46:58,REFUNDED,STORE_CREDIT,USD,2026-03-07 12:46:58
ORD0000952,CUST000093,STORE0007,2026-07-21 08:13:43,COMPLETED,GIFT_CARD,USD,2026-07-23 13:13:43
ORD0000953,CUST000041,STORE0011,2026-06-13 17:52:19,REFUNDED,CREDIT_CARD,USD,2026-06-16 16:52:19
ORD0000954,CUST000047,STORE0003,2026-06-04 16:56:25,PENDING,STORE_CREDIT,USD,2026-06-06 04:56:25
ORD0000955,CUST000195,STORE0001,2026-02-16 16:33:17,COMPLETED,GIFT_CARD,USD,2026-02-19 02:33:17
ORD0000956,CUST000500,STORE0002,2026-07-08 09:36:02,COMPLETED,STORE_CREDIT,USD,2026-07-09 22:36:02
ORD0000957,CUST000458,STORE0004,2026-05-25 17:46:40,COMPLETED,GIFT_CARD,USD,2026-05-26 18:46:40
ORD0000958,CUST000005,STORE0003,2026-03-02 10:12:47,REFUNDED,DEBIT_CARD,USD,2026-03-05 00:12:47
ORD0000959,CUST000233,STORE0004,2026-07-15 09:39:00,COMPLETED,STORE_CREDIT,USD,2026-07-18 03:39:00
ORD0000960,CUST000489,STORE0002,2026-05-23 17:48:47,REFUNDED,DEBIT_CARD,USD,2026-05-24 12:48:47
ORD0000961,CUST000426,STORE0010,2026-08-05 16:49:36,REFUNDED,STORE_CREDIT,USD,2026-08-08 02:49:36
ORD0000962,CUST000154,STORE0009,2026-03-07 21:55:58,CANCELLED,PAYPAL,USD,2026-03-10 03:55:58
ORD0000963,CUST000043,STORE0002,2026-06-27 09:20:05,REFUNDED,GIFT_CARD,USD,2026-06-30 08:20:05
ORD0000964,CUST000435,STORE0011,2026-02-17 09:23:13,COMPLETED,GIFT_CARD,USD,2026-02-18 15:23:13
ORD0000965,CUST000298,STORE0012,2026-04-24 21:25:27,COMPLETED,CREDIT_CARD,USD,2026-04-25 15:25:27
ORD0000966,CUST000370,STORE0001,2026-03-21 19:49:34,COMPLETED,DEBIT_CARD,USD,2026-03-24 11:49:34
ORD0000967,CUST000036,STORE0008,2026-04-22 19:20:57,COMPLETED,DEBIT_CARD,USD,2026-04-25 06:20:57
ORD0000968,CUST000045,STORE0003,2026-07-22 09:49:35,COMPLETED,GIFT_CARD,USD,2026-07-25 07:49:35
ORD0000969,CUST000322,STORE0003,2026-07-25 13:22:36,COMPLETED,PAYPAL,USD,2026-07-27 01:22:36
ORD0000970,CUST000113,STORE0001,2026-04-22 14:26:01,COMPLETED,DEBIT_CARD,USD,2026-04-23 00:26:01
ORD0000971,CUST000090,STORE0004,2026-03-18 17:47:59,REFUNDED,CREDIT_CARD,USD,2026-03-20 23:47:59
ORD0000972,CUST000255,STORE0012,2026-06-03 14:48:20,COMPLETED,GIFT_CARD,USD,2026-06-04 23:48:20
ORD0000973,CUST000113,STORE0011,2026-05-01 14:52:01,COMPLETED,GIFT_CARD,USD,2026-05-02 01:52:01
ORD0000974,CUST000321,STORE0004,2026-05-04 15:54:09,COMPLETED,GIFT_CARD,USD,2026-05-05 21:54:09
ORD0000975,CUST000388,STORE0002,2026-08-06 10:52:29,REFUNDED,PAYPAL,USD,2026-08-07 09:52:29
ORD0000976,CUST000478,STORE0012,2026-05-27 10:54:08,COMPLETED,STORE_CREDIT,USD,2026-05-27 19:54:08
ORD0000977,CUST000186,STORE0001,2026-02-23 14:59:06,PENDING,GIFT_CARD,USD,2026-02-26 07:59:06
ORD0000978,CUST000108,STORE0005,2026-02-27 12:46:26,REFUNDED,STORE_CREDIT,USD,2026-03-01 12:46:26
ORD0000979,CUST000327,STORE0007,2026-04-19 17:47:48,COMPLETED,GIFT_CARD,USD,2026-04-20 13:47:48
ORD0000980,CUST000354,STORE0005,2026-04-27 18:52:05,PENDING,CREDIT_CARD,USD,2026-04-28 09:52:05
ORD0000981,CUST000158,STORE0004,2026-05-11 18:37:50,COMPLETED,STORE_CREDIT,USD,2026-05-14 10:37:50
ORD0000982,CUST000010,STORE0006,2026-03-11 21:06:02,COMPLETED,DEBIT_CARD,USD,2026-03-12 08:06:02
ORD0000983,CUST000206,STORE0001,2026-05-04 17:47:33,COMPLETED,DEBIT_CARD,USD,2026-05-04 17:47:33
ORD0000984,CUST000032,STORE0012,2026-04-06 09:38:28,CANCELLED,CREDIT_CARD,USD,2026-04-06 15:38:28
ORD0000985,CUST000153,STORE0008,2026-03-15 11:06:48,REFUNDED,CREDIT_CARD,USD,2026-03-18 02:06:48
ORD0000986,CUST000388,STORE0007,2026-03-25 20:22:43,REFUNDED,STORE_CREDIT,USD,2026-03-26 02:22:43
ORD0000987,CUST000326,STORE0008,2026-06-28 13:55:23,COMPLETED,CREDIT_CARD,USD,2026-06-29 04:55:23
ORD0000988,CUST000085,STORE0012,2026-03-16 08:30:59,COMPLETED,STORE_CREDIT,USD,2026-03-19 07:30:59
ORD0000989,CUST000213,STORE0002,2026-06-03 08:35:44,CANCELLED,STORE_CREDIT,USD,2026-06-03 22:35:44
ORD0000990,CUST000197,STORE0005,2026-06-17 15:49:07,CANCELLED,PAYPAL,USD,2026-06-18 16:49:07
ORD0000991,CUST000287,STORE0002,2026-02-15 10:51:18,CANCELLED,STORE_CREDIT,USD,2026-02-15 11:51:18
ORD0000992,CUST000343,STORE0005,2026-04-04 20:49:08,COMPLETED,DEBIT_CARD,USD,2026-04-06 22:49:08
ORD0000993,CUST000197,STORE0010,2026-08-04 20:24:35,COMPLETED,GIFT_CARD,USD,2026-08-07 06:24:35
ORD0000994,CUST000318,STORE0012,2026-03-16 11:36:54,COMPLETED,CREDIT_CARD,USD,2026-03-17 05:36:54
ORD0000995,CUST000422,STORE0003,2026-05-24 09:00:30,COMPLETED,DEBIT_CARD,USD,2026-05-25 12:00:30
ORD0000996,CUST000360,STORE0012,2026-08-10 09:39:34,PENDING,STORE_CREDIT,USD,2026-08-11 13:39:34
ORD0000997,CUST000113,STORE0001,2026-02-16 12:58:06,REFUNDED,STORE_CREDIT,USD,2026-02-18 18:58:06
ORD0000998,CUST000391,STORE0013,2026-07-04 14:44:18,COMPLETED,DEBIT_CARD,USD,2026-07-05 21:44:18
ORD0000999,CUST000467,STORE0008,2026-06-01 12:49:09,COMPLETED,STORE_CREDIT,USD,2026-06-04 04:49:09
ORD0001000,CUST000040,STORE0008,2026-06-20 13:51:06,COMPLETED,STORE_CREDIT,USD,2026-06-21 18:51:06
ORD0001001,CUST000481,STORE0011,2026-02-25 20:42:51,CANCELLED,DEBIT_CARD,USD,2026-02-28 07:42:51
ORD0001002,CUST000150,STORE0007,2026-05-19 20:17:27,PENDING,PAYPAL,USD,2026-05-22 07:17:27
ORD0001003,CUST000236,STORE0004,2026-03-01 21:32:29,COMPLETED,PAYPAL,USD,2026-03-03 19:32:29
ORD0001004,CUST000158,STORE0004,2026-06-29 08:49:11,COMPLETED,CREDIT_CARD,USD,2026-06-30 21:49:11
ORD0001005,CUST000351,STORE0009,2026-05-28 10:57:28,COMPLETED,STORE_CREDIT,USD,2026-05-31 09:57:28
ORD0001006,CUST000485,STORE0002,2026-08-13 11:21:13,REFUNDED,PAYPAL,USD,2026-08-16 09:21:13
ORD0001007,CUST000259,STORE0008,2026-07-19 08:26:57,REFUNDED,GIFT_CARD,USD,2026-07-19 11:26:57
ORD0001008,CUST000190,STORE0013,2026-04-15 12:00:22,PENDING,STORE_CREDIT,USD,2026-04-15 15:00:22
ORD0001009,CUST000099,STORE0011,2026-07-31 19:20:26,COMPLETED,PAYPAL,USD,2026-08-01 02:20:26
ORD0001010,CUST000301,STORE0012,2026-02-21 11:53:50,CANCELLED,DEBIT_CARD,USD,2026-02-22 20:53:50
ORD0001011,CUST000330,STORE0003,2026-06-17 09:06:48,COMPLETED,GIFT_CARD,USD,2026-06-19 20:06:48
ORD0001012,CUST000279,STORE0006,2026-03-15 12:17:53,CANCELLED,STORE_CREDIT,USD,2026-03-17 15:17:53
ORD0001013,CUST000107,STORE0010,2026-03-31 10:01:57,COMPLETED,STORE_CREDIT,USD,2026-04-02 14:01:57
ORD0001014,CUST000037,STORE0008,2026-06-12 20:01:58,COMPLETED,PAYPAL,USD,2026-06-13 06:01:58
ORD0001015,CUST000296,STORE0004,2026-03-14 21:51:28,COMPLETED,GIFT_CARD,USD,2026-03-17 21:51:28
ORD0001016,CUST000032,STORE0003,2026-05-14 17:46:39,PENDING,GIFT_CARD,USD,2026-05-17 15:46:39
ORD0001017,CUST000066,STORE0008,2026-08-12 10:48:31,COMPLETED,CREDIT_CARD,USD,2026-08-15 07:48:31
ORD0001018,CUST000179,STORE0011,2026-02-26 12:49:36,PENDING,CREDIT_CARD,USD,2026-02-28 18:49:36
ORD0001019,CUST000331,STORE0006,2026-03-29 15:55:10,CANCELLED,GIFT_CARD,USD,2026-03-31 05:55:10
ORD0001020,CUST000434,STORE0001,2026-03-29 08:34:00,REFUNDED,STORE_CREDIT,USD,2026-03-29 21:34:00
ORD0001021,CUST000116,STORE0003,2026-03-26 13:12:15,COMPLETED,CREDIT_CARD,USD,2026-03-27 11:12:15
ORD0001022,CUST000368,STORE0011,2026-02-22 11:54:25,CANCELLED,STORE_CREDIT,USD,2026-02-25 03:54:25
ORD0001023,CUST000471,STORE0003,2026-07-15 14:08:00,PENDING,CREDIT_CARD,USD,2026-07-18 10:08:00
ORD0001024,CUST000065,STORE0013,2026-04-23 20:17:05,COMPLETED,PAYPAL,USD,2026-04-24 03:17:05
ORD0001025,CUST000255,STORE0007,2026-04-05 09:30:29,COMPLETED,GIFT_CARD,USD,2026-04-07 08:30:29
ORD0001026,CUST000444,STORE0005,2026-07-28 09:36:13,COMPLETED,STORE_CREDIT,USD,2026-07-30 04:36:13
ORD0001027,CUST000437,STORE0009,2026-07-25 14:16:24,COMPLETED,CREDIT_CARD,USD,2026-07-26 08:16:24
ORD0001028,CUST000098,STORE0003,2026-08-13 09:04:22,REFUNDED,GIFT_CARD,USD,2026-08-14 14:04:22
ORD0001029,CUST000054,STORE0005,2026-04-15 18:53:03,CANCELLED,PAYPAL,USD,2026-04-18 02:53:03
ORD0001030,CUST000363,STORE0005,2026-07-24 20:43:20,REFUNDED,CREDIT_CARD,USD,2026-07-27 17:43:20
ORD0001031,CUST000196,STORE0010,2026-04-05 11:56:15,PENDING,STORE_CREDIT,USD,2026-04-06 08:56:15
ORD0001032,CUST000175,STORE0008,2026-07-02 18:18:27,COMPLETED,STORE_CREDIT,USD,2026-07-03 01:18:27
ORD0001033,CUST000270,STORE0009,2026-04-04 21:47:34,COMPLETED,PAYPAL,USD,2026-04-06 14:47:34
ORD0001034,CUST000087,STORE0006,2026-05-03 11:55:49,REFUNDED,GIFT_CARD,USD,2026-05-05 03:55:49
ORD0001035,CUST000089,STORE0003,2026-05-14 08:48:06,CANCELLED,GIFT_CARD,USD,2026-05-15 07:48:06
ORD0001036,CUST000129,STORE0003,2026-07-29 08:05:54,COMPLETED,DEBIT_CARD,USD,2026-07-30 04:05:54
ORD0001037,CUST000210,STORE0007,2026-02-14 12:58:53,COMPLETED,STORE_CREDIT,USD,2026-02-14 18:58:53
ORD0001038,CUST000119,STORE0010,2026-03-05 08:47:48,COMPLETED,DEBIT_CARD,USD,2026-03-06 12:47:48
ORD0001039,CUST000045,STORE0010,2026-04-11 14:54:00,REFUNDED,PAYPAL,USD,2026-04-11 19:54:00
ORD0001040,CUST000112,STORE0012,2026-06-28 19:22:00,COMPLETED,DEBIT_CARD,USD,2026-06-30 12:22:00
ORD0001041,CUST000115,STORE0011,2026-03-14 11:55:56,COMPLETED,CREDIT_CARD,USD,2026-03-16 15:55:56
ORD0001042,CUST000495,STORE0007,2026-05-01 10:12:45,COMPLETED,GIFT_CARD,USD,2026-05-03 11:12:45
ORD0001043,CUST000236,STORE0003,2026-06-12 15:42:57,COMPLETED,GIFT_CARD,USD,2026-06-15 09:42:57
ORD0001044,CUST000093,STORE0010,2026-02-25 21:17:56,COMPLETED,PAYPAL,USD,2026-02-26 05:17:56
ORD0001045,CUST000011,STORE0002,2026-06-20 17:39:36,COMPLETED,GIFT_CARD,USD,2026-06-21 15:39:36
ORD0001046,CUST000138,STORE0006,2026-06-03 20:21:50,COMPLETED,PAYPAL,USD,2026-06-06 12:21:50
ORD0001047,CUST000275,STORE0006,2026-04-12 14:53:48,COMPLETED,STORE_CREDIT,USD,2026-04-14 19:53:48
ORD0001048,CUST000033,STORE0011,2026-02-17 08:38:21,COMPLETED,GIFT_CARD,USD,2026-02-20 00:38:21
ORD0001049,CUST000121,STORE0006,2026-07-15 17:01:53,PENDING,STORE_CREDIT,USD,2026-07-15 21:01:53
ORD0001050,CUST000151,STORE0004,2026-06-10 16:58:33,COMPLETED,DEBIT_CARD,USD,2026-06-12 03:58:33
ORD0001051,CUST000180,STORE0007,2026-04-20 14:54:29,COMPLETED,DEBIT_CARD,USD,2026-04-22 15:54:29
ORD0001052,CUST000265,STORE0012,2026-07-19 17:02:03,COMPLETED,PAYPAL,USD,2026-07-22 02:02:03
ORD0001053,CUST000187,STORE0007,2026-06-03 08:21:57,COMPLETED,DEBIT_CARD,USD,2026-06-04 13:21:57
ORD0001054,CUST000341,STORE0004,2026-02-19 21:25:30,REFUNDED,STORE_CREDIT,USD,2026-02-20 12:25:30
ORD0001055,CUST000112,STORE0009,2026-05-09 18:38:51,PENDING,PAYPAL,USD,2026-05-09 23:38:51
ORD0001056,CUST000356,STORE0010,2026-06-22 20:30:25,COMPLETED,GIFT_CARD,USD,2026-06-24 12:30:25
ORD0001057,CUST000217,STORE0013,2026-08-12 20:04:34,PENDING,PAYPAL,USD,2026-08-14 23:04:34
ORD0001058,CUST000391,STORE0002,2026-05-27 20:10:36,REFUNDED,PAYPAL,USD,2026-05-27 21:10:36
ORD0001059,CUST000261,STORE0010,2026-03-06 18:36:52,CANCELLED,PAYPAL,USD,2026-03-07 14:36:52
ORD0001060,CUST000453,STORE0013,2026-04-07 20:51:14,COMPLETED,PAYPAL,USD,2026-04-08 07:51:14
ORD0001061,CUST000368,STORE0012,2026-07-15 16:43:42,COMPLETED,DEBIT_CARD,USD,2026-07-16 03:43:42
ORD0001062,CUST000225,STORE0004,2026-02-14 13:16:38,CANCELLED,GIFT_CARD,USD,2026-02-15 09:16:38
ORD0001063,CUST000403,STORE0004,2026-02-27 19:09:50,PENDING,PAYPAL,USD,2026-02-28 04:09:50
ORD0001064,CUST000348,STORE0002,2026-05-12 18:33:37,PENDING,CREDIT_CARD,USD,2026-05-13 00:33:37
ORD0001065,CUST000048,STORE0006,2026-02-14 11:28:49,COMPLETED,PAYPAL,USD,2026-02-15 01:28:49
ORD0001066,CUST000153,STORE0001,2026-06-08 08:13:01,CANCELLED,CREDIT_CARD,USD,2026-06-11 05:13:01
ORD0001067,CUST000282,STORE0003,2026-07-30 21:49:18,PENDING,STORE_CREDIT,USD,2026-08-01 11:49:18
ORD0001068,CUST000076,STORE0009,2026-06-23 18:37:21,CANCELLED,PAYPAL,USD,2026-06-24 17:37:21
ORD0001069,CUST000369,STORE0010,2026-05-23 21:07:10,PENDING,PAYPAL,USD,2026-05-26 09:07:10
ORD0001070,CUST000234,STORE0001,2026-07-26 20:51:11,COMPLETED,GIFT_CARD,USD,2026-07-27 20:51:11
ORD0001071,CUST000323,STORE0011,2026-04-02 18:16:21,CANCELLED,CREDIT_CARD,USD,2026-04-05 08:16:21
ORD0001072,CUST000339,STORE0011,2026-03-22 12:10:42,COMPLETED,PAYPAL,USD,2026-03-23 15:10:42
ORD0001073,CUST000005,STORE0003,2026-07-05 12:36:28,COMPLETED,DEBIT_CARD,USD,2026-07-05 19:36:28
ORD0001074,CUST000069,STORE0013,2026-08-09 12:02:22,COMPLETED,PAYPAL,USD,2026-08-10 16:02:22
ORD0001075,CUST000405,STORE0006,2026-04-26 18:01:15,PENDING,GIFT_CARD,USD,2026-04-28 21:01:15
ORD0001076,CUST000481,STORE0012,2026-05-27 14:09:12,COMPLETED,PAYPAL,USD,2026-05-28 19:09:12
ORD0001077,CUST000320,STORE0009,2026-05-29 12:37:04,COMPLETED,STORE_CREDIT,USD,2026-05-31 11:37:04
ORD0001078,CUST000342,STORE0003,2026-03-20 19:03:16,COMPLETED,PAYPAL,USD,2026-03-23 14:03:16
ORD0001079,CUST000197,STORE0007,2026-05-26 09:29:59,CANCELLED,DEBIT_CARD,USD,2026-05-28 13:29:59
ORD0001080,CUST000466,STORE0010,2026-08-01 21:09:37,REFUNDED,DEBIT_CARD,USD,2026-08-04 19:09:37
ORD0001081,CUST000205,STORE0009,2026-06-25 15:45:31,COMPLETED,GIFT_CARD,USD,2026-06-26 14:45:31
ORD0001082,CUST000103,STORE0010,2026-06-29 19:12:48,CANCELLED,DEBIT_CARD,USD,2026-06-30 05:12:48
ORD0001083,CUST000380,STORE0011,2026-08-02 11:54:02,PENDING,STORE_CREDIT,USD,2026-08-03 23:54:02
ORD0001084,CUST000416,STORE0010,2026-06-20 13:09:57,REFUNDED,PAYPAL,USD,2026-06-23 10:09:57
ORD0001085,CUST000168,STORE0011,2026-05-23 12:10:47,PENDING,GIFT_CARD,USD,2026-05-24 05:10:47
ORD0001086,CUST000410,STORE0002,2026-07-23 12:35:57,CANCELLED,DEBIT_CARD,USD,2026-07-25 15:35:57
ORD0001087,CUST000230,STORE0010,2026-05-29 14:06:59,CANCELLED,STORE_CREDIT,USD,2026-05-31 21:06:59
ORD0001088,CUST000469,STORE0012,2026-07-28 20:18:54,PENDING,GIFT_CARD,USD,2026-07-28 20:18:54
ORD0001089,CUST000084,STORE0006,2026-04-12 09:42:12,COMPLETED,PAYPAL,USD,2026-04-14 01:42:12
ORD0001090,CUST000329,STORE0003,2026-03-04 15:22:03,COMPLETED,CREDIT_CARD,USD,2026-03-06 20:22:03
ORD0001091,CUST000102,STORE0009,2026-06-17 11:13:29,COMPLETED,GIFT_CARD,USD,2026-06-18 11:13:29
ORD0001092,CUST000384,STORE0009,2026-05-31 21:08:49,COMPLETED,CREDIT_CARD,USD,2026-06-02 13:08:49
ORD0001093,CUST000500,STORE0006,2026-03-08 15:44:15,REFUNDED,STORE_CREDIT,USD,2026-03-09 12:44:15
ORD0001094,CUST000038,STORE0009,2026-05-15 16:00:22,COMPLETED,CREDIT_CARD,USD,2026-05-18 13:00:22
ORD0001095,CUST000472,STORE0007,2026-02-26 18:31:52,COMPLETED,CREDIT_CARD,USD,2026-02-26 18:31:52
ORD0001096,CUST000007,STORE0012,2026-05-04 13:57:19,COMPLETED,GIFT_CARD,USD,2026-05-07 10:57:19
ORD0001097,CUST000421,STORE0009,2026-07-05 14:43:17,REFUNDED,PAYPAL,USD,2026-07-05 16:43:17
ORD0001098,CUST000462,STORE0007,2026-04-27 19:27:45,CANCELLED,DEBIT_CARD,USD,2026-04-28 21:27:45
ORD0001099,CUST000465,STORE0009,2026-02-27 20:49:53,COMPLETED,CREDIT_CARD,USD,2026-03-02 10:49:53
ORD0001100,CUST000348,STORE0012,2026-03-16 17:44:39,COMPLETED,GIFT_CARD,USD,2026-03-19 14:44:39
ORD0001101,CUST000084,STORE0013,2026-05-27 11:11:42,COMPLETED,STORE_CREDIT,USD,2026-05-28 01:11:42
ORD0001102,CUST000348,STORE0001,2026-06-15 15:17:23,REFUNDED,GIFT_CARD,USD,2026-06-17 02:17:23
ORD0001103,CUST000328,STORE0004,2026-03-06 15:48:04,COMPLETED,CREDIT_CARD,USD,2026-03-08 16:48:04
ORD0001104,CUST000209,STORE0003,2026-04-18 13:44:48,CANCELLED,CREDIT_CARD,USD,2026-04-20 13:44:48
ORD0001105,CUST000192,STORE0008,2026-07-06 15:00:13,COMPLETED,PAYPAL,USD,2026-07-09 09:00:13
ORD0001106,CUST000203,STORE0004,2026-06-05 21:00:23,COMPLETED,STORE_CREDIT,USD,2026-06-06 13:00:23
ORD0001107,CUST000031,STORE0013,2026-04-15 18:01:09,COMPLETED,CREDIT_CARD,USD,2026-04-16 11:01:09
ORD0001108,CUST000240,STORE0012,2026-07-16 13:14:54,COMPLETED,PAYPAL,USD,2026-07-17 12:14:54
ORD0001109,CUST000069,STORE0008,2026-05-14 21:31:59,COMPLETED,GIFT_CARD,USD,2026-05-16 14:31:59
ORD0001110,CUST000116,STORE0009,2026-03-09 09:35:01,REFUNDED,CREDIT_CARD,USD,2026-03-12 08:35:01
ORD0001111,CUST000208,STORE0003,2026-03-28 17:50:43,COMPLETED,CREDIT_CARD,USD,2026-03-29 12:50:43
ORD0001112,CUST000210,STORE0002,2026-06-01 21:08:19,CANCELLED,CREDIT_CARD,USD,2026-06-04 03:08:19
ORD0001113,CUST000009,STORE0003,2026-04-05 13:51:04,COMPLETED,GIFT_CARD,USD,2026-04-08 05:51:04
ORD0001114,CUST000035,STORE0008,2026-04-13 18:46:40,COMPLETED,PAYPAL,USD,2026-04-16 00:46:40
ORD0001115,CUST000126,STORE0010,2026-05-08 12:28:36,COMPLETED,PAYPAL,USD,2026-05-08 19:28:36
ORD0001116,CUST000295,STORE0009,2026-05-26 14:47:59,COMPLETED,STORE_CREDIT,USD,2026-05-28 17:47:59
ORD0001117,CUST000121,STORE0004,2026-05-07 19:38:31,COMPLETED,PAYPAL,USD,2026-05-10 18:38:31
ORD0001118,CUST000382,STORE0012,2026-06-16 21:30:51,REFUNDED,STORE_CREDIT,USD,2026-06-17 08:30:51
ORD0001119,CUST000096,STORE0003,2026-02-20 17:23:27,COMPLETED,DEBIT_CARD,USD,2026-02-21 23:23:27
ORD0001120,CUST000246,STORE0004,2026-08-07 10:13:36,PENDING,GIFT_CARD,USD,2026-08-09 13:13:36
ORD0001121,CUST000165,STORE0004,2026-03-27 21:25:59,PENDING,PAYPAL,USD,2026-03-30 07:25:59
ORD0001122,CUST000478,STORE0012,2026-03-26 11:46:34,PENDING,DEBIT_CARD,USD,2026-03-28 06:46:34
ORD0001123,CUST000049,STORE0005,2026-08-09 08:04:27,CANCELLED,DEBIT_CARD,USD,2026-08-10 08:04:27
ORD0001124,CUST000456,STORE0010,2026-02-16 20:43:30,COMPLETED,CREDIT_CARD,USD,2026-02-18 13:43:30
ORD0001125,CUST000200,STORE0001,2026-06-07 13:27:36,REFUNDED,DEBIT_CARD,USD,2026-06-07 21:27:36
ORD0001126,CUST000126,STORE0004,2026-08-05 10:11:49,PENDING,DEBIT_CARD,USD,2026-08-07 17:11:49
ORD0001127,CUST000245,STORE0001,2026-06-07 08:13:35,COMPLETED,DEBIT_CARD,USD,2026-06-07 14:13:35
ORD0001128,CUST000323,STORE0005,2026-03-07 19:52:02,REFUNDED,GIFT_CARD,USD,2026-03-10 07:52:02
ORD0001129,CUST000233,STORE0007,2026-03-21 13:36:59,COMPLETED,DEBIT_CARD,USD,2026-03-23 20:36:59
ORD0001130,CUST000413,STORE0009,2026-08-02 13:40:54,PENDING,GIFT_CARD,USD,2026-08-04 16:40:54
ORD0001131,CUST000348,STORE0008,2026-07-11 21:34:45,COMPLETED,GIFT_CARD,USD,2026-07-12 06:34:45
ORD0001132,CUST000008,STORE0005,2026-07-16 19:51:42,COMPLETED,PAYPAL,USD,2026-07-17 13:51:42
ORD0001133,CUST000081,STORE0012,2026-07-04 17:45:59,CANCELLED,CREDIT_CARD,USD,2026-07-05 02:45:59
ORD0001134,CUST000129,STORE0001,2026-02-15 19:04:11,REFUNDED,PAYPAL,USD,2026-02-18 04:04:11
ORD0001135,CUST000456,STORE0011,2026-03-27 13:25:45,COMPLETED,PAYPAL,USD,2026-03-30 05:25:45
ORD0001136,CUST000466,STORE0003,2026-04-07 15:33:41,CANCELLED,CREDIT_CARD,USD,2026-04-10 04:33:41
ORD0001137,CUST000199,STORE0009,2026-02-26 14:44:04,REFUNDED,GIFT_CARD,USD,2026-02-27 15:44:04
ORD0001138,CUST000446,STORE0005,2026-05-25 08:48:43,COMPLETED,PAYPAL,USD,2026-05-28 01:48:43
ORD0001139,CUST000440,STORE0008,2026-03-25 11:25:51,COMPLETED,STORE_CREDIT,USD,2026-03-25 17:25:51
ORD0001140,CUST000068,STORE0001,2026-03-11 14:20:22,COMPLETED,STORE_CREDIT,USD,2026-03-13 23:20:22
ORD0001141,CUST000385,STORE0013,2026-05-16 15:22:06,COMPLETED,PAYPAL,USD,2026-05-17 23:22:06
ORD0001142,CUST000414,STORE0009,2026-03-19 12:43:03,COMPLETED,PAYPAL,USD,2026-03-19 21:43:03
ORD0001143,CUST000036,STORE0013,2026-06-25 17:39:30,COMPLETED,DEBIT_CARD,USD,2026-06-25 17:39:30
ORD0001144,CUST000445,STORE0001,2026-03-02 15:01:15,COMPLETED,CREDIT_CARD,USD,2026-03-03 15:01:15
ORD0001145,CUST000016,STORE0010,2026-04-26 19:04:13,COMPLETED,STORE_CREDIT,USD,2026-04-26 20:04:13
ORD0001146,CUST000431,STORE0005,2026-05-11 10:35:17,COMPLETED,GIFT_CARD,USD,2026-05-12 12:35:17
ORD0001147,CUST000386,STORE0013,2026-05-21 20:44:31,COMPLETED,CREDIT_CARD,USD,2026-05-24 13:44:31
ORD0001148,CUST000173,STORE0010,2026-07-24 20:35:02,COMPLETED,CREDIT_CARD,USD,2026-07-27 03:35:02
ORD0001149,CUST000447,STORE0013,2026-02-25 20:14:05,COMPLETED,STORE_CREDIT,USD,2026-02-28 15:14:05
ORD0001150,CUST000236,STORE0006,2026-07-20 13:07:42,COMPLETED,STORE_CREDIT,USD,2026-07-20 21:07:42
ORD0001151,CUST000264,STORE0013,2026-04-25 09:36:26,COMPLETED,DEBIT_CARD,USD,2026-04-26 16:36:26
ORD0001152,CUST000370,STORE0009,2026-05-21 19:39:48,COMPLETED,PAYPAL,USD,2026-05-22 16:39:48
ORD0001153,CUST000359,STORE0001,2026-05-23 14:11:53,CANCELLED,CREDIT_CARD,USD,2026-05-24 17:11:53
ORD0001154,CUST000196,STORE0006,2026-05-12 17:19:26,CANCELLED,STORE_CREDIT,USD,2026-05-15 15:19:26
ORD0001155,CUST000297,STORE0001,2026-03-24 10:14:30,REFUNDED,CREDIT_CARD,USD,2026-03-24 17:14:30
ORD0001156,CUST000415,STORE0008,2026-06-08 17:20:45,COMPLETED,PAYPAL,USD,2026-06-09 02:20:45
ORD0001157,CUST000277,STORE0010,2026-08-08 08:53:28,REFUNDED,PAYPAL,USD,2026-08-09 10:53:28
ORD0001158,CUST000190,STORE0009,2026-07-19 20:45:40,COMPLETED,PAYPAL,USD,2026-07-20 17:45:40
ORD0001159,CUST000246,STORE0007,2026-03-06 10:15:37,COMPLETED,DEBIT_CARD,USD,2026-03-06 23:15:37
ORD0001160,CUST000324,STORE0006,2026-03-08 16:56:51,CANCELLED,DEBIT_CARD,USD,2026-03-09 04:56:51
ORD0001161,CUST000469,STORE0007,2026-05-24 19:48:54,CANCELLED,CREDIT_CARD,USD,2026-05-24 23:48:54
ORD0001162,CUST000076,STORE0010,2026-07-06 10:24:35,CANCELLED,DEBIT_CARD,USD,2026-07-07 15:24:35
ORD0001163,CUST000339,STORE0005,2026-07-19 15:58:02,COMPLETED,CREDIT_CARD,USD,2026-07-21 07:58:02
ORD0001164,CUST000116,STORE0004,2026-05-11 13:44:28,COMPLETED,PAYPAL,USD,2026-05-14 03:44:28
ORD0001165,CUST000337,STORE0004,2026-03-11 13:21:21,REFUNDED,GIFT_CARD,USD,2026-03-11 18:21:21
ORD0001166,CUST000450,STORE0012,2026-04-11 16:17:45,PENDING,GIFT_CARD,USD,2026-04-13 03:17:45
ORD0001167,CUST000054,STORE0002,2026-05-04 09:19:56,COMPLETED,CREDIT_CARD,USD,2026-05-04 15:19:56
ORD0001168,CUST000420,STORE0013,2026-06-30 17:04:47,COMPLETED,PAYPAL,USD,2026-07-03 01:04:47
ORD0001169,CUST000399,STORE0011,2026-04-23 13:27:32,COMPLETED,PAYPAL,USD,2026-04-24 22:27:32
ORD0001170,CUST000107,STORE0002,2026-05-15 17:31:23,COMPLETED,STORE_CREDIT,USD,2026-05-16 13:31:23
ORD0001171,CUST000287,STORE0006,2026-08-13 18:19:41,COMPLETED,DEBIT_CARD,USD,2026-08-14 23:19:41
ORD0001172,CUST000191,STORE0002,2026-07-04 13:40:47,COMPLETED,DEBIT_CARD,USD,2026-07-07 09:40:47
ORD0001173,CUST000434,STORE0008,2026-04-20 14:11:46,COMPLETED,STORE_CREDIT,USD,2026-04-22 10:11:46
ORD0001174,CUST000476,STORE0010,2026-03-15 14:04:28,COMPLETED,CREDIT_CARD,USD,2026-03-17 09:04:28
ORD0001175,CUST000429,STORE0005,2026-08-03 15:24:44,COMPLETED,STORE_CREDIT,USD,2026-08-04 23:24:44
ORD0001176,CUST000377,STORE0003,2026-07-15 20:46:55,COMPLETED,PAYPAL,USD,2026-07-18 16:46:55
ORD0001177,CUST000395,STORE0001,2026-03-24 14:54:40,COMPLETED,STORE_CREDIT,USD,2026-03-24 17:54:40
ORD0001178,CUST000213,STORE0007,2026-06-05 09:00:08,COMPLETED,DEBIT_CARD,USD,2026-06-07 11:00:08
ORD0001179,CUST000066,STORE0003,2026-08-07 19:14:17,CANCELLED,CREDIT_CARD,USD,2026-08-10 16:14:17
ORD0001180,CUST000284,STORE0004,2026-06-01 15:22:39,REFUNDED,CREDIT_CARD,USD,2026-06-01 17:22:39
ORD0001181,CUST000062,STORE0005,2026-04-30 08:39:10,COMPLETED,GIFT_CARD,USD,2026-05-01 15:39:10
ORD0001182,CUST000223,STORE0005,2026-03-21 21:51:24,PENDING,CREDIT_CARD,USD,2026-03-22 03:51:24
ORD0001183,CUST000385,STORE0006,2026-07-28 14:57:39,REFUNDED,GIFT_CARD,USD,2026-07-30 08:57:39
ORD0001184,CUST000416,STORE0002,2026-05-01 17:02:01,COMPLETED,GIFT_CARD,USD,2026-05-04 15:02:01
ORD0001185,CUST000033,STORE0012,2026-04-08 21:59:50,COMPLETED,GIFT_CARD,USD,2026-04-10 09:59:50
ORD0001186,CUST000142,STORE0007,2026-08-11 09:23:43,COMPLETED,STORE_CREDIT,USD,2026-08-12 22:23:43
ORD0001187,CUST000110,STORE0002,2026-03-20 21:44:00,COMPLETED,STORE_CREDIT,USD,2026-03-20 22:44:00
ORD0001188,CUST000218,STORE0002,2026-06-25 11:03:44,CANCELLED,STORE_CREDIT,USD,2026-06-27 10:03:44
ORD0001189,CUST000495,STORE0004,2026-03-07 12:13:37,COMPLETED,CREDIT_CARD,USD,2026-03-09 05:13:37
ORD0001190,CUST000315,STORE0011,2026-05-28 18:33:20,COMPLETED,DEBIT_CARD,USD,2026-05-30 08:33:20
ORD0001191,CUST000281,STORE0011,2026-02-14 10:55:27,PENDING,DEBIT_CARD,USD,2026-02-15 11:55:27
ORD0001192,CUST000332,STORE0012,2026-05-10 19:01:43,COMPLETED,DEBIT_CARD,USD,2026-05-11 12:01:43
ORD0001193,CUST000014,STORE0007,2026-05-29 15:02:06,COMPLETED,GIFT_CARD,USD,2026-05-30 00:02:06
ORD0001194,CUST000441,STORE0007,2026-06-02 11:13:54,REFUNDED,DEBIT_CARD,USD,2026-06-05 05:13:54
ORD0001195,CUST000164,STORE0004,2026-07-14 10:11:42,COMPLETED,GIFT_CARD,USD,2026-07-14 16:11:42
ORD0001196,CUST000039,STORE0002,2026-04-08 12:34:19,COMPLETED,STORE_CREDIT,USD,2026-04-09 16:34:19
ORD0001197,CUST000265,STORE0007,2026-03-15 20:13:10,COMPLETED,GIFT_CARD,USD,2026-03-17 04:13:10
ORD0001198,CUST000227,STORE0007,2026-02-15 10:16:37,CANCELLED,PAYPAL,USD,2026-02-17 17:16:37
ORD0001199,CUST000299,STORE0006,2026-04-18 14:48:29,REFUNDED,DEBIT_CARD,USD,2026-04-21 02:48:29
ORD0001200,CUST000091,STORE0010,2026-06-14 21:14:22,COMPLETED,GIFT_CARD,USD,2026-06-15 08:14:22
ORD0001201,CUST000190,STORE0013,2026-04-18 21:40:32,COMPLETED,PAYPAL,USD,2026-04-21 02:40:32
ORD0001202,CUST000113,STORE0004,2026-05-28 21:37:44,COMPLETED,GIFT_CARD,USD,2026-05-29 17:37:44
ORD0001203,CUST000296,STORE0009,2026-05-11 19:15:09,COMPLETED,PAYPAL,USD,2026-05-12 20:15:09
ORD0001204,CUST000443,STORE0011,2026-08-11 14:12:47,REFUNDED,DEBIT_CARD,USD,2026-08-14 12:12:47
ORD0001205,CUST000281,STORE0006,2026-06-22 19:27:15,REFUNDED,PAYPAL,USD,2026-06-22 22:27:15
ORD0001206,CUST000404,STORE0011,2026-03-05 14:06:22,PENDING,STORE_CREDIT,USD,2026-03-06 18:06:22
ORD0001207,CUST000101,STORE0012,2026-06-12 09:01:15,COMPLETED,DEBIT_CARD,USD,2026-06-15 00:01:15
ORD0001208,CUST000049,STORE0005,2026-07-01 17:27:52,COMPLETED,CREDIT_CARD,USD,2026-07-04 15:27:52
ORD0001209,CUST000147,STORE0007,2026-04-05 17:49:19,PENDING,PAYPAL,USD,2026-04-08 01:49:19
ORD0001210,CUST000297,STORE0011,2026-03-28 14:53:44,COMPLETED,PAYPAL,USD,2026-03-30 10:53:44
ORD0001211,CUST000384,STORE0010,2026-07-14 18:57:19,COMPLETED,PAYPAL,USD,2026-07-15 21:57:19
ORD0001212,CUST000291,STORE0008,2026-03-08 17:26:28,REFUNDED,PAYPAL,USD,2026-03-08 20:26:28
ORD0001213,CUST000396,STORE0010,2026-02-21 09:25:49,REFUNDED,STORE_CREDIT,USD,2026-02-22 16:25:49
ORD0001214,CUST000140,STORE0004,2026-06-15 18:26:53,COMPLETED,GIFT_CARD,USD,2026-06-16 20:26:53
ORD0001215,CUST000373,STORE0001,2026-03-04 21:27:31,CANCELLED,CREDIT_CARD,USD,2026-03-06 00:27:31
ORD0001216,CUST000206,STORE0001,2026-04-27 17:41:45,CANCELLED,CREDIT_CARD,USD,2026-04-28 03:41:45
ORD0001217,CUST000458,STORE0001,2026-03-24 16:35:53,COMPLETED,CREDIT_CARD,USD,2026-03-26 21:35:53
ORD0001218,CUST000150,STORE0003,2026-03-17 21:49:12,COMPLETED,GIFT_CARD,USD,2026-03-20 13:49:12
ORD0001219,CUST000108,STORE0006,2026-04-05 09:27:03,REFUNDED,STORE_CREDIT,USD,2026-04-07 22:27:03
ORD0001220,CUST000362,STORE0002,2026-07-13 18:19:59,PENDING,DEBIT_CARD,USD,2026-07-13 20:19:59
ORD0001221,CUST000497,STORE0009,2026-07-06 20:41:05,COMPLETED,CREDIT_CARD,USD,2026-07-07 07:41:05
ORD0001222,CUST000163,STORE0003,2026-06-18 19:04:49,CANCELLED,PAYPAL,USD,2026-06-19 22:04:49
ORD0001223,CUST000123,STORE0009,2026-03-06 08:58:40,COMPLETED,STORE_CREDIT,USD,2026-03-07 22:58:40
ORD0001224,CUST000340,STORE0007,2026-08-02 10:24:04,COMPLETED,GIFT_CARD,USD,2026-08-05 08:24:04
ORD0001225,CUST000145,STORE0008,2026-03-02 19:29:37,CANCELLED,STORE_CREDIT,USD,2026-03-04 06:29:37
ORD0001226,CUST000114,STORE0001,2026-02-21 13:06:37,REFUNDED,PAYPAL,USD,2026-02-23 08:06:37
ORD0001227,CUST000437,STORE0003,2026-06-08 18:46:05,COMPLETED,PAYPAL,USD,2026-06-09 13:46:05
ORD0001228,CUST000012,STORE0011,2026-02-24 09:18:54,REFUNDED,CREDIT_CARD,USD,2026-02-25 20:18:54
ORD0001229,CUST000399,STORE0013,2026-03-12 08:00:40,PENDING,PAYPAL,USD,2026-03-14 12:00:40
ORD0001230,CUST000275,STORE0003,2026-02-15 15:26:10,COMPLETED,CREDIT_CARD,USD,2026-02-18 07:26:10
ORD0001231,CUST000283,STORE0003,2026-04-01 10:35:09,COMPLETED,STORE_CREDIT,USD,2026-04-01 11:35:09
ORD0001232,CUST000184,STORE0010,2026-07-15 17:19:02,COMPLETED,CREDIT_CARD,USD,2026-07-17 03:19:02
ORD0001233,CUST000060,STORE0004,2026-05-20 20:06:45,COMPLETED,GIFT_CARD,USD,2026-05-22 03:06:45
ORD0001234,CUST000473,STORE0001,2026-06-05 12:07:40,REFUNDED,PAYPAL,USD,2026-06-07 10:07:40
ORD0001235,CUST000009,STORE0002,2026-02-20 12:06:39,COMPLETED,DEBIT_CARD,USD,2026-02-22 06:06:39
ORD0001236,CUST000403,STORE0013,2026-06-24 20:58:06,REFUNDED,GIFT_CARD,USD,2026-06-26 05:58:06
ORD0001237,CUST000044,STORE0011,2026-06-24 18:35:59,CANCELLED,CREDIT_CARD,USD,2026-06-25 22:35:59
ORD0001238,CUST000117,STORE0008,2026-07-06 17:49:07,REFUNDED,CREDIT_CARD,USD,2026-07-07 11:49:07
ORD0001239,CUST000228,STORE0005,2026-04-16 21:46:25,CANCELLED,GIFT_CARD,USD,2026-04-16 22:46:25
ORD0001240,CUST000143,STORE0003,2026-07-11 19:00:53,COMPLETED,STORE_CREDIT,USD,2026-07-14 02:00:53
ORD0001241,CUST000008,STORE0007,2026-03-03 19:03:24,COMPLETED,PAYPAL,USD,2026-03-06 00:03:24
ORD0001242,CUST000458,STORE0001,2026-03-07 14:20:09,COMPLETED,CREDIT_CARD,USD,2026-03-09 19:20:09
ORD0001243,CUST000316,STORE0010,2026-03-27 18:39:54,COMPLETED,GIFT_CARD,USD,2026-03-29 07:39:54
ORD0001244,CUST000411,STORE0013,2026-02-16 16:18:43,COMPLETED,DEBIT_CARD,USD,2026-02-17 22:18:43
ORD0001245,CUST000204,STORE0010,2026-03-13 13:34:21,COMPLETED,GIFT_CARD,USD,2026-03-15 23:34:21
ORD0001246,CUST000032,STORE0004,2026-04-09 11:42:09,CANCELLED,STORE_CREDIT,USD,2026-04-11 06:42:09
ORD0001247,CUST000165,STORE0011,2026-07-01 20:08:33,COMPLETED,CREDIT_CARD,USD,2026-07-03 00:08:33
ORD0001248,CUST000464,STORE0012,2026-07-22 17:05:28,COMPLETED,PAYPAL,USD,2026-07-23 05:05:28
ORD0001249,CUST000014,STORE0005,2026-03-08 14:29:34,PENDING,CREDIT_CARD,USD,2026-03-09 12:29:34
ORD0001250,CUST000428,STORE0001,2026-05-26 11:08:52,COMPLETED,DEBIT_CARD,USD,2026-05-26 15:08:52
ORD0001251,CUST000155,STORE0009,2026-05-16 08:11:09,COMPLETED,CREDIT_CARD,USD,2026-05-18 13:11:09
ORD0001252,CUST000032,STORE0001,2026-02-28 18:01:11,REFUNDED,PAYPAL,USD,2026-03-02 13:01:11
ORD0001253,CUST000367,STORE0012,2026-08-06 12:44:31,COMPLETED,GIFT_CARD,USD,2026-08-09 05:44:31
ORD0001254,CUST000074,STORE0004,2026-02-14 12:50:49,COMPLETED,DEBIT_CARD,USD,2026-02-15 15:50:49
ORD0001255,CUST000226,STORE0012,2026-04-28 21:15:28,COMPLETED,STORE_CREDIT,USD,2026-04-29 12:15:28
ORD0001256,CUST000468,STORE0002,2026-03-06 18:28:31,COMPLETED,PAYPAL,USD,2026-03-08 23:28:31
ORD0001257,CUST000459,STORE0013,2026-06-01 09:08:01,PENDING,STORE_CREDIT,USD,2026-06-02 05:08:01
ORD0001258,CUST000029,STORE0007,2026-08-02 09:51:46,CANCELLED,DEBIT_CARD,USD,2026-08-02 16:51:46
ORD0001259,CUST000321,STORE0009,2026-08-07 15:01:24,REFUNDED,PAYPAL,USD,2026-08-10 04:01:24
ORD0001260,CUST000249,STORE0002,2026-07-02 13:37:09,COMPLETED,PAYPAL,USD,2026-07-03 06:37:09
ORD0001261,CUST000160,STORE0004,2026-02-19 08:01:47,COMPLETED,GIFT_CARD,USD,2026-02-21 18:01:47
ORD0001262,CUST000224,STORE0006,2026-07-17 18:40:32,PENDING,PAYPAL,USD,2026-07-19 18:40:32
ORD0001263,CUST000284,STORE0004,2026-08-07 15:26:21,CANCELLED,GIFT_CARD,USD,2026-08-08 00:26:21
ORD0001264,CUST000221,STORE0008,2026-04-11 21:56:23,COMPLETED,PAYPAL,USD,2026-04-12 15:56:23
ORD0001265,CUST000493,STORE0013,2026-04-18 15:53:23,REFUNDED,GIFT_CARD,USD,2026-04-20 17:53:23
ORD0001266,CUST000426,STORE0002,2026-02-19 12:26:40,COMPLETED,CREDIT_CARD,USD,2026-02-21 04:26:40
ORD0001267,CUST000092,STORE0010,2026-04-14 19:20:44,COMPLETED,STORE_CREDIT,USD,2026-04-17 03:20:44
ORD0001268,CUST000462,STORE0001,2026-04-02 10:50:12,COMPLETED,PAYPAL,USD,2026-04-05 01:50:12
ORD0001269,CUST000253,STORE0012,2026-07-09 15:54:56,COMPLETED,CREDIT_CARD,USD,2026-07-11 14:54:56
ORD0001270,CUST000486,STORE0003,2026-04-17 11:28:41,REFUNDED,CREDIT_CARD,USD,2026-04-18 06:28:41
ORD0001271,CUST000435,STORE0013,2026-06-27 14:12:00,COMPLETED,DEBIT_CARD,USD,2026-06-27 22:12:00
ORD0001272,CUST000386,STORE0004,2026-06-02 21:28:43,CANCELLED,CREDIT_CARD,USD,2026-06-04 21:28:43
ORD0001273,CUST000311,STORE0005,2026-06-05 17:08:01,CANCELLED,PAYPAL,USD,2026-06-07 16:08:01
ORD0001274,CUST000134,STORE0010,2026-05-19 20:55:05,CANCELLED,GIFT_CARD,USD,2026-05-20 23:55:05
ORD0001275,CUST000040,STORE0002,2026-05-09 12:25:07,COMPLETED,STORE_CREDIT,USD,2026-05-11 08:25:07
ORD0001276,CUST000019,STORE0005,2026-04-20 18:04:03,COMPLETED,GIFT_CARD,USD,2026-04-21 01:04:03
ORD0001277,CUST000175,STORE0002,2026-08-08 11:53:21,COMPLETED,CREDIT_CARD,USD,2026-08-11 05:53:21
ORD0001278,CUST000164,STORE0006,2026-06-23 08:12:02,CANCELLED,CREDIT_CARD,USD,2026-06-23 09:12:02
ORD0001279,CUST000237,STORE0013,2026-08-01 09:25:57,CANCELLED,STORE_CREDIT,USD,2026-08-04 04:25:57
ORD0001280,CUST000200,STORE0007,2026-06-26 14:07:05,CANCELLED,PAYPAL,USD,2026-06-29 02:07:05
ORD0001281,CUST000022,STORE0012,2026-05-07 21:01:21,CANCELLED,GIFT_CARD,USD,2026-05-08 23:01:21
ORD0001282,CUST000179,STORE0007,2026-05-08 15:45:09,CANCELLED,DEBIT_CARD,USD,2026-05-10 14:45:09
ORD0001283,CUST000082,STORE0007,2026-05-27 18:09:06,COMPLETED,GIFT_CARD,USD,2026-05-30 07:09:06
ORD0001284,CUST000249,STORE0010,2026-04-08 08:52:55,PENDING,CREDIT_CARD,USD,2026-04-09 09:52:55
ORD0001285,CUST000423,STORE0008,2026-03-31 15:48:24,COMPLETED,DEBIT_CARD,USD,2026-04-03 14:48:24
ORD0001286,CUST000364,STORE0001,2026-03-28 13:08:55,CANCELLED,GIFT_CARD,USD,2026-03-30 12:08:55
ORD0001287,CUST000275,STORE0010,2026-06-14 10:56:46,PENDING,PAYPAL,USD,2026-06-14 11:56:46
ORD0001288,CUST000450,STORE0013,2026-06-22 12:08:20,COMPLETED,STORE_CREDIT,USD,2026-06-25 01:08:20
ORD0001289,CUST000149,STORE0008,2026-04-10 18:03:22,REFUNDED,PAYPAL,USD,2026-04-13 07:03:22
ORD0001290,CUST000313,STORE0012,2026-08-07 14:33:54,COMPLETED,GIFT_CARD,USD,2026-08-08 14:33:54
ORD0001291,CUST000365,STORE0006,2026-04-05 20:29:39,COMPLETED,DEBIT_CARD,USD,2026-04-06 19:29:39
ORD0001292,CUST000125,STORE0007,2026-02-26 20:07:21,COMPLETED,CREDIT_CARD,USD,2026-02-27 10:07:21
ORD0001293,CUST000293,STORE0012,2026-04-08 18:16:54,COMPLETED,STORE_CREDIT,USD,2026-04-10 13:16:54
ORD0001294,CUST000252,STORE0002,2026-07-17 10:06:18,CANCELLED,PAYPAL,USD,2026-07-19 13:06:18
ORD0001295,CUST000325,STORE0007,2026-04-27 18:53:15,PENDING,CREDIT_CARD,USD,2026-04-28 13:53:15
ORD0001296,CUST000304,STORE0003,2026-06-21 18:08:18,COMPLETED,CREDIT_CARD,USD,2026-06-21 23:08:18
ORD0001297,CUST000164,STORE0002,2026-07-14 08:35:49,COMPLETED,DEBIT_CARD,USD,2026-07-15 19:35:49
ORD0001298,CUST000164,STORE0007,2026-07-31 11:24:38,REFUNDED,CREDIT_CARD,USD,2026-08-01 12:24:38
ORD0001299,CUST000027,STORE0009,2026-07-16 17:15:04,CANCELLED,STORE_CREDIT,USD,2026-07-19 01:15:04
ORD0001300,CUST000422,STORE0009,2026-02-25 10:33:41,COMPLETED,GIFT_CARD,USD,2026-02-27 04:33:41
ORD0001301,CUST000093,STORE0010,2026-08-07 08:39:47,COMPLETED,GIFT_CARD,USD,2026-08-07 14:39:47
ORD0001302,CUST000404,STORE0013,2026-03-07 10:08:43,REFUNDED,STORE_CREDIT,USD,2026-03-09 16:08:43
ORD0001303,CUST000358,STORE0005,2026-06-11 21:00:55,COMPLETED,CREDIT_CARD,USD,2026-06-13 01:00:55
ORD0001304,CUST000049,STORE0009,2026-07-13 09:47:19,COMPLETED,STORE_CREDIT,USD,2026-07-15 15:47:19
ORD0001305,CUST000015,STORE0013,2026-03-12 14:51:31,COMPLETED,CREDIT_CARD,USD,2026-03-15 03:51:31
ORD0001306,CUST000111,STORE0007,2026-04-15 14:34:33,REFUNDED,CREDIT_CARD,USD,2026-04-17 11:34:33
ORD0001307,CUST000328,STORE0003,2026-06-11 14:11:37,COMPLETED,PAYPAL,USD,2026-06-12 13:11:37
ORD0001308,CUST000230,STORE0011,2026-05-26 09:25:52,COMPLETED,DEBIT_CARD,USD,2026-05-27 06:25:52
ORD0001309,CUST000150,STORE0010,2026-07-13 11:51:20,CANCELLED,CREDIT_CARD,USD,2026-07-16 07:51:20
ORD0001310,CUST000078,STORE0007,2026-05-07 17:53:31,COMPLETED,CREDIT_CARD,USD,2026-05-09 06:53:31
ORD0001311,CUST000038,STORE0012,2026-04-29 09:49:28,COMPLETED,GIFT_CARD,USD,2026-05-01 10:49:28
ORD0001312,CUST000442,STORE0006,2026-05-26 13:51:05,CANCELLED,PAYPAL,USD,2026-05-29 09:51:05
ORD0001313,CUST000220,STORE0001,2026-02-28 21:41:23,PENDING,CREDIT_CARD,USD,2026-03-01 02:41:23
ORD0001314,CUST000328,STORE0008,2026-02-26 18:14:41,COMPLETED,STORE_CREDIT,USD,2026-02-27 12:14:41
ORD0001315,CUST000175,STORE0011,2026-02-17 09:41:32,COMPLETED,PAYPAL,USD,2026-02-17 13:41:32
ORD0001316,CUST000339,STORE0011,2026-07-17 13:09:11,COMPLETED,DEBIT_CARD,USD,2026-07-18 18:09:11
ORD0001317,CUST000401,STORE0008,2026-07-27 11:01:08,PENDING,DEBIT_CARD,USD,2026-07-28 20:01:08
ORD0001318,CUST000168,STORE0008,2026-08-09 09:51:41,PENDING,GIFT_CARD,USD,2026-08-10 20:51:41
ORD0001319,CUST000026,STORE0012,2026-05-22 16:57:31,PENDING,GIFT_CARD,USD,2026-05-23 18:57:31
ORD0001320,CUST000220,STORE0009,2026-07-01 18:52:26,COMPLETED,DEBIT_CARD,USD,2026-07-04 11:52:26
ORD0001321,CUST000484,STORE0007,2026-07-25 10:54:26,PENDING,DEBIT_CARD,USD,2026-07-28 01:54:26
ORD0001322,CUST000236,STORE0008,2026-05-18 16:30:00,CANCELLED,DEBIT_CARD,USD,2026-05-20 05:30:00
ORD0001323,CUST000288,STORE0004,2026-08-01 21:41:16,COMPLETED,PAYPAL,USD,2026-08-03 04:41:16
ORD0001324,CUST000422,STORE0001,2026-02-27 15:12:17,COMPLETED,STORE_CREDIT,USD,2026-02-28 16:12:17
ORD0001325,CUST000251,STORE0003,2026-07-15 13:17:40,PENDING,CREDIT_CARD,USD,2026-07-17 09:17:40
ORD0001326,CUST000287,STORE0006,2026-03-14 13:02:43,COMPLETED,GIFT_CARD,USD,2026-03-14 13:02:43
ORD0001327,CUST000252,STORE0010,2026-05-09 11:05:51,REFUNDED,CREDIT_CARD,USD,2026-05-09 23:05:51
ORD0001328,CUST000445,STORE0003,2026-05-27 13:11:56,COMPLETED,DEBIT_CARD,USD,2026-05-28 22:11:56
ORD0001329,CUST000269,STORE0006,2026-06-20 11:33:12,CANCELLED,GIFT_CARD,USD,2026-06-22 07:33:12
ORD0001330,CUST000021,STORE0013,2026-07-18 21:58:40,COMPLETED,GIFT_CARD,USD,2026-07-20 02:58:40
ORD0001331,CUST000177,STORE0006,2026-05-05 20:43:14,REFUNDED,CREDIT_CARD,USD,2026-05-08 06:43:14
ORD0001332,CUST000342,STORE0006,2026-06-15 13:27:46,REFUNDED,PAYPAL,USD,2026-06-16 10:27:46
ORD0001333,CUST000264,STORE0005,2026-06-28 09:32:50,REFUNDED,PAYPAL,USD,2026-06-30 17:32:50
ORD0001334,CUST000293,STORE0004,2026-03-07 17:53:27,COMPLETED,DEBIT_CARD,USD,2026-03-07 19:53:27
ORD0001335,CUST000421,STORE0003,2026-08-06 19:46:26,COMPLETED,CREDIT_CARD,USD,2026-08-08 00:46:26
ORD0001336,CUST000075,STORE0006,2026-07-19 21:15:25,COMPLETED,CREDIT_CARD,USD,2026-07-21 19:15:25
ORD0001337,CUST000368,STORE0006,2026-04-29 17:01:47,COMPLETED,DEBIT_CARD,USD,2026-05-01 02:01:47
ORD0001338,CUST000300,STORE0008,2026-06-17 09:43:41,COMPLETED,CREDIT_CARD,USD,2026-06-19 02:43:41
ORD0001339,CUST000463,STORE0013,2026-05-11 20:04:58,COMPLETED,DEBIT_CARD,USD,2026-05-12 23:04:58
ORD0001340,CUST000118,STORE0010,2026-03-25 10:06:37,CANCELLED,PAYPAL,USD,2026-03-26 17:06:37
ORD0001341,CUST000396,STORE0001,2026-05-16 10:36:32,REFUNDED,PAYPAL,USD,2026-05-18 19:36:32
ORD0001342,CUST000380,STORE0010,2026-03-06 13:55:12,COMPLETED,GIFT_CARD,USD,2026-03-07 21:55:12
ORD0001343,CUST000068,STORE0013,2026-07-29 14:47:51,CANCELLED,STORE_CREDIT,USD,2026-07-30 21:47:51
ORD0001344,CUST000029,STORE0003,2026-07-16 13:32:25,COMPLETED,CREDIT_CARD,USD,2026-07-18 15:32:25
ORD0001345,CUST000369,STORE0013,2026-04-07 12:26:43,REFUNDED,GIFT_CARD,USD,2026-04-09 22:26:43
ORD0001346,CUST000123,STORE0013,2026-06-02 16:32:06,COMPLETED,DEBIT_CARD,USD,2026-06-03 01:32:06
ORD0001347,CUST000052,STORE0009,2026-05-04 10:09:00,COMPLETED,STORE_CREDIT,USD,2026-05-05 16:09:00
ORD0001348,CUST000199,STORE0009,2026-03-17 19:49:40,COMPLETED,PAYPAL,USD,2026-03-18 23:49:40
ORD0001349,CUST000308,STORE0001,2026-06-13 19:32:37,REFUNDED,PAYPAL,USD,2026-06-15 10:32:37
ORD0001350,CUST000052,STORE0013,2026-02-26 15:58:00,COMPLETED,PAYPAL,USD,2026-02-27 05:58:00
ORD0001351,CUST000407,STORE0011,2026-08-04 16:53:38,COMPLETED,DEBIT_CARD,USD,2026-08-05 05:53:38
ORD0001352,CUST000057,STORE0013,2026-07-13 20:05:39,COMPLETED,GIFT_CARD,USD,2026-07-15 10:05:39
ORD0001353,CUST000316,STORE0007,2026-05-13 13:24:52,COMPLETED,PAYPAL,USD,2026-05-14 12:24:52
ORD0001354,CUST000346,STORE0009,2026-06-22 14:48:09,PENDING,DEBIT_CARD,USD,2026-06-24 20:48:09
ORD0001355,CUST000226,STORE0009,2026-04-11 08:23:23,COMPLETED,PAYPAL,USD,2026-04-12 10:23:23
ORD0001356,CUST000383,STORE0005,2026-02-25 10:46:08,COMPLETED,PAYPAL,USD,2026-02-26 22:46:08
ORD0001357,CUST000344,STORE0002,2026-05-20 10:18:32,COMPLETED,STORE_CREDIT,USD,2026-05-21 00:18:32
ORD0001358,CUST000129,STORE0007,2026-05-05 14:34:36,COMPLETED,PAYPAL,USD,2026-05-08 07:34:36
ORD0001359,CUST000117,STORE0012,2026-03-06 20:22:36,COMPLETED,STORE_CREDIT,USD,2026-03-07 14:22:36
ORD0001360,CUST000197,STORE0006,2026-07-17 11:17:04,COMPLETED,CREDIT_CARD,USD,2026-07-18 20:17:04
ORD0001361,CUST000081,STORE0005,2026-06-16 09:33:12,COMPLETED,STORE_CREDIT,USD,2026-06-16 20:33:12
ORD0001362,CUST000206,STORE0011,2026-02-27 21:52:30,COMPLETED,STORE_CREDIT,USD,2026-03-02 06:52:30
ORD0001363,CUST000230,STORE0010,2026-07-17 08:20:10,PENDING,CREDIT_CARD,USD,2026-07-18 01:20:10
ORD0001364,CUST000265,STORE0012,2026-03-10 16:39:34,REFUNDED,CREDIT_CARD,USD,2026-03-11 05:39:34
ORD0001365,CUST000209,STORE0004,2026-03-10 14:12:53,COMPLETED,STORE_CREDIT,USD,2026-03-11 11:12:53
ORD0001366,CUST000215,STORE0010,2026-05-03 17:26:13,COMPLETED,STORE_CREDIT,USD,2026-05-06 16:26:13
ORD0001367,CUST000437,STORE0012,2026-07-15 18:37:56,CANCELLED,PAYPAL,USD,2026-07-16 00:37:56
ORD0001368,CUST000040,STORE0007,2026-06-20 13:12:50,REFUNDED,CREDIT_CARD,USD,2026-06-21 10:12:50
ORD0001369,CUST000315,STORE0009,2026-05-09 12:37:02,PENDING,GIFT_CARD,USD,2026-05-09 17:37:02
ORD0001370,CUST000175,STORE0012,2026-06-01 21:55:15,REFUNDED,CREDIT_CARD,USD,2026-06-04 19:55:15
ORD0001371,CUST000324,STORE0003,2026-03-23 13:49:57,COMPLETED,PAYPAL,USD,2026-03-24 02:49:57
ORD0001372,CUST000486,STORE0005,2026-06-20 21:26:57,COMPLETED,DEBIT_CARD,USD,2026-06-21 10:26:57
ORD0001373,CUST000371,STORE0013,2026-07-06 12:20:14,COMPLETED,PAYPAL,USD,2026-07-08 04:20:14
ORD0001374,CUST000396,STORE0013,2026-06-14 17:25:33,REFUNDED,STORE_CREDIT,USD,2026-06-16 12:25:33
ORD0001375,CUST000186,STORE0013,2026-07-12 16:29:08,REFUNDED,CREDIT_CARD,USD,2026-07-14 03:29:08
ORD0001376,CUST000457,STORE0004,2026-05-09 18:48:59,COMPLETED,PAYPAL,USD,2026-05-11 23:48:59
ORD0001377,CUST000015,STORE0008,2026-08-10 10:07:30,REFUNDED,GIFT_CARD,USD,2026-08-11 14:07:30
ORD0001378,CUST000468,STORE0004,2026-04-02 19:15:27,COMPLETED,CREDIT_CARD,USD,2026-04-04 10:15:27
ORD0001379,CUST000149,STORE0005,2026-03-29 12:48:35,PENDING,DEBIT_CARD,USD,2026-03-30 22:48:35
ORD0001380,CUST000211,STORE0006,2026-08-12 09:07:42,REFUNDED,PAYPAL,USD,2026-08-15 02:07:42
ORD0001381,CUST000318,STORE0012,2026-03-02 11:29:02,COMPLETED,DEBIT_CARD,USD,2026-03-04 02:29:02
ORD0001382,CUST000320,STORE0001,2026-06-24 21:11:24,PENDING,CREDIT_CARD,USD,2026-06-25 06:11:24
ORD0001383,CUST000137,STORE0003,2026-07-11 17:11:02,REFUNDED,DEBIT_CARD,USD,2026-07-12 15:11:02
ORD0001384,CUST000086,STORE0010,2026-05-13 11:14:34,COMPLETED,STORE_CREDIT,USD,2026-05-13 22:14:34
ORD0001385,CUST000387,STORE0004,2026-07-19 18:01:53,CANCELLED,GIFT_CARD,USD,2026-07-20 23:01:53
ORD0001386,CUST000002,STORE0007,2026-06-02 18:11:32,REFUNDED,GIFT_CARD,USD,2026-06-03 18:11:32
ORD0001387,CUST000107,STORE0008,2026-05-19 09:47:33,COMPLETED,STORE_CREDIT,USD,2026-05-21 16:47:33
ORD0001388,CUST000186,STORE0013,2026-04-28 10:18:15,REFUNDED,DEBIT_CARD,USD,2026-05-01 09:18:15
ORD0001389,CUST000421,STORE0001,2026-07-11 21:22:10,PENDING,STORE_CREDIT,USD,2026-07-14 20:22:10
ORD0001390,CUST000464,STORE0010,2026-06-02 12:20:13,COMPLETED,PAYPAL,USD,2026-06-03 00:20:13
ORD0001391,CUST000391,STORE0010,2026-07-14 13:17:08,CANCELLED,PAYPAL,USD,2026-07-17 06:17:08
ORD0001392,CUST000313,STORE0011,2026-05-27 18:24:33,COMPLETED,PAYPAL,USD,2026-05-30 01:24:33
ORD0001393,CUST000437,STORE0011,2026-02-19 21:55:55,PENDING,STORE_CREDIT,USD,2026-02-22 04:55:55
ORD0001394,CUST000042,STORE0001,2026-04-10 20:33:16,PENDING,CREDIT_CARD,USD,2026-04-13 05:33:16
ORD0001395,CUST000373,STORE0006,2026-02-14 18:21:04,CANCELLED,PAYPAL,USD,2026-02-17 10:21:04
ORD0001396,CUST000455,STORE0011,2026-06-05 17:33:20,COMPLETED,GIFT_CARD,USD,2026-06-07 04:33:20
ORD0001397,CUST000024,STORE0003,2026-04-22 10:50:35,COMPLETED,PAYPAL,USD,2026-04-22 19:50:35
ORD0001398,CUST000442,STORE0011,2026-04-16 16:20:55,REFUNDED,PAYPAL,USD,2026-04-19 06:20:55
ORD0001399,CUST000126,STORE0013,2026-05-29 21:35:55,COMPLETED,DEBIT_CARD,USD,2026-05-31 22:35:55
ORD0001400,CUST000044,STORE0001,2026-03-06 21:48:09,COMPLETED,STORE_CREDIT,USD,2026-03-09 19:48:09
ORD0001401,CUST000330,STORE0009,2026-05-19 10:58:55,REFUNDED,PAYPAL,USD,2026-05-22 00:58:55
ORD0001402,CUST000485,STORE0004,2026-06-02 11:16:19,REFUNDED,DEBIT_CARD,USD,2026-06-03 23:16:19
ORD0001403,CUST000120,STORE0002,2026-07-01 09:43:09,COMPLETED,GIFT_CARD,USD,2026-07-02 13:43:09
ORD0001404,CUST000113,STORE0002,2026-06-08 12:17:55,COMPLETED,PAYPAL,USD,2026-06-10 23:17:55
ORD0001405,CUST000310,STORE0008,2026-06-20 12:50:31,PENDING,STORE_CREDIT,USD,2026-06-22 11:50:31
ORD0001406,CUST000430,STORE0009,2026-05-10 10:37:22,PENDING,PAYPAL,USD,2026-05-11 10:37:22
ORD0001407,CUST000491,STORE0008,2026-06-01 15:22:05,COMPLETED,GIFT_CARD,USD,2026-06-03 23:22:05
ORD0001408,CUST000393,STORE0004,2026-07-30 20:13:03,CANCELLED,CREDIT_CARD,USD,2026-07-31 03:13:03
ORD0001409,CUST000183,STORE0012,2026-06-23 10:15:47,COMPLETED,GIFT_CARD,USD,2026-06-24 19:15:47
ORD0001410,CUST000126,STORE0006,2026-04-01 11:55:43,COMPLETED,PAYPAL,USD,2026-04-03 15:55:43
ORD0001411,CUST000216,STORE0002,2026-03-06 17:44:48,CANCELLED,STORE_CREDIT,USD,2026-03-09 09:44:48
ORD0001412,CUST000258,STORE0004,2026-06-08 20:59:17,COMPLETED,CREDIT_CARD,USD,2026-06-11 02:59:17
ORD0001413,CUST000048,STORE0009,2026-07-28 20:41:26,CANCELLED,CREDIT_CARD,USD,2026-07-31 10:41:26
ORD0001414,CUST000344,STORE0011,2026-05-23 16:56:09,REFUNDED,GIFT_CARD,USD,2026-05-23 18:56:09
ORD0001415,CUST000360,STORE0004,2026-08-10 11:00:46,COMPLETED,PAYPAL,USD,2026-08-11 10:00:46
ORD0001416,CUST000217,STORE0003,2026-03-25 09:16:03,COMPLETED,DEBIT_CARD,USD,2026-03-25 17:16:03
ORD0001417,CUST000174,STORE0003,2026-04-21 15:19:55,COMPLETED,CREDIT_CARD,USD,2026-04-22 07:19:55
ORD0001418,CUST000477,STORE0012,2026-08-05 10:58:46,COMPLETED,PAYPAL,USD,2026-08-08 02:58:46
ORD0001419,CUST000212,STORE0005,2026-06-21 15:19:06,COMPLETED,DEBIT_CARD,USD,2026-06-22 02:19:06
ORD0001420,CUST000179,STORE0004,2026-07-23 16:49:34,COMPLETED,CREDIT_CARD,USD,2026-07-24 13:49:34
ORD0001421,CUST000268,STORE0005,2026-08-13 18:50:04,COMPLETED,PAYPAL,USD,2026-08-16 16:50:04
ORD0001422,CUST000057,STORE0007,2026-06-11 13:48:39,COMPLETED,STORE_CREDIT,USD,2026-06-12 16:48:39
ORD0001423,CUST000391,STORE0010,2026-03-09 16:57:45,PENDING,CREDIT_CARD,USD,2026-03-09 21:57:45
ORD0001424,CUST000391,STORE0001,2026-07-14 19:59:06,COMPLETED,STORE_CREDIT,USD,2026-07-15 03:59:06
ORD0001425,CUST000045,STORE0005,2026-05-27 09:12:15,COMPLETED,GIFT_CARD,USD,2026-05-29 03:12:15
ORD0001426,CUST000006,STORE0008,2026-06-06 16:05:42,REFUNDED,CREDIT_CARD,USD,2026-06-07 04:05:42
ORD0001427,CUST000209,STORE0012,2026-06-04 11:47:51,COMPLETED,GIFT_CARD,USD,2026-06-06 04:47:51
ORD0001428,CUST000303,STORE0002,2026-03-22 14:39:54,CANCELLED,GIFT_CARD,USD,2026-03-24 00:39:54
ORD0001429,CUST000317,STORE0012,2026-03-12 08:26:06,REFUNDED,PAYPAL,USD,2026-03-14 08:26:06
ORD0001430,CUST000129,STORE0003,2026-03-17 14:34:09,COMPLETED,DEBIT_CARD,USD,2026-03-20 06:34:09
ORD0001431,CUST000476,STORE0011,2026-05-27 10:41:50,COMPLETED,PAYPAL,USD,2026-05-30 10:41:50
ORD0001432,CUST000325,STORE0006,2026-06-20 10:48:08,CANCELLED,CREDIT_CARD,USD,2026-06-22 20:48:08
ORD0001433,CUST000377,STORE0003,2026-04-20 20:12:35,COMPLETED,DEBIT_CARD,USD,2026-04-21 11:12:35
ORD0001434,CUST000263,STORE0013,2026-07-28 08:45:59,COMPLETED,PAYPAL,USD,2026-07-31 02:45:59
ORD0001435,CUST000089,STORE0013,2026-04-01 12:00:26,PENDING,GIFT_CARD,USD,2026-04-03 09:00:26
ORD0001436,CUST000259,STORE0006,2026-06-05 14:44:16,COMPLETED,CREDIT_CARD,USD,2026-06-05 18:44:16
ORD0001437,CUST000357,STORE0010,2026-07-23 21:15:04,COMPLETED,CREDIT_CARD,USD,2026-07-25 22:15:04
ORD0001438,CUST000373,STORE0004,2026-07-06 14:00:59,COMPLETED,STORE_CREDIT,USD,2026-07-09 03:00:59
ORD0001439,CUST000296,STORE0010,2026-02-17 11:32:01,COMPLETED,CREDIT_CARD,USD,2026-02-19 05:32:01
ORD0001440,CUST000158,STORE0002,2026-07-14 19:48:07,COMPLETED,STORE_CREDIT,USD,2026-07-17 05:48:07
ORD0001441,CUST000111,STORE0011,2026-02-28 21:36:21,REFUNDED,DEBIT_CARD,USD,2026-03-02 01:36:21
ORD0001442,CUST000395,STORE0007,2026-05-09 14:44:42,COMPLETED,GIFT_CARD,USD,2026-05-10 11:44:42
ORD0001443,CUST000057,STORE0009,2026-04-10 10:15:23,COMPLETED,PAYPAL,USD,2026-04-10 15:15:23
ORD0001444,CUST000143,STORE0006,2026-07-05 11:30:17,REFUNDED,STORE_CREDIT,USD,2026-07-06 22:30:17
ORD0001445,CUST000119,STORE0006,2026-07-26 11:05:30,COMPLETED,GIFT_CARD,USD,2026-07-28 07:05:30
ORD0001446,CUST000142,STORE0002,2026-08-08 09:45:40,COMPLETED,PAYPAL,USD,2026-08-11 04:45:40
ORD0001447,CUST000132,STORE0006,2026-04-12 12:39:26,COMPLETED,CREDIT_CARD,USD,2026-04-14 04:39:26
ORD0001448,CUST000468,STORE0013,2026-02-26 17:13:22,REFUNDED,DEBIT_CARD,USD,2026-03-01 09:13:22
ORD0001449,CUST000020,STORE0002,2026-05-08 17:30:41,REFUNDED,DEBIT_CARD,USD,2026-05-09 12:30:41
ORD0001450,CUST000322,STORE0009,2026-04-20 14:41:44,COMPLETED,STORE_CREDIT,USD,2026-04-21 00:41:44
ORD0001451,CUST000054,STORE0006,2026-05-08 12:17:26,COMPLETED,DEBIT_CARD,USD,2026-05-10 08:17:26
ORD0001452,CUST000423,STORE0007,2026-07-26 19:08:31,COMPLETED,GIFT_CARD,USD,2026-07-27 01:08:31
ORD0001453,CUST000210,STORE0008,2026-07-24 18:09:51,CANCELLED,CREDIT_CARD,USD,2026-07-26 16:09:51
ORD0001454,CUST000497,STORE0006,2026-07-30 21:42:13,CANCELLED,CREDIT_CARD,USD,2026-08-01 04:42:13
ORD0001455,CUST000190,STORE0007,2026-06-16 18:32:17,COMPLETED,CREDIT_CARD,USD,2026-06-18 20:32:17
ORD0001456,CUST000289,STORE0012,2026-07-09 09:38:32,COMPLETED,PAYPAL,USD,2026-07-11 19:38:32
ORD0001457,CUST000310,STORE0013,2026-03-28 13:13:43,COMPLETED,GIFT_CARD,USD,2026-03-30 19:13:43
ORD0001458,CUST000340,STORE0010,2026-06-15 12:28:28,COMPLETED,PAYPAL,USD,2026-06-17 08:28:28
ORD0001459,CUST000428,STORE0005,2026-04-11 20:27:34,COMPLETED,CREDIT_CARD,USD,2026-04-14 11:27:34
ORD0001460,CUST000073,STORE0012,2026-02-14 21:37:17,PENDING,PAYPAL,USD,2026-02-15 03:37:17
ORD0001461,CUST000239,STORE0002,2026-02-27 18:03:07,COMPLETED,GIFT_CARD,USD,2026-03-01 12:03:07
ORD0001462,CUST000338,STORE0005,2026-08-10 16:30:08,COMPLETED,GIFT_CARD,USD,2026-08-12 13:30:08
ORD0001463,CUST000375,STORE0011,2026-06-18 12:06:25,CANCELLED,GIFT_CARD,USD,2026-06-20 06:06:25
ORD0001464,CUST000191,STORE0006,2026-07-05 08:53:49,REFUNDED,PAYPAL,USD,2026-07-07 04:53:49
ORD0001465,CUST000396,STORE0005,2026-07-24 18:07:49,COMPLETED,DEBIT_CARD,USD,2026-07-26 22:07:49
ORD0001466,CUST000228,STORE0001,2026-05-01 08:29:06,COMPLETED,STORE_CREDIT,USD,2026-05-03 11:29:06
ORD0001467,CUST000266,STORE0012,2026-04-10 15:18:23,REFUNDED,CREDIT_CARD,USD,2026-04-12 18:18:23
ORD0001468,CUST000052,STORE0001,2026-03-05 15:22:39,REFUNDED,CREDIT_CARD,USD,2026-03-05 18:22:39
ORD0001469,CUST000092,STORE0009,2026-05-05 13:43:06,COMPLETED,CREDIT_CARD,USD,2026-05-06 08:43:06
ORD0001470,CUST000102,STORE0013,2026-06-03 15:15:23,REFUNDED,STORE_CREDIT,USD,2026-06-05 12:15:23
ORD0001471,CUST000399,STORE0002,2026-04-09 11:51:22,PENDING,DEBIT_CARD,USD,2026-04-10 00:51:22
ORD0001472,CUST000253,STORE0011,2026-05-04 17:14:27,COMPLETED,GIFT_CARD,USD,2026-05-05 21:14:27
ORD0001473,CUST000267,STORE0001,2026-04-05 19:49:54,REFUNDED,CREDIT_CARD,USD,2026-04-05 20:49:54
ORD0001474,CUST000343,STORE0007,2026-04-15 19:30:51,CANCELLED,CREDIT_CARD,USD,2026-04-17 04:30:51
ORD0001475,CUST000220,STORE0010,2026-03-12 09:51:08,REFUNDED,DEBIT_CARD,USD,2026-03-13 01:51:08
ORD0001476,CUST000251,STORE0013,2026-07-28 16:36:51,COMPLETED,STORE_CREDIT,USD,2026-07-30 10:36:51
ORD0001477,CUST000040,STORE0002,2026-06-27 09:51:49,REFUNDED,GIFT_CARD,USD,2026-06-30 05:51:49
ORD0001478,CUST000495,STORE0001,2026-08-08 13:09:03,COMPLETED,STORE_CREDIT,USD,2026-08-11 11:09:03
ORD0001479,CUST000370,STORE0007,2026-06-25 12:49:06,CANCELLED,PAYPAL,USD,2026-06-26 23:49:06
ORD0001480,CUST000057,STORE0003,2026-06-07 10:34:13,COMPLETED,DEBIT_CARD,USD,2026-06-07 11:34:13
ORD0001481,CUST000150,STORE0008,2026-06-17 08:46:36,COMPLETED,PAYPAL,USD,2026-06-19 13:46:36
ORD0001482,CUST000248,STORE0007,2026-07-31 15:44:53,COMPLETED,DEBIT_CARD,USD,2026-08-02 20:44:53
ORD0001483,CUST000199,STORE0005,2026-07-31 13:50:25,COMPLETED,PAYPAL,USD,2026-08-02 19:50:25
ORD0001484,CUST000166,STORE0012,2026-08-08 20:14:38,REFUNDED,PAYPAL,USD,2026-08-08 22:14:38
ORD0001485,CUST000417,STORE0011,2026-03-15 19:38:28,REFUNDED,CREDIT_CARD,USD,2026-03-16 01:38:28
ORD0001486,CUST000201,STORE0008,2026-02-16 15:17:11,COMPLETED,DEBIT_CARD,USD,2026-02-18 09:17:11
ORD0001487,CUST000071,STORE0013,2026-05-12 10:25:50,COMPLETED,DEBIT_CARD,USD,2026-05-13 03:25:50
ORD0001488,CUST000282,STORE0012,2026-06-24 15:23:50,COMPLETED,CREDIT_CARD,USD,2026-06-27 08:23:50
ORD0001489,CUST000189,STORE0009,2026-04-14 20:32:52,COMPLETED,STORE_CREDIT,USD,2026-04-15 20:32:52
ORD0001490,CUST000246,STORE0005,2026-05-11 12:24:36,COMPLETED,CREDIT_CARD,USD,2026-05-13 08:24:36
ORD0001491,CUST000465,STORE0013,2026-03-08 10:58:34,COMPLETED,CREDIT_CARD,USD,2026-03-09 10:58:34
ORD0001492,CUST000478,STORE0004,2026-05-11 20:48:55,CANCELLED,CREDIT_CARD,USD,2026-05-14 06:48:55
ORD0001493,CUST000257,STORE0008,2026-02-28 17:19:04,COMPLETED,PAYPAL,USD,2026-03-02 01:19:04
ORD0001494,CUST000415,STORE0004,2026-07-26 18:35:37,COMPLETED,DEBIT_CARD,USD,2026-07-27 20:35:37
ORD0001495,CUST000238,STORE0011,2026-06-05 21:03:00,COMPLETED,DEBIT_CARD,USD,2026-06-07 08:03:00
ORD0001496,CUST000410,STORE0012,2026-06-10 18:40:42,PENDING,CREDIT_CARD,USD,2026-06-11 23:40:42
ORD0001497,CUST000384,STORE0012,2026-06-09 13:58:48,COMPLETED,GIFT_CARD,USD,2026-06-10 22:58:48
ORD0001498,CUST000274,STORE0001,2026-07-14 12:44:55,COMPLETED,CREDIT_CARD,USD,2026-07-15 15:44:55
ORD0001499,CUST000233,STORE0010,2026-07-13 13:52:37,REFUNDED,PAYPAL,USD,2026-07-15 03:52:37
ORD0001500,CUST000158,STORE0008,2026-05-17 12:43:47,COMPLETED,GIFT_CARD,USD,2026-05-19 17:43:47
ORD0001501,CUST000152,STORE0009,2026-05-11 12:43:01,PENDING,STORE_CREDIT,USD,2026-05-12 14:43:01
ORD0001502,CUST000271,STORE0006,2026-05-31 08:53:27,COMPLETED,PAYPAL,USD,2026-06-01 07:53:27
ORD0001503,CUST000281,STORE0008,2026-02-22 17:49:55,COMPLETED,PAYPAL,USD,2026-02-25 01:49:55
ORD0001504,CUST000209,STORE0003,2026-05-21 11:31:29,CANCELLED,PAYPAL,USD,2026-05-22 10:31:29
ORD0001505,CUST000123,STORE0006,2026-03-17 10:35:38,COMPLETED,DEBIT_CARD,USD,2026-03-18 08:35:38
ORD0001506,CUST000398,STORE0004,2026-02-27 20:09:13,CANCELLED,GIFT_CARD,USD,2026-03-01 01:09:13
ORD0001507,CUST000456,STORE0001,2026-05-21 17:16:45,COMPLETED,PAYPAL,USD,2026-05-21 17:16:45
ORD0001508,CUST000072,STORE0010,2026-05-03 09:08:32,COMPLETED,PAYPAL,USD,2026-05-04 16:08:32
ORD0001509,CUST000400,STORE0006,2026-04-17 09:07:37,REFUNDED,CREDIT_CARD,USD,2026-04-20 03:07:37
ORD0001510,CUST000074,STORE0009,2026-02-15 13:15:28,COMPLETED,DEBIT_CARD,USD,2026-02-17 03:15:28
ORD0001511,CUST000492,STORE0008,2026-07-03 14:01:43,COMPLETED,DEBIT_CARD,USD,2026-07-03 19:01:43
ORD0001512,CUST000463,STORE0006,2026-07-07 14:26:59,COMPLETED,STORE_CREDIT,USD,2026-07-08 06:26:59
ORD0001513,CUST000081,STORE0013,2026-05-04 17:23:51,COMPLETED,STORE_CREDIT,USD,2026-05-05 15:23:51
ORD0001514,CUST000260,STORE0001,2026-06-14 08:01:20,COMPLETED,DEBIT_CARD,USD,2026-06-14 13:01:20
ORD0001515,CUST000375,STORE0012,2026-07-31 20:00:05,REFUNDED,GIFT_CARD,USD,2026-08-03 10:00:05
ORD0001516,CUST000256,STORE0010,2026-03-21 18:55:44,COMPLETED,GIFT_CARD,USD,2026-03-22 01:55:44
ORD0001517,CUST000208,STORE0011,2026-08-07 17:28:16,COMPLETED,CREDIT_CARD,USD,2026-08-08 14:28:16
ORD0001518,CUST000393,STORE0006,2026-04-29 19:34:59,PENDING,DEBIT_CARD,USD,2026-04-30 19:34:59
ORD0001519,CUST000462,STORE0004,2026-08-09 16:13:25,CANCELLED,PAYPAL,USD,2026-08-09 17:13:25
ORD0001520,CUST000305,STORE0003,2026-04-13 10:25:31,COMPLETED,STORE_CREDIT,USD,2026-04-14 20:25:31
ORD0001521,CUST000049,STORE0006,2026-02-25 19:06:36,COMPLETED,STORE_CREDIT,USD,2026-02-28 10:06:36
ORD0001522,CUST000290,STORE0008,2026-02-14 21:17:36,REFUNDED,PAYPAL,USD,2026-02-15 22:17:36
ORD0001523,CUST000466,STORE0006,2026-05-07 20:07:04,COMPLETED,STORE_CREDIT,USD,2026-05-08 23:07:04
ORD0001524,CUST000426,STORE0008,2026-05-02 19:54:07,PENDING,DEBIT_CARD,USD,2026-05-04 10:54:07
ORD0001525,CUST000082,STORE0007,2026-03-19 13:38:05,CANCELLED,DEBIT_CARD,USD,2026-03-22 10:38:05
ORD0001526,CUST000331,STORE0007,2026-06-12 15:10:56,PENDING,GIFT_CARD,USD,2026-06-14 00:10:56
ORD0001527,CUST000441,STORE0005,2026-07-23 15:33:31,COMPLETED,GIFT_CARD,USD,2026-07-25 15:33:31
ORD0001528,CUST000347,STORE0011,2026-02-25 21:10:39,CANCELLED,DEBIT_CARD,USD,2026-02-26 03:10:39
ORD0001529,CUST000065,STORE0005,2026-06-14 17:55:26,COMPLETED,CREDIT_CARD,USD,2026-06-14 20:55:26
ORD0001530,CUST000066,STORE0005,2026-03-28 14:24:44,PENDING,DEBIT_CARD,USD,2026-03-29 07:24:44
ORD0001531,CUST000305,STORE0013,2026-03-07 19:17:59,PENDING,CREDIT_CARD,USD,2026-03-08 02:17:59
ORD0001532,CUST000034,STORE0005,2026-06-19 21:21:26,CANCELLED,CREDIT_CARD,USD,2026-06-19 22:21:26
ORD0001533,CUST000313,STORE0009,2026-04-24 15:51:19,COMPLETED,STORE_CREDIT,USD,2026-04-25 11:51:19
ORD0001534,CUST000247,STORE0013,2026-06-16 20:59:05,COMPLETED,STORE_CREDIT,USD,2026-06-18 03:59:05
ORD0001535,CUST000084,STORE0012,2026-05-02 15:46:49,COMPLETED,GIFT_CARD,USD,2026-05-04 18:46:49
ORD0001536,CUST000295,STORE0001,2026-08-13 18:03:27,COMPLETED,PAYPAL,USD,2026-08-16 04:03:27
ORD0001537,CUST000258,STORE0008,2026-04-18 21:47:45,COMPLETED,GIFT_CARD,USD,2026-04-20 13:47:45
ORD0001538,CUST000377,STORE0007,2026-06-07 13:51:55,COMPLETED,STORE_CREDIT,USD,2026-06-08 17:51:55
ORD0001539,CUST000010,STORE0005,2026-05-06 21:13:47,PENDING,GIFT_CARD,USD,2026-05-07 20:13:47
ORD0001540,CUST000234,STORE0004,2026-04-18 21:51:52,CANCELLED,DEBIT_CARD,USD,2026-04-19 09:51:52
ORD0001541,CUST000323,STORE0011,2026-04-08 08:11:14,COMPLETED,CREDIT_CARD,USD,2026-04-09 23:11:14
ORD0001542,CUST000029,STORE0004,2026-04-13 13:02:20,COMPLETED,CREDIT_CARD,USD,2026-04-15 16:02:20
ORD0001543,CUST000250,STORE0012,2026-03-08 13:22:20,CANCELLED,CREDIT_CARD,USD,2026-03-11 04:22:20
ORD0001544,CUST000202,STORE0005,2026-03-04 09:37:39,COMPLETED,GIFT_CARD,USD,2026-03-06 08:37:39
ORD0001545,CUST000454,STORE0006,2026-02-19 13:45:47,COMPLETED,STORE_CREDIT,USD,2026-02-21 04:45:47
ORD0001546,CUST000068,STORE0005,2026-05-29 11:01:53,PENDING,CREDIT_CARD,USD,2026-05-31 18:01:53
ORD0001547,CUST000005,STORE0013,2026-02-14 15:27:04,COMPLETED,GIFT_CARD,USD,2026-02-14 20:27:04
ORD0001548,CUST000257,STORE0013,2026-05-16 18:41:26,CANCELLED,PAYPAL,USD,2026-05-19 03:41:26
ORD0001549,CUST000146,STORE0013,2026-05-31 19:06:54,COMPLETED,STORE_CREDIT,USD,2026-06-01 22:06:54
ORD0001550,CUST000276,STORE0010,2026-04-08 08:17:51,COMPLETED,PAYPAL,USD,2026-04-08 22:17:51
ORD0001551,CUST000024,STORE0006,2026-07-24 08:42:37,COMPLETED,PAYPAL,USD,2026-07-26 02:42:37
ORD0001552,CUST000001,STORE0012,2026-07-27 16:07:43,REFUNDED,PAYPAL,USD,2026-07-29 05:07:43
ORD0001553,CUST000145,STORE0001,2026-06-13 16:14:46,REFUNDED,STORE_CREDIT,USD,2026-06-13 19:14:46
ORD0001554,CUST000267,STORE0013,2026-07-17 17:40:36,COMPLETED,GIFT_CARD,USD,2026-07-18 06:40:36
ORD0001555,CUST000237,STORE0002,2026-04-21 14:30:16,CANCELLED,PAYPAL,USD,2026-04-21 18:30:16
ORD0001556,CUST000458,STORE0002,2026-03-07 14:19:22,COMPLETED,GIFT_CARD,USD,2026-03-07 19:19:22
ORD0001557,CUST000108,STORE0010,2026-03-23 08:46:02,COMPLETED,STORE_CREDIT,USD,2026-03-25 04:46:02
ORD0001558,CUST000347,STORE0004,2026-03-11 14:31:44,CANCELLED,CREDIT_CARD,USD,2026-03-14 03:31:44
ORD0001559,CUST000437,STORE0002,2026-03-22 12:42:03,COMPLETED,GIFT_CARD,USD,2026-03-24 11:42:03
ORD0001560,CUST000152,STORE0010,2026-02-22 16:47:46,COMPLETED,STORE_CREDIT,USD,2026-02-25 16:47:46
ORD0001561,CUST000396,STORE0005,2026-04-18 16:14:49,REFUNDED,CREDIT_CARD,USD,2026-04-18 23:14:49
ORD0001562,CUST000315,STORE0005,2026-07-22 11:01:31,REFUNDED,CREDIT_CARD,USD,2026-07-23 22:01:31
ORD0001563,CUST000199,STORE0003,2026-06-25 17:31:44,COMPLETED,CREDIT_CARD,USD,2026-06-27 14:31:44
ORD0001564,CUST000029,STORE0001,2026-03-28 10:15:02,COMPLETED,GIFT_CARD,USD,2026-03-29 14:15:02
ORD0001565,CUST000435,STORE0002,2026-04-02 13:05:42,COMPLETED,STORE_CREDIT,USD,2026-04-05 07:05:42
ORD0001566,CUST000207,STORE0007,2026-02-25 19:34:51,COMPLETED,DEBIT_CARD,USD,2026-02-26 18:34:51
ORD0001567,CUST000299,STORE0009,2026-05-22 20:12:26,COMPLETED,DEBIT_CARD,USD,2026-05-24 13:12:26
ORD0001568,CUST000156,STORE0003,2026-02-17 10:10:51,COMPLETED,DEBIT_CARD,USD,2026-02-20 09:10:51
ORD0001569,CUST000037,STORE0004,2026-06-12 11:29:04,COMPLETED,CREDIT_CARD,USD,2026-06-14 09:29:04
ORD0001570,CUST000468,STORE0009,2026-02-22 19:09:24,REFUNDED,STORE_CREDIT,USD,2026-02-24 19:09:24
ORD0001571,CUST000401,STORE0013,2026-03-09 21:32:36,PENDING,CREDIT_CARD,USD,2026-03-10 12:32:36
ORD0001572,CUST000210,STORE0009,2026-07-05 18:49:13,COMPLETED,CREDIT_CARD,USD,2026-07-06 02:49:13
ORD0001573,CUST000036,STORE0009,2026-03-12 09:54:54,CANCELLED,GIFT_CARD,USD,2026-03-12 22:54:54
ORD0001574,CUST000119,STORE0003,2026-05-05 18:07:28,PENDING,GIFT_CARD,USD,2026-05-05 18:07:28
ORD0001575,CUST000294,STORE0012,2026-04-25 20:03:51,COMPLETED,CREDIT_CARD,USD,2026-04-28 06:03:51
ORD0001576,CUST000012,STORE0004,2026-03-12 12:51:51,COMPLETED,GIFT_CARD,USD,2026-03-14 13:51:51
ORD0001577,CUST000168,STORE0011,2026-06-14 17:17:50,COMPLETED,GIFT_CARD,USD,2026-06-17 03:17:50
ORD0001578,CUST000136,STORE0005,2026-07-22 18:37:39,CANCELLED,CREDIT_CARD,USD,2026-07-25 03:37:39
ORD0001579,CUST000315,STORE0005,2026-03-08 10:52:40,COMPLETED,CREDIT_CARD,USD,2026-03-10 00:52:40
ORD0001580,CUST000389,STORE0013,2026-06-09 13:14:04,REFUNDED,CREDIT_CARD,USD,2026-06-12 12:14:04
ORD0001581,CUST000019,STORE0002,2026-02-20 16:38:25,REFUNDED,GIFT_CARD,USD,2026-02-22 10:38:25
ORD0001582,CUST000032,STORE0005,2026-06-06 12:33:25,COMPLETED,STORE_CREDIT,USD,2026-06-08 02:33:25
ORD0001583,CUST000240,STORE0001,2026-07-30 11:25:51,COMPLETED,CREDIT_CARD,USD,2026-07-30 14:25:51
ORD0001584,CUST000104,STORE0001,2026-06-07 16:06:07,COMPLETED,CREDIT_CARD,USD,2026-06-10 00:06:07
ORD0001585,CUST000138,STORE0005,2026-04-30 09:51:22,COMPLETED,PAYPAL,USD,2026-05-02 15:51:22
ORD0001586,CUST000156,STORE0011,2026-07-08 19:26:44,COMPLETED,DEBIT_CARD,USD,2026-07-10 18:26:44
ORD0001587,CUST000420,STORE0004,2026-04-14 13:15:58,COMPLETED,GIFT_CARD,USD,2026-04-14 20:15:58
ORD0001588,CUST000368,STORE0002,2026-07-21 15:41:53,COMPLETED,CREDIT_CARD,USD,2026-07-22 21:41:53
ORD0001589,CUST000440,STORE0006,2026-08-02 11:53:39,COMPLETED,PAYPAL,USD,2026-08-05 00:53:39
ORD0001590,CUST000296,STORE0004,2026-03-17 20:30:58,CANCELLED,PAYPAL,USD,2026-03-19 21:30:58
ORD0001591,CUST000174,STORE0001,2026-05-25 19:51:37,CANCELLED,GIFT_CARD,USD,2026-05-26 19:51:37
ORD0001592,CUST000322,STORE0011,2026-05-08 13:31:00,PENDING,STORE_CREDIT,USD,2026-05-09 18:31:00
ORD0001593,CUST000299,STORE0003,2026-05-17 13:08:38,PENDING,GIFT_CARD,USD,2026-05-17 20:08:38
ORD0001594,CUST000025,STORE0011,2026-03-06 20:50:52,COMPLETED,CREDIT_CARD,USD,2026-03-07 03:50:52
ORD0001595,CUST000320,STORE0011,2026-06-25 09:08:05,PENDING,CREDIT_CARD,USD,2026-06-26 14:08:05
ORD0001596,CUST000099,STORE0009,2026-05-02 18:24:53,CANCELLED,STORE_CREDIT,USD,2026-05-03 00:24:53
ORD0001597,CUST000322,STORE0004,2026-07-24 14:54:57,COMPLETED,PAYPAL,USD,2026-07-26 06:54:57
ORD0001598,CUST000272,STORE0009,2026-03-20 10:01:26,COMPLETED,STORE_CREDIT,USD,2026-03-20 20:01:26
ORD0001599,CUST000098,STORE0007,2026-04-22 20:07:44,REFUNDED,STORE_CREDIT,USD,2026-04-25 03:07:44
ORD0001600,CUST000313,STORE0010,2026-03-02 14:54:29,COMPLETED,CREDIT_CARD,USD,2026-03-04 01:54:29
ORD0001601,CUST000461,STORE0009,2026-03-24 18:51:25,PENDING,CREDIT_CARD,USD,2026-03-27 04:51:25
ORD0001602,CUST000310,STORE0010,2026-07-09 13:54:55,COMPLETED,GIFT_CARD,USD,2026-07-10 12:54:55
ORD0001603,CUST000155,STORE0011,2026-06-27 12:48:15,PENDING,STORE_CREDIT,USD,2026-06-29 18:48:15
ORD0001604,CUST000132,STORE0001,2026-07-18 19:33:01,COMPLETED,PAYPAL,USD,2026-07-21 18:33:01
ORD0001605,CUST000395,STORE0011,2026-05-24 19:56:10,PENDING,STORE_CREDIT,USD,2026-05-27 08:56:10
ORD0001606,CUST000366,STORE0012,2026-04-23 14:15:29,COMPLETED,PAYPAL,USD,2026-04-24 04:15:29
ORD0001607,CUST000075,STORE0004,2026-05-07 16:19:04,CANCELLED,DEBIT_CARD,USD,2026-05-07 16:19:04
ORD0001608,CUST000370,STORE0008,2026-07-10 11:38:53,COMPLETED,STORE_CREDIT,USD,2026-07-13 01:38:53
ORD0001609,CUST000418,STORE0003,2026-04-20 19:28:17,REFUNDED,CREDIT_CARD,USD,2026-04-21 05:28:17
ORD0001610,CUST000473,STORE0008,2026-02-17 11:45:33,COMPLETED,GIFT_CARD,USD,2026-02-18 05:45:33
ORD0001611,CUST000150,STORE0012,2026-03-27 11:13:01,PENDING,STORE_CREDIT,USD,2026-03-27 12:13:01
ORD0001612,CUST000486,STORE0009,2026-08-12 10:36:10,REFUNDED,STORE_CREDIT,USD,2026-08-13 18:36:10
ORD0001613,CUST000443,STORE0003,2026-03-14 08:56:30,REFUNDED,STORE_CREDIT,USD,2026-03-17 02:56:30
ORD0001614,CUST000219,STORE0006,2026-04-29 16:22:09,COMPLETED,PAYPAL,USD,2026-04-29 16:22:09
ORD0001615,CUST000282,STORE0005,2026-03-21 16:30:16,PENDING,PAYPAL,USD,2026-03-22 00:30:16
ORD0001616,CUST000375,STORE0006,2026-05-15 13:05:43,REFUNDED,CREDIT_CARD,USD,2026-05-15 15:05:43
ORD0001617,CUST000069,STORE0003,2026-04-16 13:02:09,REFUNDED,DEBIT_CARD,USD,2026-04-19 08:02:09
ORD0001618,CUST000450,STORE0011,2026-04-25 11:29:21,PENDING,STORE_CREDIT,USD,2026-04-26 13:29:21
ORD0001619,CUST000490,STORE0009,2026-02-21 21:38:07,PENDING,PAYPAL,USD,2026-02-24 02:38:07
ORD0001620,CUST000314,STORE0007,2026-07-06 15:46:43,COMPLETED,DEBIT_CARD,USD,2026-07-06 16:46:43
ORD0001621,CUST000130,STORE0002,2026-02-18 14:06:27,COMPLETED,STORE_CREDIT,USD,2026-02-19 23:06:27
ORD0001622,CUST000052,STORE0006,2026-07-31 09:31:26,COMPLETED,STORE_CREDIT,USD,2026-08-01 03:31:26
ORD0001623,CUST000294,STORE0012,2026-05-31 09:46:46,PENDING,CREDIT_CARD,USD,2026-06-01 09:46:46
ORD0001624,CUST000358,STORE0004,2026-08-11 10:08:42,PENDING,CREDIT_CARD,USD,2026-08-14 08:08:42
ORD0001625,CUST000228,STORE0011,2026-05-02 11:22:58,COMPLETED,GIFT_CARD,USD,2026-05-02 18:22:58
ORD0001626,CUST000024,STORE0013,2026-03-13 09:07:58,COMPLETED,GIFT_CARD,USD,2026-03-14 05:07:58
ORD0001627,CUST000229,STORE0012,2026-07-03 16:34:11,COMPLETED,DEBIT_CARD,USD,2026-07-03 21:34:11
ORD0001628,CUST000497,STORE0004,2026-02-19 12:58:22,PENDING,STORE_CREDIT,USD,2026-02-22 08:58:22
ORD0001629,CUST000222,STORE0002,2026-05-04 21:57:08,COMPLETED,GIFT_CARD,USD,2026-05-06 01:57:08
ORD0001630,CUST000349,STORE0004,2026-06-08 17:51:35,COMPLETED,GIFT_CARD,USD,2026-06-08 19:51:35
ORD0001631,CUST000282,STORE0010,2026-05-16 16:36:29,COMPLETED,GIFT_CARD,USD,2026-05-17 05:36:29
ORD0001632,CUST000264,STORE0004,2026-04-24 15:27:43,REFUNDED,DEBIT_CARD,USD,2026-04-25 00:27:43
ORD0001633,CUST000055,STORE0012,2026-03-15 19:15:46,PENDING,STORE_CREDIT,USD,2026-03-18 08:15:46
ORD0001634,CUST000249,STORE0012,2026-07-02 16:43:22,PENDING,STORE_CREDIT,USD,2026-07-03 10:43:22
ORD0001635,CUST000396,STORE0013,2026-04-21 20:15:36,COMPLETED,DEBIT_CARD,USD,2026-04-23 22:15:36
ORD0001636,CUST000122,STORE0008,2026-07-14 12:39:37,CANCELLED,GIFT_CARD,USD,2026-07-16 02:39:37
ORD0001637,CUST000446,STORE0013,2026-05-04 12:07:54,COMPLETED,PAYPAL,USD,2026-05-06 21:07:54
ORD0001638,CUST000119,STORE0005,2026-06-09 21:22:36,COMPLETED,CREDIT_CARD,USD,2026-06-11 23:22:36
ORD0001639,CUST000237,STORE0013,2026-07-19 19:50:36,COMPLETED,STORE_CREDIT,USD,2026-07-21 17:50:36
ORD0001640,CUST000157,STORE0011,2026-02-23 15:53:44,COMPLETED,PAYPAL,USD,2026-02-23 22:53:44
ORD0001641,CUST000014,STORE0011,2026-07-24 08:31:32,CANCELLED,PAYPAL,USD,2026-07-25 11:31:32
ORD0001642,CUST000463,STORE0004,2026-05-29 17:37:38,COMPLETED,STORE_CREDIT,USD,2026-05-30 09:37:38
ORD0001643,CUST000392,STORE0003,2026-08-07 20:25:20,COMPLETED,PAYPAL,USD,2026-08-08 16:25:20
ORD0001644,CUST000061,STORE0005,2026-07-23 15:09:16,CANCELLED,DEBIT_CARD,USD,2026-07-23 21:09:16
ORD0001645,CUST000039,STORE0005,2026-06-02 20:39:21,COMPLETED,GIFT_CARD,USD,2026-06-04 03:39:21
ORD0001646,CUST000022,STORE0003,2026-02-23 08:26:07,COMPLETED,CREDIT_CARD,USD,2026-02-24 16:26:07
ORD0001647,CUST000185,STORE0010,2026-04-25 20:30:51,COMPLETED,DEBIT_CARD,USD,2026-04-26 10:30:51
ORD0001648,CUST000048,STORE0011,2026-03-23 15:43:46,PENDING,PAYPAL,USD,2026-03-23 16:43:46
ORD0001649,CUST000079,STORE0003,2026-03-24 16:41:15,REFUNDED,GIFT_CARD,USD,2026-03-24 19:41:15
ORD0001650,CUST000190,STORE0006,2026-05-07 20:21:37,COMPLETED,DEBIT_CARD,USD,2026-05-08 02:21:37
ORD0001651,CUST000371,STORE0010,2026-03-01 12:43:52,COMPLETED,CREDIT_CARD,USD,2026-03-01 16:43:52
ORD0001652,CUST000073,STORE0007,2026-07-08 08:11:43,COMPLETED,CREDIT_CARD,USD,2026-07-09 03:11:43
ORD0001653,CUST000222,STORE0011,2026-06-12 08:58:46,COMPLETED,CREDIT_CARD,USD,2026-06-14 03:58:46
ORD0001654,CUST000130,STORE0005,2026-07-20 08:29:27,CANCELLED,DEBIT_CARD,USD,2026-07-22 20:29:27
ORD0001655,CUST000081,STORE0010,2026-05-21 20:41:39,COMPLETED,CREDIT_CARD,USD,2026-05-22 10:41:39
ORD0001656,CUST000228,STORE0012,2026-04-26 10:29:49,COMPLETED,GIFT_CARD,USD,2026-04-28 02:29:49
ORD0001657,CUST000281,STORE0003,2026-03-01 14:12:09,COMPLETED,CREDIT_CARD,USD,2026-03-04 08:12:09
ORD0001658,CUST000420,STORE0012,2026-02-18 18:27:56,PENDING,PAYPAL,USD,2026-02-20 03:27:56
ORD0001659,CUST000176,STORE0003,2026-05-17 15:13:28,CANCELLED,GIFT_CARD,USD,2026-05-20 02:13:28
ORD0001660,CUST000140,STORE0007,2026-05-06 15:29:29,PENDING,PAYPAL,USD,2026-05-06 21:29:29
ORD0001661,CUST000489,STORE0003,2026-07-03 12:09:25,CANCELLED,STORE_CREDIT,USD,2026-07-03 19:09:25
ORD0001662,CUST000037,STORE0012,2026-07-28 20:24:16,COMPLETED,CREDIT_CARD,USD,2026-07-31 04:24:16
ORD0001663,CUST000265,STORE0007,2026-02-22 13:24:46,REFUNDED,STORE_CREDIT,USD,2026-02-24 15:24:46
ORD0001664,CUST000242,STORE0010,2026-05-19 18:04:09,COMPLETED,DEBIT_CARD,USD,2026-05-22 13:04:09
ORD0001665,CUST000044,STORE0010,2026-07-06 18:16:35,COMPLETED,PAYPAL,USD,2026-07-09 12:16:35
ORD0001666,CUST000264,STORE0013,2026-08-08 14:31:55,COMPLETED,DEBIT_CARD,USD,2026-08-10 12:31:55
ORD0001667,CUST000029,STORE0008,2026-04-28 08:18:14,COMPLETED,STORE_CREDIT,USD,2026-04-30 14:18:14
ORD0001668,CUST000043,STORE0011,2026-02-27 13:04:05,COMPLETED,CREDIT_CARD,USD,2026-02-27 13:04:05
ORD0001669,CUST000148,STORE0010,2026-06-15 10:43:48,REFUNDED,STORE_CREDIT,USD,2026-06-16 15:43:48
ORD0001670,CUST000318,STORE0008,2026-05-18 17:50:38,COMPLETED,PAYPAL,USD,2026-05-20 03:50:38
ORD0001671,CUST000159,STORE0005,2026-03-28 13:09:24,REFUNDED,DEBIT_CARD,USD,2026-03-29 22:09:24
ORD0001672,CUST000399,STORE0012,2026-04-09 15:18:02,PENDING,CREDIT_CARD,USD,2026-04-11 13:18:02
ORD0001673,CUST000195,STORE0009,2026-03-15 19:43:57,COMPLETED,STORE_CREDIT,USD,2026-03-15 19:43:57
ORD0001674,CUST000235,STORE0005,2026-07-17 18:02:51,COMPLETED,GIFT_CARD,USD,2026-07-20 12:02:51
ORD0001675,CUST000030,STORE0004,2026-05-11 16:25:10,COMPLETED,GIFT_CARD,USD,2026-05-11 21:25:10
ORD0001676,CUST000133,STORE0006,2026-04-17 13:09:28,REFUNDED,CREDIT_CARD,USD,2026-04-18 02:09:28
ORD0001677,CUST000343,STORE0012,2026-05-07 17:14:52,COMPLETED,DEBIT_CARD,USD,2026-05-08 02:14:52
ORD0001678,CUST000371,STORE0012,2026-04-05 18:17:44,PENDING,CREDIT_CARD,USD,2026-04-08 14:17:44
ORD0001679,CUST000152,STORE0009,2026-03-27 21:36:33,PENDING,STORE_CREDIT,USD,2026-03-30 10:36:33
ORD0001680,CUST000479,STORE0008,2026-03-12 15:46:35,COMPLETED,DEBIT_CARD,USD,2026-03-15 03:46:35
ORD0001681,CUST000173,STORE0009,2026-02-26 20:17:22,PENDING,STORE_CREDIT,USD,2026-02-27 14:17:22
ORD0001682,CUST000278,STORE0009,2026-06-12 15:21:18,COMPLETED,STORE_CREDIT,USD,2026-06-14 09:21:18
ORD0001683,CUST000121,STORE0005,2026-02-15 09:58:39,COMPLETED,PAYPAL,USD,2026-02-16 12:58:39
ORD0001684,CUST000431,STORE0005,2026-06-29 12:50:18,COMPLETED,PAYPAL,USD,2026-06-30 19:50:18
ORD0001685,CUST000068,STORE0012,2026-04-16 21:57:03,PENDING,CREDIT_CARD,USD,2026-04-19 08:57:03
ORD0001686,CUST000231,STORE0011,2026-05-01 11:15:03,COMPLETED,DEBIT_CARD,USD,2026-05-03 19:15:03
ORD0001687,CUST000097,STORE0002,2026-03-12 10:40:04,COMPLETED,CREDIT_CARD,USD,2026-03-15 07:40:04
ORD0001688,CUST000214,STORE0002,2026-05-06 19:56:19,COMPLETED,GIFT_CARD,USD,2026-05-09 12:56:19
ORD0001689,CUST000477,STORE0001,2026-03-28 18:54:35,REFUNDED,DEBIT_CARD,USD,2026-03-31 12:54:35
ORD0001690,CUST000268,STORE0012,2026-07-02 14:27:37,COMPLETED,STORE_CREDIT,USD,2026-07-04 06:27:37
ORD0001691,CUST000390,STORE0005,2026-03-30 16:32:56,COMPLETED,GIFT_CARD,USD,2026-04-02 12:32:56
ORD0001692,CUST000086,STORE0010,2026-07-02 16:55:57,COMPLETED,DEBIT_CARD,USD,2026-07-03 03:55:57
ORD0001693,CUST000222,STORE0007,2026-06-27 14:18:08,PENDING,PAYPAL,USD,2026-06-29 22:18:08
ORD0001694,CUST000074,STORE0009,2026-06-12 19:24:01,REFUNDED,DEBIT_CARD,USD,2026-06-14 02:24:01
ORD0001695,CUST000138,STORE0008,2026-03-06 19:00:26,COMPLETED,DEBIT_CARD,USD,2026-03-09 15:00:26
ORD0001696,CUST000176,STORE0007,2026-03-30 11:41:08,PENDING,PAYPAL,USD,2026-04-01 20:41:08
ORD0001697,CUST000241,STORE0004,2026-03-01 10:49:29,COMPLETED,DEBIT_CARD,USD,2026-03-02 02:49:29
ORD0001698,CUST000498,STORE0003,2026-05-09 13:21:18,COMPLETED,STORE_CREDIT,USD,2026-05-12 07:21:18
ORD0001699,CUST000054,STORE0007,2026-06-16 16:34:54,COMPLETED,STORE_CREDIT,USD,2026-06-18 14:34:54
ORD0001700,CUST000448,STORE0006,2026-05-22 17:00:19,COMPLETED,GIFT_CARD,USD,2026-05-25 10:00:19
ORD0001701,CUST000309,STORE0006,2026-05-15 16:29:58,REFUNDED,CREDIT_CARD,USD,2026-05-18 00:29:58
ORD0001702,CUST000315,STORE0005,2026-05-05 17:53:37,REFUNDED,DEBIT_CARD,USD,2026-05-07 04:53:37
ORD0001703,CUST000044,STORE0003,2026-02-26 11:55:15,CANCELLED,CREDIT_CARD,USD,2026-03-01 04:55:15
ORD0001704,CUST000028,STORE0006,2026-07-04 20:04:02,CANCELLED,CREDIT_CARD,USD,2026-07-04 22:04:02
ORD0001705,CUST000011,STORE0003,2026-07-26 18:28:31,COMPLETED,PAYPAL,USD,2026-07-29 11:28:31
ORD0001706,CUST000221,STORE0011,2026-07-22 13:29:44,CANCELLED,GIFT_CARD,USD,2026-07-24 02:29:44
ORD0001707,CUST000456,STORE0005,2026-03-05 16:14:39,COMPLETED,GIFT_CARD,USD,2026-03-06 12:14:39
ORD0001708,CUST000478,STORE0001,2026-06-10 18:49:33,REFUNDED,DEBIT_CARD,USD,2026-06-13 10:49:33
ORD0001709,CUST000192,STORE0008,2026-04-30 19:18:20,COMPLETED,DEBIT_CARD,USD,2026-05-01 02:18:20
ORD0001710,CUST000392,STORE0010,2026-04-22 15:12:01,CANCELLED,DEBIT_CARD,USD,2026-04-25 13:12:01
ORD0001711,CUST000350,STORE0004,2026-03-30 19:59:05,PENDING,GIFT_CARD,USD,2026-03-31 16:59:05
ORD0001712,CUST000409,STORE0012,2026-03-08 21:35:57,COMPLETED,DEBIT_CARD,USD,2026-03-10 19:35:57
ORD0001713,CUST000245,STORE0010,2026-04-19 09:08:51,REFUNDED,DEBIT_CARD,USD,2026-04-20 15:08:51
ORD0001714,CUST000305,STORE0002,2026-03-15 11:51:19,REFUNDED,GIFT_CARD,USD,2026-03-16 16:51:19
ORD0001715,CUST000280,STORE0007,2026-03-08 10:31:15,COMPLETED,CREDIT_CARD,USD,2026-03-09 02:31:15
ORD0001716,CUST000149,STORE0010,2026-05-03 16:02:10,CANCELLED,STORE_CREDIT,USD,2026-05-06 11:02:10
ORD0001717,CUST000297,STORE0007,2026-08-06 14:19:51,COMPLETED,DEBIT_CARD,USD,2026-08-07 10:19:51
ORD0001718,CUST000303,STORE0001,2026-06-25 10:04:42,COMPLETED,GIFT_CARD,USD,2026-06-26 10:04:42
ORD0001719,CUST000452,STORE0011,2026-05-27 15:03:19,REFUNDED,PAYPAL,USD,2026-05-27 23:03:19
ORD0001720,CUST000289,STORE0002,2026-07-22 09:56:32,PENDING,GIFT_CARD,USD,2026-07-24 22:56:32
ORD0001721,CUST000401,STORE0003,2026-02-19 20:56:15,COMPLETED,STORE_CREDIT,USD,2026-02-21 05:56:15
ORD0001722,CUST000030,STORE0012,2026-06-20 15:22:48,REFUNDED,GIFT_CARD,USD,2026-06-21 10:22:48
ORD0001723,CUST000340,STORE0008,2026-07-28 16:46:04,COMPLETED,GIFT_CARD,USD,2026-07-28 23:46:04
ORD0001724,CUST000205,STORE0008,2026-02-19 08:22:38,CANCELLED,PAYPAL,USD,2026-02-20 19:22:38
ORD0001725,CUST000268,STORE0001,2026-02-20 17:31:55,COMPLETED,CREDIT_CARD,USD,2026-02-22 04:31:55
ORD0001726,CUST000208,STORE0006,2026-06-30 20:31:18,COMPLETED,STORE_CREDIT,USD,2026-07-03 17:31:18
ORD0001727,CUST000296,STORE0008,2026-04-02 10:33:54,COMPLETED,DEBIT_CARD,USD,2026-04-05 07:33:54
ORD0001728,CUST000216,STORE0013,2026-02-20 11:58:19,CANCELLED,DEBIT_CARD,USD,2026-02-21 08:58:19
ORD0001729,CUST000289,STORE0011,2026-04-04 10:15:34,COMPLETED,GIFT_CARD,USD,2026-04-04 14:15:34
ORD0001730,CUST000484,STORE0012,2026-04-23 09:25:14,COMPLETED,DEBIT_CARD,USD,2026-04-23 20:25:14
ORD0001731,CUST000456,STORE0003,2026-07-11 15:30:25,COMPLETED,GIFT_CARD,USD,2026-07-12 06:30:25
ORD0001732,CUST000041,STORE0006,2026-06-06 10:34:07,REFUNDED,DEBIT_CARD,USD,2026-06-08 01:34:07
ORD0001733,CUST000039,STORE0002,2026-06-26 17:10:25,REFUNDED,GIFT_CARD,USD,2026-06-26 19:10:25
ORD0001734,CUST000466,STORE0005,2026-03-30 19:25:32,COMPLETED,STORE_CREDIT,USD,2026-04-01 19:25:32
ORD0001735,CUST000352,STORE0006,2026-04-26 13:54:36,COMPLETED,PAYPAL,USD,2026-04-28 17:54:36
ORD0001736,CUST000048,STORE0010,2026-05-30 18:08:09,COMPLETED,DEBIT_CARD,USD,2026-05-31 13:08:09
ORD0001737,CUST000403,STORE0001,2026-07-12 13:53:43,REFUNDED,CREDIT_CARD,USD,2026-07-14 22:53:43
ORD0001738,CUST000397,STORE0001,2026-04-16 12:52:33,REFUNDED,STORE_CREDIT,USD,2026-04-17 20:52:33
ORD0001739,CUST000354,STORE0007,2026-03-30 20:31:59,CANCELLED,STORE_CREDIT,USD,2026-04-01 14:31:59
ORD0001740,CUST000489,STORE0006,2026-04-20 12:39:47,COMPLETED,STORE_CREDIT,USD,2026-04-22 18:39:47
ORD0001741,CUST000385,STORE0012,2026-06-15 21:44:44,COMPLETED,DEBIT_CARD,USD,2026-06-18 04:44:44
ORD0001742,CUST000456,STORE0012,2026-03-03 18:28:13,COMPLETED,PAYPAL,USD,2026-03-05 09:28:13
ORD0001743,CUST000418,STORE0007,2026-04-09 16:14:52,COMPLETED,GIFT_CARD,USD,2026-04-11 22:14:52
ORD0001744,CUST000365,STORE0010,2026-04-27 18:41:21,COMPLETED,CREDIT_CARD,USD,2026-04-29 21:41:21
ORD0001745,CUST000437,STORE0005,2026-03-30 18:45:57,REFUNDED,GIFT_CARD,USD,2026-04-01 01:45:57
ORD0001746,CUST000338,STORE0008,2026-07-10 16:07:42,COMPLETED,DEBIT_CARD,USD,2026-07-10 22:07:42
ORD0001747,CUST000043,STORE0006,2026-06-26 16:08:56,REFUNDED,STORE_CREDIT,USD,2026-06-27 00:08:56
ORD0001748,CUST000039,STORE0005,2026-05-27 12:16:24,REFUNDED,CREDIT_CARD,USD,2026-05-27 22:16:24
ORD0001749,CUST000334,STORE0013,2026-05-11 19:11:15,COMPLETED,GIFT_CARD,USD,2026-05-14 08:11:15
ORD0001750,CUST000076,STORE0006,2026-04-17 10:21:59,COMPLETED,CREDIT_CARD,USD,2026-04-18 06:21:59
ORD0001751,CUST000341,STORE0007,2026-05-30 19:01:09,CANCELLED,GIFT_CARD,USD,2026-06-02 02:01:09
ORD0001752,CUST000368,STORE0001,2026-02-17 11:43:47,COMPLETED,STORE_CREDIT,USD,2026-02-17 12:43:47
ORD0001753,CUST000471,STORE0012,2026-08-13 20:27:48,PENDING,DEBIT_CARD,USD,2026-08-15 00:27:48
ORD0001754,CUST000264,STORE0004,2026-04-24 16:17:38,COMPLETED,PAYPAL,USD,2026-04-26 23:17:38
ORD0001755,CUST000443,STORE0005,2026-05-12 14:20:28,COMPLETED,PAYPAL,USD,2026-05-14 20:20:28
ORD0001756,CUST000301,STORE0005,2026-06-21 15:36:22,COMPLETED,DEBIT_CARD,USD,2026-06-21 20:36:22
ORD0001757,CUST000224,STORE0003,2026-05-26 17:14:03,COMPLETED,PAYPAL,USD,2026-05-27 09:14:03
ORD0001758,CUST000017,STORE0008,2026-04-21 20:48:02,REFUNDED,DEBIT_CARD,USD,2026-04-23 20:48:02
ORD0001759,CUST000077,STORE0005,2026-06-13 14:47:30,COMPLETED,DEBIT_CARD,USD,2026-06-14 05:47:30
ORD0001760,CUST000295,STORE0010,2026-02-20 08:46:51,COMPLETED,PAYPAL,USD,2026-02-21 10:46:51
ORD0001761,CUST000182,STORE0012,2026-05-27 10:49:49,CANCELLED,PAYPAL,USD,2026-05-28 15:49:49
ORD0001762,CUST000173,STORE0013,2026-07-12 11:06:02,COMPLETED,PAYPAL,USD,2026-07-13 16:06:02
ORD0001763,CUST000381,STORE0008,2026-02-16 12:12:12,COMPLETED,CREDIT_CARD,USD,2026-02-17 13:12:12
ORD0001764,CUST000043,STORE0003,2026-05-17 18:31:57,CANCELLED,GIFT_CARD,USD,2026-05-17 19:31:57
ORD0001765,CUST000479,STORE0011,2026-08-06 09:30:26,CANCELLED,STORE_CREDIT,USD,2026-08-08 10:30:26
ORD0001766,CUST000433,STORE0012,2026-05-16 12:19:46,PENDING,CREDIT_CARD,USD,2026-05-17 06:19:46
ORD0001767,CUST000149,STORE0001,2026-05-07 11:45:09,REFUNDED,DEBIT_CARD,USD,2026-05-09 20:45:09
ORD0001768,CUST000068,STORE0009,2026-07-06 11:40:51,CANCELLED,DEBIT_CARD,USD,2026-07-06 15:40:51
ORD0001769,CUST000347,STORE0004,2026-03-06 19:23:01,COMPLETED,CREDIT_CARD,USD,2026-03-07 16:23:01
ORD0001770,CUST000042,STORE0011,2026-08-08 19:01:08,COMPLETED,PAYPAL,USD,2026-08-08 20:01:08
ORD0001771,CUST000115,STORE0005,2026-06-20 14:30:05,PENDING,STORE_CREDIT,USD,2026-06-22 04:30:05
ORD0001772,CUST000456,STORE0012,2026-02-14 11:33:21,COMPLETED,DEBIT_CARD,USD,2026-02-16 02:33:21
ORD0001773,CUST000306,STORE0010,2026-04-20 17:21:58,CANCELLED,CREDIT_CARD,USD,2026-04-22 05:21:58
ORD0001774,CUST000147,STORE0007,2026-05-17 14:49:42,REFUNDED,DEBIT_CARD,USD,2026-05-19 13:49:42
ORD0001775,CUST000028,STORE0003,2026-03-09 08:42:09,REFUNDED,DEBIT_CARD,USD,2026-03-11 19:42:09
ORD0001776,CUST000407,STORE0008,2026-04-07 19:45:52,COMPLETED,DEBIT_CARD,USD,2026-04-08 16:45:52
ORD0001777,CUST000307,STORE0002,2026-06-03 18:25:00,PENDING,STORE_CREDIT,USD,2026-06-04 06:25:00
ORD0001778,CUST000221,STORE0007,2026-02-19 19:28:13,PENDING,PAYPAL,USD,2026-02-20 14:28:13
ORD0001779,CUST000293,STORE0011,2026-08-09 11:42:30,CANCELLED,STORE_CREDIT,USD,2026-08-11 08:42:30
ORD0001780,CUST000344,STORE0001,2026-07-17 11:31:06,COMPLETED,GIFT_CARD,USD,2026-07-19 00:31:06
ORD0001781,CUST000140,STORE0007,2026-06-05 17:53:19,COMPLETED,DEBIT_CARD,USD,2026-06-08 08:53:19
ORD0001782,CUST000257,STORE0010,2026-02-21 18:21:24,COMPLETED,CREDIT_CARD,USD,2026-02-23 14:21:24
ORD0001783,CUST000271,STORE0013,2026-07-02 16:15:28,COMPLETED,GIFT_CARD,USD,2026-07-03 23:15:28
ORD0001784,CUST000383,STORE0006,2026-02-28 10:15:02,CANCELLED,GIFT_CARD,USD,2026-03-02 11:15:02
ORD0001785,CUST000184,STORE0005,2026-06-29 14:38:21,COMPLETED,DEBIT_CARD,USD,2026-06-30 04:38:21
ORD0001786,CUST000445,STORE0005,2026-06-01 17:18:24,COMPLETED,GIFT_CARD,USD,2026-06-01 17:18:24
ORD0001787,CUST000468,STORE0010,2026-03-17 18:47:56,COMPLETED,CREDIT_CARD,USD,2026-03-20 00:47:56
ORD0001788,CUST000387,STORE0004,2026-07-11 21:43:25,REFUNDED,GIFT_CARD,USD,2026-07-13 13:43:25
ORD0001789,CUST000023,STORE0001,2026-05-02 09:20:33,CANCELLED,DEBIT_CARD,USD,2026-05-03 13:20:33
ORD0001790,CUST000367,STORE0011,2026-05-27 08:06:52,COMPLETED,GIFT_CARD,USD,2026-05-30 01:06:52
ORD0001791,CUST000301,STORE0006,2026-06-17 11:50:33,COMPLETED,CREDIT_CARD,USD,2026-06-18 00:50:33
ORD0001792,CUST000049,STORE0009,2026-03-09 13:35:03,COMPLETED,STORE_CREDIT,USD,2026-03-10 00:35:03
ORD0001793,CUST000468,STORE0007,2026-07-24 20:46:23,COMPLETED,GIFT_CARD,USD,2026-07-26 17:46:23
ORD0001794,CUST000304,STORE0004,2026-07-11 14:34:28,COMPLETED,PAYPAL,USD,2026-07-14 06:34:28
ORD0001795,CUST000084,STORE0013,2026-07-06 19:50:54,COMPLETED,PAYPAL,USD,2026-07-06 21:50:54
ORD0001796,CUST000070,STORE0001,2026-07-08 21:55:49,PENDING,CREDIT_CARD,USD,2026-07-10 06:55:49
ORD0001797,CUST000230,STORE0005,2026-07-02 08:24:25,COMPLETED,DEBIT_CARD,USD,2026-07-02 16:24:25
ORD0001798,CUST000057,STORE0002,2026-07-05 14:03:53,REFUNDED,STORE_CREDIT,USD,2026-07-05 22:03:53
ORD0001799,CUST000343,STORE0012,2026-07-29 20:14:55,REFUNDED,DEBIT_CARD,USD,2026-07-31 00:14:55
ORD0001800,CUST000261,STORE0013,2026-06-20 17:46:58,COMPLETED,PAYPAL,USD,2026-06-21 00:46:58
ORD0001801,CUST000434,STORE0002,2026-02-19 17:45:24,REFUNDED,STORE_CREDIT,USD,2026-02-20 06:45:24
ORD0001802,CUST000217,STORE0001,2026-06-26 09:25:50,COMPLETED,STORE_CREDIT,USD,2026-06-26 22:25:50
ORD0001803,CUST000020,STORE0013,2026-07-05 21:15:17,COMPLETED,GIFT_CARD,USD,2026-07-08 21:15:17
ORD0001804,CUST000207,STORE0001,2026-07-15 18:51:54,REFUNDED,STORE_CREDIT,USD,2026-07-17 12:51:54
ORD0001805,CUST000175,STORE0007,2026-06-04 17:35:14,REFUNDED,GIFT_CARD,USD,2026-06-07 14:35:14
ORD0001806,CUST000341,STORE0010,2026-08-01 08:18:39,COMPLETED,PAYPAL,USD,2026-08-03 18:18:39
ORD0001807,CUST000050,STORE0007,2026-04-28 15:08:33,REFUNDED,CREDIT_CARD,USD,2026-04-30 18:08:33
ORD0001808,CUST000069,STORE0013,2026-08-08 14:08:38,PENDING,PAYPAL,USD,2026-08-10 23:08:38
ORD0001809,CUST000277,STORE0007,2026-06-05 08:49:12,COMPLETED,DEBIT_CARD,USD,2026-06-08 02:49:12
ORD0001810,CUST000324,STORE0013,2026-08-05 14:30:41,COMPLETED,PAYPAL,USD,2026-08-06 05:30:41
ORD0001811,CUST000460,STORE0006,2026-06-21 10:13:05,REFUNDED,GIFT_CARD,USD,2026-06-22 04:13:05
ORD0001812,CUST000175,STORE0012,2026-05-24 21:02:00,CANCELLED,STORE_CREDIT,USD,2026-05-26 14:02:00
ORD0001813,CUST000005,STORE0011,2026-05-17 19:57:14,COMPLETED,CREDIT_CARD,USD,2026-05-18 20:57:14
ORD0001814,CUST000212,STORE0001,2026-05-09 17:53:39,COMPLETED,DEBIT_CARD,USD,2026-05-11 05:53:39
ORD0001815,CUST000004,STORE0010,2026-03-07 10:58:56,CANCELLED,GIFT_CARD,USD,2026-03-08 20:58:56
ORD0001816,CUST000465,STORE0013,2026-04-05 18:53:40,COMPLETED,STORE_CREDIT,USD,2026-04-08 07:53:40
ORD0001817,CUST000112,STORE0008,2026-07-23 17:55:43,REFUNDED,CREDIT_CARD,USD,2026-07-26 11:55:43
ORD0001818,CUST000160,STORE0003,2026-05-29 13:29:33,PENDING,DEBIT_CARD,USD,2026-05-31 20:29:33
ORD0001819,CUST000360,STORE0005,2026-06-22 16:34:09,COMPLETED,DEBIT_CARD,USD,2026-06-25 07:34:09
ORD0001820,CUST000165,STORE0004,2026-05-08 09:04:57,COMPLETED,STORE_CREDIT,USD,2026-05-11 04:04:57
ORD0001821,CUST000493,STORE0008,2026-03-26 08:16:28,COMPLETED,PAYPAL,USD,2026-03-28 20:16:28
ORD0001822,CUST000362,STORE0012,2026-06-22 15:05:46,REFUNDED,CREDIT_CARD,USD,2026-06-23 07:05:46
ORD0001823,CUST000285,STORE0006,2026-07-18 11:06:23,PENDING,PAYPAL,USD,2026-07-19 04:06:23
ORD0001824,CUST000152,STORE0012,2026-03-07 12:50:16,COMPLETED,CREDIT_CARD,USD,2026-03-07 12:50:16
ORD0001825,CUST000183,STORE0003,2026-07-15 20:55:38,COMPLETED,GIFT_CARD,USD,2026-07-17 11:55:38
ORD0001826,CUST000186,STORE0004,2026-04-13 21:15:56,COMPLETED,DEBIT_CARD,USD,2026-04-16 06:15:56
ORD0001827,CUST000325,STORE0005,2026-04-12 12:19:38,CANCELLED,GIFT_CARD,USD,2026-04-15 03:19:38
ORD0001828,CUST000478,STORE0008,2026-06-25 14:03:45,PENDING,CREDIT_CARD,USD,2026-06-26 06:03:45
ORD0001829,CUST000113,STORE0009,2026-03-18 15:57:18,CANCELLED,DEBIT_CARD,USD,2026-03-18 20:57:18
ORD0001830,CUST000309,STORE0006,2026-04-22 16:02:59,COMPLETED,GIFT_CARD,USD,2026-04-22 17:02:59
ORD0001831,CUST000269,STORE0004,2026-05-26 16:29:19,COMPLETED,PAYPAL,USD,2026-05-29 04:29:19
ORD0001832,CUST000211,STORE0013,2026-05-15 14:00:00,REFUNDED,PAYPAL,USD,2026-05-17 23:00:00
ORD0001833,CUST000085,STORE0008,2026-07-06 20:16:48,COMPLETED,PAYPAL,USD,2026-07-07 13:16:48
ORD0001834,CUST000006,STORE0005,2026-05-17 18:37:53,COMPLETED,DEBIT_CARD,USD,2026-05-20 18:37:53
ORD0001835,CUST000130,STORE0011,2026-04-22 11:21:33,PENDING,STORE_CREDIT,USD,2026-04-23 22:21:33
ORD0001836,CUST000384,STORE0004,2026-06-13 16:43:05,COMPLETED,GIFT_CARD,USD,2026-06-13 18:43:05
ORD0001837,CUST000373,STORE0006,2026-07-12 13:59:23,REFUNDED,GIFT_CARD,USD,2026-07-15 11:59:23
ORD0001838,CUST000054,STORE0004,2026-05-29 11:58:44,COMPLETED,STORE_CREDIT,USD,2026-05-31 06:58:44
ORD0001839,CUST000108,STORE0006,2026-07-07 14:04:13,PENDING,CREDIT_CARD,USD,2026-07-09 05:04:13
ORD0001840,CUST000492,STORE0009,2026-07-31 16:51:19,COMPLETED,PAYPAL,USD,2026-08-02 23:51:19
ORD0001841,CUST000172,STORE0005,2026-06-28 08:19:18,COMPLETED,PAYPAL,USD,2026-06-29 09:19:18
ORD0001842,CUST000423,STORE0008,2026-08-13 17:01:19,PENDING,GIFT_CARD,USD,2026-08-14 04:01:19
ORD0001843,CUST000093,STORE0013,2026-04-04 15:11:27,COMPLETED,DEBIT_CARD,USD,2026-04-05 19:11:27
ORD0001844,CUST000225,STORE0003,2026-04-23 13:39:30,COMPLETED,GIFT_CARD,USD,2026-04-25 11:39:30
ORD0001845,CUST000347,STORE0008,2026-04-07 18:51:11,REFUNDED,CREDIT_CARD,USD,2026-04-09 22:51:11
ORD0001846,CUST000033,STORE0001,2026-06-28 13:43:38,COMPLETED,GIFT_CARD,USD,2026-06-29 14:43:38
ORD0001847,CUST000438,STORE0007,2026-04-25 12:56:31,COMPLETED,PAYPAL,USD,2026-04-26 09:56:31
ORD0001848,CUST000218,STORE0013,2026-05-14 17:25:51,PENDING,GIFT_CARD,USD,2026-05-16 02:25:51
ORD0001849,CUST000227,STORE0012,2026-03-06 13:22:53,REFUNDED,GIFT_CARD,USD,2026-03-07 19:22:53
ORD0001850,CUST000140,STORE0011,2026-06-28 17:25:20,COMPLETED,GIFT_CARD,USD,2026-06-30 02:25:20
ORD0001851,CUST000191,STORE0007,2026-07-12 11:11:46,CANCELLED,DEBIT_CARD,USD,2026-07-13 02:11:46
ORD0001852,CUST000400,STORE0001,2026-06-15 11:29:13,COMPLETED,CREDIT_CARD,USD,2026-06-16 22:29:13
ORD0001853,CUST000053,STORE0001,2026-03-22 14:23:33,COMPLETED,PAYPAL,USD,2026-03-25 10:23:33
ORD0001854,CUST000219,STORE0005,2026-08-10 20:57:25,PENDING,CREDIT_CARD,USD,2026-08-13 03:57:25
ORD0001855,CUST000402,STORE0010,2026-07-22 15:16:07,COMPLETED,CREDIT_CARD,USD,2026-07-23 09:16:07
ORD0001856,CUST000057,STORE0011,2026-07-16 13:07:25,COMPLETED,GIFT_CARD,USD,2026-07-19 07:07:25
ORD0001857,CUST000442,STORE0001,2026-06-03 09:16:16,COMPLETED,PAYPAL,USD,2026-06-05 02:16:16
ORD0001858,CUST000017,STORE0003,2026-06-13 08:46:25,PENDING,PAYPAL,USD,2026-06-16 03:46:25
ORD0001859,CUST000434,STORE0012,2026-07-02 18:07:10,CANCELLED,DEBIT_CARD,USD,2026-07-03 17:07:10
ORD0001860,CUST000359,STORE0012,2026-04-08 11:31:26,CANCELLED,CREDIT_CARD,USD,2026-04-10 20:31:26
ORD0001861,CUST000251,STORE0010,2026-03-02 20:02:40,PENDING,GIFT_CARD,USD,2026-03-04 23:02:40
ORD0001862,CUST000254,STORE0001,2026-06-10 16:13:48,CANCELLED,PAYPAL,USD,2026-06-12 06:13:48
ORD0001863,CUST000394,STORE0006,2026-06-12 11:27:59,PENDING,GIFT_CARD,USD,2026-06-14 05:27:59
ORD0001864,CUST000284,STORE0009,2026-04-17 20:42:50,COMPLETED,DEBIT_CARD,USD,2026-04-19 04:42:50
ORD0001865,CUST000456,STORE0001,2026-07-05 16:42:36,COMPLETED,CREDIT_CARD,USD,2026-07-06 19:42:36
ORD0001866,CUST000321,STORE0006,2026-06-05 08:54:45,PENDING,DEBIT_CARD,USD,2026-06-07 03:54:45
ORD0001867,CUST000020,STORE0003,2026-07-19 17:42:39,COMPLETED,DEBIT_CARD,USD,2026-07-21 17:42:39
ORD0001868,CUST000126,STORE0006,2026-05-27 13:16:00,COMPLETED,PAYPAL,USD,2026-05-27 16:16:00
ORD0001869,CUST000093,STORE0011,2026-06-12 11:59:10,COMPLETED,DEBIT_CARD,USD,2026-06-13 02:59:10
ORD0001870,CUST000020,STORE0013,2026-08-10 21:24:59,CANCELLED,CREDIT_CARD,USD,2026-08-11 13:24:59
ORD0001871,CUST000122,STORE0001,2026-05-13 12:33:18,REFUNDED,DEBIT_CARD,USD,2026-05-15 21:33:18
ORD0001872,CUST000122,STORE0009,2026-03-12 13:54:05,CANCELLED,PAYPAL,USD,2026-03-13 09:54:05
ORD0001873,CUST000071,STORE0007,2026-04-25 21:08:37,COMPLETED,STORE_CREDIT,USD,2026-04-26 09:08:37
ORD0001874,CUST000215,STORE0013,2026-06-29 20:33:42,REFUNDED,GIFT_CARD,USD,2026-06-30 06:33:42
ORD0001875,CUST000233,STORE0007,2026-03-12 18:51:21,COMPLETED,STORE_CREDIT,USD,2026-03-14 07:51:21
ORD0001876,CUST000070,STORE0011,2026-04-20 12:26:45,COMPLETED,DEBIT_CARD,USD,2026-04-20 17:26:45
ORD0001877,CUST000040,STORE0001,2026-06-23 20:45:08,REFUNDED,PAYPAL,USD,2026-06-24 15:45:08
ORD0001878,CUST000140,STORE0006,2026-07-11 21:11:23,COMPLETED,DEBIT_CARD,USD,2026-07-12 12:11:23
ORD0001879,CUST000301,STORE0013,2026-04-18 15:38:30,CANCELLED,CREDIT_CARD,USD,2026-04-18 19:38:30
ORD0001880,CUST000292,STORE0012,2026-05-31 15:57:16,REFUNDED,PAYPAL,USD,2026-06-01 04:57:16
ORD0001881,CUST000079,STORE0006,2026-05-18 17:14:21,COMPLETED,PAYPAL,USD,2026-05-19 14:14:21
ORD0001882,CUST000467,STORE0013,2026-03-25 15:09:43,COMPLETED,GIFT_CARD,USD,2026-03-27 17:09:43
ORD0001883,CUST000486,STORE0002,2026-08-10 18:12:17,COMPLETED,CREDIT_CARD,USD,2026-08-13 09:12:17
ORD0001884,CUST000124,STORE0013,2026-04-29 13:22:39,COMPLETED,PAYPAL,USD,2026-05-01 11:22:39
ORD0001885,CUST000497,STORE0013,2026-05-31 14:32:03,CANCELLED,CREDIT_CARD,USD,2026-06-02 11:32:03
ORD0001886,CUST000389,STORE0012,2026-02-27 12:12:05,COMPLETED,GIFT_CARD,USD,2026-02-27 23:12:05
ORD0001887,CUST000481,STORE0010,2026-08-07 11:55:04,REFUNDED,CREDIT_CARD,USD,2026-08-09 16:55:04
ORD0001888,CUST000189,STORE0006,2026-07-05 11:38:05,COMPLETED,GIFT_CARD,USD,2026-07-06 00:38:05
ORD0001889,CUST000112,STORE0010,2026-06-04 11:31:37,COMPLETED,CREDIT_CARD,USD,2026-06-05 10:31:37
ORD0001890,CUST000109,STORE0009,2026-05-01 12:28:33,COMPLETED,PAYPAL,USD,2026-05-03 16:28:33
ORD0001891,CUST000154,STORE0009,2026-08-12 09:11:18,COMPLETED,PAYPAL,USD,2026-08-14 12:11:18
ORD0001892,CUST000158,STORE0005,2026-02-21 12:29:41,CANCELLED,DEBIT_CARD,USD,2026-02-22 12:29:41
ORD0001893,CUST000228,STORE0005,2026-04-24 17:36:10,COMPLETED,STORE_CREDIT,USD,2026-04-26 18:36:10
ORD0001894,CUST000407,STORE0010,2026-07-21 19:21:15,COMPLETED,GIFT_CARD,USD,2026-07-23 12:21:15
ORD0001895,CUST000389,STORE0001,2026-07-06 17:51:24,COMPLETED,PAYPAL,USD,2026-07-08 18:51:24
ORD0001896,CUST000072,STORE0010,2026-03-23 11:42:49,REFUNDED,GIFT_CARD,USD,2026-03-24 04:42:49
ORD0001897,CUST000362,STORE0009,2026-04-24 08:24:43,REFUNDED,DEBIT_CARD,USD,2026-04-24 16:24:43
ORD0001898,CUST000126,STORE0001,2026-04-22 20:21:20,CANCELLED,GIFT_CARD,USD,2026-04-24 21:21:20
ORD0001899,CUST000288,STORE0011,2026-02-14 08:56:22,COMPLETED,DEBIT_CARD,USD,2026-02-14 16:56:22
ORD0001900,CUST000055,STORE0005,2026-06-05 13:12:56,COMPLETED,DEBIT_CARD,USD,2026-06-06 21:12:56
ORD0001901,CUST000262,STORE0007,2026-06-07 12:29:45,COMPLETED,DEBIT_CARD,USD,2026-06-09 11:29:45
ORD0001902,CUST000293,STORE0009,2026-05-13 18:42:01,PENDING,PAYPAL,USD,2026-05-15 13:42:01
ORD0001903,CUST000045,STORE0011,2026-04-22 11:58:11,PENDING,STORE_CREDIT,USD,2026-04-23 10:58:11
ORD0001904,CUST000303,STORE0012,2026-02-26 20:17:08,COMPLETED,STORE_CREDIT,USD,2026-02-27 22:17:08
ORD0001905,CUST000410,STORE0009,2026-07-21 09:47:52,COMPLETED,CREDIT_CARD,USD,2026-07-21 14:47:52
ORD0001906,CUST000399,STORE0005,2026-07-12 21:49:26,COMPLETED,GIFT_CARD,USD,2026-07-12 23:49:26
ORD0001907,CUST000258,STORE0004,2026-02-25 12:55:00,REFUNDED,PAYPAL,USD,2026-02-28 01:55:00
ORD0001908,CUST000206,STORE0009,2026-07-14 15:18:21,PENDING,PAYPAL,USD,2026-07-15 16:18:21
ORD0001909,CUST000023,STORE0005,2026-04-17 09:39:08,COMPLETED,DEBIT_CARD,USD,2026-04-18 21:39:08
ORD0001910,CUST000496,STORE0006,2026-05-11 16:01:26,PENDING,GIFT_CARD,USD,2026-05-12 10:01:26
ORD0001911,CUST000124,STORE0007,2026-07-25 15:47:03,COMPLETED,GIFT_CARD,USD,2026-07-28 01:47:03
ORD0001912,CUST000384,STORE0011,2026-06-05 16:31:02,COMPLETED,GIFT_CARD,USD,2026-06-05 16:31:02
ORD0001913,CUST000233,STORE0012,2026-07-17 11:51:11,COMPLETED,DEBIT_CARD,USD,2026-07-19 09:51:11
ORD0001914,CUST000145,STORE0012,2026-07-13 19:20:05,PENDING,GIFT_CARD,USD,2026-07-16 00:20:05
ORD0001915,CUST000117,STORE0001,2026-03-23 12:11:25,REFUNDED,PAYPAL,USD,2026-03-24 21:11:25
ORD0001916,CUST000335,STORE0002,2026-05-07 19:19:34,CANCELLED,GIFT_CARD,USD,2026-05-07 23:19:34
ORD0001917,CUST000397,STORE0006,2026-04-18 11:26:12,PENDING,CREDIT_CARD,USD,2026-04-19 17:26:12
ORD0001918,CUST000359,STORE0001,2026-02-14 17:52:34,COMPLETED,PAYPAL,USD,2026-02-15 08:52:34
ORD0001919,CUST000383,STORE0005,2026-06-06 08:07:52,COMPLETED,STORE_CREDIT,USD,2026-06-08 03:07:52
ORD0001920,CUST000109,STORE0011,2026-07-08 19:30:05,COMPLETED,GIFT_CARD,USD,2026-07-11 16:30:05
ORD0001921,CUST000253,STORE0012,2026-04-15 19:49:36,COMPLETED,CREDIT_CARD,USD,2026-04-15 22:49:36
ORD0001922,CUST000266,STORE0010,2026-04-20 19:19:02,COMPLETED,GIFT_CARD,USD,2026-04-22 15:19:02
ORD0001923,CUST000134,STORE0007,2026-04-01 21:00:30,CANCELLED,PAYPAL,USD,2026-04-03 14:00:30
ORD0001924,CUST000420,STORE0003,2026-05-30 08:48:08,PENDING,CREDIT_CARD,USD,2026-06-01 09:48:08
ORD0001925,CUST000379,STORE0002,2026-02-20 17:56:50,COMPLETED,CREDIT_CARD,USD,2026-02-23 00:56:50
ORD0001926,CUST000240,STORE0001,2026-02-26 21:12:08,COMPLETED,DEBIT_CARD,USD,2026-03-01 00:12:08
ORD0001927,CUST000254,STORE0013,2026-02-26 09:17:42,CANCELLED,DEBIT_CARD,USD,2026-02-28 20:17:42
ORD0001928,CUST000223,STORE0001,2026-06-19 15:12:40,COMPLETED,PAYPAL,USD,2026-06-21 13:12:40
ORD0001929,CUST000498,STORE0004,2026-05-19 14:15:54,REFUNDED,PAYPAL,USD,2026-05-22 14:15:54
ORD0001930,CUST000415,STORE0012,2026-06-28 14:40:30,COMPLETED,STORE_CREDIT,USD,2026-06-30 12:40:30
ORD0001931,CUST000255,STORE0005,2026-06-24 15:18:31,COMPLETED,GIFT_CARD,USD,2026-06-25 21:18:31
ORD0001932,CUST000091,STORE0006,2026-03-23 20:02:53,COMPLETED,CREDIT_CARD,USD,2026-03-24 21:02:53
ORD0001933,CUST000300,STORE0010,2026-04-03 11:23:15,REFUNDED,DEBIT_CARD,USD,2026-04-03 15:23:15
ORD0001934,CUST000068,STORE0009,2026-06-16 13:14:15,COMPLETED,DEBIT_CARD,USD,2026-06-18 07:14:15
ORD0001935,CUST000130,STORE0008,2026-06-23 09:07:11,CANCELLED,PAYPAL,USD,2026-06-24 05:07:11
ORD0001936,CUST000499,STORE0003,2026-03-18 10:37:14,COMPLETED,PAYPAL,USD,2026-03-20 18:37:14
ORD0001937,CUST000433,STORE0008,2026-05-20 21:48:41,REFUNDED,GIFT_CARD,USD,2026-05-21 04:48:41
ORD0001938,CUST000248,STORE0013,2026-07-08 09:29:19,COMPLETED,DEBIT_CARD,USD,2026-07-08 18:29:19
ORD0001939,CUST000181,STORE0001,2026-07-14 10:57:29,COMPLETED,STORE_CREDIT,USD,2026-07-14 16:57:29
ORD0001940,CUST000303,STORE0012,2026-05-20 15:41:22,COMPLETED,STORE_CREDIT,USD,2026-05-21 14:41:22
ORD0001941,CUST000194,STORE0013,2026-06-11 08:51:33,CANCELLED,GIFT_CARD,USD,2026-06-13 00:51:33
ORD0001942,CUST000473,STORE0010,2026-07-28 12:17:51,COMPLETED,CREDIT_CARD,USD,2026-07-28 19:17:51
ORD0001943,CUST000304,STORE0008,2026-04-21 17:12:22,COMPLETED,CREDIT_CARD,USD,2026-04-22 12:12:22
ORD0001944,CUST000434,STORE0011,2026-07-14 11:23:28,COMPLETED,STORE_CREDIT,USD,2026-07-15 13:23:28
ORD0001945,CUST000046,STORE0006,2026-06-21 08:54:12,COMPLETED,GIFT_CARD,USD,2026-06-23 18:54:12
ORD0001946,CUST000352,STORE0003,2026-05-23 10:19:53,COMPLETED,GIFT_CARD,USD,2026-05-25 03:19:53
ORD0001947,CUST000129,STORE0013,2026-05-24 17:45:44,COMPLETED,DEBIT_CARD,USD,2026-05-25 11:45:44
ORD0001948,CUST000118,STORE0005,2026-05-23 14:58:03,PENDING,GIFT_CARD,USD,2026-05-25 09:58:03
ORD0001949,CUST000270,STORE0002,2026-02-27 15:36:49,COMPLETED,PAYPAL,USD,2026-02-28 04:36:49
ORD0001950,CUST000378,STORE0002,2026-03-31 08:58:10,COMPLETED,CREDIT_CARD,USD,2026-04-01 21:58:10
ORD0001951,CUST000341,STORE0002,2026-06-29 19:58:21,COMPLETED,DEBIT_CARD,USD,2026-06-30 10:58:21
ORD0001952,CUST000412,STORE0001,2026-03-21 16:21:38,PENDING,GIFT_CARD,USD,2026-03-22 00:21:38
ORD0001953,CUST000412,STORE0005,2026-07-15 10:10:05,PENDING,CREDIT_CARD,USD,2026-07-16 00:10:05
ORD0001954,CUST000418,STORE0009,2026-05-17 19:45:25,CANCELLED,STORE_CREDIT,USD,2026-05-18 19:45:25
ORD0001955,CUST000464,STORE0002,2026-03-27 21:45:01,COMPLETED,GIFT_CARD,USD,2026-03-30 06:45:01
ORD0001956,CUST000279,STORE0002,2026-08-09 16:09:29,COMPLETED,DEBIT_CARD,USD,2026-08-10 07:09:29
ORD0001957,CUST000064,STORE0006,2026-04-03 20:09:46,COMPLETED,CREDIT_CARD,USD,2026-04-06 19:09:46
ORD0001958,CUST000094,STORE0009,2026-04-19 19:00:46,COMPLETED,GIFT_CARD,USD,2026-04-20 13:00:46
ORD0001959,CUST000072,STORE0006,2026-04-18 21:48:56,COMPLETED,DEBIT_CARD,USD,2026-04-19 17:48:56
ORD0001960,CUST000317,STORE0012,2026-04-05 18:40:59,REFUNDED,PAYPAL,USD,2026-04-08 14:40:59
ORD0001961,CUST000459,STORE0008,2026-06-18 21:08:04,COMPLETED,GIFT_CARD,USD,2026-06-21 06:08:04
ORD0001962,CUST000124,STORE0004,2026-08-11 08:56:50,COMPLETED,CREDIT_CARD,USD,2026-08-11 17:56:50
ORD0001963,CUST000454,STORE0002,2026-06-05 19:51:42,CANCELLED,STORE_CREDIT,USD,2026-06-06 21:51:42
ORD0001964,CUST000364,STORE0012,2026-04-14 17:35:20,REFUNDED,DEBIT_CARD,USD,2026-04-15 16:35:20
ORD0001965,CUST000332,STORE0004,2026-08-04 18:10:49,PENDING,STORE_CREDIT,USD,2026-08-07 04:10:49
ORD0001966,CUST000469,STORE0008,2026-07-30 11:05:33,CANCELLED,STORE_CREDIT,USD,2026-08-01 10:05:33
ORD0001967,CUST000304,STORE0003,2026-08-05 09:41:12,COMPLETED,GIFT_CARD,USD,2026-08-06 16:41:12
ORD0001968,CUST000286,STORE0009,2026-05-01 17:18:42,CANCELLED,DEBIT_CARD,USD,2026-05-03 20:18:42
ORD0001969,CUST000167,STORE0010,2026-05-16 09:39:49,PENDING,STORE_CREDIT,USD,2026-05-17 17:39:49
ORD0001970,CUST000461,STORE0006,2026-07-13 13:21:06,COMPLETED,CREDIT_CARD,USD,2026-07-14 13:21:06
ORD0001971,CUST000474,STORE0002,2026-02-20 17:26:31,COMPLETED,CREDIT_CARD,USD,2026-02-22 12:26:31
ORD0001972,CUST000252,STORE0004,2026-06-21 10:09:15,COMPLETED,PAYPAL,USD,2026-06-22 03:09:15
ORD0001973,CUST000226,STORE0002,2026-06-28 21:39:41,REFUNDED,DEBIT_CARD,USD,2026-07-01 21:39:41
ORD0001974,CUST000489,STORE0002,2026-03-04 10:28:47,COMPLETED,DEBIT_CARD,USD,2026-03-06 16:28:47
ORD0001975,CUST000274,STORE0009,2026-05-28 10:15:03,PENDING,GIFT_CARD,USD,2026-05-30 17:15:03
ORD0001976,CUST000361,STORE0007,2026-05-01 16:23:45,COMPLETED,CREDIT_CARD,USD,2026-05-01 20:23:45
ORD0001977,CUST000130,STORE0001,2026-07-03 09:28:02,COMPLETED,GIFT_CARD,USD,2026-07-06 03:28:02
ORD0001978,CUST000066,STORE0001,2026-04-26 11:41:19,REFUNDED,GIFT_CARD,USD,2026-04-29 02:41:19
ORD0001979,CUST000023,STORE0007,2026-05-17 09:55:02,PENDING,GIFT_CARD,USD,2026-05-17 11:55:02
ORD0001980,CUST000293,STORE0005,2026-03-20 08:46:30,PENDING,DEBIT_CARD,USD,2026-03-21 02:46:30
ORD0001981,CUST000040,STORE0012,2026-06-27 20:48:38,PENDING,STORE_CREDIT,USD,2026-06-30 19:48:38
ORD0001982,CUST000033,STORE0004,2026-06-22 15:29:42,COMPLETED,DEBIT_CARD,USD,2026-06-23 07:29:42
ORD0001983,CUST000083,STORE0001,2026-04-26 16:30:14,COMPLETED,GIFT_CARD,USD,2026-04-28 03:30:14
ORD0001984,CUST000210,STORE0009,2026-03-07 18:47:50,COMPLETED,GIFT_CARD,USD,2026-03-08 22:47:50
ORD0001985,CUST000493,STORE0010,2026-08-01 14:49:19,REFUNDED,DEBIT_CARD,USD,2026-08-01 19:49:19
ORD0001986,CUST000465,STORE0010,2026-03-13 20:34:40,COMPLETED,PAYPAL,USD,2026-03-15 02:34:40
ORD0001987,CUST000162,STORE0005,2026-02-21 14:14:33,COMPLETED,PAYPAL,USD,2026-02-23 19:14:33
ORD0001988,CUST000039,STORE0013,2026-05-15 11:29:35,REFUNDED,DEBIT_CARD,USD,2026-05-16 22:29:35
ORD0001989,CUST000369,STORE0006,2026-04-11 18:20:17,COMPLETED,PAYPAL,USD,2026-04-11 22:20:17
ORD0001990,CUST000475,STORE0003,2026-07-28 19:57:46,COMPLETED,CREDIT_CARD,USD,2026-07-29 08:57:46
ORD0001991,CUST000035,STORE0002,2026-03-30 12:25:06,REFUNDED,GIFT_CARD,USD,2026-04-01 20:25:06
ORD0001992,CUST000219,STORE0007,2026-06-17 09:33:26,COMPLETED,DEBIT_CARD,USD,2026-06-18 19:33:26
ORD0001993,CUST000168,STORE0008,2026-02-26 19:18:42,COMPLETED,CREDIT_CARD,USD,2026-02-27 23:18:42
ORD0001994,CUST000315,STORE0008,2026-08-01 12:38:51,PENDING,DEBIT_CARD,USD,2026-08-01 19:38:51
ORD0001995,CUST000227,STORE0010,2026-07-16 19:32:59,CANCELLED,GIFT_CARD,USD,2026-07-17 13:32:59
ORD0001996,CUST000476,STORE0011,2026-04-04 08:05:32,COMPLETED,DEBIT_CARD,USD,2026-04-05 20:05:32
ORD0001997,CUST000353,STORE0007,2026-05-20 09:32:50,COMPLETED,PAYPAL,USD,2026-05-21 06:32:50
ORD0001998,CUST000139,STORE0004,2026-03-25 13:56:24,PENDING,GIFT_CARD,USD,2026-03-28 01:56:24
ORD0001999,CUST000162,STORE0002,2026-07-30 18:09:13,COMPLETED,GIFT_CARD,USD,2026-07-31 03:09:13
ORD0002000,CUST000472,STORE0001,2026-07-27 10:01:24,COMPLETED,CREDIT_CARD,USD,2026-07-30 00:01:24
ORD0002001,CUST000402,STORE0001,2026-05-17 21:08:11,COMPLETED,GIFT_CARD,USD,2026-05-19 12:08:11
ORD0002002,CUST000485,STORE0004,2026-05-18 21:12:35,COMPLETED,GIFT_CARD,USD,2026-05-19 14:12:35
ORD0002003,CUST000377,STORE0003,2026-05-30 20:44:05,CANCELLED,GIFT_CARD,USD,2026-06-01 07:44:05
ORD0002004,CUST000163,STORE0009,2026-03-25 14:33:08,REFUNDED,CREDIT_CARD,USD,2026-03-27 13:33:08
ORD0002005,CUST000410,STORE0004,2026-03-20 11:22:35,COMPLETED,GIFT_CARD,USD,2026-03-21 16:22:35
ORD0002006,CUST000088,STORE0009,2026-06-26 08:21:01,PENDING,GIFT_CARD,USD,2026-06-28 23:21:01
ORD0002007,CUST000300,STORE0011,2026-07-25 21:28:51,COMPLETED,GIFT_CARD,USD,2026-07-27 19:28:51
ORD0002008,CUST000141,STORE0010,2026-05-24 12:50:37,COMPLETED,GIFT_CARD,USD,2026-05-24 16:50:37
ORD0002009,CUST000070,STORE0007,2026-05-01 16:27:08,REFUNDED,GIFT_CARD,USD,2026-05-04 02:27:08
ORD0002010,CUST000335,STORE0013,2026-05-22 08:37:06,COMPLETED,CREDIT_CARD,USD,2026-05-22 23:37:06
ORD0002011,CUST000427,STORE0010,2026-04-11 10:53:40,REFUNDED,PAYPAL,USD,2026-04-12 18:53:40
ORD0002012,CUST000185,STORE0011,2026-03-12 19:30:18,COMPLETED,PAYPAL,USD,2026-03-13 10:30:18
ORD0002013,CUST000346,STORE0011,2026-07-16 16:59:33,COMPLETED,DEBIT_CARD,USD,2026-07-18 02:59:33
ORD0002014,CUST000256,STORE0010,2026-04-22 17:26:46,COMPLETED,GIFT_CARD,USD,2026-04-24 12:26:46
ORD0002015,CUST000230,STORE0012,2026-04-04 19:06:31,REFUNDED,DEBIT_CARD,USD,2026-04-06 07:06:31
ORD0002016,CUST000013,STORE0003,2026-04-09 17:13:25,PENDING,PAYPAL,USD,2026-04-10 09:13:25
ORD0002017,CUST000021,STORE0005,2026-05-24 13:42:23,COMPLETED,DEBIT_CARD,USD,2026-05-24 23:42:23
ORD0002018,CUST000070,STORE0012,2026-03-19 16:45:38,COMPLETED,PAYPAL,USD,2026-03-19 20:45:38
ORD0002019,CUST000227,STORE0013,2026-06-01 15:30:50,COMPLETED,DEBIT_CARD,USD,2026-06-02 14:30:50
ORD0002020,CUST000451,STORE0008,2026-04-04 19:50:08,REFUNDED,STORE_CREDIT,USD,2026-04-07 03:50:08
ORD0002021,CUST000489,STORE0012,2026-06-27 14:56:36,REFUNDED,GIFT_CARD,USD,2026-06-29 14:56:36
ORD0002022,CUST000244,STORE0004,2026-03-14 08:22:11,COMPLETED,STORE_CREDIT,USD,2026-03-17 07:22:11
ORD0002023,CUST000027,STORE0008,2026-07-23 11:53:14,COMPLETED,DEBIT_CARD,USD,2026-07-25 20:53:14
ORD0002024,CUST000456,STORE0005,2026-03-07 19:19:33,COMPLETED,DEBIT_CARD,USD,2026-03-08 01:19:33
ORD0002025,CUST000001,STORE0010,2026-03-01 15:09:11,COMPLETED,PAYPAL,USD,2026-03-04 14:09:11
ORD0002026,CUST000300,STORE0013,2026-04-26 13:11:15,CANCELLED,STORE_CREDIT,USD,2026-04-28 06:11:15
ORD0002027,CUST000400,STORE0010,2026-06-26 19:29:22,COMPLETED,GIFT_CARD,USD,2026-06-29 05:29:22
ORD0002028,CUST000276,STORE0001,2026-06-05 21:00:56,CANCELLED,CREDIT_CARD,USD,2026-06-07 09:00:56
ORD0002029,CUST000013,STORE0001,2026-06-07 16:40:34,COMPLETED,GIFT_CARD,USD,2026-06-10 07:40:34
ORD0002030,CUST000174,STORE0010,2026-03-10 12:21:02,COMPLETED,DEBIT_CARD,USD,2026-03-12 20:21:02
ORD0002031,CUST000069,STORE0001,2026-05-03 20:58:14,REFUNDED,GIFT_CARD,USD,2026-05-06 18:58:14
ORD0002032,CUST000100,STORE0005,2026-07-18 21:12:54,CANCELLED,CREDIT_CARD,USD,2026-07-20 09:12:54
ORD0002033,CUST000345,STORE0012,2026-06-01 17:32:47,PENDING,STORE_CREDIT,USD,2026-06-03 15:32:47
ORD0002034,CUST000045,STORE0001,2026-05-26 18:51:59,COMPLETED,DEBIT_CARD,USD,2026-05-29 04:51:59
ORD0002035,CUST000057,STORE0007,2026-04-23 13:43:42,CANCELLED,DEBIT_CARD,USD,2026-04-26 07:43:42
ORD0002036,CUST000229,STORE0006,2026-05-25 20:37:11,COMPLETED,CREDIT_CARD,USD,2026-05-26 13:37:11
ORD0002037,CUST000248,STORE0003,2026-03-04 10:54:15,COMPLETED,STORE_CREDIT,USD,2026-03-04 13:54:15
ORD0002038,CUST000175,STORE0013,2026-05-24 14:01:00,CANCELLED,CREDIT_CARD,USD,2026-05-27 11:01:00
ORD0002039,CUST000126,STORE0011,2026-05-28 13:41:12,COMPLETED,GIFT_CARD,USD,2026-05-31 06:41:12
ORD0002040,CUST000369,STORE0013,2026-06-06 21:01:47,COMPLETED,PAYPAL,USD,2026-06-07 02:01:47
ORD0002041,CUST000426,STORE0005,2026-04-16 11:55:28,COMPLETED,GIFT_CARD,USD,2026-04-16 17:55:28
ORD0002042,CUST000327,STORE0007,2026-04-16 16:58:44,COMPLETED,DEBIT_CARD,USD,2026-04-18 23:58:44
ORD0002043,CUST000277,STORE0012,2026-06-21 12:04:17,COMPLETED,STORE_CREDIT,USD,2026-06-24 02:04:17
ORD0002044,CUST000241,STORE0003,2026-06-01 11:45:16,REFUNDED,CREDIT_CARD,USD,2026-06-02 09:45:16
ORD0002045,CUST000460,STORE0003,2026-03-17 13:36:50,COMPLETED,PAYPAL,USD,2026-03-17 14:36:50
ORD0002046,CUST000215,STORE0008,2026-06-17 09:23:53,PENDING,CREDIT_CARD,USD,2026-06-18 19:23:53
ORD0002047,CUST000457,STORE0002,2026-05-27 18:52:47,COMPLETED,PAYPAL,USD,2026-05-29 17:52:47
ORD0002048,CUST000129,STORE0008,2026-05-25 08:35:22,COMPLETED,STORE_CREDIT,USD,2026-05-25 09:35:22
ORD0002049,CUST000148,STORE0010,2026-07-23 16:33:31,CANCELLED,STORE_CREDIT,USD,2026-07-24 09:33:31
ORD0002050,CUST000221,STORE0002,2026-08-08 19:35:23,REFUNDED,PAYPAL,USD,2026-08-09 00:35:23
ORD0002051,CUST000213,STORE0007,2026-04-06 17:02:15,COMPLETED,GIFT_CARD,USD,2026-04-07 04:02:15
ORD0002052,CUST000291,STORE0004,2026-04-16 21:01:57,COMPLETED,CREDIT_CARD,USD,2026-04-17 10:01:57
ORD0002053,CUST000069,STORE0012,2026-04-29 13:09:36,COMPLETED,GIFT_CARD,USD,2026-04-30 02:09:36
ORD0002054,CUST000130,STORE0006,2026-06-10 19:33:13,COMPLETED,PAYPAL,USD,2026-06-11 04:33:13
ORD0002055,CUST000414,STORE0009,2026-07-11 13:45:56,REFUNDED,PAYPAL,USD,2026-07-14 09:45:56
ORD0002056,CUST000315,STORE0012,2026-07-13 09:49:52,REFUNDED,DEBIT_CARD,USD,2026-07-15 16:49:52
ORD0002057,CUST000241,STORE0007,2026-08-13 10:37:12,COMPLETED,GIFT_CARD,USD,2026-08-16 06:37:12
ORD0002058,CUST000249,STORE0010,2026-06-11 11:27:30,CANCELLED,CREDIT_CARD,USD,2026-06-11 17:27:30
ORD0002059,CUST000318,STORE0006,2026-08-06 21:08:53,COMPLETED,STORE_CREDIT,USD,2026-08-07 21:08:53
ORD0002060,CUST000371,STORE0005,2026-05-31 19:11:09,COMPLETED,PAYPAL,USD,2026-06-01 07:11:09
ORD0002061,CUST000309,STORE0004,2026-08-06 13:02:33,COMPLETED,DEBIT_CARD,USD,2026-08-08 01:02:33
ORD0002062,CUST000161,STORE0010,2026-06-28 21:18:04,REFUNDED,DEBIT_CARD,USD,2026-06-30 08:18:04
ORD0002063,CUST000486,STORE0006,2026-02-26 15:17:23,COMPLETED,DEBIT_CARD,USD,2026-02-27 18:17:23
ORD0002064,CUST000013,STORE0010,2026-02-17 15:30:06,REFUNDED,DEBIT_CARD,USD,2026-02-20 14:30:06
ORD0002065,CUST000476,STORE0003,2026-06-19 15:40:41,COMPLETED,PAYPAL,USD,2026-06-22 05:40:41
ORD0002066,CUST000116,STORE0006,2026-05-07 12:35:59,COMPLETED,PAYPAL,USD,2026-05-09 00:35:59
ORD0002067,CUST000237,STORE0012,2026-02-27 21:08:04,COMPLETED,CREDIT_CARD,USD,2026-02-28 04:08:04
ORD0002068,CUST000128,STORE0010,2026-02-26 14:10:30,CANCELLED,STORE_CREDIT,USD,2026-03-01 11:10:30
ORD0002069,CUST000361,STORE0010,2026-03-03 21:08:38,PENDING,DEBIT_CARD,USD,2026-03-04 02:08:38
ORD0002070,CUST000291,STORE0012,2026-05-17 13:29:42,COMPLETED,DEBIT_CARD,USD,2026-05-19 01:29:42
ORD0002071,CUST000091,STORE0001,2026-08-13 14:54:41,REFUNDED,STORE_CREDIT,USD,2026-08-15 07:54:41
ORD0002072,CUST000098,STORE0007,2026-04-19 11:25:17,COMPLETED,DEBIT_CARD,USD,2026-04-20 19:25:17
ORD0002073,CUST000238,STORE0011,2026-03-24 10:58:56,COMPLETED,STORE_CREDIT,USD,2026-03-26 12:58:56
ORD0002074,CUST000322,STORE0009,2026-06-08 16:20:42,COMPLETED,CREDIT_CARD,USD,2026-06-09 05:20:42
ORD0002075,CUST000023,STORE0001,2026-08-03 14:13:40,COMPLETED,STORE_CREDIT,USD,2026-08-05 09:13:40
ORD0002076,CUST000284,STORE0011,2026-05-04 15:41:01,COMPLETED,GIFT_CARD,USD,2026-05-06 04:41:01
ORD0002077,CUST000439,STORE0009,2026-04-27 21:49:04,COMPLETED,PAYPAL,USD,2026-04-29 10:49:04
ORD0002078,CUST000056,STORE0013,2026-06-21 14:36:43,COMPLETED,STORE_CREDIT,USD,2026-06-23 11:36:43
ORD0002079,CUST000472,STORE0013,2026-04-13 19:14:28,REFUNDED,DEBIT_CARD,USD,2026-04-15 11:14:28
ORD0002080,CUST000327,STORE0003,2026-03-08 08:36:10,COMPLETED,GIFT_CARD,USD,2026-03-09 00:36:10
ORD0002081,CUST000301,STORE0011,2026-05-19 21:46:12,COMPLETED,DEBIT_CARD,USD,2026-05-20 13:46:12
ORD0002082,CUST000030,STORE0003,2026-07-22 21:30:02,CANCELLED,DEBIT_CARD,USD,2026-07-23 06:30:02
ORD0002083,CUST000457,STORE0011,2026-04-03 17:09:10,CANCELLED,CREDIT_CARD,USD,2026-04-05 16:09:10
ORD0002084,CUST000291,STORE0007,2026-03-20 16:16:01,COMPLETED,STORE_CREDIT,USD,2026-03-22 23:16:01
ORD0002085,CUST000207,STORE0008,2026-08-08 17:01:03,COMPLETED,DEBIT_CARD,USD,2026-08-11 09:01:03
ORD0002086,CUST000312,STORE0005,2026-08-09 16:14:27,REFUNDED,STORE_CREDIT,USD,2026-08-09 16:14:27
ORD0002087,CUST000374,STORE0001,2026-06-29 13:21:37,COMPLETED,PAYPAL,USD,2026-07-01 07:21:37
ORD0002088,CUST000290,STORE0013,2026-03-23 11:51:58,PENDING,GIFT_CARD,USD,2026-03-24 05:51:58
ORD0002089,CUST000472,STORE0009,2026-07-19 19:10:30,COMPLETED,PAYPAL,USD,2026-07-21 05:10:30
ORD0002090,CUST000129,STORE0007,2026-05-31 14:06:02,COMPLETED,GIFT_CARD,USD,2026-06-01 02:06:02
ORD0002091,CUST000258,STORE0009,2026-05-23 20:47:47,CANCELLED,PAYPAL,USD,2026-05-26 14:47:47
ORD0002092,CUST000185,STORE0002,2026-06-27 14:39:45,COMPLETED,CREDIT_CARD,USD,2026-06-29 19:39:45
ORD0002093,CUST000500,STORE0009,2026-04-13 19:41:15,PENDING,STORE_CREDIT,USD,2026-04-14 07:41:15
ORD0002094,CUST000098,STORE0005,2026-06-14 14:37:04,PENDING,DEBIT_CARD,USD,2026-06-15 07:37:04
ORD0002095,CUST000002,STORE0002,2026-08-05 10:10:59,PENDING,CREDIT_CARD,USD,2026-08-05 13:10:59
ORD0002096,CUST000297,STORE0002,2026-05-18 10:13:04,COMPLETED,PAYPAL,USD,2026-05-19 17:13:04
ORD0002097,CUST000041,STORE0003,2026-06-18 08:11:15,COMPLETED,STORE_CREDIT,USD,2026-06-21 06:11:15
ORD0002098,CUST000205,STORE0010,2026-08-11 19:00:00,REFUNDED,CREDIT_CARD,USD,2026-08-11 19:00:00
ORD0002099,CUST000436,STORE0005,2026-06-29 11:16:13,PENDING,PAYPAL,USD,2026-07-02 04:16:13
ORD0002100,CUST000156,STORE0007,2026-07-22 09:07:29,REFUNDED,STORE_CREDIT,USD,2026-07-22 16:07:29
ORD0002101,CUST000028,STORE0001,2026-07-23 11:42:46,REFUNDED,CREDIT_CARD,USD,2026-07-26 05:42:46
ORD0002102,CUST000308,STORE0012,2026-04-09 10:16:44,COMPLETED,DEBIT_CARD,USD,2026-04-12 07:16:44
ORD0002103,CUST000083,STORE0006,2026-03-23 18:55:02,COMPLETED,DEBIT_CARD,USD,2026-03-24 05:55:02
ORD0002104,CUST000149,STORE0003,2026-06-29 19:13:10,COMPLETED,CREDIT_CARD,USD,2026-07-02 10:13:10
ORD0002105,CUST000058,STORE0013,2026-06-04 15:50:53,REFUNDED,PAYPAL,USD,2026-06-07 11:50:53
ORD0002106,CUST000120,STORE0013,2026-02-18 10:10:02,CANCELLED,CREDIT_CARD,USD,2026-02-20 00:10:02
ORD0002107,CUST000406,STORE0004,2026-03-05 17:33:17,PENDING,CREDIT_CARD,USD,2026-03-06 02:33:17
ORD0002108,CUST000251,STORE0008,2026-03-01 11:50:31,CANCELLED,PAYPAL,USD,2026-03-02 19:50:31
ORD0002109,CUST000334,STORE0008,2026-05-25 12:42:18,PENDING,GIFT_CARD,USD,2026-05-25 17:42:18
ORD0002110,CUST000096,STORE0010,2026-02-20 09:54:44,CANCELLED,DEBIT_CARD,USD,2026-02-21 15:54:44
ORD0002111,CUST000424,STORE0004,2026-04-20 08:27:57,COMPLETED,STORE_CREDIT,USD,2026-04-22 09:27:57
ORD0002112,CUST000092,STORE0005,2026-02-24 14:20:04,COMPLETED,GIFT_CARD,USD,2026-02-27 02:20:04
ORD0002113,CUST000488,STORE0004,2026-07-25 18:05:10,PENDING,CREDIT_CARD,USD,2026-07-27 02:05:10
ORD0002114,CUST000127,STORE0009,2026-08-01 16:07:36,COMPLETED,CREDIT_CARD,USD,2026-08-02 07:07:36
ORD0002115,CUST000291,STORE0003,2026-03-10 15:27:19,COMPLETED,PAYPAL,USD,2026-03-11 00:27:19
ORD0002116,CUST000236,STORE0011,2026-03-20 13:55:12,REFUNDED,CREDIT_CARD,USD,2026-03-21 08:55:12
ORD0002117,CUST000285,STORE0008,2026-04-15 13:45:32,COMPLETED,PAYPAL,USD,2026-04-16 11:45:32
ORD0002118,CUST000341,STORE0007,2026-04-05 19:38:51,CANCELLED,PAYPAL,USD,2026-04-07 10:38:51
ORD0002119,CUST000128,STORE0010,2026-07-06 11:20:46,PENDING,GIFT_CARD,USD,2026-07-08 13:20:46
ORD0002120,CUST000284,STORE0007,2026-08-02 15:25:10,PENDING,PAYPAL,USD,2026-08-03 10:25:10
ORD0002121,CUST000459,STORE0001,2026-05-24 18:10:03,PENDING,PAYPAL,USD,2026-05-25 07:10:03
ORD0002122,CUST000192,STORE0007,2026-08-09 11:16:56,REFUNDED,DEBIT_CARD,USD,2026-08-11 06:16:56
ORD0002123,CUST000335,STORE0005,2026-04-07 12:55:18,COMPLETED,CREDIT_CARD,USD,2026-04-07 22:55:18
ORD0002124,CUST000151,STORE0010,2026-05-10 15:41:18,COMPLETED,STORE_CREDIT,USD,2026-05-11 01:41:18
ORD0002125,CUST000461,STORE0006,2026-03-05 10:39:07,COMPLETED,GIFT_CARD,USD,2026-03-07 14:39:07
ORD0002126,CUST000089,STORE0005,2026-06-06 19:13:20,COMPLETED,PAYPAL,USD,2026-06-09 14:13:20
ORD0002127,CUST000162,STORE0013,2026-03-16 12:23:41,COMPLETED,DEBIT_CARD,USD,2026-03-19 07:23:41
ORD0002128,CUST000014,STORE0012,2026-06-22 09:08:16,COMPLETED,DEBIT_CARD,USD,2026-06-23 23:08:16
ORD0002129,CUST000037,STORE0005,2026-07-25 14:00:27,COMPLETED,CREDIT_CARD,USD,2026-07-27 15:00:27
ORD0002130,CUST000440,STORE0013,2026-03-02 16:58:31,CANCELLED,PAYPAL,USD,2026-03-02 20:58:31
ORD0002131,CUST000225,STORE0002,2026-05-14 17:00:06,COMPLETED,GIFT_CARD,USD,2026-05-15 14:00:06
ORD0002132,CUST000466,STORE0005,2026-02-27 10:58:30,COMPLETED,STORE_CREDIT,USD,2026-03-02 09:58:30
ORD0002133,CUST000455,STORE0002,2026-04-22 19:44:39,CANCELLED,DEBIT_CARD,USD,2026-04-24 08:44:39
ORD0002134,CUST000495,STORE0008,2026-06-23 12:10:02,COMPLETED,GIFT_CARD,USD,2026-06-23 20:10:02
ORD0002135,CUST000329,STORE0008,2026-04-12 21:31:10,COMPLETED,PAYPAL,USD,2026-04-15 17:31:10
ORD0002136,CUST000361,STORE0006,2026-07-17 19:55:38,COMPLETED,GIFT_CARD,USD,2026-07-20 05:55:38
ORD0002137,CUST000175,STORE0006,2026-06-21 15:36:30,REFUNDED,DEBIT_CARD,USD,2026-06-24 11:36:30
ORD0002138,CUST000112,STORE0010,2026-04-24 19:43:34,COMPLETED,CREDIT_CARD,USD,2026-04-26 11:43:34
ORD0002139,CUST000393,STORE0009,2026-07-25 14:39:40,COMPLETED,CREDIT_CARD,USD,2026-07-27 20:39:40
ORD0002140,CUST000257,STORE0005,2026-03-19 14:10:42,COMPLETED,GIFT_CARD,USD,2026-03-21 14:10:42
ORD0002141,CUST000403,STORE0010,2026-07-26 11:20:25,COMPLETED,GIFT_CARD,USD,2026-07-27 17:20:25
ORD0002142,CUST000233,STORE0013,2026-07-15 13:02:52,COMPLETED,GIFT_CARD,USD,2026-07-17 18:02:52
ORD0002143,CUST000384,STORE0003,2026-05-09 09:10:10,COMPLETED,GIFT_CARD,USD,2026-05-12 07:10:10
ORD0002144,CUST000437,STORE0003,2026-06-16 17:48:40,COMPLETED,STORE_CREDIT,USD,2026-06-18 04:48:40
ORD0002145,CUST000316,STORE0001,2026-03-22 08:52:14,REFUNDED,GIFT_CARD,USD,2026-03-25 02:52:14
ORD0002146,CUST000389,STORE0002,2026-05-12 17:45:05,COMPLETED,DEBIT_CARD,USD,2026-05-14 05:45:05
ORD0002147,CUST000363,STORE0004,2026-08-05 17:55:30,COMPLETED,GIFT_CARD,USD,2026-08-07 00:55:30
ORD0002148,CUST000371,STORE0007,2026-03-28 08:17:03,CANCELLED,DEBIT_CARD,USD,2026-03-30 05:17:03
ORD0002149,CUST000040,STORE0002,2026-06-28 17:31:33,COMPLETED,PAYPAL,USD,2026-06-29 17:31:33
ORD0002150,CUST000309,STORE0004,2026-08-01 11:44:32,COMPLETED,CREDIT_CARD,USD,2026-08-02 23:44:32
ORD0002151,CUST000412,STORE0011,2026-04-14 08:32:52,COMPLETED,GIFT_CARD,USD,2026-04-15 21:32:52
ORD0002152,CUST000412,STORE0007,2026-02-27 18:11:43,COMPLETED,CREDIT_CARD,USD,2026-02-28 19:11:43
ORD0002153,CUST000351,STORE0002,2026-02-22 17:15:59,COMPLETED,PAYPAL,USD,2026-02-25 07:15:59
ORD0002154,CUST000194,STORE0005,2026-05-16 13:19:21,CANCELLED,DEBIT_CARD,USD,2026-05-16 20:19:21
ORD0002155,CUST000441,STORE0012,2026-04-19 11:22:49,REFUNDED,CREDIT_CARD,USD,2026-04-20 01:22:49
ORD0002156,CUST000335,STORE0002,2026-04-07 13:43:47,COMPLETED,STORE_CREDIT,USD,2026-04-09 04:43:47
ORD0002157,CUST000129,STORE0001,2026-06-04 10:51:50,COMPLETED,PAYPAL,USD,2026-06-04 11:51:50
ORD0002158,CUST000260,STORE0008,2026-06-05 10:06:59,COMPLETED,STORE_CREDIT,USD,2026-06-06 22:06:59
ORD0002159,CUST000342,STORE0001,2026-03-26 11:47:51,PENDING,STORE_CREDIT,USD,2026-03-28 09:47:51
ORD0002160,CUST000272,STORE0013,2026-07-07 17:57:05,CANCELLED,STORE_CREDIT,USD,2026-07-09 07:57:05
ORD0002161,CUST000359,STORE0010,2026-04-25 13:53:52,COMPLETED,GIFT_CARD,USD,2026-04-27 02:53:52
ORD0002162,CUST000190,STORE0003,2026-05-02 21:09:56,PENDING,PAYPAL,USD,2026-05-05 16:09:56
ORD0002163,CUST000241,STORE0013,2026-06-18 17:43:22,PENDING,CREDIT_CARD,USD,2026-06-18 22:43:22
ORD0002164,CUST000066,STORE0009,2026-08-11 08:03:51,REFUNDED,CREDIT_CARD,USD,2026-08-12 23:03:51
ORD0002165,CUST000128,STORE0002,2026-05-30 09:14:42,COMPLETED,PAYPAL,USD,2026-05-30 10:14:42
ORD0002166,CUST000432,STORE0003,2026-06-18 13:18:41,COMPLETED,DEBIT_CARD,USD,2026-06-21 05:18:41
ORD0002167,CUST000036,STORE0006,2026-05-16 19:29:07,REFUNDED,GIFT_CARD,USD,2026-05-18 12:29:07
ORD0002168,CUST000216,STORE0012,2026-04-16 14:16:26,REFUNDED,GIFT_CARD,USD,2026-04-16 15:16:26
ORD0002169,CUST000107,STORE0010,2026-05-10 14:12:11,COMPLETED,GIFT_CARD,USD,2026-05-11 23:12:11
ORD0002170,CUST000457,STORE0005,2026-07-06 21:48:44,COMPLETED,STORE_CREDIT,USD,2026-07-09 11:48:44
ORD0002171,CUST000322,STORE0010,2026-05-29 19:12:05,CANCELLED,DEBIT_CARD,USD,2026-06-01 01:12:05
ORD0002172,CUST000363,STORE0004,2026-05-24 17:56:53,COMPLETED,GIFT_CARD,USD,2026-05-25 16:56:53
ORD0002173,CUST000393,STORE0001,2026-03-14 15:24:13,COMPLETED,STORE_CREDIT,USD,2026-03-15 02:24:13
ORD0002174,CUST000003,STORE0007,2026-03-24 10:12:00,COMPLETED,GIFT_CARD,USD,2026-03-25 10:12:00
ORD0002175,CUST000149,STORE0003,2026-07-19 16:19:51,COMPLETED,GIFT_CARD,USD,2026-07-19 16:19:51
ORD0002176,CUST000106,STORE0012,2026-05-08 10:43:46,COMPLETED,PAYPAL,USD,2026-05-10 05:43:46
ORD0002177,CUST000007,STORE0004,2026-07-02 08:43:53,COMPLETED,STORE_CREDIT,USD,2026-07-04 02:43:53
ORD0002178,CUST000049,STORE0011,2026-03-27 16:48:05,COMPLETED,STORE_CREDIT,USD,2026-03-30 06:48:05
ORD0002179,CUST000202,STORE0004,2026-05-25 18:46:39,COMPLETED,DEBIT_CARD,USD,2026-05-28 07:46:39
ORD0002180,CUST000173,STORE0001,2026-04-04 11:43:31,CANCELLED,DEBIT_CARD,USD,2026-04-04 17:43:31
ORD0002181,CUST000338,STORE0004,2026-03-25 19:16:47,COMPLETED,PAYPAL,USD,2026-03-26 11:16:47
ORD0002182,CUST000359,STORE0013,2026-05-26 13:09:18,PENDING,STORE_CREDIT,USD,2026-05-28 02:09:18
ORD0002183,CUST000258,STORE0003,2026-02-15 19:04:20,COMPLETED,STORE_CREDIT,USD,2026-02-17 06:04:20
ORD0002184,CUST000439,STORE0006,2026-06-06 14:53:22,COMPLETED,DEBIT_CARD,USD,2026-06-09 07:53:22
ORD0002185,CUST000098,STORE0011,2026-04-20 19:54:20,COMPLETED,PAYPAL,USD,2026-04-23 08:54:20
ORD0002186,CUST000047,STORE0012,2026-05-19 17:22:46,COMPLETED,STORE_CREDIT,USD,2026-05-22 01:22:46
ORD0002187,CUST000380,STORE0013,2026-05-18 20:37:48,COMPLETED,CREDIT_CARD,USD,2026-05-20 21:37:48
ORD0002188,CUST000274,STORE0001,2026-06-06 10:00:42,COMPLETED,DEBIT_CARD,USD,2026-06-06 13:00:42
ORD0002189,CUST000009,STORE0004,2026-07-29 15:14:18,PENDING,STORE_CREDIT,USD,2026-07-30 23:14:18
ORD0002190,CUST000236,STORE0011,2026-03-11 17:40:44,COMPLETED,PAYPAL,USD,2026-03-13 13:40:44
ORD0002191,CUST000420,STORE0008,2026-04-06 17:15:04,COMPLETED,STORE_CREDIT,USD,2026-04-08 01:15:04
ORD0002192,CUST000282,STORE0011,2026-06-30 15:47:15,REFUNDED,GIFT_CARD,USD,2026-06-30 21:47:15
ORD0002193,CUST000049,STORE0003,2026-07-14 20:11:27,PENDING,DEBIT_CARD,USD,2026-07-17 01:11:27
ORD0002194,CUST000352,STORE0001,2026-07-08 13:33:03,COMPLETED,CREDIT_CARD,USD,2026-07-08 14:33:03
ORD0002195,CUST000029,STORE0001,2026-06-09 11:33:32,COMPLETED,PAYPAL,USD,2026-06-10 19:33:32
ORD0002196,CUST000294,STORE0004,2026-07-10 18:02:35,CANCELLED,CREDIT_CARD,USD,2026-07-12 05:02:35
ORD0002197,CUST000194,STORE0008,2026-03-03 16:14:09,COMPLETED,CREDIT_CARD,USD,2026-03-04 17:14:09
ORD0002198,CUST000323,STORE0002,2026-03-12 09:57:37,REFUNDED,DEBIT_CARD,USD,2026-03-12 14:57:37
ORD0002199,CUST000319,STORE0010,2026-07-14 08:46:43,COMPLETED,DEBIT_CARD,USD,2026-07-15 01:46:43
ORD0002200,CUST000324,STORE0007,2026-03-28 21:46:33,CANCELLED,CREDIT_CARD,USD,2026-03-30 13:46:33
ORD0002201,CUST000271,STORE0002,2026-06-24 11:26:15,COMPLETED,DEBIT_CARD,USD,2026-06-27 11:26:15
ORD0002202,CUST000086,STORE0001,2026-06-14 09:22:59,COMPLETED,CREDIT_CARD,USD,2026-06-17 08:22:59
ORD0002203,CUST000213,STORE0001,2026-05-12 15:53:28,COMPLETED,PAYPAL,USD,2026-05-15 00:53:28
ORD0002204,CUST000417,STORE0011,2026-07-07 16:38:08,PENDING,DEBIT_CARD,USD,2026-07-07 20:38:08
ORD0002205,CUST000228,STORE0006,2026-06-06 12:02:22,CANCELLED,DEBIT_CARD,USD,2026-06-07 11:02:22
ORD0002206,CUST000389,STORE0010,2026-06-14 18:59:11,COMPLETED,GIFT_CARD,USD,2026-06-16 11:59:11
ORD0002207,CUST000356,STORE0012,2026-05-04 13:14:28,COMPLETED,GIFT_CARD,USD,2026-05-05 11:14:28
ORD0002208,CUST000166,STORE0003,2026-06-01 18:53:38,CANCELLED,CREDIT_CARD,USD,2026-06-02 00:53:38
ORD0002209,CUST000164,STORE0008,2026-06-03 12:47:26,COMPLETED,GIFT_CARD,USD,2026-06-03 16:47:26
ORD0002210,CUST000273,STORE0001,2026-07-19 16:12:32,REFUNDED,CREDIT_CARD,USD,2026-07-20 18:12:32
ORD0002211,CUST000461,STORE0006,2026-05-21 11:44:15,PENDING,STORE_CREDIT,USD,2026-05-22 13:44:15
ORD0002212,CUST000232,STORE0001,2026-05-11 09:20:55,PENDING,PAYPAL,USD,2026-05-13 04:20:55
ORD0002213,CUST000238,STORE0002,2026-05-21 09:42:33,REFUNDED,DEBIT_CARD,USD,2026-05-23 10:42:33
ORD0002214,CUST000488,STORE0004,2026-07-25 15:01:13,REFUNDED,GIFT_CARD,USD,2026-07-28 14:01:13
ORD0002215,CUST000097,STORE0002,2026-07-20 10:11:46,CANCELLED,CREDIT_CARD,USD,2026-07-21 21:11:46
ORD0002216,CUST000179,STORE0004,2026-08-08 17:16:55,REFUNDED,STORE_CREDIT,USD,2026-08-09 05:16:55
ORD0002217,CUST000460,STORE0009,2026-04-16 09:16:49,COMPLETED,DEBIT_CARD,USD,2026-04-16 15:16:49
ORD0002218,CUST000082,STORE0009,2026-03-24 14:30:12,COMPLETED,STORE_CREDIT,USD,2026-03-26 04:30:12
ORD0002219,CUST000488,STORE0007,2026-05-17 15:06:27,PENDING,STORE_CREDIT,USD,2026-05-20 07:06:27
ORD0002220,CUST000209,STORE0009,2026-05-05 14:18:40,COMPLETED,PAYPAL,USD,2026-05-07 04:18:40
ORD0002221,CUST000296,STORE0003,2026-05-17 16:28:11,CANCELLED,PAYPAL,USD,2026-05-19 05:28:11
ORD0002222,CUST000284,STORE0005,2026-05-24 08:06:30,COMPLETED,DEBIT_CARD,USD,2026-05-26 10:06:30
ORD0002223,CUST000264,STORE0013,2026-04-27 20:56:42,COMPLETED,STORE_CREDIT,USD,2026-04-29 08:56:42
ORD0002224,CUST000131,STORE0011,2026-04-11 21:43:02,COMPLETED,CREDIT_CARD,USD,2026-04-12 09:43:02
ORD0002225,CUST000186,STORE0006,2026-05-03 09:18:48,COMPLETED,GIFT_CARD,USD,2026-05-06 05:18:48
ORD0002226,CUST000325,STORE0001,2026-06-24 12:33:27,COMPLETED,PAYPAL,USD,2026-06-24 16:33:27
ORD0002227,CUST000054,STORE0008,2026-04-22 17:42:21,COMPLETED,STORE_CREDIT,USD,2026-04-25 10:42:21
ORD0002228,CUST000160,STORE0005,2026-03-04 08:26:24,REFUNDED,STORE_CREDIT,USD,2026-03-06 22:26:24
ORD0002229,CUST000221,STORE0006,2026-02-28 21:11:58,REFUNDED,DEBIT_CARD,USD,2026-03-02 08:11:58
ORD0002230,CUST000088,STORE0010,2026-06-26 13:01:10,COMPLETED,GIFT_CARD,USD,2026-06-26 16:01:10
ORD0002231,CUST000114,STORE0011,2026-04-05 20:07:31,PENDING,GIFT_CARD,USD,2026-04-06 06:07:31
ORD0002232,CUST000444,STORE0009,2026-08-10 10:18:48,PENDING,DEBIT_CARD,USD,2026-08-11 08:18:48
ORD0002233,CUST000282,STORE0002,2026-05-16 20:41:11,COMPLETED,STORE_CREDIT,USD,2026-05-19 13:41:11
ORD0002234,CUST000024,STORE0006,2026-02-28 15:47:14,REFUNDED,GIFT_CARD,USD,2026-03-01 08:47:14
ORD0002235,CUST000024,STORE0012,2026-03-29 15:16:38,COMPLETED,DEBIT_CARD,USD,2026-03-30 10:16:38
ORD0002236,CUST000348,STORE0004,2026-06-17 18:25:22,COMPLETED,STORE_CREDIT,USD,2026-06-18 20:25:22
ORD0002237,CUST000098,STORE0004,2026-02-20 16:26:40,COMPLETED,GIFT_CARD,USD,2026-02-21 04:26:40
ORD0002238,CUST000011,STORE0006,2026-02-28 20:53:17,REFUNDED,PAYPAL,USD,2026-03-03 13:53:17
ORD0002239,CUST000315,STORE0001,2026-06-17 12:18:16,COMPLETED,STORE_CREDIT,USD,2026-06-18 17:18:16
ORD0002240,CUST000129,STORE0012,2026-02-16 08:12:45,COMPLETED,PAYPAL,USD,2026-02-18 05:12:45
ORD0002241,CUST000250,STORE0013,2026-04-08 15:18:49,COMPLETED,PAYPAL,USD,2026-04-10 15:18:49
ORD0002242,CUST000436,STORE0013,2026-06-14 12:06:09,COMPLETED,CREDIT_CARD,USD,2026-06-17 11:06:09
ORD0002243,CUST000440,STORE0003,2026-06-30 18:37:40,COMPLETED,GIFT_CARD,USD,2026-06-30 18:37:40
ORD0002244,CUST000010,STORE0003,2026-05-26 17:49:45,COMPLETED,PAYPAL,USD,2026-05-29 06:49:45
ORD0002245,CUST000342,STORE0012,2026-03-11 14:12:25,COMPLETED,CREDIT_CARD,USD,2026-03-14 08:12:25
ORD0002246,CUST000198,STORE0005,2026-03-26 17:53:56,CANCELLED,STORE_CREDIT,USD,2026-03-27 22:53:56
ORD0002247,CUST000184,STORE0004,2026-07-17 13:08:47,REFUNDED,CREDIT_CARD,USD,2026-07-19 15:08:47
ORD0002248,CUST000122,STORE0005,2026-08-13 21:01:05,COMPLETED,STORE_CREDIT,USD,2026-08-15 05:01:05
ORD0002249,CUST000019,STORE0005,2026-07-14 17:02:36,COMPLETED,STORE_CREDIT,USD,2026-07-17 03:02:36
ORD0002250,CUST000441,STORE0006,2026-07-11 15:28:14,CANCELLED,CREDIT_CARD,USD,2026-07-13 16:28:14
ORD0002251,CUST000435,STORE0012,2026-07-12 09:59:03,CANCELLED,GIFT_CARD,USD,2026-07-12 11:59:03
ORD0002252,CUST000413,STORE0002,2026-08-08 16:42:50,CANCELLED,PAYPAL,USD,2026-08-11 02:42:50
ORD0002253,CUST000036,STORE0002,2026-02-22 12:34:54,COMPLETED,STORE_CREDIT,USD,2026-02-24 20:34:54
ORD0002254,CUST000061,STORE0003,2026-06-19 20:35:39,REFUNDED,STORE_CREDIT,USD,2026-06-22 16:35:39
ORD0002255,CUST000208,STORE0001,2026-07-27 16:18:06,REFUNDED,STORE_CREDIT,USD,2026-07-29 12:18:06
ORD0002256,CUST000272,STORE0006,2026-05-19 17:25:31,COMPLETED,CREDIT_CARD,USD,2026-05-22 08:25:31
ORD0002257,CUST000157,STORE0001,2026-02-15 08:47:46,COMPLETED,PAYPAL,USD,2026-02-15 12:47:46
ORD0002258,CUST000160,STORE0013,2026-02-24 15:49:38,COMPLETED,STORE_CREDIT,USD,2026-02-25 11:49:38
ORD0002259,CUST000157,STORE0003,2026-06-10 11:47:17,COMPLETED,STORE_CREDIT,USD,2026-06-13 01:47:17
ORD0002260,CUST000324,STORE0006,2026-04-25 15:46:23,CANCELLED,STORE_CREDIT,USD,2026-04-28 02:46:23
ORD0002261,CUST000074,STORE0006,2026-07-29 19:37:03,PENDING,PAYPAL,USD,2026-08-01 02:37:03
ORD0002262,CUST000149,STORE0004,2026-08-12 08:16:03,COMPLETED,PAYPAL,USD,2026-08-14 04:16:03
ORD0002263,CUST000295,STORE0012,2026-08-09 15:06:28,COMPLETED,GIFT_CARD,USD,2026-08-10 18:06:28
ORD0002264,CUST000081,STORE0010,2026-07-19 08:44:18,COMPLETED,STORE_CREDIT,USD,2026-07-22 01:44:18
ORD0002265,CUST000225,STORE0001,2026-03-22 19:22:19,COMPLETED,PAYPAL,USD,2026-03-23 04:22:19
ORD0002266,CUST000248,STORE0003,2026-05-10 14:03:52,COMPLETED,PAYPAL,USD,2026-05-12 15:03:52
ORD0002267,CUST000122,STORE0005,2026-02-21 19:39:55,COMPLETED,CREDIT_CARD,USD,2026-02-22 23:39:55
ORD0002268,CUST000322,STORE0011,2026-03-15 19:55:26,CANCELLED,DEBIT_CARD,USD,2026-03-17 06:55:26
ORD0002269,CUST000382,STORE0007,2026-03-04 15:35:42,COMPLETED,STORE_CREDIT,USD,2026-03-06 13:35:42
ORD0002270,CUST000198,STORE0005,2026-05-16 13:53:23,COMPLETED,CREDIT_CARD,USD,2026-05-18 17:53:23
ORD0002271,CUST000179,STORE0011,2026-05-18 15:00:23,COMPLETED,CREDIT_CARD,USD,2026-05-20 14:00:23
ORD0002272,CUST000176,STORE0011,2026-07-14 17:53:54,REFUNDED,STORE_CREDIT,USD,2026-07-17 14:53:54
ORD0002273,CUST000221,STORE0001,2026-02-22 14:41:11,COMPLETED,CREDIT_CARD,USD,2026-02-24 10:41:11
ORD0002274,CUST000300,STORE0004,2026-06-15 16:16:37,COMPLETED,CREDIT_CARD,USD,2026-06-16 19:16:37
ORD0002275,CUST000320,STORE0008,2026-06-02 19:10:07,COMPLETED,PAYPAL,USD,2026-06-04 05:10:07
ORD0002276,CUST000078,STORE0013,2026-03-22 10:54:43,PENDING,PAYPAL,USD,2026-03-23 19:54:43
ORD0002277,CUST000002,STORE0002,2026-04-24 16:44:06,COMPLETED,CREDIT_CARD,USD,2026-04-27 00:44:06
ORD0002278,CUST000129,STORE0004,2026-06-08 20:50:19,CANCELLED,DEBIT_CARD,USD,2026-06-09 11:50:19
ORD0002279,CUST000437,STORE0011,2026-06-24 08:34:07,COMPLETED,DEBIT_CARD,USD,2026-06-24 10:34:07
ORD0002280,CUST000430,STORE0012,2026-03-14 19:46:57,COMPLETED,PAYPAL,USD,2026-03-16 14:46:57
ORD0002281,CUST000215,STORE0001,2026-03-21 18:04:10,COMPLETED,PAYPAL,USD,2026-03-24 01:04:10
ORD0002282,CUST000398,STORE0003,2026-02-27 15:52:51,COMPLETED,STORE_CREDIT,USD,2026-03-02 08:52:51
ORD0002283,CUST000126,STORE0004,2026-03-06 19:53:16,REFUNDED,GIFT_CARD,USD,2026-03-09 02:53:16
ORD0002284,CUST000182,STORE0008,2026-06-25 18:06:13,COMPLETED,STORE_CREDIT,USD,2026-06-27 06:06:13
ORD0002285,CUST000333,STORE0002,2026-05-26 12:22:02,CANCELLED,DEBIT_CARD,USD,2026-05-28 13:22:02
ORD0002286,CUST000251,STORE0007,2026-04-20 09:58:11,COMPLETED,DEBIT_CARD,USD,2026-04-20 21:58:11
ORD0002287,CUST000259,STORE0004,2026-07-11 11:19:56,COMPLETED,DEBIT_CARD,USD,2026-07-14 05:19:56
ORD0002288,CUST000290,STORE0009,2026-06-24 09:37:11,COMPLETED,STORE_CREDIT,USD,2026-06-26 16:37:11
ORD0002289,CUST000073,STORE0008,2026-06-05 19:10:08,COMPLETED,STORE_CREDIT,USD,2026-06-08 00:10:08
ORD0002290,CUST000131,STORE0002,2026-06-30 11:39:47,CANCELLED,GIFT_CARD,USD,2026-07-02 07:39:47
ORD0002291,CUST000402,STORE0003,2026-06-25 08:05:55,COMPLETED,CREDIT_CARD,USD,2026-06-27 23:05:55
ORD0002292,CUST000147,STORE0005,2026-06-10 11:49:23,REFUNDED,GIFT_CARD,USD,2026-06-11 14:49:23
ORD0002293,CUST000038,STORE0001,2026-04-10 10:15:47,REFUNDED,STORE_CREDIT,USD,2026-04-11 01:15:47
ORD0002294,CUST000217,STORE0011,2026-06-18 19:16:30,COMPLETED,CREDIT_CARD,USD,2026-06-19 12:16:30
ORD0002295,CUST000286,STORE0003,2026-05-25 08:50:05,REFUNDED,PAYPAL,USD,2026-05-28 05:50:05
ORD0002296,CUST000478,STORE0005,2026-03-22 10:20:13,CANCELLED,STORE_CREDIT,USD,2026-03-23 14:20:13
ORD0002297,CUST000253,STORE0008,2026-06-09 20:11:29,COMPLETED,GIFT_CARD,USD,2026-06-11 04:11:29
ORD0002298,CUST000177,STORE0003,2026-03-09 09:59:59,COMPLETED,GIFT_CARD,USD,2026-03-12 04:59:59
ORD0002299,CUST000365,STORE0013,2026-06-30 15:34:53,CANCELLED,DEBIT_CARD,USD,2026-07-02 05:34:53
ORD0002300,CUST000340,STORE0009,2026-07-16 12:28:48,COMPLETED,PAYPAL,USD,2026-07-16 19:28:48
ORD0002301,CUST000028,STORE0003,2026-05-06 12:26:05,PENDING,PAYPAL,USD,2026-05-08 17:26:05
ORD0002302,CUST000035,STORE0009,2026-07-09 16:50:27,COMPLETED,CREDIT_CARD,USD,2026-07-11 21:50:27
ORD0002303,CUST000089,STORE0004,2026-07-25 13:40:03,COMPLETED,PAYPAL,USD,2026-07-27 00:40:03
ORD0002304,CUST000346,STORE0004,2026-06-23 20:37:24,PENDING,GIFT_CARD,USD,2026-06-25 17:37:24
ORD0002305,CUST000407,STORE0003,2026-02-19 08:35:45,REFUNDED,CREDIT_CARD,USD,2026-02-19 23:35:45
ORD0002306,CUST000251,STORE0006,2026-07-14 13:06:16,PENDING,STORE_CREDIT,USD,2026-07-14 18:06:16
ORD0002307,CUST000324,STORE0006,2026-06-25 19:30:57,COMPLETED,DEBIT_CARD,USD,2026-06-27 05:30:57
ORD0002308,CUST000066,STORE0010,2026-05-01 21:33:12,PENDING,GIFT_CARD,USD,2026-05-02 02:33:12
ORD0002309,CUST000170,STORE0002,2026-04-01 18:13:55,COMPLETED,DEBIT_CARD,USD,2026-04-02 20:13:55
ORD0002310,CUST000349,STORE0008,2026-06-21 15:13:16,REFUNDED,PAYPAL,USD,2026-06-22 07:13:16
ORD0002311,CUST000048,STORE0005,2026-02-14 15:58:30,COMPLETED,STORE_CREDIT,USD,2026-02-15 14:58:30
ORD0002312,CUST000296,STORE0010,2026-02-23 15:53:16,COMPLETED,PAYPAL,USD,2026-02-25 17:53:16
ORD0002313,CUST000047,STORE0008,2026-03-16 20:59:10,COMPLETED,GIFT_CARD,USD,2026-03-18 01:59:10
ORD0002314,CUST000179,STORE0013,2026-04-05 14:59:54,CANCELLED,DEBIT_CARD,USD,2026-04-07 13:59:54
ORD0002315,CUST000353,STORE0004,2026-07-31 17:19:51,COMPLETED,GIFT_CARD,USD,2026-08-02 18:19:51
ORD0002316,CUST000395,STORE0010,2026-05-26 10:55:58,COMPLETED,PAYPAL,USD,2026-05-28 04:55:58
ORD0002317,CUST000206,STORE0004,2026-02-18 08:41:25,COMPLETED,DEBIT_CARD,USD,2026-02-20 09:41:25
ORD0002318,CUST000415,STORE0012,2026-07-29 08:55:19,PENDING,CREDIT_CARD,USD,2026-08-01 00:55:19
ORD0002319,CUST000386,STORE0004,2026-08-09 19:30:47,REFUNDED,STORE_CREDIT,USD,2026-08-11 02:30:47
ORD0002320,CUST000298,STORE0012,2026-07-03 14:28:29,COMPLETED,GIFT_CARD,USD,2026-07-03 21:28:29
ORD0002321,CUST000356,STORE0010,2026-07-18 14:38:48,CANCELLED,GIFT_CARD,USD,2026-07-19 02:38:48
ORD0002322,CUST000245,STORE0001,2026-02-26 18:08:36,COMPLETED,CREDIT_CARD,USD,2026-02-27 21:08:36
ORD0002323,CUST000242,STORE0005,2026-06-01 08:10:04,COMPLETED,STORE_CREDIT,USD,2026-06-03 15:10:04
ORD0002324,CUST000359,STORE0011,2026-07-29 13:04:46,CANCELLED,PAYPAL,USD,2026-07-31 10:04:46
ORD0002325,CUST000453,STORE0003,2026-08-09 16:20:35,COMPLETED,PAYPAL,USD,2026-08-09 19:20:35
ORD0002326,CUST000399,STORE0012,2026-03-31 17:59:14,PENDING,GIFT_CARD,USD,2026-04-01 23:59:14
ORD0002327,CUST000378,STORE0008,2026-04-23 14:17:43,COMPLETED,CREDIT_CARD,USD,2026-04-25 07:17:43
ORD0002328,CUST000282,STORE0006,2026-08-08 08:33:34,COMPLETED,PAYPAL,USD,2026-08-11 05:33:34
ORD0002329,CUST000385,STORE0001,2026-08-06 13:34:07,REFUNDED,GIFT_CARD,USD,2026-08-06 14:34:07
ORD0002330,CUST000250,STORE0010,2026-06-19 20:16:16,COMPLETED,CREDIT_CARD,USD,2026-06-22 03:16:16
ORD0002331,CUST000425,STORE0007,2026-07-26 12:24:48,COMPLETED,DEBIT_CARD,USD,2026-07-27 19:24:48
ORD0002332,CUST000210,STORE0004,2026-04-05 15:36:57,PENDING,DEBIT_CARD,USD,2026-04-06 09:36:57
ORD0002333,CUST000282,STORE0011,2026-06-21 11:18:20,COMPLETED,DEBIT_CARD,USD,2026-06-23 04:18:20
ORD0002334,CUST000002,STORE0005,2026-06-15 10:48:26,COMPLETED,STORE_CREDIT,USD,2026-06-17 23:48:26
ORD0002335,CUST000497,STORE0007,2026-05-21 08:36:34,PENDING,STORE_CREDIT,USD,2026-05-23 00:36:34
ORD0002336,CUST000249,STORE0012,2026-04-14 14:27:23,COMPLETED,STORE_CREDIT,USD,2026-04-16 22:27:23
ORD0002337,CUST000463,STORE0011,2026-05-17 15:07:15,COMPLETED,GIFT_CARD,USD,2026-05-20 11:07:15
ORD0002338,CUST000141,STORE0009,2026-06-10 15:23:24,PENDING,STORE_CREDIT,USD,2026-06-11 00:23:24
ORD0002339,CUST000241,STORE0006,2026-05-20 15:37:55,REFUNDED,DEBIT_CARD,USD,2026-05-23 11:37:55
ORD0002340,CUST000399,STORE0001,2026-03-01 13:37:00,COMPLETED,GIFT_CARD,USD,2026-03-03 01:37:00
ORD0002341,CUST000156,STORE0003,2026-04-29 14:08:55,REFUNDED,CREDIT_CARD,USD,2026-05-02 02:08:55
ORD0002342,CUST000421,STORE0010,2026-08-04 16:01:36,COMPLETED,STORE_CREDIT,USD,2026-08-05 12:01:36
ORD0002343,CUST000269,STORE0008,2026-07-07 15:48:40,COMPLETED,STORE_CREDIT,USD,2026-07-10 03:48:40
ORD0002344,CUST000241,STORE0008,2026-04-11 17:41:52,CANCELLED,PAYPAL,USD,2026-04-13 00:41:52
ORD0002345,CUST000405,STORE0013,2026-02-28 18:41:18,COMPLETED,CREDIT_CARD,USD,2026-03-02 16:41:18
ORD0002346,CUST000498,STORE0013,2026-02-20 18:05:01,COMPLETED,DEBIT_CARD,USD,2026-02-21 23:05:01
ORD0002347,CUST000344,STORE0002,2026-05-14 14:31:07,COMPLETED,PAYPAL,USD,2026-05-17 00:31:07
ORD0002348,CUST000372,STORE0013,2026-06-07 10:17:51,REFUNDED,STORE_CREDIT,USD,2026-06-09 02:17:51
ORD0002349,CUST000236,STORE0011,2026-02-22 16:42:32,COMPLETED,PAYPAL,USD,2026-02-22 16:42:32
ORD0002350,CUST000413,STORE0001,2026-05-18 11:47:25,COMPLETED,DEBIT_CARD,USD,2026-05-21 00:47:25
ORD0002351,CUST000013,STORE0006,2026-03-07 20:12:54,COMPLETED,STORE_CREDIT,USD,2026-03-10 00:12:54
ORD0002352,CUST000284,STORE0008,2026-02-21 21:59:11,COMPLETED,GIFT_CARD,USD,2026-02-24 15:59:11
ORD0002353,CUST000080,STORE0002,2026-04-28 19:36:10,COMPLETED,DEBIT_CARD,USD,2026-04-29 05:36:10
ORD0002354,CUST000425,STORE0009,2026-05-20 16:13:02,COMPLETED,GIFT_CARD,USD,2026-05-23 15:13:02
ORD0002355,CUST000218,STORE0006,2026-08-03 14:02:59,COMPLETED,PAYPAL,USD,2026-08-06 02:02:59
ORD0002356,CUST000168,STORE0005,2026-03-11 20:00:20,REFUNDED,PAYPAL,USD,2026-03-14 04:00:20
ORD0002357,CUST000277,STORE0006,2026-05-08 16:28:09,COMPLETED,PAYPAL,USD,2026-05-10 11:28:09
ORD0002358,CUST000059,STORE0001,2026-04-28 09:23:03,PENDING,GIFT_CARD,USD,2026-04-30 20:23:03
ORD0002359,CUST000421,STORE0002,2026-03-08 13:40:23,REFUNDED,PAYPAL,USD,2026-03-10 13:40:23
ORD0002360,CUST000226,STORE0011,2026-07-31 13:02:02,COMPLETED,GIFT_CARD,USD,2026-08-02 04:02:02
ORD0002361,CUST000448,STORE0010,2026-07-23 18:02:59,REFUNDED,GIFT_CARD,USD,2026-07-25 19:02:59
ORD0002362,CUST000459,STORE0011,2026-06-23 08:58:43,COMPLETED,DEBIT_CARD,USD,2026-06-25 10:58:43
ORD0002363,CUST000262,STORE0012,2026-03-10 15:02:33,REFUNDED,DEBIT_CARD,USD,2026-03-11 19:02:33
ORD0002364,CUST000134,STORE0005,2026-07-29 18:55:50,CANCELLED,PAYPAL,USD,2026-07-31 22:55:50
ORD0002365,CUST000010,STORE0005,2026-08-12 21:57:46,CANCELLED,PAYPAL,USD,2026-08-15 18:57:46
ORD0002366,CUST000225,STORE0001,2026-07-08 17:32:28,COMPLETED,PAYPAL,USD,2026-07-09 02:32:28
ORD0002367,CUST000118,STORE0011,2026-07-03 12:24:38,COMPLETED,STORE_CREDIT,USD,2026-07-04 11:24:38
ORD0002368,CUST000134,STORE0007,2026-05-23 10:23:28,COMPLETED,DEBIT_CARD,USD,2026-05-24 00:23:28
ORD0002369,CUST000476,STORE0008,2026-07-27 17:19:31,COMPLETED,CREDIT_CARD,USD,2026-07-29 15:19:31
ORD0002370,CUST000119,STORE0011,2026-04-11 09:48:21,PENDING,CREDIT_CARD,USD,2026-04-14 00:48:21
ORD0002371,CUST000136,STORE0005,2026-03-12 13:11:27,COMPLETED,GIFT_CARD,USD,2026-03-14 01:11:27
ORD0002372,CUST000338,STORE0011,2026-07-10 20:56:07,PENDING,PAYPAL,USD,2026-07-12 00:56:07
ORD0002373,CUST000416,STORE0009,2026-04-04 15:15:38,COMPLETED,DEBIT_CARD,USD,2026-04-06 08:15:38
ORD0002374,CUST000002,STORE0012,2026-06-18 12:42:43,COMPLETED,PAYPAL,USD,2026-06-20 03:42:43
ORD0002375,CUST000356,STORE0002,2026-04-03 13:12:18,COMPLETED,GIFT_CARD,USD,2026-04-05 06:12:18
ORD0002376,CUST000484,STORE0007,2026-03-25 21:05:13,CANCELLED,CREDIT_CARD,USD,2026-03-27 05:05:13
ORD0002377,CUST000189,STORE0007,2026-07-02 16:40:03,CANCELLED,STORE_CREDIT,USD,2026-07-04 03:40:03
ORD0002378,CUST000480,STORE0002,2026-04-18 10:26:30,COMPLETED,DEBIT_CARD,USD,2026-04-20 19:26:30
ORD0002379,CUST000370,STORE0007,2026-06-06 12:27:56,CANCELLED,STORE_CREDIT,USD,2026-06-08 06:27:56
ORD0002380,CUST000299,STORE0011,2026-03-24 17:18:17,CANCELLED,CREDIT_CARD,USD,2026-03-25 17:18:17
ORD0002381,CUST000081,STORE0012,2026-05-28 14:32:16,REFUNDED,GIFT_CARD,USD,2026-05-28 14:32:16
ORD0002382,CUST000257,STORE0004,2026-04-02 08:12:04,COMPLETED,DEBIT_CARD,USD,2026-04-02 23:12:04
ORD0002383,CUST000499,STORE0011,2026-03-10 16:01:06,COMPLETED,GIFT_CARD,USD,2026-03-12 19:01:06
ORD0002384,CUST000306,STORE0004,2026-06-22 16:53:44,REFUNDED,DEBIT_CARD,USD,2026-06-24 14:53:44
ORD0002385,CUST000458,STORE0004,2026-07-08 15:34:58,COMPLETED,PAYPAL,USD,2026-07-10 13:34:58
ORD0002386,CUST000044,STORE0001,2026-08-05 14:49:27,COMPLETED,PAYPAL,USD,2026-08-08 06:49:27
ORD0002387,CUST000074,STORE0005,2026-06-20 16:40:38,COMPLETED,GIFT_CARD,USD,2026-06-21 10:40:38
ORD0002388,CUST000491,STORE0007,2026-07-28 09:50:49,COMPLETED,CREDIT_CARD,USD,2026-07-30 04:50:49
ORD0002389,CUST000020,STORE0010,2026-07-20 15:41:22,COMPLETED,STORE_CREDIT,USD,2026-07-22 21:41:22
ORD0002390,CUST000286,STORE0013,2026-08-05 10:07:18,COMPLETED,DEBIT_CARD,USD,2026-08-07 18:07:18
ORD0002391,CUST000102,STORE0010,2026-02-18 11:39:00,CANCELLED,CREDIT_CARD,USD,2026-02-19 06:39:00
ORD0002392,CUST000458,STORE0011,2026-06-08 17:33:45,CANCELLED,STORE_CREDIT,USD,2026-06-11 12:33:45
ORD0002393,CUST000061,STORE0006,2026-03-30 10:38:50,PENDING,DEBIT_CARD,USD,2026-03-31 12:38:50
ORD0002394,CUST000395,STORE0006,2026-04-20 08:07:18,CANCELLED,STORE_CREDIT,USD,2026-04-21 15:07:18
ORD0002395,CUST000233,STORE0009,2026-02-27 08:30:52,REFUNDED,GIFT_CARD,USD,2026-02-28 06:30:52
ORD0002396,CUST000188,STORE0011,2026-02-18 12:53:58,COMPLETED,DEBIT_CARD,USD,2026-02-21 09:53:58
ORD0002397,CUST000316,STORE0010,2026-02-27 19:12:07,COMPLETED,CREDIT_CARD,USD,2026-02-28 13:12:07
ORD0002398,CUST000099,STORE0004,2026-04-15 09:51:48,COMPLETED,STORE_CREDIT,USD,2026-04-17 14:51:48
ORD0002399,CUST000347,STORE0004,2026-04-08 13:11:00,PENDING,DEBIT_CARD,USD,2026-04-10 20:11:00
ORD0002400,CUST000489,STORE0003,2026-04-03 09:00:04,COMPLETED,PAYPAL,USD,2026-04-03 19:00:04
ORD0002401,CUST000379,STORE0005,2026-02-25 13:48:07,CANCELLED,CREDIT_CARD,USD,2026-02-27 11:48:07
ORD0002402,CUST000226,STORE0013,2026-04-14 18:22:10,PENDING,DEBIT_CARD,USD,2026-04-16 23:22:10
ORD0002403,CUST000123,STORE0011,2026-02-21 10:45:11,PENDING,PAYPAL,USD,2026-02-24 05:45:11
ORD0002404,CUST000298,STORE0003,2026-04-04 13:56:28,COMPLETED,GIFT_CARD,USD,2026-04-06 21:56:28
ORD0002405,CUST000044,STORE0008,2026-05-11 11:09:08,REFUNDED,STORE_CREDIT,USD,2026-05-14 02:09:08
ORD0002406,CUST000305,STORE0013,2026-03-15 14:52:46,CANCELLED,CREDIT_CARD,USD,2026-03-16 21:52:46
ORD0002407,CUST000135,STORE0002,2026-03-26 12:44:51,CANCELLED,GIFT_CARD,USD,2026-03-28 03:44:51
ORD0002408,CUST000457,STORE0001,2026-08-07 14:25:38,COMPLETED,GIFT_CARD,USD,2026-08-09 05:25:38
ORD0002409,CUST000478,STORE0008,2026-05-28 09:29:01,COMPLETED,DEBIT_CARD,USD,2026-05-28 22:29:01
ORD0002410,CUST000425,STORE0011,2026-03-08 15:10:01,COMPLETED,PAYPAL,USD,2026-03-10 07:10:01
ORD0002411,CUST000437,STORE0011,2026-05-06 12:54:08,PENDING,CREDIT_CARD,USD,2026-05-08 15:54:08
ORD0002412,CUST000156,STORE0011,2026-03-03 21:07:16,COMPLETED,GIFT_CARD,USD,2026-03-05 13:07:16
ORD0002413,CUST000452,STORE0005,2026-03-18 19:04:50,COMPLETED,STORE_CREDIT,USD,2026-03-21 01:04:50
ORD0002414,CUST000483,STORE0010,2026-05-14 09:40:44,COMPLETED,DEBIT_CARD,USD,2026-05-15 04:40:44
ORD0002415,CUST000034,STORE0013,2026-06-20 12:27:16,COMPLETED,DEBIT_CARD,USD,2026-06-21 12:27:16
ORD0002416,CUST000406,STORE0006,2026-02-16 14:02:49,COMPLETED,CREDIT_CARD,USD,2026-02-18 02:02:49
ORD0002417,CUST000335,STORE0002,2026-04-12 18:43:18,REFUNDED,DEBIT_CARD,USD,2026-04-15 00:43:18
ORD0002418,CUST000248,STORE0009,2026-06-03 17:53:43,REFUNDED,PAYPAL,USD,2026-06-05 10:53:43
ORD0002419,CUST000440,STORE0005,2026-07-27 12:31:19,PENDING,DEBIT_CARD,USD,2026-07-30 03:31:19
ORD0002420,CUST000425,STORE0011,2026-07-19 15:15:27,PENDING,CREDIT_CARD,USD,2026-07-22 04:15:27
ORD0002421,CUST000429,STORE0006,2026-04-16 09:42:51,PENDING,GIFT_CARD,USD,2026-04-18 22:42:51
ORD0002422,CUST000010,STORE0002,2026-03-15 16:20:39,COMPLETED,STORE_CREDIT,USD,2026-03-18 15:20:39
ORD0002423,CUST000017,STORE0010,2026-05-14 15:58:36,COMPLETED,CREDIT_CARD,USD,2026-05-17 07:58:36
ORD0002424,CUST000450,STORE0010,2026-07-19 18:57:11,COMPLETED,PAYPAL,USD,2026-07-20 03:57:11
ORD0002425,CUST000250,STORE0009,2026-07-29 17:01:32,CANCELLED,PAYPAL,USD,2026-07-29 23:01:32
ORD0002426,CUST000480,STORE0010,2026-05-10 17:08:56,CANCELLED,DEBIT_CARD,USD,2026-05-11 12:08:56
ORD0002427,CUST000256,STORE0003,2026-05-13 08:52:44,REFUNDED,STORE_CREDIT,USD,2026-05-14 11:52:44
ORD0002428,CUST000097,STORE0003,2026-04-06 13:41:31,COMPLETED,GIFT_CARD,USD,2026-04-09 03:41:31
ORD0002429,CUST000078,STORE0001,2026-07-19 12:11:02,COMPLETED,PAYPAL,USD,2026-07-20 18:11:02
ORD0002430,CUST000317,STORE0012,2026-07-21 12:09:21,COMPLETED,STORE_CREDIT,USD,2026-07-23 06:09:21
ORD0002431,CUST000329,STORE0013,2026-02-14 21:49:36,COMPLETED,STORE_CREDIT,USD,2026-02-16 18:49:36
ORD0002432,CUST000300,STORE0006,2026-06-10 10:14:33,REFUNDED,PAYPAL,USD,2026-06-10 22:14:33
ORD0002433,CUST000347,STORE0001,2026-03-31 21:16:25,CANCELLED,STORE_CREDIT,USD,2026-04-02 08:16:25
ORD0002434,CUST000248,STORE0013,2026-04-18 16:48:20,REFUNDED,CREDIT_CARD,USD,2026-04-21 04:48:20
ORD0002435,CUST000246,STORE0010,2026-03-29 09:14:07,COMPLETED,DEBIT_CARD,USD,2026-04-01 07:14:07
ORD0002436,CUST000415,STORE0010,2026-04-08 15:04:23,COMPLETED,CREDIT_CARD,USD,2026-04-09 20:04:23
ORD0002437,CUST000380,STORE0013,2026-04-14 16:07:06,COMPLETED,PAYPAL,USD,2026-04-15 18:07:06
ORD0002438,CUST000157,STORE0006,2026-05-05 12:01:28,PENDING,CREDIT_CARD,USD,2026-05-08 02:01:28
ORD0002439,CUST000483,STORE0009,2026-06-26 10:54:13,COMPLETED,CREDIT_CARD,USD,2026-06-29 08:54:13
ORD0002440,CUST000477,STORE0003,2026-06-30 12:31:30,CANCELLED,DEBIT_CARD,USD,2026-07-03 10:31:30
ORD0002441,CUST000211,STORE0007,2026-08-07 15:03:41,REFUNDED,DEBIT_CARD,USD,2026-08-09 18:03:41
ORD0002442,CUST000303,STORE0006,2026-05-11 19:14:01,CANCELLED,PAYPAL,USD,2026-05-13 02:14:01
ORD0002443,CUST000030,STORE0004,2026-06-18 15:39:04,COMPLETED,DEBIT_CARD,USD,2026-06-18 16:39:04
ORD0002444,CUST000451,STORE0001,2026-02-17 12:58:23,CANCELLED,CREDIT_CARD,USD,2026-02-18 04:58:23
ORD0002445,CUST000153,STORE0007,2026-07-07 12:59:30,COMPLETED,GIFT_CARD,USD,2026-07-08 06:59:30
ORD0002446,CUST000326,STORE0002,2026-03-19 08:52:28,COMPLETED,STORE_CREDIT,USD,2026-03-19 12:52:28
ORD0002447,CUST000012,STORE0004,2026-05-05 19:44:20,COMPLETED,CREDIT_CARD,USD,2026-05-08 15:44:20
ORD0002448,CUST000223,STORE0006,2026-08-13 15:47:44,REFUNDED,CREDIT_CARD,USD,2026-08-16 11:47:44
ORD0002449,CUST000044,STORE0006,2026-08-09 18:20:26,COMPLETED,CREDIT_CARD,USD,2026-08-11 05:20:26
ORD0002450,CUST000377,STORE0010,2026-08-06 11:02:59,COMPLETED,DEBIT_CARD,USD,2026-08-06 20:02:59
ORD0002451,CUST000489,STORE0007,2026-05-16 12:33:16,COMPLETED,CREDIT_CARD,USD,2026-05-16 18:33:16
ORD0002452,CUST000212,STORE0005,2026-05-16 12:39:29,COMPLETED,DEBIT_CARD,USD,2026-05-19 07:39:29
ORD0002453,CUST000185,STORE0007,2026-02-18 12:57:35,CANCELLED,GIFT_CARD,USD,2026-02-19 06:57:35
ORD0002454,CUST000357,STORE0008,2026-07-18 13:47:05,COMPLETED,CREDIT_CARD,USD,2026-07-21 05:47:05
ORD0002455,CUST000091,STORE0011,2026-08-01 13:03:35,REFUNDED,GIFT_CARD,USD,2026-08-02 04:03:35
ORD0002456,CUST000430,STORE0002,2026-06-21 12:04:40,COMPLETED,PAYPAL,USD,2026-06-22 23:04:40
ORD0002457,CUST000063,STORE0010,2026-06-11 14:30:03,COMPLETED,GIFT_CARD,USD,2026-06-13 12:30:03
ORD0002458,CUST000278,STORE0004,2026-04-02 16:57:49,COMPLETED,DEBIT_CARD,USD,2026-04-03 03:57:49
ORD0002459,CUST000295,STORE0002,2026-04-23 21:19:33,CANCELLED,CREDIT_CARD,USD,2026-04-25 12:19:33
ORD0002460,CUST000149,STORE0009,2026-06-22 15:35:01,REFUNDED,DEBIT_CARD,USD,2026-06-25 04:35:01
ORD0002461,CUST000241,STORE0004,2026-06-09 16:02:20,COMPLETED,DEBIT_CARD,USD,2026-06-11 03:02:20
ORD0002462,CUST000293,STORE0008,2026-05-03 15:27:51,COMPLETED,PAYPAL,USD,2026-05-05 22:27:51
ORD0002463,CUST000065,STORE0006,2026-07-11 18:41:39,COMPLETED,PAYPAL,USD,2026-07-12 08:41:39
ORD0002464,CUST000386,STORE0008,2026-05-06 17:07:01,REFUNDED,PAYPAL,USD,2026-05-08 16:07:01
ORD0002465,CUST000245,STORE0008,2026-03-14 12:02:22,PENDING,PAYPAL,USD,2026-03-16 21:02:22
ORD0002466,CUST000450,STORE0009,2026-05-07 15:51:20,COMPLETED,PAYPAL,USD,2026-05-09 14:51:20
ORD0002467,CUST000354,STORE0005,2026-04-02 08:45:57,COMPLETED,STORE_CREDIT,USD,2026-04-02 11:45:57
ORD0002468,CUST000345,STORE0009,2026-07-06 15:03:45,CANCELLED,DEBIT_CARD,USD,2026-07-08 01:03:45
ORD0002469,CUST000399,STORE0008,2026-06-05 18:56:19,COMPLETED,DEBIT_CARD,USD,2026-06-08 15:56:19
ORD0002470,CUST000426,STORE0007,2026-03-12 14:22:14,COMPLETED,PAYPAL,USD,2026-03-15 05:22:14
ORD0002471,CUST000484,STORE0011,2026-06-03 17:21:01,PENDING,DEBIT_CARD,USD,2026-06-06 05:21:01
ORD0002472,CUST000311,STORE0002,2026-05-14 14:39:30,CANCELLED,PAYPAL,USD,2026-05-14 21:39:30
ORD0002473,CUST000111,STORE0013,2026-05-03 21:47:37,COMPLETED,DEBIT_CARD,USD,2026-05-04 15:47:37
ORD0002474,CUST000357,STORE0007,2026-08-05 17:40:22,CANCELLED,CREDIT_CARD,USD,2026-08-06 08:40:22
ORD0002475,CUST000055,STORE0009,2026-03-25 16:29:38,COMPLETED,PAYPAL,USD,2026-03-27 01:29:38
ORD0002476,CUST000488,STORE0007,2026-06-04 18:27:41,CANCELLED,DEBIT_CARD,USD,2026-06-06 02:27:41
ORD0002477,CUST000107,STORE0012,2026-06-17 13:56:55,REFUNDED,DEBIT_CARD,USD,2026-06-19 01:56:55
ORD0002478,CUST000323,STORE0013,2026-05-08 08:47:15,COMPLETED,PAYPAL,USD,2026-05-09 06:47:15
ORD0002479,CUST000206,STORE0003,2026-05-16 08:53:21,COMPLETED,DEBIT_CARD,USD,2026-05-17 09:53:21
ORD0002480,CUST000397,STORE0012,2026-06-24 11:44:29,COMPLETED,STORE_CREDIT,USD,2026-06-26 13:44:29
ORD0002481,CUST000088,STORE0009,2026-06-05 15:10:32,COMPLETED,GIFT_CARD,USD,2026-06-08 04:10:32
ORD0002482,CUST000361,STORE0013,2026-03-28 17:24:55,CANCELLED,GIFT_CARD,USD,2026-03-30 17:24:55
ORD0002483,CUST000113,STORE0002,2026-08-03 16:03:09,COMPLETED,CREDIT_CARD,USD,2026-08-05 04:03:09
ORD0002484,CUST000036,STORE0003,2026-07-16 20:51:17,COMPLETED,PAYPAL,USD,2026-07-18 03:51:17
ORD0002485,CUST000473,STORE0002,2026-04-29 17:25:14,PENDING,GIFT_CARD,USD,2026-05-01 14:25:14
ORD0002486,CUST000033,STORE0011,2026-03-06 08:56:07,REFUNDED,STORE_CREDIT,USD,2026-03-08 01:56:07
ORD0002487,CUST000449,STORE0002,2026-04-11 15:03:44,COMPLETED,PAYPAL,USD,2026-04-11 23:03:44
ORD0002488,CUST000185,STORE0007,2026-02-21 20:31:14,COMPLETED,CREDIT_CARD,USD,2026-02-22 19:31:14
ORD0002489,CUST000454,STORE0001,2026-03-11 18:56:18,CANCELLED,PAYPAL,USD,2026-03-12 15:56:18
ORD0002490,CUST000443,STORE0003,2026-08-06 12:00:00,COMPLETED,DEBIT_CARD,USD,2026-08-06 21:00:00
ORD0002491,CUST000469,STORE0011,2026-05-05 21:05:17,COMPLETED,STORE_CREDIT,USD,2026-05-07 16:05:17
ORD0002492,CUST000027,STORE0002,2026-05-05 19:15:59,COMPLETED,STORE_CREDIT,USD,2026-05-06 09:15:59
ORD0002493,CUST000388,STORE0008,2026-06-18 17:27:26,COMPLETED,GIFT_CARD,USD,2026-06-20 10:27:26
ORD0002494,CUST000135,STORE0011,2026-08-10 16:26:48,COMPLETED,GIFT_CARD,USD,2026-08-13 06:26:48
ORD0002495,CUST000011,STORE0002,2026-07-09 15:42:50,PENDING,GIFT_CARD,USD,2026-07-11 09:42:50
ORD0002496,CUST000464,STORE0005,2026-03-21 17:59:16,PENDING,PAYPAL,USD,2026-03-22 11:59:16
ORD0002497,CUST000169,STORE0002,2026-04-13 15:42:32,REFUNDED,DEBIT_CARD,USD,2026-04-15 20:42:32
ORD0002498,CUST000211,STORE0012,2026-07-08 18:32:07,COMPLETED,CREDIT_CARD,USD,2026-07-09 13:32:07
ORD0002499,CUST000040,STORE0005,2026-04-11 14:23:36,COMPLETED,DEBIT_CARD,USD,2026-04-12 09:23:36
ORD0002500,CUST000063,STORE0008,2026-03-07 13:02:01,PENDING,PAYPAL,USD,2026-03-10 04:02:01
ORD0002501,CUST000388,STORE0002,2026-07-01 08:00:57,COMPLETED,STORE_CREDIT,USD,2026-07-03 20:00:57
ORD0002502,CUST000234,STORE0007,2026-03-12 16:40:27,COMPLETED,CREDIT_CARD,USD,2026-03-15 05:40:27
ORD0002503,CUST000284,STORE0013,2026-04-14 12:37:55,COMPLETED,DEBIT_CARD,USD,2026-04-15 21:37:55
ORD0002504,CUST000186,STORE0003,2026-06-09 10:47:23,CANCELLED,STORE_CREDIT,USD,2026-06-12 00:47:23
ORD0002505,CUST000499,STORE0005,2026-08-09 08:57:33,REFUNDED,DEBIT_CARD,USD,2026-08-09 21:57:33
ORD0002506,CUST000377,STORE0009,2026-07-02 08:05:11,REFUNDED,GIFT_CARD,USD,2026-07-03 05:05:11
ORD0002507,CUST000422,STORE0011,2026-02-23 20:04:54,COMPLETED,CREDIT_CARD,USD,2026-02-24 17:04:54
ORD0002508,CUST000163,STORE0002,2026-05-25 15:57:24,PENDING,PAYPAL,USD,2026-05-26 00:57:24
ORD0002509,CUST000439,STORE0001,2026-03-19 20:23:15,PENDING,STORE_CREDIT,USD,2026-03-21 20:23:15
ORD0002510,CUST000413,STORE0009,2026-02-19 14:39:17,COMPLETED,STORE_CREDIT,USD,2026-02-21 22:39:17
ORD0002511,CUST000148,STORE0002,2026-02-28 08:40:00,COMPLETED,GIFT_CARD,USD,2026-03-02 09:40:00
ORD0002512,CUST000415,STORE0013,2026-07-08 11:01:48,COMPLETED,PAYPAL,USD,2026-07-09 22:01:48
ORD0002513,CUST000366,STORE0007,2026-02-14 19:34:38,REFUNDED,CREDIT_CARD,USD,2026-02-17 10:34:38
ORD0002514,CUST000240,STORE0010,2026-02-27 18:53:20,REFUNDED,DEBIT_CARD,USD,2026-03-02 16:53:20
ORD0002515,CUST000272,STORE0010,2026-02-20 10:54:29,COMPLETED,GIFT_CARD,USD,2026-02-21 19:54:29
ORD0002516,CUST000025,STORE0006,2026-07-25 20:03:57,PENDING,STORE_CREDIT,USD,2026-07-26 11:03:57
ORD0002517,CUST000001,STORE0009,2026-04-27 10:31:19,COMPLETED,DEBIT_CARD,USD,2026-04-29 10:31:19
ORD0002518,CUST000007,STORE0006,2026-08-10 10:34:23,COMPLETED,GIFT_CARD,USD,2026-08-12 02:34:23
ORD0002519,CUST000186,STORE0002,2026-04-08 21:39:47,REFUNDED,STORE_CREDIT,USD,2026-04-09 12:39:47
ORD0002520,CUST000012,STORE0012,2026-02-14 15:16:40,COMPLETED,GIFT_CARD,USD,2026-02-16 02:16:40
ORD0002521,CUST000109,STORE0004,2026-03-25 15:26:44,CANCELLED,PAYPAL,USD,2026-03-26 09:26:44
ORD0002522,CUST000291,STORE0003,2026-08-05 13:11:54,COMPLETED,PAYPAL,USD,2026-08-05 19:11:54
ORD0002523,CUST000417,STORE0002,2026-07-09 11:57:27,COMPLETED,DEBIT_CARD,USD,2026-07-10 23:57:27
ORD0002524,CUST000379,STORE0006,2026-08-10 17:50:17,COMPLETED,STORE_CREDIT,USD,2026-08-12 22:50:17
ORD0002525,CUST000056,STORE0009,2026-06-08 17:35:37,COMPLETED,DEBIT_CARD,USD,2026-06-10 21:35:37
ORD0002526,CUST000005,STORE0005,2026-03-25 20:52:13,COMPLETED,STORE_CREDIT,USD,2026-03-27 00:52:13
ORD0002527,CUST000313,STORE0012,2026-08-01 10:31:01,COMPLETED,CREDIT_CARD,USD,2026-08-01 10:31:01
ORD0002528,CUST000022,STORE0012,2026-03-27 15:20:30,REFUNDED,STORE_CREDIT,USD,2026-03-30 07:20:30
ORD0002529,CUST000100,STORE0009,2026-02-28 21:35:49,CANCELLED,DEBIT_CARD,USD,2026-03-01 15:35:49
ORD0002530,CUST000312,STORE0013,2026-07-12 16:10:18,COMPLETED,CREDIT_CARD,USD,2026-07-15 07:10:18
ORD0002531,CUST000289,STORE0009,2026-08-02 18:56:50,REFUNDED,DEBIT_CARD,USD,2026-08-04 22:56:50
ORD0002532,CUST000486,STORE0010,2026-05-24 08:00:24,PENDING,STORE_CREDIT,USD,2026-05-26 11:00:24
ORD0002533,CUST000194,STORE0006,2026-06-22 08:27:34,PENDING,PAYPAL,USD,2026-06-22 17:27:34
ORD0002534,CUST000310,STORE0008,2026-02-16 11:07:02,CANCELLED,STORE_CREDIT,USD,2026-02-16 18:07:02
ORD0002535,CUST000469,STORE0006,2026-04-21 12:58:33,COMPLETED,STORE_CREDIT,USD,2026-04-24 10:58:33
ORD0002536,CUST000099,STORE0005,2026-05-31 20:20:34,COMPLETED,DEBIT_CARD,USD,2026-06-03 06:20:34
ORD0002537,CUST000361,STORE0007,2026-05-31 12:03:20,REFUNDED,GIFT_CARD,USD,2026-06-03 00:03:20
ORD0002538,CUST000005,STORE0012,2026-04-09 15:33:11,REFUNDED,DEBIT_CARD,USD,2026-04-11 09:33:11
ORD0002539,CUST000459,STORE0002,2026-05-10 20:20:31,CANCELLED,DEBIT_CARD,USD,2026-05-11 08:20:31
ORD0002540,CUST000431,STORE0008,2026-08-04 13:24:08,COMPLETED,STORE_CREDIT,USD,2026-08-07 02:24:08
ORD0002541,CUST000116,STORE0012,2026-02-23 13:41:55,CANCELLED,PAYPAL,USD,2026-02-26 02:41:55
ORD0002542,CUST000367,STORE0007,2026-04-19 08:48:07,COMPLETED,PAYPAL,USD,2026-04-21 16:48:07
ORD0002543,CUST000358,STORE0008,2026-06-24 18:20:53,COMPLETED,DEBIT_CARD,USD,2026-06-26 13:20:53
ORD0002544,CUST000135,STORE0006,2026-07-07 20:27:25,COMPLETED,STORE_CREDIT,USD,2026-07-08 18:27:25
ORD0002545,CUST000070,STORE0012,2026-06-01 15:39:17,COMPLETED,CREDIT_CARD,USD,2026-06-03 22:39:17
ORD0002546,CUST000225,STORE0012,2026-04-14 16:26:42,CANCELLED,DEBIT_CARD,USD,2026-04-17 11:26:42
ORD0002547,CUST000045,STORE0001,2026-04-13 13:25:23,COMPLETED,STORE_CREDIT,USD,2026-04-14 23:25:23
ORD0002548,CUST000041,STORE0012,2026-05-03 21:49:37,COMPLETED,DEBIT_CARD,USD,2026-05-06 01:49:37
ORD0002549,CUST000421,STORE0007,2026-05-30 21:18:54,COMPLETED,STORE_CREDIT,USD,2026-05-31 01:18:54
ORD0002550,CUST000183,STORE0011,2026-07-15 21:20:19,COMPLETED,DEBIT_CARD,USD,2026-07-17 12:20:19
ORD0002551,CUST000138,STORE0007,2026-03-19 18:47:55,COMPLETED,DEBIT_CARD,USD,2026-03-21 08:47:55
ORD0002552,CUST000235,STORE0011,2026-04-05 08:31:49,COMPLETED,CREDIT_CARD,USD,2026-04-06 04:31:49
ORD0002553,CUST000384,STORE0008,2026-03-01 18:34:43,REFUNDED,CREDIT_CARD,USD,2026-03-03 21:34:43
ORD0002554,CUST000216,STORE0013,2026-04-20 11:19:53,CANCELLED,PAYPAL,USD,2026-04-22 02:19:53
ORD0002555,CUST000032,STORE0006,2026-04-04 12:31:56,COMPLETED,CREDIT_CARD,USD,2026-04-05 21:31:56
ORD0002556,CUST000359,STORE0010,2026-05-15 11:45:53,CANCELLED,PAYPAL,USD,2026-05-18 07:45:53
ORD0002557,CUST000473,STORE0006,2026-07-08 19:11:03,COMPLETED,GIFT_CARD,USD,2026-07-09 03:11:03
ORD0002558,CUST000069,STORE0010,2026-06-20 15:45:17,COMPLETED,DEBIT_CARD,USD,2026-06-22 03:45:17
ORD0002559,CUST000348,STORE0008,2026-06-28 14:58:58,COMPLETED,CREDIT_CARD,USD,2026-06-30 02:58:58
ORD0002560,CUST000326,STORE0011,2026-05-25 19:17:58,CANCELLED,DEBIT_CARD,USD,2026-05-28 08:17:58
ORD0002561,CUST000446,STORE0002,2026-02-19 08:38:36,COMPLETED,GIFT_CARD,USD,2026-02-22 07:38:36
ORD0002562,CUST000292,STORE0004,2026-03-02 14:40:16,COMPLETED,DEBIT_CARD,USD,2026-03-03 05:40:16
ORD0002563,CUST000496,STORE0013,2026-04-01 12:33:37,COMPLETED,GIFT_CARD,USD,2026-04-01 12:33:37
ORD0002564,CUST000381,STORE0005,2026-04-13 12:43:22,COMPLETED,CREDIT_CARD,USD,2026-04-15 08:43:22
ORD0002565,CUST000213,STORE0011,2026-04-10 09:46:15,CANCELLED,STORE_CREDIT,USD,2026-04-12 03:46:15
ORD0002566,CUST000439,STORE0006,2026-07-22 08:47:30,COMPLETED,DEBIT_CARD,USD,2026-07-22 23:47:30
ORD0002567,CUST000049,STORE0011,2026-06-24 09:20:16,COMPLETED,STORE_CREDIT,USD,2026-06-27 00:20:16
ORD0002568,CUST000015,STORE0008,2026-02-20 17:23:41,REFUNDED,PAYPAL,USD,2026-02-20 19:23:41
ORD0002569,CUST000079,STORE0001,2026-06-20 17:33:03,COMPLETED,CREDIT_CARD,USD,2026-06-23 07:33:03
ORD0002570,CUST000169,STORE0003,2026-08-12 18:12:39,CANCELLED,DEBIT_CARD,USD,2026-08-15 01:12:39
ORD0002571,CUST000301,STORE0009,2026-08-05 11:32:58,COMPLETED,STORE_CREDIT,USD,2026-08-07 20:32:58
ORD0002572,CUST000310,STORE0001,2026-03-11 14:51:58,COMPLETED,GIFT_CARD,USD,2026-03-12 03:51:58
ORD0002573,CUST000426,STORE0012,2026-06-20 09:23:41,COMPLETED,DEBIT_CARD,USD,2026-06-21 13:23:41
ORD0002574,CUST000195,STORE0006,2026-07-25 08:09:07,PENDING,CREDIT_CARD,USD,2026-07-25 10:09:07
ORD0002575,CUST000469,STORE0013,2026-06-12 08:49:00,COMPLETED,DEBIT_CARD,USD,2026-06-12 23:49:00
ORD0002576,CUST000197,STORE0010,2026-04-08 10:46:35,COMPLETED,PAYPAL,USD,2026-04-09 07:46:35
ORD0002577,CUST000467,STORE0009,2026-08-06 17:30:20,COMPLETED,CREDIT_CARD,USD,2026-08-07 04:30:20
ORD0002578,CUST000229,STORE0010,2026-04-04 19:06:19,PENDING,GIFT_CARD,USD,2026-04-06 09:06:19
ORD0002579,CUST000391,STORE0011,2026-05-23 10:40:16,REFUNDED,STORE_CREDIT,USD,2026-05-24 11:40:16
ORD0002580,CUST000073,STORE0013,2026-06-20 15:42:04,PENDING,PAYPAL,USD,2026-06-22 12:42:04
ORD0002581,CUST000061,STORE0013,2026-02-21 11:05:41,CANCELLED,PAYPAL,USD,2026-02-23 18:05:41
ORD0002582,CUST000141,STORE0005,2026-05-20 14:27:58,COMPLETED,PAYPAL,USD,2026-05-22 18:27:58
ORD0002583,CUST000042,STORE0001,2026-04-02 14:41:23,COMPLETED,PAYPAL,USD,2026-04-05 00:41:23
ORD0002584,CUST000372,STORE0003,2026-07-14 18:30:30,COMPLETED,CREDIT_CARD,USD,2026-07-15 04:30:30
ORD0002585,CUST000406,STORE0013,2026-03-24 11:15:03,CANCELLED,PAYPAL,USD,2026-03-26 01:15:03
ORD0002586,CUST000172,STORE0004,2026-06-12 11:53:53,PENDING,GIFT_CARD,USD,2026-06-12 12:53:53
ORD0002587,CUST000487,STORE0008,2026-06-29 09:40:57,PENDING,DEBIT_CARD,USD,2026-07-01 14:40:57
ORD0002588,CUST000058,STORE0001,2026-06-04 14:07:25,CANCELLED,DEBIT_CARD,USD,2026-06-04 20:07:25
ORD0002589,CUST000431,STORE0010,2026-07-27 21:43:30,COMPLETED,DEBIT_CARD,USD,2026-07-30 04:43:30
ORD0002590,CUST000017,STORE0010,2026-07-23 14:43:03,CANCELLED,GIFT_CARD,USD,2026-07-26 01:43:03
ORD0002591,CUST000343,STORE0013,2026-06-19 16:33:19,REFUNDED,PAYPAL,USD,2026-06-22 04:33:19
ORD0002592,CUST000276,STORE0011,2026-06-04 10:28:16,CANCELLED,DEBIT_CARD,USD,2026-06-05 09:28:16
ORD0002593,CUST000461,STORE0006,2026-04-20 15:52:21,CANCELLED,CREDIT_CARD,USD,2026-04-22 12:52:21
ORD0002594,CUST000111,STORE0007,2026-06-09 21:09:46,REFUNDED,CREDIT_CARD,USD,2026-06-10 08:09:46
ORD0002595,CUST000427,STORE0007,2026-05-03 17:41:53,PENDING,DEBIT_CARD,USD,2026-05-04 08:41:53
ORD0002596,CUST000401,STORE0004,2026-08-02 09:23:58,CANCELLED,DEBIT_CARD,USD,2026-08-04 13:23:58
ORD0002597,CUST000187,STORE0002,2026-06-25 19:04:45,COMPLETED,STORE_CREDIT,USD,2026-06-27 19:04:45
ORD0002598,CUST000350,STORE0013,2026-07-03 09:21:06,CANCELLED,STORE_CREDIT,USD,2026-07-04 13:21:06
ORD0002599,CUST000048,STORE0012,2026-07-24 09:39:43,COMPLETED,STORE_CREDIT,USD,2026-07-26 16:39:43
ORD0002600,CUST000217,STORE0009,2026-03-04 21:18:19,PENDING,PAYPAL,USD,2026-03-05 07:18:19
ORD0002601,CUST000286,STORE0001,2026-05-12 19:33:47,COMPLETED,DEBIT_CARD,USD,2026-05-15 17:33:47
ORD0002602,CUST000246,STORE0008,2026-08-08 17:44:20,REFUNDED,DEBIT_CARD,USD,2026-08-11 06:44:20
ORD0002603,CUST000043,STORE0006,2026-03-02 19:50:33,PENDING,CREDIT_CARD,USD,2026-03-04 23:50:33
ORD0002604,CUST000156,STORE0011,2026-06-13 14:16:41,COMPLETED,STORE_CREDIT,USD,2026-06-15 00:16:41
ORD0002605,CUST000227,STORE0013,2026-06-18 19:48:30,COMPLETED,GIFT_CARD,USD,2026-06-21 15:48:30
ORD0002606,CUST000380,STORE0006,2026-04-22 11:44:17,COMPLETED,DEBIT_CARD,USD,2026-04-25 07:44:17
ORD0002607,CUST000161,STORE0011,2026-05-11 15:25:38,COMPLETED,GIFT_CARD,USD,2026-05-12 03:25:38
ORD0002608,CUST000389,STORE0004,2026-07-20 15:15:07,COMPLETED,DEBIT_CARD,USD,2026-07-22 07:15:07
ORD0002609,CUST000380,STORE0008,2026-07-11 14:20:27,COMPLETED,CREDIT_CARD,USD,2026-07-14 12:20:27
ORD0002610,CUST000395,STORE0006,2026-06-27 08:57:19,PENDING,DEBIT_CARD,USD,2026-06-30 02:57:19
ORD0002611,CUST000188,STORE0012,2026-05-13 16:28:47,COMPLETED,PAYPAL,USD,2026-05-14 16:28:47
ORD0002612,CUST000328,STORE0006,2026-06-23 15:46:13,COMPLETED,STORE_CREDIT,USD,2026-06-23 17:46:13
ORD0002613,CUST000070,STORE0007,2026-03-22 20:12:59,REFUNDED,PAYPAL,USD,2026-03-23 06:12:59
ORD0002614,CUST000483,STORE0008,2026-06-16 13:48:24,PENDING,STORE_CREDIT,USD,2026-06-19 10:48:24
ORD0002615,CUST000442,STORE0013,2026-08-09 21:21:15,CANCELLED,STORE_CREDIT,USD,2026-08-10 20:21:15
ORD0002616,CUST000433,STORE0004,2026-07-29 15:50:48,COMPLETED,GIFT_CARD,USD,2026-07-31 01:50:48
ORD0002617,CUST000080,STORE0003,2026-03-25 08:34:56,REFUNDED,GIFT_CARD,USD,2026-03-26 10:34:56
ORD0002618,CUST000230,STORE0002,2026-07-07 18:56:24,COMPLETED,STORE_CREDIT,USD,2026-07-10 01:56:24
ORD0002619,CUST000337,STORE0009,2026-04-06 16:46:09,CANCELLED,CREDIT_CARD,USD,2026-04-07 10:46:09
ORD0002620,CUST000260,STORE0006,2026-08-12 15:50:51,COMPLETED,DEBIT_CARD,USD,2026-08-12 22:50:51
ORD0002621,CUST000387,STORE0007,2026-03-31 13:40:02,REFUNDED,STORE_CREDIT,USD,2026-04-02 14:40:02
ORD0002622,CUST000271,STORE0009,2026-07-21 17:43:50,PENDING,STORE_CREDIT,USD,2026-07-21 17:43:50
ORD0002623,CUST000014,STORE0004,2026-05-30 16:01:32,REFUNDED,STORE_CREDIT,USD,2026-06-01 10:01:32
ORD0002624,CUST000405,STORE0012,2026-06-20 15:54:26,COMPLETED,DEBIT_CARD,USD,2026-06-23 14:54:26
ORD0002625,CUST000024,STORE0013,2026-07-15 15:36:31,COMPLETED,STORE_CREDIT,USD,2026-07-17 15:36:31
ORD0002626,CUST000143,STORE0008,2026-03-28 17:05:45,REFUNDED,CREDIT_CARD,USD,2026-03-29 22:05:45
ORD0002627,CUST000159,STORE0007,2026-02-15 11:03:08,REFUNDED,CREDIT_CARD,USD,2026-02-16 14:03:08
ORD0002628,CUST000385,STORE0001,2026-05-03 10:45:15,PENDING,PAYPAL,USD,2026-05-04 03:45:15
ORD0002629,CUST000067,STORE0008,2026-03-28 14:05:35,CANCELLED,CREDIT_CARD,USD,2026-03-29 03:05:35
ORD0002630,CUST000309,STORE0011,2026-04-01 20:20:04,COMPLETED,DEBIT_CARD,USD,2026-04-03 22:20:04
ORD0002631,CUST000340,STORE0008,2026-02-22 10:01:54,CANCELLED,CREDIT_CARD,USD,2026-02-25 09:01:54
ORD0002632,CUST000207,STORE0001,2026-06-13 15:09:57,COMPLETED,CREDIT_CARD,USD,2026-06-14 11:09:57
ORD0002633,CUST000377,STORE0004,2026-08-09 18:56:56,COMPLETED,DEBIT_CARD,USD,2026-08-10 23:56:56
ORD0002634,CUST000341,STORE0002,2026-05-11 09:13:14,REFUNDED,CREDIT_CARD,USD,2026-05-12 01:13:14
ORD0002635,CUST000406,STORE0003,2026-04-30 08:30:19,COMPLETED,GIFT_CARD,USD,2026-05-01 09:30:19
ORD0002636,CUST000197,STORE0004,2026-08-02 16:23:30,COMPLETED,DEBIT_CARD,USD,2026-08-03 17:23:30
ORD0002637,CUST000153,STORE0002,2026-05-25 10:43:24,COMPLETED,CREDIT_CARD,USD,2026-05-27 08:43:24
ORD0002638,CUST000063,STORE0005,2026-05-25 13:00:53,PENDING,DEBIT_CARD,USD,2026-05-25 15:00:53
ORD0002639,CUST000487,STORE0005,2026-05-24 21:47:18,REFUNDED,CREDIT_CARD,USD,2026-05-25 17:47:18
ORD0002640,CUST000011,STORE0003,2026-04-09 10:00:06,COMPLETED,CREDIT_CARD,USD,2026-04-11 06:00:06
ORD0002641,CUST000250,STORE0013,2026-05-14 08:29:21,COMPLETED,PAYPAL,USD,2026-05-15 04:29:21
ORD0002642,CUST000345,STORE0011,2026-06-25 18:18:12,REFUNDED,GIFT_CARD,USD,2026-06-28 01:18:12
ORD0002643,CUST000073,STORE0001,2026-04-20 21:35:31,COMPLETED,DEBIT_CARD,USD,2026-04-21 00:35:31
ORD0002644,CUST000150,STORE0013,2026-03-22 19:45:55,REFUNDED,CREDIT_CARD,USD,2026-03-25 07:45:55
ORD0002645,CUST000493,STORE0001,2026-02-26 10:40:39,COMPLETED,STORE_CREDIT,USD,2026-02-28 16:40:39
ORD0002646,CUST000230,STORE0012,2026-03-21 17:16:13,COMPLETED,CREDIT_CARD,USD,2026-03-22 04:16:13
ORD0002647,CUST000058,STORE0008,2026-03-01 20:27:00,COMPLETED,GIFT_CARD,USD,2026-03-02 18:27:00
ORD0002648,CUST000338,STORE0002,2026-04-03 12:47:05,COMPLETED,DEBIT_CARD,USD,2026-04-05 17:47:05
ORD0002649,CUST000085,STORE0009,2026-03-15 15:12:39,COMPLETED,STORE_CREDIT,USD,2026-03-16 18:12:39
ORD0002650,CUST000334,STORE0011,2026-05-15 14:06:08,PENDING,PAYPAL,USD,2026-05-15 21:06:08
ORD0002651,CUST000246,STORE0007,2026-04-21 15:35:52,COMPLETED,DEBIT_CARD,USD,2026-04-23 15:35:52
ORD0002652,CUST000030,STORE0012,2026-08-07 09:41:55,COMPLETED,STORE_CREDIT,USD,2026-08-08 16:41:55
ORD0002653,CUST000264,STORE0007,2026-03-16 08:09:33,COMPLETED,CREDIT_CARD,USD,2026-03-18 02:09:33
ORD0002654,CUST000350,STORE0006,2026-03-22 08:15:11,REFUNDED,PAYPAL,USD,2026-03-25 05:15:11
ORD0002655,CUST000063,STORE0010,2026-06-29 08:49:22,COMPLETED,DEBIT_CARD,USD,2026-07-02 03:49:22
ORD0002656,CUST000028,STORE0004,2026-07-07 16:18:01,COMPLETED,PAYPAL,USD,2026-07-09 23:18:01
ORD0002657,CUST000063,STORE0012,2026-02-18 13:00:54,COMPLETED,STORE_CREDIT,USD,2026-02-19 01:00:54
ORD0002658,CUST000480,STORE0012,2026-04-26 08:54:27,CANCELLED,GIFT_CARD,USD,2026-04-26 22:54:27
ORD0002659,CUST000283,STORE0011,2026-05-03 11:07:49,REFUNDED,GIFT_CARD,USD,2026-05-05 03:07:49
ORD0002660,CUST000093,STORE0012,2026-05-29 11:10:45,COMPLETED,DEBIT_CARD,USD,2026-05-30 14:10:45
ORD0002661,CUST000033,STORE0011,2026-04-14 12:12:01,COMPLETED,STORE_CREDIT,USD,2026-04-16 14:12:01
ORD0002662,CUST000018,STORE0006,2026-07-24 09:37:06,COMPLETED,DEBIT_CARD,USD,2026-07-24 09:37:06
ORD0002663,CUST000112,STORE0002,2026-06-28 12:12:18,COMPLETED,GIFT_CARD,USD,2026-06-29 12:12:18
ORD0002664,CUST000131,STORE0008,2026-07-01 15:56:50,PENDING,GIFT_CARD,USD,2026-07-02 20:56:50
ORD0002665,CUST000179,STORE0013,2026-05-31 21:19:28,COMPLETED,CREDIT_CARD,USD,2026-06-01 05:19:28
ORD0002666,CUST000332,STORE0009,2026-07-18 12:14:35,COMPLETED,CREDIT_CARD,USD,2026-07-18 17:14:35
ORD0002667,CUST000456,STORE0002,2026-05-28 13:57:27,COMPLETED,STORE_CREDIT,USD,2026-05-31 07:57:27
ORD0002668,CUST000106,STORE0005,2026-08-10 14:02:59,PENDING,PAYPAL,USD,2026-08-13 11:02:59
ORD0002669,CUST000289,STORE0004,2026-08-09 09:33:05,COMPLETED,DEBIT_CARD,USD,2026-08-11 18:33:05
ORD0002670,CUST000269,STORE0013,2026-04-13 12:36:07,REFUNDED,PAYPAL,USD,2026-04-13 22:36:07
ORD0002671,CUST000245,STORE0004,2026-07-07 19:26:35,PENDING,DEBIT_CARD,USD,2026-07-08 07:26:35
ORD0002672,CUST000095,STORE0006,2026-08-09 16:34:15,COMPLETED,CREDIT_CARD,USD,2026-08-10 14:34:15
ORD0002673,CUST000123,STORE0004,2026-06-22 12:04:58,REFUNDED,STORE_CREDIT,USD,2026-06-25 00:04:58
ORD0002674,CUST000212,STORE0012,2026-08-08 12:33:32,COMPLETED,GIFT_CARD,USD,2026-08-08 12:33:32
ORD0002675,CUST000114,STORE0010,2026-07-29 16:21:57,REFUNDED,DEBIT_CARD,USD,2026-08-01 16:21:57
ORD0002676,CUST000216,STORE0010,2026-06-26 19:09:15,PENDING,CREDIT_CARD,USD,2026-06-27 17:09:15
ORD0002677,CUST000222,STORE0013,2026-08-05 21:50:49,PENDING,DEBIT_CARD,USD,2026-08-06 17:50:49
ORD0002678,CUST000151,STORE0008,2026-03-12 21:10:02,CANCELLED,PAYPAL,USD,2026-03-13 22:10:02
ORD0002679,CUST000207,STORE0003,2026-04-09 21:28:34,REFUNDED,PAYPAL,USD,2026-04-12 20:28:34
ORD0002680,CUST000449,STORE0011,2026-08-08 13:40:04,REFUNDED,PAYPAL,USD,2026-08-09 19:40:04
ORD0002681,CUST000304,STORE0009,2026-04-19 18:14:56,COMPLETED,DEBIT_CARD,USD,2026-04-21 21:14:56
ORD0002682,CUST000366,STORE0008,2026-06-28 13:36:08,REFUNDED,GIFT_CARD,USD,2026-06-30 00:36:08
ORD0002683,CUST000099,STORE0008,2026-04-29 12:34:56,CANCELLED,DEBIT_CARD,USD,2026-04-30 09:34:56
ORD0002684,CUST000032,STORE0003,2026-03-16 15:51:33,COMPLETED,STORE_CREDIT,USD,2026-03-18 09:51:33
ORD0002685,CUST000211,STORE0004,2026-03-27 17:18:00,COMPLETED,CREDIT_CARD,USD,2026-03-30 10:18:00
ORD0002686,CUST000224,STORE0010,2026-07-04 08:32:46,COMPLETED,GIFT_CARD,USD,2026-07-06 00:32:46
ORD0002687,CUST000106,STORE0011,2026-03-06 11:08:39,COMPLETED,DEBIT_CARD,USD,2026-03-06 15:08:39
ORD0002688,CUST000164,STORE0008,2026-05-02 16:24:13,REFUNDED,STORE_CREDIT,USD,2026-05-03 11:24:13
ORD0002689,CUST000343,STORE0012,2026-02-14 20:21:25,COMPLETED,GIFT_CARD,USD,2026-02-16 15:21:25
ORD0002690,CUST000004,STORE0013,2026-02-21 19:27:59,COMPLETED,PAYPAL,USD,2026-02-22 09:27:59
ORD0002691,CUST000238,STORE0012,2026-07-15 09:32:05,COMPLETED,DEBIT_CARD,USD,2026-07-16 12:32:05
ORD0002692,CUST000098,STORE0005,2026-04-01 14:01:23,COMPLETED,STORE_CREDIT,USD,2026-04-02 20:01:23
ORD0002693,CUST000372,STORE0001,2026-07-03 19:50:54,REFUNDED,STORE_CREDIT,USD,2026-07-04 09:50:54
ORD0002694,CUST000215,STORE0004,2026-05-03 16:28:16,COMPLETED,DEBIT_CARD,USD,2026-05-04 05:28:16
ORD0002695,CUST000311,STORE0004,2026-02-19 17:41:44,COMPLETED,DEBIT_CARD,USD,2026-02-21 06:41:44
ORD0002696,CUST000244,STORE0003,2026-05-12 14:24:50,PENDING,PAYPAL,USD,2026-05-15 13:24:50
ORD0002697,CUST000482,STORE0007,2026-05-14 15:55:33,COMPLETED,CREDIT_CARD,USD,2026-05-16 23:55:33
ORD0002698,CUST000234,STORE0008,2026-05-22 15:38:23,PENDING,DEBIT_CARD,USD,2026-05-23 16:38:23
ORD0002699,CUST000299,STORE0002,2026-03-19 08:53:38,COMPLETED,GIFT_CARD,USD,2026-03-21 02:53:38
ORD0002700,CUST000431,STORE0010,2026-06-08 14:36:17,COMPLETED,PAYPAL,USD,2026-06-09 20:36:17
ORD0002701,CUST000309,STORE0001,2026-06-26 20:30:33,COMPLETED,STORE_CREDIT,USD,2026-06-28 01:30:33
ORD0002702,CUST000239,STORE0005,2026-04-02 15:03:28,COMPLETED,GIFT_CARD,USD,2026-04-04 13:03:28
ORD0002703,CUST000032,STORE0010,2026-05-10 12:29:52,REFUNDED,STORE_CREDIT,USD,2026-05-11 08:29:52
ORD0002704,CUST000477,STORE0005,2026-05-22 20:00:15,COMPLETED,DEBIT_CARD,USD,2026-05-25 17:00:15
ORD0002705,CUST000184,STORE0001,2026-03-13 11:36:41,REFUNDED,STORE_CREDIT,USD,2026-03-14 14:36:41
ORD0002706,CUST000245,STORE0012,2026-05-02 20:43:51,COMPLETED,CREDIT_CARD,USD,2026-05-04 03:43:51
ORD0002707,CUST000036,STORE0007,2026-04-14 20:14:48,CANCELLED,DEBIT_CARD,USD,2026-04-16 22:14:48
ORD0002708,CUST000216,STORE0005,2026-02-20 17:16:25,COMPLETED,GIFT_CARD,USD,2026-02-22 15:16:25
ORD0002709,CUST000412,STORE0004,2026-04-20 17:41:21,COMPLETED,DEBIT_CARD,USD,2026-04-21 06:41:21
ORD0002710,CUST000277,STORE0011,2026-02-22 21:04:44,COMPLETED,STORE_CREDIT,USD,2026-02-25 16:04:44
ORD0002711,CUST000005,STORE0001,2026-08-05 17:10:52,COMPLETED,DEBIT_CARD,USD,2026-08-07 14:10:52
ORD0002712,CUST000046,STORE0013,2026-05-05 10:51:19,COMPLETED,CREDIT_CARD,USD,2026-05-06 20:51:19
ORD0002713,CUST000230,STORE0012,2026-07-10 19:54:12,PENDING,DEBIT_CARD,USD,2026-07-12 01:54:12
ORD0002714,CUST000160,STORE0003,2026-02-19 09:35:17,COMPLETED,PAYPAL,USD,2026-02-21 02:35:17
ORD0002715,CUST000295,STORE0012,2026-05-18 08:46:26,COMPLETED,CREDIT_CARD,USD,2026-05-18 16:46:26
ORD0002716,CUST000481,STORE0008,2026-04-17 18:11:40,COMPLETED,DEBIT_CARD,USD,2026-04-19 17:11:40
ORD0002717,CUST000458,STORE0006,2026-04-27 14:47:04,COMPLETED,DEBIT_CARD,USD,2026-04-27 21:47:04
ORD0002718,CUST000421,STORE0013,2026-06-25 17:11:45,CANCELLED,GIFT_CARD,USD,2026-06-26 07:11:45
ORD0002719,CUST000065,STORE0009,2026-08-04 21:27:51,REFUNDED,PAYPAL,USD,2026-08-04 21:27:51
ORD0002720,CUST000126,STORE0012,2026-04-20 20:02:29,REFUNDED,STORE_CREDIT,USD,2026-04-22 06:02:29
ORD0002721,CUST000275,STORE0003,2026-08-04 12:03:48,COMPLETED,GIFT_CARD,USD,2026-08-06 04:03:48
ORD0002722,CUST000221,STORE0002,2026-03-10 17:50:46,COMPLETED,DEBIT_CARD,USD,2026-03-13 03:50:46
ORD0002723,CUST000194,STORE0005,2026-04-13 20:38:50,COMPLETED,DEBIT_CARD,USD,2026-04-15 06:38:50
ORD0002724,CUST000467,STORE0012,2026-04-08 09:36:22,COMPLETED,STORE_CREDIT,USD,2026-04-10 21:36:22
ORD0002725,CUST000140,STORE0011,2026-07-25 11:11:47,CANCELLED,PAYPAL,USD,2026-07-26 07:11:47
ORD0002726,CUST000189,STORE0012,2026-05-13 19:24:52,COMPLETED,GIFT_CARD,USD,2026-05-16 11:24:52
ORD0002727,CUST000428,STORE0013,2026-04-13 17:15:38,CANCELLED,DEBIT_CARD,USD,2026-04-15 06:15:38
ORD0002728,CUST000277,STORE0009,2026-06-24 13:48:28,CANCELLED,STORE_CREDIT,USD,2026-06-26 21:48:28
ORD0002729,CUST000288,STORE0010,2026-07-07 14:52:23,REFUNDED,GIFT_CARD,USD,2026-07-10 08:52:23
ORD0002730,CUST000215,STORE0003,2026-08-04 13:43:47,COMPLETED,CREDIT_CARD,USD,2026-08-07 00:43:47
ORD0002731,CUST000068,STORE0001,2026-06-18 13:56:42,COMPLETED,GIFT_CARD,USD,2026-06-18 18:56:42
ORD0002732,CUST000205,STORE0005,2026-06-30 12:30:31,COMPLETED,CREDIT_CARD,USD,2026-07-01 09:30:31
ORD0002733,CUST000399,STORE0005,2026-02-17 18:30:15,REFUNDED,STORE_CREDIT,USD,2026-02-18 06:30:15
ORD0002734,CUST000388,STORE0004,2026-05-26 15:58:11,CANCELLED,PAYPAL,USD,2026-05-27 00:58:11
ORD0002735,CUST000201,STORE0007,2026-08-02 14:17:30,COMPLETED,PAYPAL,USD,2026-08-02 17:17:30
ORD0002736,CUST000489,STORE0011,2026-04-04 08:41:00,COMPLETED,CREDIT_CARD,USD,2026-04-06 09:41:00
ORD0002737,CUST000031,STORE0008,2026-04-30 09:51:47,COMPLETED,GIFT_CARD,USD,2026-05-02 09:51:47
ORD0002738,CUST000152,STORE0003,2026-07-06 21:42:15,COMPLETED,PAYPAL,USD,2026-07-08 23:42:15
ORD0002739,CUST000429,STORE0012,2026-04-19 12:30:07,COMPLETED,CREDIT_CARD,USD,2026-04-21 12:30:07
ORD0002740,CUST000131,STORE0002,2026-07-03 09:02:03,COMPLETED,STORE_CREDIT,USD,2026-07-04 05:02:03
ORD0002741,CUST000484,STORE0009,2026-02-25 19:06:41,COMPLETED,CREDIT_CARD,USD,2026-02-28 05:06:41
ORD0002742,CUST000231,STORE0010,2026-02-19 11:51:46,COMPLETED,PAYPAL,USD,2026-02-21 14:51:46
ORD0002743,CUST000430,STORE0011,2026-04-10 19:52:30,CANCELLED,STORE_CREDIT,USD,2026-04-12 07:52:30
ORD0002744,CUST000109,STORE0001,2026-04-22 17:52:34,COMPLETED,PAYPAL,USD,2026-04-22 20:52:34
ORD0002745,CUST000398,STORE0010,2026-06-05 20:18:50,REFUNDED,PAYPAL,USD,2026-06-06 07:18:50
ORD0002746,CUST000438,STORE0003,2026-07-26 11:03:12,PENDING,STORE_CREDIT,USD,2026-07-28 07:03:12
ORD0002747,CUST000199,STORE0004,2026-08-08 11:55:01,CANCELLED,GIFT_CARD,USD,2026-08-08 17:55:01
ORD0002748,CUST000041,STORE0002,2026-03-28 20:23:32,COMPLETED,GIFT_CARD,USD,2026-03-30 10:23:32
ORD0002749,CUST000228,STORE0002,2026-08-12 14:33:06,COMPLETED,STORE_CREDIT,USD,2026-08-15 14:33:06
ORD0002750,CUST000038,STORE0001,2026-06-09 20:00:59,COMPLETED,PAYPAL,USD,2026-06-12 16:00:59
ORD0002751,CUST000454,STORE0004,2026-05-14 21:38:53,COMPLETED,STORE_CREDIT,USD,2026-05-17 03:38:53
ORD0002752,CUST000228,STORE0007,2026-07-01 17:53:36,REFUNDED,PAYPAL,USD,2026-07-04 07:53:36
ORD0002753,CUST000334,STORE0004,2026-08-01 15:47:53,COMPLETED,GIFT_CARD,USD,2026-08-02 03:47:53
ORD0002754,CUST000394,STORE0002,2026-07-22 17:24:46,REFUNDED,DEBIT_CARD,USD,2026-07-23 21:24:46
ORD0002755,CUST000078,STORE0006,2026-07-15 14:04:44,COMPLETED,STORE_CREDIT,USD,2026-07-17 12:04:44
ORD0002756,CUST000377,STORE0013,2026-06-24 09:20:46,REFUNDED,PAYPAL,USD,2026-06-26 13:20:46
ORD0002757,CUST000274,STORE0001,2026-05-14 09:40:33,COMPLETED,DEBIT_CARD,USD,2026-05-15 18:40:33
ORD0002758,CUST000223,STORE0009,2026-03-01 19:59:33,COMPLETED,STORE_CREDIT,USD,2026-03-04 03:59:33
ORD0002759,CUST000218,STORE0008,2026-05-24 10:06:51,CANCELLED,GIFT_CARD,USD,2026-05-27 00:06:51
ORD0002760,CUST000067,STORE0010,2026-07-27 11:08:25,CANCELLED,GIFT_CARD,USD,2026-07-28 17:08:25
ORD0002761,CUST000216,STORE0011,2026-03-29 16:45:37,COMPLETED,GIFT_CARD,USD,2026-04-01 15:45:37
ORD0002762,CUST000225,STORE0008,2026-04-07 11:06:55,COMPLETED,STORE_CREDIT,USD,2026-04-09 06:06:55
ORD0002763,CUST000467,STORE0008,2026-05-25 14:14:17,COMPLETED,CREDIT_CARD,USD,2026-05-26 22:14:17
ORD0002764,CUST000394,STORE0003,2026-05-02 14:54:39,COMPLETED,GIFT_CARD,USD,2026-05-05 08:54:39
ORD0002765,CUST000329,STORE0008,2026-02-21 19:40:53,COMPLETED,CREDIT_CARD,USD,2026-02-21 19:40:53
ORD0002766,CUST000215,STORE0005,2026-06-30 15:33:19,COMPLETED,STORE_CREDIT,USD,2026-07-01 19:33:19
ORD0002767,CUST000327,STORE0013,2026-03-18 12:23:08,COMPLETED,STORE_CREDIT,USD,2026-03-21 09:23:08
ORD0002768,CUST000414,STORE0004,2026-05-04 09:31:27,REFUNDED,GIFT_CARD,USD,2026-05-06 06:31:27
ORD0002769,CUST000052,STORE0005,2026-08-05 20:29:55,COMPLETED,CREDIT_CARD,USD,2026-08-08 20:29:55
ORD0002770,CUST000145,STORE0009,2026-02-16 18:06:08,COMPLETED,CREDIT_CARD,USD,2026-02-19 06:06:08
ORD0002771,CUST000469,STORE0006,2026-05-23 18:32:21,COMPLETED,STORE_CREDIT,USD,2026-05-23 18:32:21
ORD0002772,CUST000466,STORE0005,2026-02-17 16:00:42,COMPLETED,STORE_CREDIT,USD,2026-02-17 19:00:42
ORD0002773,CUST000310,STORE0010,2026-05-24 13:35:47,COMPLETED,DEBIT_CARD,USD,2026-05-24 17:35:47
ORD0002774,CUST000008,STORE0003,2026-04-15 16:56:24,COMPLETED,DEBIT_CARD,USD,2026-04-17 21:56:24
ORD0002775,CUST000234,STORE0009,2026-03-25 16:25:55,CANCELLED,DEBIT_CARD,USD,2026-03-28 05:25:55
ORD0002776,CUST000033,STORE0013,2026-06-02 17:47:10,COMPLETED,STORE_CREDIT,USD,2026-06-03 19:47:10
ORD0002777,CUST000357,STORE0002,2026-07-12 16:03:28,COMPLETED,PAYPAL,USD,2026-07-13 08:03:28
ORD0002778,CUST000111,STORE0006,2026-07-01 20:54:15,COMPLETED,PAYPAL,USD,2026-07-02 17:54:15
ORD0002779,CUST000277,STORE0008,2026-07-29 18:17:39,COMPLETED,STORE_CREDIT,USD,2026-07-31 14:17:39
ORD0002780,CUST000118,STORE0004,2026-05-17 13:54:33,CANCELLED,PAYPAL,USD,2026-05-19 09:54:33
ORD0002781,CUST000042,STORE0011,2026-07-17 08:22:20,CANCELLED,GIFT_CARD,USD,2026-07-19 22:22:20
ORD0002782,CUST000045,STORE0005,2026-07-13 17:42:48,COMPLETED,CREDIT_CARD,USD,2026-07-15 07:42:48
ORD0002783,CUST000400,STORE0009,2026-07-21 18:46:44,COMPLETED,GIFT_CARD,USD,2026-07-23 05:46:44
ORD0002784,CUST000139,STORE0010,2026-04-20 08:53:02,CANCELLED,PAYPAL,USD,2026-04-21 06:53:02
ORD0002785,CUST000277,STORE0001,2026-06-20 18:11:01,PENDING,STORE_CREDIT,USD,2026-06-21 01:11:01
ORD0002786,CUST000443,STORE0004,2026-08-01 18:20:28,COMPLETED,STORE_CREDIT,USD,2026-08-02 12:20:28
ORD0002787,CUST000389,STORE0006,2026-07-26 14:32:01,REFUNDED,GIFT_CARD,USD,2026-07-29 12:32:01
ORD0002788,CUST000400,STORE0004,2026-05-22 21:09:17,REFUNDED,GIFT_CARD,USD,2026-05-23 20:09:17
ORD0002789,CUST000177,STORE0002,2026-07-10 19:02:25,REFUNDED,DEBIT_CARD,USD,2026-07-13 04:02:25
ORD0002790,CUST000481,STORE0006,2026-06-15 19:31:57,COMPLETED,STORE_CREDIT,USD,2026-06-17 07:31:57
ORD0002791,CUST000273,STORE0004,2026-05-10 15:08:42,CANCELLED,STORE_CREDIT,USD,2026-05-10 18:08:42
ORD0002792,CUST000425,STORE0007,2026-04-18 12:41:29,COMPLETED,STORE_CREDIT,USD,2026-04-18 22:41:29
ORD0002793,CUST000348,STORE0003,2026-03-26 11:00:20,PENDING,PAYPAL,USD,2026-03-29 11:00:20
ORD0002794,CUST000183,STORE0006,2026-03-21 13:32:26,CANCELLED,PAYPAL,USD,2026-03-23 06:32:26
ORD0002795,CUST000024,STORE0001,2026-02-27 10:21:22,COMPLETED,GIFT_CARD,USD,2026-03-01 13:21:22
ORD0002796,CUST000261,STORE0006,2026-03-20 17:16:40,REFUNDED,GIFT_CARD,USD,2026-03-23 10:16:40
ORD0002797,CUST000358,STORE0005,2026-05-20 08:21:42,REFUNDED,DEBIT_CARD,USD,2026-05-22 09:21:42
ORD0002798,CUST000062,STORE0004,2026-06-30 18:28:54,PENDING,STORE_CREDIT,USD,2026-07-02 16:28:54
ORD0002799,CUST000269,STORE0002,2026-08-03 11:15:56,REFUNDED,GIFT_CARD,USD,2026-08-04 06:15:56
ORD0002800,CUST000456,STORE0008,2026-03-08 09:33:00,PENDING,PAYPAL,USD,2026-03-08 22:33:00
ORD0002801,CUST000320,STORE0001,2026-07-15 16:21:38,COMPLETED,CREDIT_CARD,USD,2026-07-18 00:21:38
ORD0002802,CUST000042,STORE0007,2026-07-25 19:05:44,CANCELLED,PAYPAL,USD,2026-07-28 08:05:44
ORD0002803,CUST000213,STORE0011,2026-05-06 10:46:04,REFUNDED,STORE_CREDIT,USD,2026-05-08 19:46:04
ORD0002804,CUST000154,STORE0001,2026-03-21 18:51:34,PENDING,GIFT_CARD,USD,2026-03-23 08:51:34
ORD0002805,CUST000328,STORE0003,2026-05-31 16:05:14,COMPLETED,STORE_CREDIT,USD,2026-06-03 07:05:14
ORD0002806,CUST000354,STORE0004,2026-05-14 17:58:19,COMPLETED,DEBIT_CARD,USD,2026-05-15 14:58:19
ORD0002807,CUST000148,STORE0006,2026-05-06 21:31:04,COMPLETED,DEBIT_CARD,USD,2026-05-08 22:31:04
ORD0002808,CUST000254,STORE0012,2026-02-28 10:13:06,COMPLETED,CREDIT_CARD,USD,2026-03-01 18:13:06
ORD0002809,CUST000400,STORE0011,2026-06-18 14:14:53,COMPLETED,DEBIT_CARD,USD,2026-06-20 01:14:53
ORD0002810,CUST000495,STORE0012,2026-05-21 11:15:46,COMPLETED,GIFT_CARD,USD,2026-05-23 13:15:46
ORD0002811,CUST000281,STORE0011,2026-06-20 08:51:10,COMPLETED,CREDIT_CARD,USD,2026-06-21 03:51:10
ORD0002812,CUST000447,STORE0002,2026-06-15 10:41:12,REFUNDED,STORE_CREDIT,USD,2026-06-17 10:41:12
ORD0002813,CUST000385,STORE0003,2026-04-17 13:18:41,COMPLETED,DEBIT_CARD,USD,2026-04-18 08:18:41
ORD0002814,CUST000412,STORE0004,2026-02-25 20:25:57,COMPLETED,DEBIT_CARD,USD,2026-02-26 10:25:57
ORD0002815,CUST000433,STORE0011,2026-03-28 11:17:03,CANCELLED,CREDIT_CARD,USD,2026-03-31 01:17:03
ORD0002816,CUST000033,STORE0009,2026-03-25 16:16:56,COMPLETED,PAYPAL,USD,2026-03-28 16:16:56
ORD0002817,CUST000448,STORE0006,2026-05-17 15:45:13,PENDING,STORE_CREDIT,USD,2026-05-18 16:45:13
ORD0002818,CUST000208,STORE0011,2026-05-24 08:36:43,COMPLETED,GIFT_CARD,USD,2026-05-24 09:36:43
ORD0002819,CUST000162,STORE0001,2026-05-10 14:43:53,COMPLETED,GIFT_CARD,USD,2026-05-12 10:43:53
ORD0002820,CUST000204,STORE0010,2026-06-21 21:50:47,REFUNDED,DEBIT_CARD,USD,2026-06-22 14:50:47
ORD0002821,CUST000010,STORE0001,2026-05-27 11:44:04,CANCELLED,CREDIT_CARD,USD,2026-05-28 00:44:04
ORD0002822,CUST000412,STORE0002,2026-05-02 19:09:53,COMPLETED,STORE_CREDIT,USD,2026-05-03 14:09:53
ORD0002823,CUST000390,STORE0002,2026-04-24 08:45:49,COMPLETED,GIFT_CARD,USD,2026-04-25 20:45:49
ORD0002824,CUST000088,STORE0005,2026-04-16 08:09:14,REFUNDED,CREDIT_CARD,USD,2026-04-17 00:09:14
ORD0002825,CUST000481,STORE0010,2026-03-29 16:42:43,COMPLETED,DEBIT_CARD,USD,2026-03-31 01:42:43
ORD0002826,CUST000050,STORE0012,2026-04-14 13:14:48,COMPLETED,PAYPAL,USD,2026-04-16 06:14:48
ORD0002827,CUST000144,STORE0012,2026-08-11 16:17:26,REFUNDED,PAYPAL,USD,2026-08-14 06:17:26
ORD0002828,CUST000306,STORE0008,2026-06-11 17:59:23,COMPLETED,CREDIT_CARD,USD,2026-06-13 17:59:23
ORD0002829,CUST000063,STORE0012,2026-05-10 14:30:53,REFUNDED,PAYPAL,USD,2026-05-11 10:30:53
ORD0002830,CUST000150,STORE0006,2026-07-17 18:34:36,COMPLETED,PAYPAL,USD,2026-07-20 03:34:36
ORD0002831,CUST000258,STORE0003,2026-03-02 12:27:10,CANCELLED,DEBIT_CARD,USD,2026-03-03 08:27:10
ORD0002832,CUST000101,STORE0009,2026-03-07 11:32:59,COMPLETED,DEBIT_CARD,USD,2026-03-08 09:32:59
ORD0002833,CUST000249,STORE0011,2026-02-21 20:37:55,REFUNDED,CREDIT_CARD,USD,2026-02-23 09:37:55
ORD0002834,CUST000014,STORE0009,2026-08-03 21:41:36,COMPLETED,GIFT_CARD,USD,2026-08-05 02:41:36
ORD0002835,CUST000315,STORE0012,2026-04-03 11:41:29,COMPLETED,GIFT_CARD,USD,2026-04-04 01:41:29
ORD0002836,CUST000012,STORE0006,2026-04-17 20:02:37,REFUNDED,GIFT_CARD,USD,2026-04-19 06:02:37
ORD0002837,CUST000466,STORE0008,2026-03-19 11:11:47,REFUNDED,CREDIT_CARD,USD,2026-03-20 11:11:47
ORD0002838,CUST000036,STORE0009,2026-06-05 17:52:19,CANCELLED,PAYPAL,USD,2026-06-07 07:52:19
ORD0002839,CUST000331,STORE0007,2026-05-17 08:35:40,PENDING,STORE_CREDIT,USD,2026-05-19 08:35:40
ORD0002840,CUST000479,STORE0011,2026-02-14 19:11:21,PENDING,GIFT_CARD,USD,2026-02-15 11:11:21
ORD0002841,CUST000182,STORE0012,2026-05-30 10:41:19,COMPLETED,PAYPAL,USD,2026-05-31 04:41:19
ORD0002842,CUST000292,STORE0007,2026-05-02 15:02:15,COMPLETED,GIFT_CARD,USD,2026-05-04 21:02:15
ORD0002843,CUST000102,STORE0012,2026-03-25 08:27:20,COMPLETED,DEBIT_CARD,USD,2026-03-26 12:27:20
ORD0002844,CUST000407,STORE0002,2026-02-25 17:04:21,REFUNDED,STORE_CREDIT,USD,2026-02-27 21:04:21
ORD0002845,CUST000187,STORE0004,2026-03-05 19:11:10,COMPLETED,PAYPAL,USD,2026-03-06 15:11:10
ORD0002846,CUST000032,STORE0007,2026-06-06 18:40:42,COMPLETED,GIFT_CARD,USD,2026-06-08 07:40:42
ORD0002847,CUST000019,STORE0008,2026-08-01 19:01:29,CANCELLED,CREDIT_CARD,USD,2026-08-02 05:01:29
ORD0002848,CUST000153,STORE0003,2026-03-12 09:47:32,COMPLETED,STORE_CREDIT,USD,2026-03-14 00:47:32
ORD0002849,CUST000099,STORE0012,2026-03-04 19:53:51,COMPLETED,DEBIT_CARD,USD,2026-03-07 19:53:51
ORD0002850,CUST000015,STORE0013,2026-05-14 13:50:00,COMPLETED,GIFT_CARD,USD,2026-05-15 00:50:00
ORD0002851,CUST000060,STORE0005,2026-03-15 12:33:14,COMPLETED,GIFT_CARD,USD,2026-03-15 21:33:14
ORD0002852,CUST000351,STORE0003,2026-03-02 13:49:14,CANCELLED,CREDIT_CARD,USD,2026-03-04 14:49:14
ORD0002853,CUST000364,STORE0007,2026-03-30 21:46:30,PENDING,GIFT_CARD,USD,2026-03-31 09:46:30
ORD0002854,CUST000019,STORE0007,2026-03-12 18:54:26,COMPLETED,GIFT_CARD,USD,2026-03-12 19:54:26
ORD0002855,CUST000157,STORE0006,2026-03-31 12:59:01,CANCELLED,PAYPAL,USD,2026-04-03 06:59:01
ORD0002856,CUST000345,STORE0001,2026-07-13 19:41:39,CANCELLED,CREDIT_CARD,USD,2026-07-15 01:41:39
ORD0002857,CUST000442,STORE0010,2026-06-09 19:07:50,CANCELLED,DEBIT_CARD,USD,2026-06-10 12:07:50
ORD0002858,CUST000319,STORE0003,2026-05-16 12:40:12,COMPLETED,CREDIT_CARD,USD,2026-05-18 06:40:12
ORD0002859,CUST000125,STORE0009,2026-06-04 18:38:54,COMPLETED,GIFT_CARD,USD,2026-06-07 01:38:54
ORD0002860,CUST000070,STORE0012,2026-06-13 10:52:17,COMPLETED,PAYPAL,USD,2026-06-13 12:52:17
ORD0002861,CUST000006,STORE0008,2026-02-14 16:44:57,COMPLETED,CREDIT_CARD,USD,2026-02-16 00:44:57
ORD0002862,CUST000381,STORE0013,2026-03-10 13:29:36,COMPLETED,STORE_CREDIT,USD,2026-03-10 20:29:36
ORD0002863,CUST000425,STORE0012,2026-05-24 18:10:01,COMPLETED,DEBIT_CARD,USD,2026-05-27 03:10:01
ORD0002864,CUST000452,STORE0011,2026-07-07 21:26:37,COMPLETED,CREDIT_CARD,USD,2026-07-08 11:26:37
ORD0002865,CUST000111,STORE0013,2026-05-30 08:49:33,COMPLETED,DEBIT_CARD,USD,2026-05-31 13:49:33
ORD0002866,CUST000023,STORE0007,2026-05-25 19:25:41,COMPLETED,CREDIT_CARD,USD,2026-05-28 01:25:41
ORD0002867,CUST000281,STORE0004,2026-02-25 14:40:39,COMPLETED,CREDIT_CARD,USD,2026-02-27 12:40:39
ORD0002868,CUST000300,STORE0010,2026-04-28 20:04:54,COMPLETED,DEBIT_CARD,USD,2026-04-30 05:04:54
ORD0002869,CUST000300,STORE0010,2026-02-24 15:25:05,CANCELLED,STORE_CREDIT,USD,2026-02-25 06:25:05
ORD0002870,CUST000212,STORE0008,2026-06-27 12:39:00,COMPLETED,CREDIT_CARD,USD,2026-06-28 05:39:00
ORD0002871,CUST000223,STORE0008,2026-05-10 13:01:44,REFUNDED,GIFT_CARD,USD,2026-05-10 18:01:44
ORD0002872,CUST000378,STORE0002,2026-05-10 21:28:22,REFUNDED,DEBIT_CARD,USD,2026-05-11 13:28:22
ORD0002873,CUST000299,STORE0001,2026-04-09 14:31:18,CANCELLED,PAYPAL,USD,2026-04-11 20:31:18
ORD0002874,CUST000307,STORE0003,2026-06-21 08:33:06,COMPLETED,PAYPAL,USD,2026-06-21 15:33:06
ORD0002875,CUST000325,STORE0003,2026-02-15 16:09:54,COMPLETED,CREDIT_CARD,USD,2026-02-17 00:09:54
ORD0002876,CUST000182,STORE0002,2026-05-27 14:05:36,COMPLETED,PAYPAL,USD,2026-05-30 05:05:36
ORD0002877,CUST000115,STORE0013,2026-07-15 12:47:42,REFUNDED,CREDIT_CARD,USD,2026-07-17 15:47:42
ORD0002878,CUST000228,STORE0003,2026-06-04 09:01:21,COMPLETED,DEBIT_CARD,USD,2026-06-04 13:01:21
ORD0002879,CUST000363,STORE0009,2026-07-14 13:24:34,CANCELLED,GIFT_CARD,USD,2026-07-16 16:24:34
ORD0002880,CUST000151,STORE0009,2026-06-06 14:05:50,REFUNDED,GIFT_CARD,USD,2026-06-08 04:05:50
ORD0002881,CUST000463,STORE0004,2026-05-21 20:41:41,COMPLETED,STORE_CREDIT,USD,2026-05-22 03:41:41
ORD0002882,CUST000309,STORE0005,2026-06-07 14:48:13,COMPLETED,DEBIT_CARD,USD,2026-06-10 09:48:13
ORD0002883,CUST000081,STORE0004,2026-04-30 14:46:42,COMPLETED,CREDIT_CARD,USD,2026-05-02 06:46:42
ORD0002884,CUST000194,STORE0007,2026-05-06 16:56:39,COMPLETED,DEBIT_CARD,USD,2026-05-09 08:56:39
ORD0002885,CUST000470,STORE0001,2026-07-24 18:19:46,COMPLETED,CREDIT_CARD,USD,2026-07-26 13:19:46
ORD0002886,CUST000309,STORE0013,2026-02-19 16:07:16,COMPLETED,PAYPAL,USD,2026-02-22 11:07:16
ORD0002887,CUST000054,STORE0010,2026-02-24 20:18:45,CANCELLED,STORE_CREDIT,USD,2026-02-27 11:18:45
ORD0002888,CUST000467,STORE0004,2026-04-25 20:20:04,COMPLETED,DEBIT_CARD,USD,2026-04-28 15:20:04
ORD0002889,CUST000255,STORE0009,2026-06-27 09:19:41,COMPLETED,DEBIT_CARD,USD,2026-06-29 00:19:41
ORD0002890,CUST000261,STORE0007,2026-06-08 15:55:21,COMPLETED,CREDIT_CARD,USD,2026-06-08 15:55:21
ORD0002891,CUST000201,STORE0008,2026-04-08 11:24:04,COMPLETED,GIFT_CARD,USD,2026-04-09 10:24:04
ORD0002892,CUST000316,STORE0006,2026-06-05 14:45:04,REFUNDED,STORE_CREDIT,USD,2026-06-07 01:45:04
ORD0002893,CUST000243,STORE0004,2026-03-01 20:24:04,COMPLETED,CREDIT_CARD,USD,2026-03-03 22:24:04
ORD0002894,CUST000194,STORE0005,2026-02-20 19:03:03,PENDING,GIFT_CARD,USD,2026-02-21 14:03:03
ORD0002895,CUST000219,STORE0003,2026-06-08 16:15:40,PENDING,PAYPAL,USD,2026-06-11 15:15:40
ORD0002896,CUST000391,STORE0002,2026-04-27 13:07:56,COMPLETED,GIFT_CARD,USD,2026-04-29 22:07:56
ORD0002897,CUST000176,STORE0003,2026-07-09 11:58:42,COMPLETED,GIFT_CARD,USD,2026-07-12 00:58:42
ORD0002898,CUST000399,STORE0005,2026-07-13 18:32:48,CANCELLED,STORE_CREDIT,USD,2026-07-15 01:32:48
ORD0002899,CUST000093,STORE0011,2026-02-26 21:37:16,COMPLETED,GIFT_CARD,USD,2026-02-27 01:37:16
ORD0002900,CUST000259,STORE0012,2026-08-11 11:39:42,PENDING,CREDIT_CARD,USD,2026-08-11 12:39:42
ORD0002901,CUST000446,STORE0009,2026-06-09 09:54:56,COMPLETED,DEBIT_CARD,USD,2026-06-12 03:54:56
ORD0002902,CUST000068,STORE0010,2026-07-22 19:42:29,REFUNDED,STORE_CREDIT,USD,2026-07-24 01:42:29
ORD0002903,CUST000144,STORE0001,2026-03-25 17:57:49,COMPLETED,CREDIT_CARD,USD,2026-03-28 13:57:49
ORD0002904,CUST000371,STORE0011,2026-07-22 19:35:40,CANCELLED,STORE_CREDIT,USD,2026-07-23 00:35:40
ORD0002905,CUST000229,STORE0009,2026-06-10 11:30:50,CANCELLED,GIFT_CARD,USD,2026-06-10 21:30:50
ORD0002906,CUST000011,STORE0012,2026-07-27 11:57:04,CANCELLED,PAYPAL,USD,2026-07-28 02:57:04
ORD0002907,CUST000280,STORE0009,2026-07-11 18:46:27,COMPLETED,DEBIT_CARD,USD,2026-07-13 20:46:27
ORD0002908,CUST000217,STORE0008,2026-02-24 18:29:06,COMPLETED,CREDIT_CARD,USD,2026-02-27 02:29:06
ORD0002909,CUST000190,STORE0012,2026-03-30 11:20:09,CANCELLED,CREDIT_CARD,USD,2026-04-02 03:20:09
ORD0002910,CUST000162,STORE0009,2026-04-02 21:11:04,CANCELLED,STORE_CREDIT,USD,2026-04-03 11:11:04
ORD0002911,CUST000001,STORE0008,2026-02-20 14:29:30,REFUNDED,STORE_CREDIT,USD,2026-02-22 20:29:30
ORD0002912,CUST000201,STORE0005,2026-05-05 11:35:12,COMPLETED,GIFT_CARD,USD,2026-05-07 14:35:12
ORD0002913,CUST000493,STORE0006,2026-04-17 11:44:58,REFUNDED,CREDIT_CARD,USD,2026-04-18 09:44:58
ORD0002914,CUST000207,STORE0008,2026-05-08 20:54:38,COMPLETED,STORE_CREDIT,USD,2026-05-10 09:54:38
ORD0002915,CUST000120,STORE0002,2026-08-12 20:30:00,COMPLETED,STORE_CREDIT,USD,2026-08-15 02:30:00
ORD0002916,CUST000199,STORE0013,2026-04-04 20:25:55,COMPLETED,STORE_CREDIT,USD,2026-04-07 13:25:55
ORD0002917,CUST000460,STORE0010,2026-06-23 09:01:42,COMPLETED,DEBIT_CARD,USD,2026-06-24 09:01:42
ORD0002918,CUST000298,STORE0005,2026-03-23 17:39:55,COMPLETED,CREDIT_CARD,USD,2026-03-24 02:39:55
ORD0002919,CUST000175,STORE0001,2026-06-04 17:42:30,CANCELLED,CREDIT_CARD,USD,2026-06-05 14:42:30
ORD0002920,CUST000111,STORE0009,2026-03-24 19:37:39,CANCELLED,STORE_CREDIT,USD,2026-03-25 19:37:39
ORD0002921,CUST000482,STORE0005,2026-06-19 14:05:27,CANCELLED,PAYPAL,USD,2026-06-19 21:05:27
ORD0002922,CUST000168,STORE0011,2026-08-11 12:55:26,CANCELLED,CREDIT_CARD,USD,2026-08-11 14:55:26
ORD0002923,CUST000377,STORE0002,2026-03-16 13:17:36,COMPLETED,STORE_CREDIT,USD,2026-03-17 05:17:36
ORD0002924,CUST000056,STORE0010,2026-05-22 21:56:39,PENDING,STORE_CREDIT,USD,2026-05-23 03:56:39
ORD0002925,CUST000278,STORE0011,2026-04-07 20:25:01,CANCELLED,CREDIT_CARD,USD,2026-04-07 23:25:01
ORD0002926,CUST000111,STORE0012,2026-05-31 08:39:24,COMPLETED,STORE_CREDIT,USD,2026-06-01 10:39:24
ORD0002927,CUST000137,STORE0010,2026-06-20 11:08:03,COMPLETED,CREDIT_CARD,USD,2026-06-22 15:08:03
ORD0002928,CUST000475,STORE0005,2026-08-06 16:34:47,PENDING,STORE_CREDIT,USD,2026-08-09 15:34:47
ORD0002929,CUST000136,STORE0007,2026-04-25 16:56:44,COMPLETED,GIFT_CARD,USD,2026-04-27 09:56:44
ORD0002930,CUST000328,STORE0010,2026-04-07 13:12:36,COMPLETED,DEBIT_CARD,USD,2026-04-07 13:12:36
ORD0002931,CUST000014,STORE0010,2026-08-06 13:09:04,CANCELLED,STORE_CREDIT,USD,2026-08-08 07:09:04
ORD0002932,CUST000074,STORE0006,2026-07-02 21:40:20,COMPLETED,DEBIT_CARD,USD,2026-07-05 14:40:20
ORD0002933,CUST000043,STORE0003,2026-02-27 13:35:50,CANCELLED,STORE_CREDIT,USD,2026-03-01 17:35:50
ORD0002934,CUST000486,STORE0009,2026-03-05 20:12:16,COMPLETED,CREDIT_CARD,USD,2026-03-07 16:12:16
ORD0002935,CUST000420,STORE0006,2026-05-02 19:42:06,REFUNDED,DEBIT_CARD,USD,2026-05-03 12:42:06
ORD0002936,CUST000293,STORE0007,2026-03-23 13:53:23,COMPLETED,GIFT_CARD,USD,2026-03-23 23:53:23
ORD0002937,CUST000355,STORE0013,2026-07-08 16:28:03,COMPLETED,STORE_CREDIT,USD,2026-07-08 23:28:03
ORD0002938,CUST000131,STORE0002,2026-06-21 20:27:07,COMPLETED,GIFT_CARD,USD,2026-06-22 08:27:07
ORD0002939,CUST000476,STORE0013,2026-03-20 18:26:52,COMPLETED,CREDIT_CARD,USD,2026-03-21 10:26:52
ORD0002940,CUST000001,STORE0002,2026-03-02 10:45:13,COMPLETED,CREDIT_CARD,USD,2026-03-02 12:45:13
ORD0002941,CUST000464,STORE0004,2026-04-02 11:35:46,REFUNDED,PAYPAL,USD,2026-04-03 11:35:46
ORD0002942,CUST000259,STORE0001,2026-06-18 12:42:38,REFUNDED,GIFT_CARD,USD,2026-06-18 19:42:38
ORD0002943,CUST000079,STORE0006,2026-06-08 15:11:05,COMPLETED,PAYPAL,USD,2026-06-11 07:11:05
ORD0002944,CUST000026,STORE0006,2026-07-13 09:58:58,COMPLETED,STORE_CREDIT,USD,2026-07-15 19:58:58
ORD0002945,CUST000500,STORE0013,2026-05-19 10:39:27,COMPLETED,GIFT_CARD,USD,2026-05-20 17:39:27
ORD0002946,CUST000157,STORE0003,2026-04-22 20:33:30,REFUNDED,STORE_CREDIT,USD,2026-04-23 17:33:30
ORD0002947,CUST000089,STORE0007,2026-05-05 20:06:41,REFUNDED,GIFT_CARD,USD,2026-05-07 03:06:41
ORD0002948,CUST000265,STORE0013,2026-03-14 11:06:18,COMPLETED,DEBIT_CARD,USD,2026-03-16 11:06:18
ORD0002949,CUST000034,STORE0005,2026-06-02 12:53:19,COMPLETED,GIFT_CARD,USD,2026-06-02 22:53:19
ORD0002950,CUST000347,STORE0001,2026-05-20 13:42:58,CANCELLED,DEBIT_CARD,USD,2026-05-21 06:42:58
ORD0002951,CUST000480,STORE0008,2026-08-11 10:22:25,REFUNDED,GIFT_CARD,USD,2026-08-13 17:22:25
ORD0002952,CUST000354,STORE0007,2026-04-29 17:39:24,COMPLETED,PAYPAL,USD,2026-04-30 14:39:24
ORD0002953,CUST000256,STORE0006,2026-02-26 18:49:22,REFUNDED,DEBIT_CARD,USD,2026-02-27 17:49:22
ORD0002954,CUST000426,STORE0008,2026-02-16 19:18:09,COMPLETED,STORE_CREDIT,USD,2026-02-18 18:18:09
ORD0002955,CUST000487,STORE0002,2026-06-04 14:47:55,CANCELLED,GIFT_CARD,USD,2026-06-07 02:47:55
ORD0002956,CUST000035,STORE0013,2026-03-14 09:23:31,CANCELLED,DEBIT_CARD,USD,2026-03-16 19:23:31
ORD0002957,CUST000165,STORE0011,2026-05-19 16:25:00,COMPLETED,GIFT_CARD,USD,2026-05-21 19:25:00
ORD0002958,CUST000155,STORE0006,2026-06-24 16:46:18,REFUNDED,STORE_CREDIT,USD,2026-06-26 16:46:18
ORD0002959,CUST000456,STORE0008,2026-06-29 12:40:19,COMPLETED,CREDIT_CARD,USD,2026-06-29 18:40:19
ORD0002960,CUST000309,STORE0005,2026-03-29 12:19:59,COMPLETED,STORE_CREDIT,USD,2026-03-31 20:19:59
ORD0002961,CUST000062,STORE0009,2026-06-28 09:26:04,CANCELLED,PAYPAL,USD,2026-06-29 06:26:04
ORD0002962,CUST000359,STORE0003,2026-06-12 11:44:15,REFUNDED,STORE_CREDIT,USD,2026-06-13 00:44:15
ORD0002963,CUST000393,STORE0011,2026-05-15 13:42:28,CANCELLED,CREDIT_CARD,USD,2026-05-17 23:42:28
ORD0002964,CUST000014,STORE0001,2026-03-04 15:12:06,PENDING,CREDIT_CARD,USD,2026-03-06 00:12:06
ORD0002965,CUST000056,STORE0011,2026-04-01 17:40:35,COMPLETED,PAYPAL,USD,2026-04-03 17:40:35
ORD0002966,CUST000241,STORE0005,2026-07-26 16:22:27,COMPLETED,PAYPAL,USD,2026-07-27 11:22:27
ORD0002967,CUST000111,STORE0008,2026-05-03 10:32:47,COMPLETED,CREDIT_CARD,USD,2026-05-04 05:32:47
ORD0002968,CUST000150,STORE0010,2026-05-28 08:29:10,COMPLETED,DEBIT_CARD,USD,2026-05-30 03:29:10
ORD0002969,CUST000018,STORE0001,2026-07-10 11:10:07,REFUNDED,PAYPAL,USD,2026-07-12 06:10:07
ORD0002970,CUST000467,STORE0011,2026-03-15 18:46:49,COMPLETED,STORE_CREDIT,USD,2026-03-18 15:46:49
ORD0002971,CUST000129,STORE0010,2026-04-22 09:06:57,REFUNDED,CREDIT_CARD,USD,2026-04-22 12:06:57
ORD0002972,CUST000074,STORE0004,2026-04-02 09:53:23,COMPLETED,GIFT_CARD,USD,2026-04-04 20:53:23
ORD0002973,CUST000456,STORE0010,2026-05-29 08:21:33,COMPLETED,DEBIT_CARD,USD,2026-05-31 05:21:33
ORD0002974,CUST000461,STORE0003,2026-03-31 08:31:52,COMPLETED,DEBIT_CARD,USD,2026-04-01 20:31:52
ORD0002975,CUST000087,STORE0003,2026-03-22 16:29:16,CANCELLED,STORE_CREDIT,USD,2026-03-24 10:29:16
ORD0002976,CUST000249,STORE0013,2026-05-25 19:41:30,REFUNDED,PAYPAL,USD,2026-05-28 14:41:30
ORD0002977,CUST000108,STORE0008,2026-06-20 13:02:17,COMPLETED,CREDIT_CARD,USD,2026-06-23 08:02:17
ORD0002978,CUST000129,STORE0007,2026-02-22 12:54:07,REFUNDED,PAYPAL,USD,2026-02-23 09:54:07
ORD0002979,CUST000240,STORE0010,2026-04-18 11:42:37,CANCELLED,CREDIT_CARD,USD,2026-04-20 23:42:37
ORD0002980,CUST000198,STORE0010,2026-02-22 12:30:42,COMPLETED,CREDIT_CARD,USD,2026-02-22 21:30:42
ORD0002981,CUST000333,STORE0011,2026-05-18 12:18:05,CANCELLED,GIFT_CARD,USD,2026-05-18 17:18:05
ORD0002982,CUST000339,STORE0007,2026-06-11 08:21:00,COMPLETED,PAYPAL,USD,2026-06-13 01:21:00
ORD0002983,CUST000414,STORE0007,2026-02-16 12:34:48,COMPLETED,CREDIT_CARD,USD,2026-02-16 23:34:48
ORD0002984,CUST000345,STORE0007,2026-06-18 17:04:48,COMPLETED,PAYPAL,USD,2026-06-19 02:04:48
ORD0002985,CUST000496,STORE0010,2026-03-05 14:38:18,COMPLETED,DEBIT_CARD,USD,2026-03-06 08:38:18
ORD0002986,CUST000348,STORE0008,2026-03-27 10:42:16,PENDING,STORE_CREDIT,USD,2026-03-29 08:42:16
ORD0002987,CUST000242,STORE0009,2026-04-10 14:54:40,COMPLETED,STORE_CREDIT,USD,2026-04-12 11:54:40
ORD0002988,CUST000330,STORE0009,2026-02-20 16:01:30,CANCELLED,PAYPAL,USD,2026-02-22 15:01:30
ORD0002989,CUST000074,STORE0008,2026-05-18 08:39:12,REFUNDED,CREDIT_CARD,USD,2026-05-20 12:39:12
ORD0002990,CUST000121,STORE0004,2026-06-09 20:05:16,COMPLETED,DEBIT_CARD,USD,2026-06-10 10:05:16
ORD0002991,CUST000361,STORE0009,2026-07-23 12:55:36,COMPLETED,DEBIT_CARD,USD,2026-07-24 21:55:36
ORD0002992,CUST000375,STORE0010,2026-06-24 11:09:48,COMPLETED,PAYPAL,USD,2026-06-24 14:09:48
ORD0002993,CUST000425,STORE0006,2026-07-20 16:06:40,REFUNDED,CREDIT_CARD,USD,2026-07-22 21:06:40
ORD0002994,CUST000119,STORE0007,2026-03-31 15:09:17,PENDING,GIFT_CARD,USD,2026-04-02 05:09:17
ORD0002995,CUST000248,STORE0003,2026-04-02 10:06:51,COMPLETED,DEBIT_CARD,USD,2026-04-04 06:06:51
ORD0002996,CUST000443,STORE0010,2026-04-03 20:55:11,CANCELLED,GIFT_CARD,USD,2026-04-06 04:55:11
ORD0002997,CUST000217,STORE0001,2026-07-03 14:11:49,COMPLETED,CREDIT_CARD,USD,2026-07-05 07:11:49
ORD0002998,CUST000003,STORE0012,2026-05-12 21:29:20,PENDING,STORE_CREDIT,USD,2026-05-13 16:29:20
ORD0002999,CUST000460,STORE0003,2026-08-01 08:29:09,COMPLETED,STORE_CREDIT,USD,2026-08-01 23:29:09
ORD0003000,CUST000341,STORE0009,2026-05-12 20:04:24,COMPLETED,GIFT_CARD,USD,2026-05-15 01:04:24
ORD0003001,CUST000300,STORE0008,2026-05-28 08:47:11,COMPLETED,PAYPAL,USD,2026-05-29 09:47:11
ORD0003002,CUST000409,STORE0006,2026-08-08 09:54:18,COMPLETED,CREDIT_CARD,USD,2026-08-10 18:54:18
ORD0003003,CUST000240,STORE0008,2026-04-24 19:57:17,COMPLETED,DEBIT_CARD,USD,2026-04-25 18:57:17
ORD0003004,CUST000331,STORE0002,2026-07-15 21:30:12,CANCELLED,STORE_CREDIT,USD,2026-07-16 08:30:12
ORD0003005,CUST000233,STORE0006,2026-03-11 08:42:11,CANCELLED,STORE_CREDIT,USD,2026-03-13 06:42:11
ORD0003006,CUST000106,STORE0004,2026-03-29 15:06:01,COMPLETED,DEBIT_CARD,USD,2026-03-31 07:06:01
ORD0003007,CUST000357,STORE0008,2026-03-05 17:43:40,COMPLETED,DEBIT_CARD,USD,2026-03-07 17:43:40
ORD0003008,CUST000086,STORE0006,2026-05-02 09:31:51,COMPLETED,STORE_CREDIT,USD,2026-05-05 06:31:51
ORD0003009,CUST000178,STORE0008,2026-03-16 18:35:26,CANCELLED,STORE_CREDIT,USD,2026-03-17 06:35:26
ORD0003010,CUST000128,STORE0012,2026-06-01 13:06:12,COMPLETED,PAYPAL,USD,2026-06-04 07:06:12
ORD0003011,CUST000435,STORE0007,2026-03-06 14:06:27,PENDING,GIFT_CARD,USD,2026-03-06 15:06:27
ORD0003012,CUST000386,STORE0011,2026-08-10 21:15:24,COMPLETED,DEBIT_CARD,USD,2026-08-11 07:15:24
ORD0003013,CUST000123,STORE0013,2026-03-05 10:06:29,PENDING,STORE_CREDIT,USD,2026-03-08 05:06:29
ORD0003014,CUST000395,STORE0008,2026-03-21 17:27:28,COMPLETED,GIFT_CARD,USD,2026-03-21 23:27:28
ORD0003015,CUST000316,STORE0013,2026-03-13 18:24:56,COMPLETED,PAYPAL,USD,2026-03-16 16:24:56
ORD0003016,CUST000133,STORE0008,2026-04-21 08:56:49,COMPLETED,GIFT_CARD,USD,2026-04-22 02:56:49
ORD0003017,CUST000410,STORE0001,2026-04-21 14:53:06,COMPLETED,GIFT_CARD,USD,2026-04-22 04:53:06
ORD0003018,CUST000215,STORE0010,2026-07-25 08:37:18,COMPLETED,DEBIT_CARD,USD,2026-07-26 17:37:18
ORD0003019,CUST000112,STORE0009,2026-05-09 18:20:10,CANCELLED,DEBIT_CARD,USD,2026-05-12 12:20:10
ORD0003020,CUST000219,STORE0008,2026-06-25 11:57:52,PENDING,DEBIT_CARD,USD,2026-06-27 02:57:52
ORD0003021,CUST000201,STORE0012,2026-08-01 17:09:09,COMPLETED,DEBIT_CARD,USD,2026-08-03 03:09:09
ORD0003022,CUST000416,STORE0002,2026-06-05 13:55:13,REFUNDED,STORE_CREDIT,USD,2026-06-07 08:55:13
ORD0003023,CUST000399,STORE0011,2026-03-18 17:16:34,COMPLETED,CREDIT_CARD,USD,2026-03-19 23:16:34
ORD0003024,CUST000298,STORE0004,2026-08-12 21:49:39,COMPLETED,CREDIT_CARD,USD,2026-08-14 01:49:39
ORD0003025,CUST000467,STORE0002,2026-05-16 12:19:46,PENDING,STORE_CREDIT,USD,2026-05-16 16:19:46
ORD0003026,CUST000134,STORE0001,2026-05-04 08:49:23,COMPLETED,PAYPAL,USD,2026-05-06 22:49:23
ORD0003027,CUST000040,STORE0011,2026-07-29 08:37:01,COMPLETED,CREDIT_CARD,USD,2026-07-31 05:37:01
ORD0003028,CUST000413,STORE0007,2026-03-12 13:46:02,COMPLETED,CREDIT_CARD,USD,2026-03-13 04:46:02
ORD0003029,CUST000046,STORE0013,2026-08-12 11:39:01,COMPLETED,STORE_CREDIT,USD,2026-08-13 09:39:01
ORD0003030,CUST000363,STORE0006,2026-05-19 13:08:15,COMPLETED,DEBIT_CARD,USD,2026-05-22 05:08:15
ORD0003031,CUST000145,STORE0005,2026-03-20 21:24:14,COMPLETED,DEBIT_CARD,USD,2026-03-21 23:24:14
ORD0003032,CUST000366,STORE0005,2026-07-07 11:50:03,CANCELLED,GIFT_CARD,USD,2026-07-08 04:50:03
ORD0003033,CUST000208,STORE0011,2026-04-20 18:54:47,COMPLETED,DEBIT_CARD,USD,2026-04-20 23:54:47
ORD0003034,CUST000350,STORE0008,2026-07-24 11:13:18,REFUNDED,CREDIT_CARD,USD,2026-07-25 16:13:18
ORD0003035,CUST000193,STORE0008,2026-07-26 18:33:07,REFUNDED,CREDIT_CARD,USD,2026-07-27 04:33:07
ORD0003036,CUST000205,STORE0010,2026-08-07 15:58:00,PENDING,GIFT_CARD,USD,2026-08-08 08:58:00
ORD0003037,CUST000036,STORE0010,2026-07-31 18:12:22,COMPLETED,DEBIT_CARD,USD,2026-08-03 03:12:22
ORD0003038,CUST000340,STORE0003,2026-04-14 16:44:16,CANCELLED,CREDIT_CARD,USD,2026-04-15 10:44:16
ORD0003039,CUST000134,STORE0006,2026-02-16 17:02:38,REFUNDED,DEBIT_CARD,USD,2026-02-16 20:02:38
ORD0003040,CUST000121,STORE0010,2026-07-27 20:56:53,COMPLETED,PAYPAL,USD,2026-07-27 23:56:53
ORD0003041,CUST000440,STORE0003,2026-08-10 12:36:24,COMPLETED,STORE_CREDIT,USD,2026-08-13 06:36:24
ORD0003042,CUST000094,STORE0001,2026-03-04 08:43:59,COMPLETED,GIFT_CARD,USD,2026-03-06 06:43:59
ORD0003043,CUST000305,STORE0003,2026-02-15 15:17:03,COMPLETED,STORE_CREDIT,USD,2026-02-16 04:17:03
ORD0003044,CUST000460,STORE0011,2026-07-16 16:15:36,COMPLETED,DEBIT_CARD,USD,2026-07-16 19:15:36
ORD0003045,CUST000118,STORE0011,2026-06-18 10:32:48,COMPLETED,DEBIT_CARD,USD,2026-06-18 17:32:48
ORD0003046,CUST000253,STORE0013,2026-07-19 14:49:59,REFUNDED,DEBIT_CARD,USD,2026-07-20 17:49:59
ORD0003047,CUST000085,STORE0008,2026-04-28 14:10:06,PENDING,DEBIT_CARD,USD,2026-04-29 16:10:06
ORD0003048,CUST000091,STORE0011,2026-07-23 13:25:59,COMPLETED,DEBIT_CARD,USD,2026-07-25 15:25:59
ORD0003049,CUST000433,STORE0010,2026-02-22 17:57:46,CANCELLED,GIFT_CARD,USD,2026-02-24 07:57:46
ORD0003050,CUST000390,STORE0008,2026-06-03 21:12:48,COMPLETED,DEBIT_CARD,USD,2026-06-06 20:12:48
ORD0003051,CUST000182,STORE0009,2026-06-03 12:31:27,COMPLETED,GIFT_CARD,USD,2026-06-05 09:31:27
ORD0003052,CUST000397,STORE0010,2026-05-30 12:55:21,COMPLETED,GIFT_CARD,USD,2026-05-31 00:55:21
ORD0003053,CUST000234,STORE0001,2026-05-04 21:10:27,COMPLETED,STORE_CREDIT,USD,2026-05-06 21:10:27
ORD0003054,CUST000204,STORE0007,2026-02-15 19:40:24,COMPLETED,DEBIT_CARD,USD,2026-02-18 11:40:24
ORD0003055,CUST000409,STORE0011,2026-07-27 10:01:40,CANCELLED,DEBIT_CARD,USD,2026-07-28 06:01:40
ORD0003056,CUST000115,STORE0009,2026-02-17 10:37:52,REFUNDED,GIFT_CARD,USD,2026-02-18 22:37:52
ORD0003057,CUST000303,STORE0008,2026-07-25 09:20:42,COMPLETED,STORE_CREDIT,USD,2026-07-26 01:20:42
ORD0003058,CUST000293,STORE0010,2026-07-24 21:38:43,CANCELLED,PAYPAL,USD,2026-07-25 05:38:43
ORD0003059,CUST000069,STORE0009,2026-06-15 18:43:20,COMPLETED,CREDIT_CARD,USD,2026-06-16 10:43:20
ORD0003060,CUST000128,STORE0013,2026-03-02 09:05:18,CANCELLED,DEBIT_CARD,USD,2026-03-04 15:05:18
ORD0003061,CUST000050,STORE0001,2026-05-05 18:00:18,REFUNDED,STORE_CREDIT,USD,2026-05-07 11:00:18
ORD0003062,CUST000252,STORE0006,2026-06-27 11:16:58,REFUNDED,GIFT_CARD,USD,2026-06-29 00:16:58
ORD0003063,CUST000464,STORE0005,2026-03-08 16:11:34,REFUNDED,GIFT_CARD,USD,2026-03-10 20:11:34
ORD0003064,CUST000090,STORE0006,2026-05-09 08:45:23,COMPLETED,GIFT_CARD,USD,2026-05-09 23:45:23
ORD0003065,CUST000440,STORE0011,2026-05-27 09:58:42,COMPLETED,CREDIT_CARD,USD,2026-05-28 20:58:42
ORD0003066,CUST000278,STORE0005,2026-07-06 11:24:54,CANCELLED,GIFT_CARD,USD,2026-07-08 03:24:54
ORD0003067,CUST000299,STORE0010,2026-03-19 10:26:38,PENDING,GIFT_CARD,USD,2026-03-20 00:26:38
ORD0003068,CUST000269,STORE0011,2026-03-31 15:27:07,COMPLETED,DEBIT_CARD,USD,2026-03-31 16:27:07
ORD0003069,CUST000197,STORE0010,2026-03-14 13:49:30,COMPLETED,STORE_CREDIT,USD,2026-03-15 22:49:30
ORD0003070,CUST000339,STORE0007,2026-04-06 11:30:22,CANCELLED,GIFT_CARD,USD,2026-04-09 04:30:22
ORD0003071,CUST000446,STORE0001,2026-03-14 16:33:05,REFUNDED,CREDIT_CARD,USD,2026-03-15 03:33:05
ORD0003072,CUST000042,STORE0011,2026-06-07 08:42:29,PENDING,DEBIT_CARD,USD,2026-06-07 20:42:29
ORD0003073,CUST000316,STORE0011,2026-02-24 21:32:46,COMPLETED,DEBIT_CARD,USD,2026-02-25 21:32:46
ORD0003074,CUST000093,STORE0001,2026-05-03 12:33:18,REFUNDED,GIFT_CARD,USD,2026-05-04 18:33:18
ORD0003075,CUST000288,STORE0002,2026-05-31 12:37:22,COMPLETED,CREDIT_CARD,USD,2026-06-01 02:37:22
ORD0003076,CUST000085,STORE0003,2026-04-25 20:06:31,COMPLETED,STORE_CREDIT,USD,2026-04-26 11:06:31
ORD0003077,CUST000456,STORE0001,2026-05-12 19:42:30,CANCELLED,GIFT_CARD,USD,2026-05-13 16:42:30
ORD0003078,CUST000084,STORE0001,2026-03-06 18:56:21,PENDING,STORE_CREDIT,USD,2026-03-07 13:56:21
ORD0003079,CUST000422,STORE0003,2026-04-23 08:29:53,PENDING,PAYPAL,USD,2026-04-25 08:29:53
ORD0003080,CUST000110,STORE0007,2026-03-25 21:36:08,COMPLETED,GIFT_CARD,USD,2026-03-27 04:36:08
ORD0003081,CUST000474,STORE0010,2026-05-21 16:58:44,PENDING,CREDIT_CARD,USD,2026-05-23 09:58:44
ORD0003082,CUST000304,STORE0005,2026-05-16 12:42:58,REFUNDED,STORE_CREDIT,USD,2026-05-17 23:42:58
ORD0003083,CUST000251,STORE0005,2026-05-03 10:43:06,COMPLETED,PAYPAL,USD,2026-05-05 08:43:06
ORD0003084,CUST000417,STORE0007,2026-05-08 09:55:18,COMPLETED,GIFT_CARD,USD,2026-05-09 18:55:18
ORD0003085,CUST000163,STORE0003,2026-08-13 16:48:32,CANCELLED,GIFT_CARD,USD,2026-08-15 18:48:32
ORD0003086,CUST000244,STORE0009,2026-04-30 10:04:15,CANCELLED,DEBIT_CARD,USD,2026-04-30 22:04:15
ORD0003087,CUST000068,STORE0012,2026-06-06 19:07:23,COMPLETED,DEBIT_CARD,USD,2026-06-07 14:07:23
ORD0003088,CUST000408,STORE0001,2026-04-07 21:33:43,COMPLETED,CREDIT_CARD,USD,2026-04-09 08:33:43
ORD0003089,CUST000443,STORE0008,2026-03-23 08:28:19,COMPLETED,GIFT_CARD,USD,2026-03-25 21:28:19
ORD0003090,CUST000439,STORE0007,2026-04-15 10:15:38,CANCELLED,STORE_CREDIT,USD,2026-04-18 09:15:38
ORD0003091,CUST000280,STORE0013,2026-03-31 14:14:10,COMPLETED,STORE_CREDIT,USD,2026-04-03 09:14:10
ORD0003092,CUST000286,STORE0009,2026-05-13 20:32:36,REFUNDED,CREDIT_CARD,USD,2026-05-16 14:32:36
ORD0003093,CUST000364,STORE0009,2026-04-15 12:08:49,REFUNDED,PAYPAL,USD,2026-04-15 12:08:49
ORD0003094,CUST000336,STORE0006,2026-05-11 11:51:19,COMPLETED,GIFT_CARD,USD,2026-05-12 11:51:19
ORD0003095,CUST000425,STORE0010,2026-08-05 11:11:18,COMPLETED,DEBIT_CARD,USD,2026-08-06 22:11:18
ORD0003096,CUST000069,STORE0005,2026-07-29 11:00:42,CANCELLED,DEBIT_CARD,USD,2026-08-01 02:00:42
ORD0003097,CUST000378,STORE0001,2026-06-18 09:57:08,COMPLETED,GIFT_CARD,USD,2026-06-19 06:57:08
ORD0003098,CUST000436,STORE0002,2026-07-09 16:53:52,REFUNDED,PAYPAL,USD,2026-07-10 14:53:52
ORD0003099,CUST000183,STORE0003,2026-07-02 11:05:05,PENDING,PAYPAL,USD,2026-07-05 11:05:05
ORD0003100,CUST000055,STORE0009,2026-02-26 08:23:17,COMPLETED,DEBIT_CARD,USD,2026-02-26 10:23:17
ORD0003101,CUST000174,STORE0008,2026-05-19 09:01:02,COMPLETED,PAYPAL,USD,2026-05-20 12:01:02
ORD0003102,CUST000419,STORE0013,2026-03-09 19:44:34,COMPLETED,STORE_CREDIT,USD,2026-03-11 17:44:34
ORD0003103,CUST000091,STORE0002,2026-03-30 17:51:04,CANCELLED,DEBIT_CARD,USD,2026-03-31 13:51:04
ORD0003104,CUST000479,STORE0001,2026-04-07 20:46:05,COMPLETED,PAYPAL,USD,2026-04-08 15:46:05
ORD0003105,CUST000401,STORE0008,2026-08-05 12:35:46,COMPLETED,DEBIT_CARD,USD,2026-08-07 08:35:46
ORD0003106,CUST000040,STORE0007,2026-07-18 09:19:23,COMPLETED,DEBIT_CARD,USD,2026-07-18 15:19:23
ORD0003107,CUST000477,STORE0004,2026-06-06 10:16:27,COMPLETED,PAYPAL,USD,2026-06-08 19:16:27
ORD0003108,CUST000413,STORE0006,2026-05-10 10:48:09,COMPLETED,CREDIT_CARD,USD,2026-05-11 07:48:09
ORD0003109,CUST000027,STORE0007,2026-04-24 11:30:05,CANCELLED,CREDIT_CARD,USD,2026-04-26 13:30:05
ORD0003110,CUST000434,STORE0006,2026-04-15 17:38:23,COMPLETED,CREDIT_CARD,USD,2026-04-16 04:38:23
ORD0003111,CUST000431,STORE0011,2026-06-13 17:50:03,REFUNDED,PAYPAL,USD,2026-06-16 12:50:03
ORD0003112,CUST000487,STORE0004,2026-06-03 12:20:16,REFUNDED,PAYPAL,USD,2026-06-06 11:20:16
ORD0003113,CUST000179,STORE0012,2026-04-29 10:40:37,REFUNDED,GIFT_CARD,USD,2026-04-29 17:40:37
ORD0003114,CUST000207,STORE0009,2026-04-20 17:31:56,REFUNDED,GIFT_CARD,USD,2026-04-23 12:31:56
ORD0003115,CUST000442,STORE0011,2026-06-04 20:30:59,COMPLETED,DEBIT_CARD,USD,2026-06-06 12:30:59
ORD0003116,CUST000279,STORE0007,2026-06-06 16:43:49,CANCELLED,GIFT_CARD,USD,2026-06-08 01:43:49
ORD0003117,CUST000439,STORE0003,2026-04-27 14:30:04,REFUNDED,STORE_CREDIT,USD,2026-04-30 14:30:04
ORD0003118,CUST000371,STORE0003,2026-07-23 20:23:55,CANCELLED,DEBIT_CARD,USD,2026-07-25 21:23:55
ORD0003119,CUST000029,STORE0006,2026-04-07 21:11:02,CANCELLED,PAYPAL,USD,2026-04-09 04:11:02
ORD0003120,CUST000160,STORE0013,2026-05-29 12:50:06,CANCELLED,DEBIT_CARD,USD,2026-06-01 01:50:06
ORD0003121,CUST000369,STORE0004,2026-03-25 19:46:49,PENDING,STORE_CREDIT,USD,2026-03-28 14:46:49
ORD0003122,CUST000427,STORE0004,2026-02-22 20:15:45,COMPLETED,STORE_CREDIT,USD,2026-02-22 23:15:45
ORD0003123,CUST000410,STORE0012,2026-04-14 15:13:40,COMPLETED,STORE_CREDIT,USD,2026-04-16 20:13:40
ORD0003124,CUST000312,STORE0011,2026-06-07 15:18:03,COMPLETED,CREDIT_CARD,USD,2026-06-10 02:18:03
ORD0003125,CUST000353,STORE0013,2026-05-26 14:47:55,COMPLETED,CREDIT_CARD,USD,2026-05-29 11:47:55
ORD0003126,CUST000256,STORE0001,2026-02-19 09:00:58,COMPLETED,DEBIT_CARD,USD,2026-02-20 02:00:58
ORD0003127,CUST000019,STORE0002,2026-03-05 20:58:57,CANCELLED,PAYPAL,USD,2026-03-06 04:58:57
ORD0003128,CUST000266,STORE0008,2026-03-02 08:53:07,COMPLETED,CREDIT_CARD,USD,2026-03-03 23:53:07
ORD0003129,CUST000077,STORE0012,2026-03-24 13:07:36,COMPLETED,DEBIT_CARD,USD,2026-03-25 21:07:36
ORD0003130,CUST000130,STORE0005,2026-07-16 14:20:20,COMPLETED,GIFT_CARD,USD,2026-07-17 10:20:20
ORD0003131,CUST000317,STORE0006,2026-02-14 10:18:09,COMPLETED,PAYPAL,USD,2026-02-15 03:18:09
ORD0003132,CUST000238,STORE0011,2026-05-07 12:32:28,COMPLETED,DEBIT_CARD,USD,2026-05-08 03:32:28
ORD0003133,CUST000106,STORE0010,2026-07-27 10:00:15,COMPLETED,PAYPAL,USD,2026-07-30 05:00:15
ORD0003134,CUST000284,STORE0001,2026-06-21 11:39:03,COMPLETED,STORE_CREDIT,USD,2026-06-23 01:39:03
ORD0003135,CUST000429,STORE0007,2026-03-30 17:24:02,REFUNDED,STORE_CREDIT,USD,2026-03-31 13:24:02
ORD0003136,CUST000213,STORE0005,2026-07-16 13:55:16,PENDING,STORE_CREDIT,USD,2026-07-18 06:55:16
ORD0003137,CUST000177,STORE0004,2026-04-20 10:29:32,REFUNDED,DEBIT_CARD,USD,2026-04-21 13:29:32
ORD0003138,CUST000194,STORE0007,2026-05-07 12:48:46,CANCELLED,DEBIT_CARD,USD,2026-05-09 01:48:46
ORD0003139,CUST000322,STORE0005,2026-07-29 08:12:57,REFUNDED,CREDIT_CARD,USD,2026-07-29 11:12:57
ORD0003140,CUST000213,STORE0006,2026-07-08 12:22:57,COMPLETED,STORE_CREDIT,USD,2026-07-11 10:22:57
ORD0003141,CUST000405,STORE0006,2026-04-17 11:22:24,COMPLETED,DEBIT_CARD,USD,2026-04-20 04:22:24
ORD0003142,CUST000120,STORE0013,2026-07-26 15:40:25,COMPLETED,GIFT_CARD,USD,2026-07-27 00:40:25
ORD0003143,CUST000326,STORE0007,2026-03-25 11:04:22,COMPLETED,DEBIT_CARD,USD,2026-03-26 21:04:22
ORD0003144,CUST000296,STORE0013,2026-03-02 14:12:57,CANCELLED,GIFT_CARD,USD,2026-03-04 23:12:57
ORD0003145,CUST000403,STORE0013,2026-03-21 09:55:51,COMPLETED,CREDIT_CARD,USD,2026-03-21 17:55:51
ORD0003146,CUST000250,STORE0004,2026-03-21 20:00:43,COMPLETED,PAYPAL,USD,2026-03-23 14:00:43
ORD0003147,CUST000270,STORE0003,2026-05-22 21:12:59,COMPLETED,PAYPAL,USD,2026-05-24 23:12:59
ORD0003148,CUST000235,STORE0006,2026-04-13 21:38:32,PENDING,CREDIT_CARD,USD,2026-04-16 09:38:32
ORD0003149,CUST000222,STORE0012,2026-04-29 10:37:14,COMPLETED,GIFT_CARD,USD,2026-05-01 10:37:14
ORD0003150,CUST000154,STORE0012,2026-03-20 19:34:46,CANCELLED,GIFT_CARD,USD,2026-03-22 11:34:46
ORD0003151,CUST000411,STORE0003,2026-07-30 12:21:52,CANCELLED,STORE_CREDIT,USD,2026-08-01 22:21:52
ORD0003152,CUST000152,STORE0001,2026-07-30 12:09:07,COMPLETED,CREDIT_CARD,USD,2026-07-30 13:09:07
ORD0003153,CUST000390,STORE0008,2026-06-08 16:20:51,COMPLETED,DEBIT_CARD,USD,2026-06-10 15:20:51
ORD0003154,CUST000478,STORE0003,2026-06-04 17:11:54,PENDING,DEBIT_CARD,USD,2026-06-05 20:11:54
ORD0003155,CUST000378,STORE0006,2026-04-05 17:21:55,REFUNDED,GIFT_CARD,USD,2026-04-06 16:21:55
ORD0003156,CUST000419,STORE0006,2026-03-26 12:23:33,REFUNDED,CREDIT_CARD,USD,2026-03-29 02:23:33
ORD0003157,CUST000228,STORE0006,2026-03-17 15:15:42,COMPLETED,STORE_CREDIT,USD,2026-03-19 13:15:42
ORD0003158,CUST000324,STORE0003,2026-03-17 13:05:21,COMPLETED,GIFT_CARD,USD,2026-03-19 04:05:21
ORD0003159,CUST000235,STORE0002,2026-04-14 13:43:56,CANCELLED,GIFT_CARD,USD,2026-04-15 16:43:56
ORD0003160,CUST000082,STORE0012,2026-06-17 11:39:27,PENDING,DEBIT_CARD,USD,2026-06-18 22:39:27
ORD0003161,CUST000274,STORE0011,2026-08-13 15:35:18,COMPLETED,PAYPAL,USD,2026-08-16 03:35:18
ORD0003162,CUST000405,STORE0003,2026-02-26 19:37:28,PENDING,CREDIT_CARD,USD,2026-02-28 16:37:28
ORD0003163,CUST000203,STORE0009,2026-05-09 17:55:17,COMPLETED,PAYPAL,USD,2026-05-10 03:55:17
ORD0003164,CUST000464,STORE0002,2026-03-08 13:24:48,REFUNDED,GIFT_CARD,USD,2026-03-11 10:24:48
ORD0003165,CUST000065,STORE0002,2026-06-26 08:25:45,REFUNDED,DEBIT_CARD,USD,2026-06-26 09:25:45
ORD0003166,CUST000046,STORE0007,2026-05-15 14:05:12,REFUNDED,PAYPAL,USD,2026-05-15 21:05:12
ORD0003167,CUST000158,STORE0004,2026-02-21 08:29:41,COMPLETED,PAYPAL,USD,2026-02-23 03:29:41
ORD0003168,CUST000052,STORE0009,2026-04-08 09:25:15,COMPLETED,GIFT_CARD,USD,2026-04-09 07:25:15
ORD0003169,CUST000171,STORE0008,2026-05-15 15:44:32,PENDING,PAYPAL,USD,2026-05-17 15:44:32
ORD0003170,CUST000480,STORE0006,2026-03-23 14:05:03,COMPLETED,STORE_CREDIT,USD,2026-03-26 07:05:03
ORD0003171,CUST000055,STORE0011,2026-04-21 09:11:43,COMPLETED,GIFT_CARD,USD,2026-04-21 10:11:43
ORD0003172,CUST000108,STORE0006,2026-07-13 20:49:24,COMPLETED,CREDIT_CARD,USD,2026-07-13 20:49:24
ORD0003173,CUST000298,STORE0011,2026-07-28 10:30:05,CANCELLED,STORE_CREDIT,USD,2026-07-28 22:30:05
ORD0003174,CUST000310,STORE0003,2026-03-10 14:21:00,COMPLETED,CREDIT_CARD,USD,2026-03-13 09:21:00
ORD0003175,CUST000221,STORE0012,2026-06-06 18:53:20,REFUNDED,DEBIT_CARD,USD,2026-06-07 10:53:20
ORD0003176,CUST000087,STORE0009,2026-03-13 20:53:25,PENDING,GIFT_CARD,USD,2026-03-16 03:53:25
ORD0003177,CUST000126,STORE0002,2026-04-16 13:08:45,PENDING,PAYPAL,USD,2026-04-19 03:08:45
ORD0003178,CUST000165,STORE0007,2026-06-02 18:49:21,COMPLETED,DEBIT_CARD,USD,2026-06-04 19:49:21
ORD0003179,CUST000212,STORE0003,2026-06-30 09:55:47,COMPLETED,CREDIT_CARD,USD,2026-07-01 21:55:47
ORD0003180,CUST000206,STORE0001,2026-06-15 12:37:26,PENDING,PAYPAL,USD,2026-06-18 04:37:26
ORD0003181,CUST000359,STORE0006,2026-05-02 19:16:34,COMPLETED,STORE_CREDIT,USD,2026-05-03 09:16:34
ORD0003182,CUST000279,STORE0008,2026-06-14 12:52:02,PENDING,CREDIT_CARD,USD,2026-06-16 08:52:02
ORD0003183,CUST000392,STORE0011,2026-05-22 13:03:34,REFUNDED,GIFT_CARD,USD,2026-05-24 18:03:34
ORD0003184,CUST000117,STORE0005,2026-03-08 10:21:47,COMPLETED,DEBIT_CARD,USD,2026-03-11 04:21:47
ORD0003185,CUST000235,STORE0003,2026-07-20 19:46:39,COMPLETED,PAYPAL,USD,2026-07-23 00:46:39
ORD0003186,CUST000457,STORE0010,2026-04-14 11:24:28,PENDING,PAYPAL,USD,2026-04-17 01:24:28
ORD0003187,CUST000351,STORE0009,2026-04-19 11:37:30,COMPLETED,STORE_CREDIT,USD,2026-04-20 01:37:30
ORD0003188,CUST000470,STORE0005,2026-02-23 17:47:15,COMPLETED,DEBIT_CARD,USD,2026-02-26 10:47:15
ORD0003189,CUST000418,STORE0001,2026-04-09 09:42:00,COMPLETED,PAYPAL,USD,2026-04-11 11:42:00
ORD0003190,CUST000485,STORE0009,2026-04-23 15:32:50,CANCELLED,STORE_CREDIT,USD,2026-04-26 06:32:50
ORD0003191,CUST000252,STORE0010,2026-05-16 15:44:37,COMPLETED,CREDIT_CARD,USD,2026-05-17 01:44:37
ORD0003192,CUST000309,STORE0005,2026-05-31 09:41:55,CANCELLED,PAYPAL,USD,2026-05-31 15:41:55
ORD0003193,CUST000441,STORE0011,2026-04-07 10:48:31,REFUNDED,PAYPAL,USD,2026-04-10 04:48:31
ORD0003194,CUST000010,STORE0001,2026-04-13 10:24:51,COMPLETED,DEBIT_CARD,USD,2026-04-13 17:24:51
ORD0003195,CUST000192,STORE0008,2026-06-05 08:15:45,REFUNDED,PAYPAL,USD,2026-06-08 08:15:45
ORD0003196,CUST000268,STORE0007,2026-07-02 15:25:04,COMPLETED,PAYPAL,USD,2026-07-05 15:25:04
ORD0003197,CUST000324,STORE0006,2026-05-28 20:04:17,REFUNDED,CREDIT_CARD,USD,2026-05-30 01:04:17
ORD0003198,CUST000321,STORE0004,2026-08-08 12:35:52,PENDING,DEBIT_CARD,USD,2026-08-10 10:35:52
ORD0003199,CUST000367,STORE0005,2026-04-01 11:51:31,REFUNDED,DEBIT_CARD,USD,2026-04-02 18:51:31
ORD0003200,CUST000033,STORE0005,2026-07-24 15:07:51,CANCELLED,PAYPAL,USD,2026-07-27 04:07:51
ORD0003201,CUST000241,STORE0010,2026-08-01 21:46:46,COMPLETED,STORE_CREDIT,USD,2026-08-02 15:46:46
ORD0003202,CUST000254,STORE0005,2026-07-02 20:08:05,REFUNDED,CREDIT_CARD,USD,2026-07-04 15:08:05
ORD0003203,CUST000419,STORE0002,2026-07-23 14:44:41,REFUNDED,CREDIT_CARD,USD,2026-07-25 06:44:41
ORD0003204,CUST000163,STORE0012,2026-06-30 19:27:49,CANCELLED,DEBIT_CARD,USD,2026-07-03 02:27:49
ORD0003205,CUST000034,STORE0010,2026-07-15 17:12:54,REFUNDED,PAYPAL,USD,2026-07-16 04:12:54
ORD0003206,CUST000066,STORE0003,2026-07-29 15:36:55,COMPLETED,GIFT_CARD,USD,2026-07-30 11:36:55
ORD0003207,CUST000149,STORE0004,2026-02-14 19:00:14,CANCELLED,PAYPAL,USD,2026-02-17 16:00:14
ORD0003208,CUST000427,STORE0010,2026-05-03 19:38:05,REFUNDED,PAYPAL,USD,2026-05-06 16:38:05
ORD0003209,CUST000358,STORE0003,2026-02-15 11:46:37,COMPLETED,PAYPAL,USD,2026-02-16 08:46:37
ORD0003210,CUST000497,STORE0012,2026-06-19 16:23:50,PENDING,GIFT_CARD,USD,2026-06-21 04:23:50
ORD0003211,CUST000489,STORE0007,2026-04-28 11:01:58,CANCELLED,DEBIT_CARD,USD,2026-04-29 01:01:58
ORD0003212,CUST000010,STORE0005,2026-03-05 10:10:26,COMPLETED,DEBIT_CARD,USD,2026-03-07 01:10:26
ORD0003213,CUST000147,STORE0013,2026-07-09 10:42:27,COMPLETED,DEBIT_CARD,USD,2026-07-10 08:42:27
ORD0003214,CUST000493,STORE0002,2026-03-01 08:09:16,COMPLETED,STORE_CREDIT,USD,2026-03-04 03:09:16
ORD0003215,CUST000126,STORE0011,2026-07-27 11:48:50,CANCELLED,DEBIT_CARD,USD,2026-07-28 12:48:50
ORD0003216,CUST000408,STORE0007,2026-06-27 17:50:33,COMPLETED,STORE_CREDIT,USD,2026-06-29 13:50:33
ORD0003217,CUST000223,STORE0009,2026-03-12 14:22:11,REFUNDED,DEBIT_CARD,USD,2026-03-13 08:22:11
ORD0003218,CUST000427,STORE0012,2026-07-25 17:15:30,CANCELLED,DEBIT_CARD,USD,2026-07-28 07:15:30
ORD0003219,CUST000016,STORE0011,2026-04-05 11:59:18,COMPLETED,CREDIT_CARD,USD,2026-04-07 07:59:18
ORD0003220,CUST000274,STORE0002,2026-02-28 15:25:28,COMPLETED,STORE_CREDIT,USD,2026-03-02 23:25:28
ORD0003221,CUST000257,STORE0013,2026-07-10 17:14:13,COMPLETED,DEBIT_CARD,USD,2026-07-12 15:14:13
ORD0003222,CUST000144,STORE0009,2026-08-10 15:31:12,COMPLETED,CREDIT_CARD,USD,2026-08-12 11:31:12
ORD0003223,CUST000109,STORE0003,2026-07-12 12:01:25,COMPLETED,PAYPAL,USD,2026-07-14 10:01:25
ORD0003224,CUST000282,STORE0006,2026-06-15 20:09:51,COMPLETED,GIFT_CARD,USD,2026-06-18 14:09:51
ORD0003225,CUST000362,STORE0005,2026-04-13 16:41:45,REFUNDED,STORE_CREDIT,USD,2026-04-15 13:41:45
ORD0003226,CUST000083,STORE0013,2026-08-11 12:41:51,COMPLETED,GIFT_CARD,USD,2026-08-11 14:41:51
ORD0003227,CUST000387,STORE0008,2026-04-12 13:46:38,COMPLETED,GIFT_CARD,USD,2026-04-14 12:46:38
ORD0003228,CUST000196,STORE0005,2026-07-22 17:25:06,REFUNDED,PAYPAL,USD,2026-07-23 00:25:06
ORD0003229,CUST000220,STORE0005,2026-05-21 19:43:05,PENDING,DEBIT_CARD,USD,2026-05-23 12:43:05
ORD0003230,CUST000070,STORE0008,2026-05-18 19:03:54,PENDING,PAYPAL,USD,2026-05-21 07:03:54
ORD0003231,CUST000184,STORE0004,2026-07-05 14:41:38,REFUNDED,CREDIT_CARD,USD,2026-07-05 15:41:38
ORD0003232,CUST000188,STORE0009,2026-05-13 17:14:55,CANCELLED,DEBIT_CARD,USD,2026-05-14 13:14:55
ORD0003233,CUST000098,STORE0010,2026-07-10 17:23:41,COMPLETED,PAYPAL,USD,2026-07-13 02:23:41
ORD0003234,CUST000168,STORE0010,2026-02-24 15:00:22,REFUNDED,STORE_CREDIT,USD,2026-02-26 22:00:22
ORD0003235,CUST000334,STORE0013,2026-03-02 20:08:33,PENDING,GIFT_CARD,USD,2026-03-05 10:08:33
ORD0003236,CUST000424,STORE0004,2026-02-20 18:24:36,PENDING,STORE_CREDIT,USD,2026-02-21 23:24:36
ORD0003237,CUST000456,STORE0013,2026-06-26 17:38:48,CANCELLED,PAYPAL,USD,2026-06-29 17:38:48
ORD0003238,CUST000400,STORE0011,2026-04-02 16:18:03,COMPLETED,CREDIT_CARD,USD,2026-04-03 10:18:03
ORD0003239,CUST000293,STORE0002,2026-03-24 18:26:03,COMPLETED,GIFT_CARD,USD,2026-03-27 15:26:03
ORD0003240,CUST000305,STORE0004,2026-07-03 21:27:22,COMPLETED,CREDIT_CARD,USD,2026-07-06 07:27:22
ORD0003241,CUST000262,STORE0008,2026-05-03 16:30:02,COMPLETED,PAYPAL,USD,2026-05-05 19:30:02
ORD0003242,CUST000025,STORE0006,2026-05-25 08:37:41,COMPLETED,PAYPAL,USD,2026-05-26 18:37:41
ORD0003243,CUST000193,STORE0007,2026-02-28 21:53:23,COMPLETED,STORE_CREDIT,USD,2026-03-02 17:53:23
ORD0003244,CUST000357,STORE0008,2026-06-03 13:31:34,CANCELLED,PAYPAL,USD,2026-06-04 16:31:34
ORD0003245,CUST000078,STORE0010,2026-07-15 08:45:12,COMPLETED,CREDIT_CARD,USD,2026-07-16 03:45:12
ORD0003246,CUST000392,STORE0013,2026-05-03 10:16:43,REFUNDED,DEBIT_CARD,USD,2026-05-04 15:16:43
ORD0003247,CUST000067,STORE0007,2026-07-29 14:48:43,COMPLETED,PAYPAL,USD,2026-07-30 20:48:43
ORD0003248,CUST000314,STORE0009,2026-04-17 09:16:23,COMPLETED,PAYPAL,USD,2026-04-18 16:16:23
ORD0003249,CUST000264,STORE0008,2026-04-22 18:09:51,COMPLETED,GIFT_CARD,USD,2026-04-24 23:09:51
ORD0003250,CUST000472,STORE0009,2026-02-24 08:03:45,COMPLETED,STORE_CREDIT,USD,2026-02-27 07:03:45
ORD0003251,CUST000139,STORE0004,2026-08-08 16:44:47,PENDING,PAYPAL,USD,2026-08-10 10:44:47
ORD0003252,CUST000410,STORE0005,2026-07-22 19:58:06,PENDING,STORE_CREDIT,USD,2026-07-24 07:58:06
ORD0003253,CUST000213,STORE0003,2026-05-26 14:27:34,CANCELLED,GIFT_CARD,USD,2026-05-28 12:27:34
ORD0003254,CUST000181,STORE0010,2026-07-17 08:10:42,COMPLETED,GIFT_CARD,USD,2026-07-18 19:10:42
ORD0003255,CUST000201,STORE0002,2026-05-04 14:56:10,CANCELLED,DEBIT_CARD,USD,2026-05-07 08:56:10
ORD0003256,CUST000338,STORE0006,2026-03-07 18:12:04,REFUNDED,GIFT_CARD,USD,2026-03-08 19:12:04
ORD0003257,CUST000153,STORE0005,2026-06-10 21:36:50,COMPLETED,DEBIT_CARD,USD,2026-06-13 06:36:50
ORD0003258,CUST000088,STORE0006,2026-06-27 16:21:42,CANCELLED,DEBIT_CARD,USD,2026-06-29 02:21:42
ORD0003259,CUST000349,STORE0011,2026-06-20 12:00:33,COMPLETED,PAYPAL,USD,2026-06-22 03:00:33
ORD0003260,CUST000295,STORE0011,2026-06-01 09:47:31,COMPLETED,GIFT_CARD,USD,2026-06-03 13:47:31
ORD0003261,CUST000380,STORE0005,2026-04-22 10:21:07,COMPLETED,CREDIT_CARD,USD,2026-04-25 02:21:07
ORD0003262,CUST000054,STORE0006,2026-03-19 16:27:15,COMPLETED,GIFT_CARD,USD,2026-03-22 14:27:15
ORD0003263,CUST000232,STORE0001,2026-07-30 18:24:16,CANCELLED,GIFT_CARD,USD,2026-07-31 09:24:16
ORD0003264,CUST000492,STORE0006,2026-03-31 08:06:52,COMPLETED,STORE_CREDIT,USD,2026-04-02 08:06:52
ORD0003265,CUST000351,STORE0005,2026-03-05 13:56:30,COMPLETED,PAYPAL,USD,2026-03-06 13:56:30
ORD0003266,CUST000252,STORE0009,2026-03-03 08:39:00,COMPLETED,STORE_CREDIT,USD,2026-03-03 22:39:00
ORD0003267,CUST000184,STORE0002,2026-04-26 17:54:44,REFUNDED,GIFT_CARD,USD,2026-04-28 14:54:44
ORD0003268,CUST000240,STORE0003,2026-07-16 14:27:46,COMPLETED,CREDIT_CARD,USD,2026-07-19 08:27:46
ORD0003269,CUST000072,STORE0008,2026-03-29 11:41:56,COMPLETED,PAYPAL,USD,2026-03-29 15:41:56
ORD0003270,CUST000315,STORE0001,2026-06-24 09:53:32,COMPLETED,DEBIT_CARD,USD,2026-06-25 14:53:32
ORD0003271,CUST000123,STORE0012,2026-03-21 20:29:11,COMPLETED,PAYPAL,USD,2026-03-22 22:29:11
ORD0003272,CUST000135,STORE0004,2026-03-23 18:24:56,COMPLETED,STORE_CREDIT,USD,2026-03-25 12:24:56
ORD0003273,CUST000432,STORE0003,2026-03-28 14:48:52,REFUNDED,GIFT_CARD,USD,2026-03-30 12:48:52
ORD0003274,CUST000394,STORE0005,2026-05-19 09:12:43,REFUNDED,STORE_CREDIT,USD,2026-05-21 05:12:43
ORD0003275,CUST000313,STORE0009,2026-07-23 19:29:10,COMPLETED,CREDIT_CARD,USD,2026-07-25 03:29:10
ORD0003276,CUST000438,STORE0002,2026-08-12 11:27:23,COMPLETED,CREDIT_CARD,USD,2026-08-14 02:27:23
ORD0003277,CUST000468,STORE0010,2026-04-03 16:41:38,COMPLETED,GIFT_CARD,USD,2026-04-05 06:41:38
ORD0003278,CUST000188,STORE0006,2026-03-12 10:32:54,PENDING,STORE_CREDIT,USD,2026-03-15 03:32:54
ORD0003279,CUST000002,STORE0002,2026-03-28 10:40:04,COMPLETED,STORE_CREDIT,USD,2026-03-29 14:40:04
ORD0003280,CUST000378,STORE0009,2026-04-09 21:50:21,COMPLETED,PAYPAL,USD,2026-04-11 15:50:21
ORD0003281,CUST000317,STORE0007,2026-06-27 11:35:44,COMPLETED,DEBIT_CARD,USD,2026-06-29 09:35:44
ORD0003282,CUST000478,STORE0013,2026-05-11 10:04:22,COMPLETED,DEBIT_CARD,USD,2026-05-14 00:04:22
ORD0003283,CUST000415,STORE0012,2026-03-24 19:16:30,COMPLETED,PAYPAL,USD,2026-03-26 16:16:30
ORD0003284,CUST000456,STORE0002,2026-03-21 11:37:21,COMPLETED,DEBIT_CARD,USD,2026-03-22 00:37:21
ORD0003285,CUST000098,STORE0003,2026-07-06 13:58:16,COMPLETED,DEBIT_CARD,USD,2026-07-07 22:58:16
ORD0003286,CUST000137,STORE0006,2026-03-17 21:39:25,COMPLETED,PAYPAL,USD,2026-03-20 18:39:25
ORD0003287,CUST000390,STORE0010,2026-03-11 11:11:27,CANCELLED,DEBIT_CARD,USD,2026-03-13 01:11:27
ORD0003288,CUST000173,STORE0006,2026-04-23 14:39:43,COMPLETED,DEBIT_CARD,USD,2026-04-24 16:39:43
ORD0003289,CUST000361,STORE0009,2026-03-11 13:18:21,COMPLETED,PAYPAL,USD,2026-03-12 06:18:21
ORD0003290,CUST000274,STORE0007,2026-06-24 17:05:38,REFUNDED,CREDIT_CARD,USD,2026-06-26 16:05:38
ORD0003291,CUST000290,STORE0004,2026-08-03 16:06:36,REFUNDED,STORE_CREDIT,USD,2026-08-04 07:06:36
ORD0003292,CUST000089,STORE0004,2026-08-01 09:38:44,REFUNDED,CREDIT_CARD,USD,2026-08-01 10:38:44
ORD0003293,CUST000435,STORE0006,2026-06-27 20:25:57,COMPLETED,DEBIT_CARD,USD,2026-06-30 05:25:57
ORD0003294,CUST000067,STORE0009,2026-07-15 17:25:26,COMPLETED,PAYPAL,USD,2026-07-18 09:25:26
ORD0003295,CUST000344,STORE0012,2026-05-28 13:55:54,PENDING,GIFT_CARD,USD,2026-05-28 23:55:54
ORD0003296,CUST000010,STORE0006,2026-05-15 15:31:04,REFUNDED,DEBIT_CARD,USD,2026-05-15 20:31:04
ORD0003297,CUST000281,STORE0007,2026-07-20 15:38:12,COMPLETED,GIFT_CARD,USD,2026-07-23 09:38:12
ORD0003298,CUST000142,STORE0013,2026-05-10 10:47:06,COMPLETED,STORE_CREDIT,USD,2026-05-12 06:47:06
ORD0003299,CUST000056,STORE0009,2026-02-25 18:17:03,REFUNDED,GIFT_CARD,USD,2026-02-26 08:17:03
ORD0003300,CUST000184,STORE0013,2026-03-01 16:22:00,REFUNDED,DEBIT_CARD,USD,2026-03-02 02:22:00
ORD0003301,CUST000456,STORE0003,2026-03-29 20:26:19,COMPLETED,GIFT_CARD,USD,2026-03-30 13:26:19
ORD0003302,CUST000434,STORE0005,2026-03-18 12:01:34,COMPLETED,GIFT_CARD,USD,2026-03-20 22:01:34
ORD0003303,CUST000334,STORE0006,2026-07-24 10:28:50,PENDING,STORE_CREDIT,USD,2026-07-26 17:28:50
ORD0003304,CUST000400,STORE0013,2026-07-01 08:38:51,COMPLETED,DEBIT_CARD,USD,2026-07-01 08:38:51
ORD0003305,CUST000223,STORE0011,2026-04-18 13:55:58,COMPLETED,STORE_CREDIT,USD,2026-04-20 05:55:58
ORD0003306,CUST000061,STORE0008,2026-02-28 10:42:54,COMPLETED,DEBIT_CARD,USD,2026-03-01 12:42:54
ORD0003307,CUST000391,STORE0008,2026-05-13 16:29:11,PENDING,DEBIT_CARD,USD,2026-05-15 15:29:11
ORD0003308,CUST000004,STORE0004,2026-04-02 13:24:36,PENDING,GIFT_CARD,USD,2026-04-04 18:24:36
ORD0003309,CUST000047,STORE0010,2026-05-31 16:14:39,COMPLETED,GIFT_CARD,USD,2026-06-03 13:14:39
ORD0003310,CUST000189,STORE0005,2026-04-09 08:37:56,PENDING,DEBIT_CARD,USD,2026-04-09 11:37:56
ORD0003311,CUST000328,STORE0006,2026-04-05 21:52:45,COMPLETED,PAYPAL,USD,2026-04-08 04:52:45
ORD0003312,CUST000362,STORE0004,2026-05-09 09:47:59,COMPLETED,DEBIT_CARD,USD,2026-05-11 02:47:59
ORD0003313,CUST000167,STORE0011,2026-04-10 21:19:32,REFUNDED,DEBIT_CARD,USD,2026-04-12 14:19:32
ORD0003314,CUST000282,STORE0004,2026-07-28 11:22:11,COMPLETED,CREDIT_CARD,USD,2026-07-31 02:22:11
ORD0003315,CUST000005,STORE0008,2026-05-10 08:06:25,COMPLETED,PAYPAL,USD,2026-05-11 02:06:25
ORD0003316,CUST000178,STORE0003,2026-05-22 17:40:25,COMPLETED,GIFT_CARD,USD,2026-05-24 21:40:25
ORD0003317,CUST000448,STORE0007,2026-04-21 18:20:18,COMPLETED,PAYPAL,USD,2026-04-23 19:20:18
ORD0003318,CUST000323,STORE0003,2026-05-23 17:32:26,REFUNDED,CREDIT_CARD,USD,2026-05-24 17:32:26
ORD0003319,CUST000232,STORE0001,2026-03-29 18:26:42,PENDING,CREDIT_CARD,USD,2026-04-01 07:26:42
ORD0003320,CUST000181,STORE0002,2026-05-03 19:29:22,COMPLETED,PAYPAL,USD,2026-05-04 10:29:22
ORD0003321,CUST000095,STORE0003,2026-06-22 15:36:20,REFUNDED,CREDIT_CARD,USD,2026-06-24 18:36:20
ORD0003322,CUST000195,STORE0007,2026-03-03 18:59:23,CANCELLED,STORE_CREDIT,USD,2026-03-04 15:59:23
ORD0003323,CUST000450,STORE0013,2026-04-11 12:47:47,COMPLETED,CREDIT_CARD,USD,2026-04-11 21:47:47
ORD0003324,CUST000432,STORE0011,2026-03-21 11:55:33,REFUNDED,STORE_CREDIT,USD,2026-03-23 09:55:33
ORD0003325,CUST000024,STORE0013,2026-04-07 11:23:47,CANCELLED,DEBIT_CARD,USD,2026-04-08 06:23:47
ORD0003326,CUST000055,STORE0012,2026-03-16 11:40:48,CANCELLED,PAYPAL,USD,2026-03-19 02:40:48
ORD0003327,CUST000326,STORE0009,2026-04-30 10:08:37,PENDING,PAYPAL,USD,2026-05-02 11:08:37
ORD0003328,CUST000261,STORE0007,2026-05-11 15:17:12,COMPLETED,DEBIT_CARD,USD,2026-05-13 18:17:12
ORD0003329,CUST000064,STORE0010,2026-06-23 19:28:09,COMPLETED,STORE_CREDIT,USD,2026-06-24 17:28:09
ORD0003330,CUST000112,STORE0010,2026-03-16 12:57:05,CANCELLED,CREDIT_CARD,USD,2026-03-19 10:57:05
ORD0003331,CUST000233,STORE0013,2026-04-26 17:21:03,PENDING,GIFT_CARD,USD,2026-04-28 05:21:03
ORD0003332,CUST000303,STORE0003,2026-07-10 16:56:41,COMPLETED,STORE_CREDIT,USD,2026-07-11 10:56:41
ORD0003333,CUST000408,STORE0013,2026-05-29 09:43:24,CANCELLED,PAYPAL,USD,2026-05-30 12:43:24
ORD0003334,CUST000120,STORE0003,2026-04-16 16:06:12,COMPLETED,GIFT_CARD,USD,2026-04-16 17:06:12
ORD0003335,CUST000213,STORE0012,2026-05-10 17:17:07,REFUNDED,DEBIT_CARD,USD,2026-05-12 10:17:07
ORD0003336,CUST000265,STORE0002,2026-03-16 14:18:50,PENDING,PAYPAL,USD,2026-03-18 01:18:50
ORD0003337,CUST000318,STORE0001,2026-03-11 20:03:56,COMPLETED,GIFT_CARD,USD,2026-03-12 08:03:56
ORD0003338,CUST000469,STORE0002,2026-02-27 09:18:24,COMPLETED,DEBIT_CARD,USD,2026-02-28 01:18:24
ORD0003339,CUST000139,STORE0001,2026-07-01 09:54:08,REFUNDED,GIFT_CARD,USD,2026-07-02 16:54:08
ORD0003340,CUST000204,STORE0009,2026-07-13 10:29:33,REFUNDED,STORE_CREDIT,USD,2026-07-16 09:29:33
ORD0003341,CUST000236,STORE0002,2026-07-03 09:54:39,COMPLETED,DEBIT_CARD,USD,2026-07-06 05:54:39
ORD0003342,CUST000179,STORE0002,2026-02-17 18:52:48,REFUNDED,PAYPAL,USD,2026-02-19 02:52:48
ORD0003343,CUST000095,STORE0009,2026-03-28 09:13:07,REFUNDED,GIFT_CARD,USD,2026-03-28 19:13:07
ORD0003344,CUST000159,STORE0007,2026-07-09 15:34:40,CANCELLED,DEBIT_CARD,USD,2026-07-11 04:34:40
ORD0003345,CUST000215,STORE0009,2026-07-19 11:15:17,COMPLETED,CREDIT_CARD,USD,2026-07-19 11:15:17
ORD0003346,CUST000102,STORE0011,2026-02-25 11:01:28,PENDING,PAYPAL,USD,2026-02-27 12:01:28
ORD0003347,CUST000199,STORE0011,2026-05-27 16:46:17,PENDING,GIFT_CARD,USD,2026-05-29 20:46:17
ORD0003348,CUST000268,STORE0002,2026-06-25 09:34:24,CANCELLED,STORE_CREDIT,USD,2026-06-27 11:34:24
ORD0003349,CUST000168,STORE0006,2026-06-06 10:54:59,COMPLETED,PAYPAL,USD,2026-06-09 01:54:59
ORD0003350,CUST000101,STORE0011,2026-05-28 10:01:45,CANCELLED,PAYPAL,USD,2026-05-28 19:01:45
ORD0003351,CUST000472,STORE0005,2026-03-14 15:47:44,COMPLETED,CREDIT_CARD,USD,2026-03-15 15:47:44
ORD0003352,CUST000407,STORE0006,2026-07-06 17:13:53,COMPLETED,GIFT_CARD,USD,2026-07-09 10:13:53
ORD0003353,CUST000082,STORE0007,2026-05-06 14:22:24,PENDING,CREDIT_CARD,USD,2026-05-08 01:22:24
ORD0003354,CUST000061,STORE0003,2026-02-23 15:01:06,CANCELLED,GIFT_CARD,USD,2026-02-23 17:01:06
ORD0003355,CUST000096,STORE0013,2026-05-29 10:23:46,PENDING,DEBIT_CARD,USD,2026-05-31 05:23:46
ORD0003356,CUST000365,STORE0004,2026-04-03 13:55:52,CANCELLED,GIFT_CARD,USD,2026-04-06 06:55:52
ORD0003357,CUST000265,STORE0012,2026-04-03 20:00:52,COMPLETED,GIFT_CARD,USD,2026-04-04 22:00:52
ORD0003358,CUST000005,STORE0010,2026-02-17 12:00:03,COMPLETED,PAYPAL,USD,2026-02-20 02:00:03
ORD0003359,CUST000337,STORE0010,2026-08-02 21:01:06,COMPLETED,GIFT_CARD,USD,2026-08-03 02:01:06
ORD0003360,CUST000419,STORE0013,2026-07-17 08:39:20,CANCELLED,DEBIT_CARD,USD,2026-07-17 15:39:20
ORD0003361,CUST000467,STORE0002,2026-06-26 20:12:49,CANCELLED,GIFT_CARD,USD,2026-06-29 01:12:49
ORD0003362,CUST000212,STORE0012,2026-04-04 14:28:42,COMPLETED,PAYPAL,USD,2026-04-04 22:28:42
ORD0003363,CUST000438,STORE0005,2026-07-02 18:39:29,CANCELLED,CREDIT_CARD,USD,2026-07-05 15:39:29
ORD0003364,CUST000020,STORE0013,2026-06-30 20:30:21,COMPLETED,GIFT_CARD,USD,2026-07-01 01:30:21
ORD0003365,CUST000445,STORE0012,2026-07-01 16:42:52,COMPLETED,STORE_CREDIT,USD,2026-07-04 00:42:52
ORD0003366,CUST000429,STORE0010,2026-08-01 20:34:54,COMPLETED,STORE_CREDIT,USD,2026-08-02 23:34:54
ORD0003367,CUST000340,STORE0003,2026-06-17 11:14:03,CANCELLED,DEBIT_CARD,USD,2026-06-17 12:14:03
ORD0003368,CUST000146,STORE0013,2026-04-18 20:11:53,COMPLETED,STORE_CREDIT,USD,2026-04-19 01:11:53
ORD0003369,CUST000250,STORE0008,2026-08-03 11:03:50,COMPLETED,CREDIT_CARD,USD,2026-08-06 11:03:50
ORD0003370,CUST000334,STORE0013,2026-06-22 21:51:52,COMPLETED,PAYPAL,USD,2026-06-24 23:51:52
ORD0003371,CUST000366,STORE0006,2026-05-28 19:10:20,COMPLETED,DEBIT_CARD,USD,2026-05-30 21:10:20
ORD0003372,CUST000014,STORE0006,2026-06-10 20:58:55,CANCELLED,GIFT_CARD,USD,2026-06-12 15:58:55
ORD0003373,CUST000038,STORE0006,2026-06-03 21:53:53,PENDING,DEBIT_CARD,USD,2026-06-05 21:53:53
ORD0003374,CUST000255,STORE0006,2026-06-05 10:51:56,PENDING,CREDIT_CARD,USD,2026-06-06 09:51:56
ORD0003375,CUST000422,STORE0009,2026-04-09 17:44:01,COMPLETED,PAYPAL,USD,2026-04-10 17:44:01
ORD0003376,CUST000360,STORE0012,2026-02-21 18:29:11,COMPLETED,DEBIT_CARD,USD,2026-02-22 21:29:11
ORD0003377,CUST000139,STORE0007,2026-05-24 21:34:20,COMPLETED,GIFT_CARD,USD,2026-05-25 20:34:20
ORD0003378,CUST000333,STORE0009,2026-07-18 16:35:46,COMPLETED,PAYPAL,USD,2026-07-21 06:35:46
ORD0003379,CUST000282,STORE0006,2026-05-25 21:19:23,COMPLETED,GIFT_CARD,USD,2026-05-26 19:19:23
ORD0003380,CUST000349,STORE0003,2026-07-31 17:42:35,COMPLETED,PAYPAL,USD,2026-08-01 04:42:35
ORD0003381,CUST000454,STORE0004,2026-05-08 09:05:35,COMPLETED,STORE_CREDIT,USD,2026-05-10 22:05:35
ORD0003382,CUST000226,STORE0005,2026-06-07 14:49:12,CANCELLED,CREDIT_CARD,USD,2026-06-09 23:49:12
ORD0003383,CUST000259,STORE0013,2026-06-27 18:24:28,REFUNDED,DEBIT_CARD,USD,2026-06-29 06:24:28
ORD0003384,CUST000370,STORE0007,2026-05-06 20:07:22,COMPLETED,DEBIT_CARD,USD,2026-05-07 06:07:22
ORD0003385,CUST000267,STORE0003,2026-07-24 17:32:41,PENDING,STORE_CREDIT,USD,2026-07-27 06:32:41
ORD0003386,CUST000404,STORE0002,2026-07-27 12:27:53,COMPLETED,CREDIT_CARD,USD,2026-07-27 18:27:53
ORD0003387,CUST000418,STORE0012,2026-05-10 13:44:55,COMPLETED,PAYPAL,USD,2026-05-11 12:44:55
ORD0003388,CUST000462,STORE0006,2026-05-10 10:44:42,REFUNDED,PAYPAL,USD,2026-05-12 08:44:42
ORD0003389,CUST000093,STORE0003,2026-06-12 19:07:05,COMPLETED,STORE_CREDIT,USD,2026-06-13 05:07:05
ORD0003390,CUST000266,STORE0001,2026-02-22 19:48:34,COMPLETED,GIFT_CARD,USD,2026-02-25 03:48:34
ORD0003391,CUST000311,STORE0002,2026-04-03 10:42:45,COMPLETED,DEBIT_CARD,USD,2026-04-06 08:42:45
ORD0003392,CUST000269,STORE0005,2026-05-24 17:33:52,PENDING,DEBIT_CARD,USD,2026-05-27 08:33:52
ORD0003393,CUST000388,STORE0006,2026-06-03 10:30:06,REFUNDED,PAYPAL,USD,2026-06-04 10:30:06
ORD0003394,CUST000435,STORE0010,2026-06-28 12:22:36,CANCELLED,STORE_CREDIT,USD,2026-06-28 15:22:36
ORD0003395,CUST000153,STORE0008,2026-06-28 11:03:52,COMPLETED,PAYPAL,USD,2026-06-29 05:03:52
ORD0003396,CUST000290,STORE0010,2026-07-05 15:11:17,COMPLETED,PAYPAL,USD,2026-07-07 05:11:17
ORD0003397,CUST000424,STORE0001,2026-07-14 16:05:43,COMPLETED,DEBIT_CARD,USD,2026-07-15 10:05:43
ORD0003398,CUST000071,STORE0011,2026-08-08 16:22:05,COMPLETED,STORE_CREDIT,USD,2026-08-10 17:22:05
ORD0003399,CUST000199,STORE0011,2026-05-09 10:14:31,COMPLETED,STORE_CREDIT,USD,2026-05-09 10:14:31
ORD0003400,CUST000447,STORE0008,2026-06-24 19:18:15,COMPLETED,PAYPAL,USD,2026-06-27 01:18:15
ORD0003401,CUST000229,STORE0012,2026-06-05 15:15:03,REFUNDED,STORE_CREDIT,USD,2026-06-07 12:15:03
ORD0003402,CUST000381,STORE0005,2026-05-12 17:39:26,CANCELLED,DEBIT_CARD,USD,2026-05-13 12:39:26
ORD0003403,CUST000451,STORE0002,2026-03-24 13:23:32,CANCELLED,DEBIT_CARD,USD,2026-03-27 07:23:32
ORD0003404,CUST000011,STORE0011,2026-05-30 15:57:03,COMPLETED,STORE_CREDIT,USD,2026-06-02 06:57:03
ORD0003405,CUST000241,STORE0006,2026-07-31 17:28:04,COMPLETED,CREDIT_CARD,USD,2026-08-01 22:28:04
ORD0003406,CUST000067,STORE0005,2026-03-26 14:51:18,COMPLETED,DEBIT_CARD,USD,2026-03-28 20:51:18
ORD0003407,CUST000007,STORE0013,2026-07-10 08:12:54,COMPLETED,GIFT_CARD,USD,2026-07-13 07:12:54
ORD0003408,CUST000018,STORE0003,2026-06-19 18:04:38,COMPLETED,GIFT_CARD,USD,2026-06-21 19:04:38
ORD0003409,CUST000225,STORE0003,2026-06-26 21:35:01,COMPLETED,PAYPAL,USD,2026-06-28 04:35:01
ORD0003410,CUST000137,STORE0004,2026-08-02 19:15:22,COMPLETED,DEBIT_CARD,USD,2026-08-03 13:15:22
ORD0003411,CUST000261,STORE0008,2026-02-15 18:02:00,COMPLETED,DEBIT_CARD,USD,2026-02-18 14:02:00
ORD0003412,CUST000086,STORE0001,2026-07-02 17:15:36,REFUNDED,PAYPAL,USD,2026-07-04 14:15:36
ORD0003413,CUST000181,STORE0010,2026-07-21 19:06:49,COMPLETED,DEBIT_CARD,USD,2026-07-24 09:06:49
ORD0003414,CUST000258,STORE0006,2026-06-12 19:27:49,COMPLETED,PAYPAL,USD,2026-06-13 18:27:49
ORD0003415,CUST000103,STORE0003,2026-06-12 20:53:03,REFUNDED,DEBIT_CARD,USD,2026-06-14 16:53:03
ORD0003416,CUST000460,STORE0005,2026-05-22 16:26:24,COMPLETED,GIFT_CARD,USD,2026-05-24 18:26:24
ORD0003417,CUST000463,STORE0001,2026-08-11 09:13:48,COMPLETED,DEBIT_CARD,USD,2026-08-12 18:13:48
ORD0003418,CUST000092,STORE0004,2026-04-01 10:20:54,REFUNDED,DEBIT_CARD,USD,2026-04-04 07:20:54
ORD0003419,CUST000329,STORE0012,2026-03-22 21:13:46,COMPLETED,GIFT_CARD,USD,2026-03-24 07:13:46
ORD0003420,CUST000208,STORE0006,2026-06-12 16:26:52,COMPLETED,CREDIT_CARD,USD,2026-06-13 02:26:52
ORD0003421,CUST000375,STORE0005,2026-06-21 17:48:15,CANCELLED,DEBIT_CARD,USD,2026-06-22 20:48:15
ORD0003422,CUST000347,STORE0009,2026-02-26 18:01:32,COMPLETED,PAYPAL,USD,2026-02-28 17:01:32
ORD0003423,CUST000481,STORE0004,2026-06-19 08:42:47,CANCELLED,GIFT_CARD,USD,2026-06-20 19:42:47
ORD0003424,CUST000054,STORE0011,2026-04-05 18:34:05,COMPLETED,GIFT_CARD,USD,2026-04-08 10:34:05
ORD0003425,CUST000166,STORE0008,2026-02-25 09:30:55,PENDING,DEBIT_CARD,USD,2026-02-27 18:30:55
ORD0003426,CUST000217,STORE0006,2026-04-04 14:02:22,COMPLETED,PAYPAL,USD,2026-04-07 14:02:22
ORD0003427,CUST000020,STORE0009,2026-03-25 14:10:41,REFUNDED,PAYPAL,USD,2026-03-28 03:10:41
ORD0003428,CUST000001,STORE0007,2026-08-10 08:19:07,CANCELLED,STORE_CREDIT,USD,2026-08-12 15:19:07
ORD0003429,CUST000296,STORE0003,2026-03-08 19:01:30,COMPLETED,PAYPAL,USD,2026-03-11 11:01:30
ORD0003430,CUST000300,STORE0008,2026-05-07 11:12:44,COMPLETED,CREDIT_CARD,USD,2026-05-08 12:12:44
ORD0003431,CUST000141,STORE0013,2026-07-15 14:59:17,REFUNDED,DEBIT_CARD,USD,2026-07-16 11:59:17
ORD0003432,CUST000079,STORE0006,2026-05-12 16:49:15,COMPLETED,DEBIT_CARD,USD,2026-05-12 17:49:15
ORD0003433,CUST000131,STORE0012,2026-04-29 17:06:46,PENDING,STORE_CREDIT,USD,2026-04-29 22:06:46
ORD0003434,CUST000312,STORE0013,2026-04-02 15:46:10,COMPLETED,STORE_CREDIT,USD,2026-04-04 23:46:10
ORD0003435,CUST000286,STORE0002,2026-05-23 18:30:05,COMPLETED,CREDIT_CARD,USD,2026-05-26 03:30:05
ORD0003436,CUST000494,STORE0008,2026-04-11 14:04:31,COMPLETED,PAYPAL,USD,2026-04-13 06:04:31
ORD0003437,CUST000385,STORE0001,2026-03-09 11:15:03,PENDING,CREDIT_CARD,USD,2026-03-10 08:15:03
ORD0003438,CUST000005,STORE0002,2026-03-09 19:52:57,COMPLETED,CREDIT_CARD,USD,2026-03-10 15:52:57
ORD0003439,CUST000252,STORE0003,2026-04-23 12:15:41,COMPLETED,GIFT_CARD,USD,2026-04-25 17:15:41
ORD0003440,CUST000452,STORE0005,2026-06-03 16:36:56,COMPLETED,STORE_CREDIT,USD,2026-06-05 15:36:56
ORD0003441,CUST000493,STORE0010,2026-03-12 12:32:29,REFUNDED,STORE_CREDIT,USD,2026-03-13 03:32:29
ORD0003442,CUST000262,STORE0013,2026-04-12 11:33:56,COMPLETED,GIFT_CARD,USD,2026-04-14 11:33:56
ORD0003443,CUST000037,STORE0003,2026-05-21 14:26:43,CANCELLED,PAYPAL,USD,2026-05-22 05:26:43
ORD0003444,CUST000325,STORE0007,2026-08-11 20:24:22,COMPLETED,STORE_CREDIT,USD,2026-08-13 09:24:22
ORD0003445,CUST000355,STORE0011,2026-07-24 16:01:02,COMPLETED,CREDIT_CARD,USD,2026-07-26 08:01:02
ORD0003446,CUST000143,STORE0008,2026-04-27 19:05:59,REFUNDED,PAYPAL,USD,2026-04-28 17:05:59
ORD0003447,CUST000279,STORE0006,2026-04-21 21:25:00,REFUNDED,DEBIT_CARD,USD,2026-04-23 19:25:00
ORD0003448,CUST000070,STORE0002,2026-04-18 11:00:40,COMPLETED,PAYPAL,USD,2026-04-21 04:00:40
ORD0003449,CUST000302,STORE0011,2026-05-13 13:49:48,PENDING,PAYPAL,USD,2026-05-16 04:49:48
ORD0003450,CUST000225,STORE0010,2026-07-13 19:04:53,REFUNDED,PAYPAL,USD,2026-07-13 20:04:53
ORD0003451,CUST000380,STORE0005,2026-04-12 20:19:18,CANCELLED,STORE_CREDIT,USD,2026-04-13 06:19:18
ORD0003452,CUST000226,STORE0013,2026-03-26 12:39:33,REFUNDED,STORE_CREDIT,USD,2026-03-28 04:39:33
ORD0003453,CUST000497,STORE0010,2026-04-19 09:26:59,COMPLETED,PAYPAL,USD,2026-04-21 11:26:59
ORD0003454,CUST000287,STORE0011,2026-06-20 08:05:56,REFUNDED,DEBIT_CARD,USD,2026-06-21 15:05:56
ORD0003455,CUST000004,STORE0005,2026-05-10 19:39:36,PENDING,CREDIT_CARD,USD,2026-05-11 15:39:36
ORD0003456,CUST000089,STORE0002,2026-04-17 09:35:37,REFUNDED,CREDIT_CARD,USD,2026-04-19 11:35:37
ORD0003457,CUST000445,STORE0011,2026-03-09 15:15:18,COMPLETED,GIFT_CARD,USD,2026-03-12 04:15:18
ORD0003458,CUST000213,STORE0013,2026-05-02 19:39:05,COMPLETED,PAYPAL,USD,2026-05-04 23:39:05
ORD0003459,CUST000263,STORE0007,2026-05-03 16:25:21,COMPLETED,PAYPAL,USD,2026-05-03 22:25:21
ORD0003460,CUST000011,STORE0013,2026-05-25 18:27:39,COMPLETED,PAYPAL,USD,2026-05-28 07:27:39
ORD0003461,CUST000439,STORE0005,2026-07-04 14:17:49,CANCELLED,GIFT_CARD,USD,2026-07-04 22:17:49
ORD0003462,CUST000101,STORE0006,2026-03-05 21:33:17,COMPLETED,DEBIT_CARD,USD,2026-03-07 21:33:17
ORD0003463,CUST000075,STORE0008,2026-03-07 08:02:19,CANCELLED,DEBIT_CARD,USD,2026-03-07 21:02:19
ORD0003464,CUST000313,STORE0009,2026-03-11 17:51:10,REFUNDED,GIFT_CARD,USD,2026-03-11 19:51:10
ORD0003465,CUST000109,STORE0004,2026-07-09 18:47:09,REFUNDED,PAYPAL,USD,2026-07-11 01:47:09
ORD0003466,CUST000283,STORE0007,2026-05-17 15:47:50,COMPLETED,STORE_CREDIT,USD,2026-05-18 05:47:50
ORD0003467,CUST000072,STORE0009,2026-04-09 08:56:01,COMPLETED,DEBIT_CARD,USD,2026-04-10 06:56:01
ORD0003468,CUST000046,STORE0008,2026-06-09 14:07:43,REFUNDED,CREDIT_CARD,USD,2026-06-11 21:07:43
ORD0003469,CUST000117,STORE0012,2026-05-08 17:07:15,REFUNDED,GIFT_CARD,USD,2026-05-09 19:07:15
ORD0003470,CUST000365,STORE0013,2026-07-03 21:29:46,COMPLETED,GIFT_CARD,USD,2026-07-05 12:29:46
ORD0003471,CUST000341,STORE0008,2026-03-09 20:53:27,CANCELLED,STORE_CREDIT,USD,2026-03-10 17:53:27
ORD0003472,CUST000100,STORE0007,2026-03-19 17:31:00,COMPLETED,PAYPAL,USD,2026-03-22 11:31:00
ORD0003473,CUST000439,STORE0007,2026-04-06 15:55:35,REFUNDED,PAYPAL,USD,2026-04-07 18:55:35
ORD0003474,CUST000267,STORE0013,2026-06-18 21:34:17,COMPLETED,STORE_CREDIT,USD,2026-06-20 17:34:17
ORD0003475,CUST000227,STORE0007,2026-05-04 11:17:17,COMPLETED,GIFT_CARD,USD,2026-05-04 11:17:17
ORD0003476,CUST000112,STORE0003,2026-07-12 11:40:08,COMPLETED,GIFT_CARD,USD,2026-07-14 01:40:08
ORD0003477,CUST000310,STORE0008,2026-06-17 13:59:51,COMPLETED,DEBIT_CARD,USD,2026-06-20 04:59:51
ORD0003478,CUST000220,STORE0003,2026-04-02 08:19:12,REFUNDED,PAYPAL,USD,2026-04-04 17:19:12
ORD0003479,CUST000166,STORE0013,2026-06-02 16:08:46,COMPLETED,CREDIT_CARD,USD,2026-06-05 15:08:46
ORD0003480,CUST000094,STORE0003,2026-02-23 17:52:08,COMPLETED,CREDIT_CARD,USD,2026-02-24 15:52:08
ORD0003481,CUST000326,STORE0006,2026-08-06 12:31:36,COMPLETED,CREDIT_CARD,USD,2026-08-07 15:31:36
ORD0003482,CUST000468,STORE0003,2026-03-29 15:38:35,PENDING,GIFT_CARD,USD,2026-03-30 08:38:35
ORD0003483,CUST000221,STORE0013,2026-02-22 11:11:53,COMPLETED,CREDIT_CARD,USD,2026-02-24 01:11:53
ORD0003484,CUST000054,STORE0008,2026-03-13 20:22:03,COMPLETED,GIFT_CARD,USD,2026-03-16 17:22:03
ORD0003485,CUST000288,STORE0013,2026-07-13 13:52:36,COMPLETED,STORE_CREDIT,USD,2026-07-13 19:52:36
ORD0003486,CUST000331,STORE0009,2026-05-31 14:02:01,CANCELLED,GIFT_CARD,USD,2026-06-03 00:02:01
ORD0003487,CUST000121,STORE0007,2026-04-30 21:58:32,REFUNDED,DEBIT_CARD,USD,2026-05-03 11:58:32
ORD0003488,CUST000075,STORE0006,2026-07-18 17:27:32,COMPLETED,DEBIT_CARD,USD,2026-07-21 11:27:32
ORD0003489,CUST000477,STORE0011,2026-08-09 15:34:58,REFUNDED,PAYPAL,USD,2026-08-11 21:34:58
ORD0003490,CUST000441,STORE0003,2026-07-09 19:48:57,COMPLETED,PAYPAL,USD,2026-07-11 12:48:57
ORD0003491,CUST000336,STORE0008,2026-02-27 08:29:05,CANCELLED,CREDIT_CARD,USD,2026-02-27 18:29:05
ORD0003492,CUST000463,STORE0006,2026-07-23 10:07:40,COMPLETED,DEBIT_CARD,USD,2026-07-24 08:07:40
ORD0003493,CUST000165,STORE0009,2026-07-03 18:27:26,COMPLETED,GIFT_CARD,USD,2026-07-04 08:27:26
ORD0003494,CUST000461,STORE0012,2026-06-27 20:32:39,PENDING,STORE_CREDIT,USD,2026-06-29 15:32:39
ORD0003495,CUST000198,STORE0006,2026-08-04 17:21:07,COMPLETED,DEBIT_CARD,USD,2026-08-05 19:21:07
ORD0003496,CUST000231,STORE0005,2026-02-19 20:47:00,REFUNDED,STORE_CREDIT,USD,2026-02-20 07:47:00
ORD0003497,CUST000429,STORE0005,2026-04-15 10:24:22,PENDING,STORE_CREDIT,USD,2026-04-16 19:24:22
ORD0003498,CUST000170,STORE0006,2026-03-02 15:38:07,COMPLETED,DEBIT_CARD,USD,2026-03-04 03:38:07
ORD0003499,CUST000132,STORE0009,2026-07-16 11:01:18,CANCELLED,CREDIT_CARD,USD,2026-07-17 21:01:18
ORD0003500,CUST000277,STORE0002,2026-07-18 16:44:13,COMPLETED,CREDIT_CARD,USD,2026-07-19 16:44:13
ORD0003501,CUST000359,STORE0004,2026-02-26 15:22:00,COMPLETED,STORE_CREDIT,USD,2026-03-01 15:22:00
ORD0003502,CUST000030,STORE0010,2026-03-12 15:39:24,COMPLETED,CREDIT_CARD,USD,2026-03-13 03:39:24
ORD0003503,CUST000182,STORE0012,2026-05-16 19:34:12,CANCELLED,CREDIT_CARD,USD,2026-05-17 19:34:12
ORD0003504,CUST000131,STORE0008,2026-06-24 09:50:09,PENDING,STORE_CREDIT,USD,2026-06-26 13:50:09
ORD0003505,CUST000193,STORE0012,2026-07-24 18:15:11,COMPLETED,STORE_CREDIT,USD,2026-07-25 04:15:11
ORD0003506,CUST000217,STORE0003,2026-04-18 19:11:20,COMPLETED,STORE_CREDIT,USD,2026-04-21 14:11:20
ORD0003507,CUST000333,STORE0002,2026-03-28 19:28:29,COMPLETED,GIFT_CARD,USD,2026-03-29 07:28:29
ORD0003508,CUST000338,STORE0003,2026-05-13 17:28:56,COMPLETED,PAYPAL,USD,2026-05-15 09:28:56
ORD0003509,CUST000280,STORE0005,2026-06-06 17:42:51,COMPLETED,STORE_CREDIT,USD,2026-06-07 04:42:51
ORD0003510,CUST000425,STORE0011,2026-08-13 12:01:44,CANCELLED,GIFT_CARD,USD,2026-08-13 14:01:44
ORD0003511,CUST000217,STORE0003,2026-07-30 19:59:23,COMPLETED,PAYPAL,USD,2026-07-31 09:59:23
ORD0003512,CUST000419,STORE0013,2026-04-10 20:37:56,PENDING,PAYPAL,USD,2026-04-11 02:37:56
ORD0003513,CUST000247,STORE0010,2026-07-15 15:00:25,COMPLETED,CREDIT_CARD,USD,2026-07-18 14:00:25
ORD0003514,CUST000408,STORE0008,2026-06-06 16:14:27,COMPLETED,CREDIT_CARD,USD,2026-06-08 09:14:27
ORD0003515,CUST000213,STORE0003,2026-04-07 21:58:38,REFUNDED,GIFT_CARD,USD,2026-04-09 02:58:38
ORD0003516,CUST000323,STORE0008,2026-03-30 21:26:21,COMPLETED,CREDIT_CARD,USD,2026-04-02 13:26:21
ORD0003517,CUST000452,STORE0001,2026-03-07 18:53:35,COMPLETED,DEBIT_CARD,USD,2026-03-08 21:53:35
ORD0003518,CUST000351,STORE0004,2026-02-25 12:53:55,REFUNDED,PAYPAL,USD,2026-02-27 15:53:55
ORD0003519,CUST000175,STORE0007,2026-04-30 19:32:14,COMPLETED,DEBIT_CARD,USD,2026-05-03 00:32:14
ORD0003520,CUST000479,STORE0010,2026-05-31 12:23:33,COMPLETED,PAYPAL,USD,2026-05-31 20:23:33
ORD0003521,CUST000223,STORE0013,2026-07-05 19:50:32,COMPLETED,CREDIT_CARD,USD,2026-07-08 06:50:32
ORD0003522,CUST000359,STORE0006,2026-05-11 15:16:51,PENDING,DEBIT_CARD,USD,2026-05-12 02:16:51
ORD0003523,CUST000304,STORE0005,2026-04-23 19:45:21,REFUNDED,PAYPAL,USD,2026-04-25 17:45:21
ORD0003524,CUST000354,STORE0008,2026-08-10 12:07:40,COMPLETED,PAYPAL,USD,2026-08-12 07:07:40
ORD0003525,CUST000003,STORE0001,2026-03-19 10:18:11,COMPLETED,PAYPAL,USD,2026-03-20 15:18:11
ORD0003526,CUST000339,STORE0012,2026-04-04 19:51:54,REFUNDED,CREDIT_CARD,USD,2026-04-06 16:51:54
ORD0003527,CUST000083,STORE0008,2026-02-16 21:50:39,REFUNDED,CREDIT_CARD,USD,2026-02-18 00:50:39
ORD0003528,CUST000404,STORE0002,2026-03-09 15:58:48,PENDING,CREDIT_CARD,USD,2026-03-10 22:58:48
ORD0003529,CUST000490,STORE0011,2026-04-22 14:02:03,PENDING,DEBIT_CARD,USD,2026-04-24 08:02:03
ORD0003530,CUST000206,STORE0012,2026-05-13 09:01:12,CANCELLED,DEBIT_CARD,USD,2026-05-15 06:01:12
ORD0003531,CUST000294,STORE0003,2026-07-17 08:10:21,PENDING,DEBIT_CARD,USD,2026-07-18 11:10:21
ORD0003532,CUST000012,STORE0008,2026-05-29 17:52:46,REFUNDED,GIFT_CARD,USD,2026-06-01 00:52:46
ORD0003533,CUST000284,STORE0010,2026-03-11 12:27:15,PENDING,DEBIT_CARD,USD,2026-03-11 21:27:15
ORD0003534,CUST000136,STORE0011,2026-06-13 16:43:07,CANCELLED,DEBIT_CARD,USD,2026-06-14 12:43:07
ORD0003535,CUST000325,STORE0010,2026-04-29 12:29:50,PENDING,STORE_CREDIT,USD,2026-05-01 02:29:50
ORD0003536,CUST000318,STORE0013,2026-05-04 12:21:05,REFUNDED,DEBIT_CARD,USD,2026-05-05 21:21:05
ORD0003537,CUST000301,STORE0002,2026-04-20 10:24:45,COMPLETED,CREDIT_CARD,USD,2026-04-22 23:24:45
ORD0003538,CUST000274,STORE0003,2026-06-06 14:50:18,REFUNDED,CREDIT_CARD,USD,2026-06-08 16:50:18
ORD0003539,CUST000107,STORE0008,2026-03-30 21:00:52,COMPLETED,PAYPAL,USD,2026-04-02 08:00:52
ORD0003540,CUST000124,STORE0010,2026-07-20 19:13:16,COMPLETED,PAYPAL,USD,2026-07-23 18:13:16
ORD0003541,CUST000109,STORE0010,2026-03-15 21:38:05,PENDING,STORE_CREDIT,USD,2026-03-16 21:38:05
ORD0003542,CUST000481,STORE0006,2026-05-11 08:23:02,COMPLETED,CREDIT_CARD,USD,2026-05-14 01:23:02
ORD0003543,CUST000236,STORE0009,2026-05-10 14:49:40,COMPLETED,CREDIT_CARD,USD,2026-05-11 10:49:40
ORD0003544,CUST000259,STORE0002,2026-05-03 12:55:23,COMPLETED,CREDIT_CARD,USD,2026-05-05 08:55:23
ORD0003545,CUST000279,STORE0005,2026-05-07 13:18:21,PENDING,CREDIT_CARD,USD,2026-05-07 13:18:21
ORD0003546,CUST000499,STORE0011,2026-06-27 18:32:19,CANCELLED,DEBIT_CARD,USD,2026-06-28 06:32:19
ORD0003547,CUST000126,STORE0001,2026-07-05 17:33:39,REFUNDED,CREDIT_CARD,USD,2026-07-06 22:33:39
ORD0003548,CUST000349,STORE0007,2026-06-29 11:44:35,COMPLETED,DEBIT_CARD,USD,2026-07-02 09:44:35
ORD0003549,CUST000484,STORE0011,2026-06-17 15:14:20,REFUNDED,STORE_CREDIT,USD,2026-06-19 04:14:20
ORD0003550,CUST000470,STORE0004,2026-02-27 09:10:21,COMPLETED,DEBIT_CARD,USD,2026-02-28 17:10:21
ORD0003551,CUST000169,STORE0007,2026-05-01 12:01:13,REFUNDED,GIFT_CARD,USD,2026-05-01 23:01:13
ORD0003552,CUST000490,STORE0013,2026-08-11 15:11:01,PENDING,GIFT_CARD,USD,2026-08-13 11:11:01
ORD0003553,CUST000497,STORE0012,2026-07-30 20:49:56,CANCELLED,GIFT_CARD,USD,2026-08-01 13:49:56
ORD0003554,CUST000146,STORE0013,2026-05-19 08:22:33,PENDING,PAYPAL,USD,2026-05-20 10:22:33
ORD0003555,CUST000145,STORE0013,2026-07-12 17:12:37,COMPLETED,STORE_CREDIT,USD,2026-07-15 13:12:37
ORD0003556,CUST000455,STORE0012,2026-04-01 16:22:18,COMPLETED,CREDIT_CARD,USD,2026-04-02 17:22:18
ORD0003557,CUST000053,STORE0005,2026-03-10 14:53:50,COMPLETED,CREDIT_CARD,USD,2026-03-12 22:53:50
ORD0003558,CUST000338,STORE0011,2026-05-14 08:11:41,CANCELLED,CREDIT_CARD,USD,2026-05-15 21:11:41
ORD0003559,CUST000481,STORE0006,2026-07-16 08:47:22,PENDING,DEBIT_CARD,USD,2026-07-17 17:47:22
ORD0003560,CUST000465,STORE0013,2026-06-26 15:31:52,CANCELLED,CREDIT_CARD,USD,2026-06-28 11:31:52
ORD0003561,CUST000069,STORE0010,2026-03-15 18:12:29,REFUNDED,CREDIT_CARD,USD,2026-03-15 22:12:29
ORD0003562,CUST000121,STORE0004,2026-02-16 20:39:44,CANCELLED,PAYPAL,USD,2026-02-18 11:39:44
ORD0003563,CUST000155,STORE0003,2026-06-13 14:31:52,PENDING,GIFT_CARD,USD,2026-06-16 00:31:52
ORD0003564,CUST000470,STORE0007,2026-05-21 20:28:35,COMPLETED,DEBIT_CARD,USD,2026-05-24 01:28:35
ORD0003565,CUST000189,STORE0010,2026-05-20 10:19:04,COMPLETED,PAYPAL,USD,2026-05-21 01:19:04
ORD0003566,CUST000379,STORE0004,2026-03-30 13:05:00,COMPLETED,CREDIT_CARD,USD,2026-03-30 23:05:00
ORD0003567,CUST000402,STORE0005,2026-07-10 18:49:04,COMPLETED,CREDIT_CARD,USD,2026-07-11 03:49:04
ORD0003568,CUST000233,STORE0013,2026-05-03 15:16:44,CANCELLED,GIFT_CARD,USD,2026-05-04 02:16:44
ORD0003569,CUST000379,STORE0002,2026-03-30 12:20:51,REFUNDED,DEBIT_CARD,USD,2026-04-02 08:20:51
ORD0003570,CUST000013,STORE0012,2026-06-21 08:37:11,COMPLETED,GIFT_CARD,USD,2026-06-24 02:37:11
ORD0003571,CUST000348,STORE0008,2026-03-01 10:24:39,COMPLETED,GIFT_CARD,USD,2026-03-03 02:24:39
ORD0003572,CUST000090,STORE0010,2026-06-11 10:08:50,PENDING,CREDIT_CARD,USD,2026-06-12 16:08:50
ORD0003573,CUST000387,STORE0012,2026-04-25 13:14:37,COMPLETED,CREDIT_CARD,USD,2026-04-27 11:14:37
ORD0003574,CUST000200,STORE0012,2026-07-16 16:02:08,CANCELLED,GIFT_CARD,USD,2026-07-18 06:02:08
ORD0003575,CUST000355,STORE0003,2026-08-01 14:35:58,REFUNDED,STORE_CREDIT,USD,2026-08-03 01:35:58
ORD0003576,CUST000086,STORE0007,2026-07-27 08:53:48,COMPLETED,STORE_CREDIT,USD,2026-07-27 10:53:48
ORD0003577,CUST000275,STORE0001,2026-06-01 18:30:46,PENDING,DEBIT_CARD,USD,2026-06-04 16:30:46
ORD0003578,CUST000488,STORE0003,2026-03-16 10:32:35,COMPLETED,STORE_CREDIT,USD,2026-03-18 13:32:35
ORD0003579,CUST000397,STORE0003,2026-03-24 11:10:31,COMPLETED,GIFT_CARD,USD,2026-03-25 15:10:31
ORD0003580,CUST000201,STORE0001,2026-06-26 11:35:33,REFUNDED,GIFT_CARD,USD,2026-06-26 21:35:33
ORD0003581,CUST000065,STORE0003,2026-06-22 19:19:27,PENDING,CREDIT_CARD,USD,2026-06-24 21:19:27
ORD0003582,CUST000101,STORE0003,2026-03-14 11:41:14,COMPLETED,DEBIT_CARD,USD,2026-03-16 03:41:14
ORD0003583,CUST000155,STORE0005,2026-06-08 10:09:30,COMPLETED,GIFT_CARD,USD,2026-06-08 16:09:30
ORD0003584,CUST000413,STORE0006,2026-07-29 08:33:13,PENDING,GIFT_CARD,USD,2026-07-31 16:33:13
ORD0003585,CUST000250,STORE0004,2026-06-05 19:42:24,COMPLETED,STORE_CREDIT,USD,2026-06-07 17:42:24
ORD0003586,CUST000163,STORE0008,2026-04-14 11:14:21,COMPLETED,DEBIT_CARD,USD,2026-04-17 03:14:21
ORD0003587,CUST000469,STORE0005,2026-08-05 08:20:27,CANCELLED,PAYPAL,USD,2026-08-06 21:20:27
ORD0003588,CUST000381,STORE0011,2026-02-25 15:38:40,COMPLETED,GIFT_CARD,USD,2026-02-26 10:38:40
ORD0003589,CUST000168,STORE0007,2026-03-15 21:28:45,COMPLETED,DEBIT_CARD,USD,2026-03-18 06:28:45
ORD0003590,CUST000483,STORE0001,2026-03-02 09:28:20,REFUNDED,GIFT_CARD,USD,2026-03-04 03:28:20
ORD0003591,CUST000134,STORE0012,2026-07-18 20:38:50,CANCELLED,CREDIT_CARD,USD,2026-07-21 20:38:50
ORD0003592,CUST000010,STORE0013,2026-03-28 12:48:36,PENDING,DEBIT_CARD,USD,2026-03-29 05:48:36
ORD0003593,CUST000362,STORE0006,2026-08-08 08:51:12,CANCELLED,CREDIT_CARD,USD,2026-08-09 08:51:12
ORD0003594,CUST000056,STORE0003,2026-07-10 13:50:44,COMPLETED,STORE_CREDIT,USD,2026-07-11 23:50:44
ORD0003595,CUST000448,STORE0008,2026-06-28 08:39:37,COMPLETED,DEBIT_CARD,USD,2026-07-01 02:39:37
ORD0003596,CUST000213,STORE0004,2026-02-24 20:14:34,COMPLETED,STORE_CREDIT,USD,2026-02-26 21:14:34
ORD0003597,CUST000246,STORE0001,2026-06-13 18:24:44,CANCELLED,PAYPAL,USD,2026-06-16 14:24:44
ORD0003598,CUST000226,STORE0013,2026-03-30 13:21:56,COMPLETED,CREDIT_CARD,USD,2026-03-31 18:21:56
ORD0003599,CUST000375,STORE0008,2026-04-01 15:44:58,PENDING,DEBIT_CARD,USD,2026-04-03 14:44:58
ORD0003600,CUST000399,STORE0012,2026-08-03 10:15:04,PENDING,GIFT_CARD,USD,2026-08-04 01:15:04
ORD0003601,CUST000443,STORE0004,2026-07-02 10:26:29,COMPLETED,STORE_CREDIT,USD,2026-07-04 08:26:29
ORD0003602,CUST000014,STORE0006,2026-04-03 19:59:19,COMPLETED,PAYPAL,USD,2026-04-05 13:59:19
ORD0003603,CUST000119,STORE0005,2026-08-09 18:34:27,PENDING,PAYPAL,USD,2026-08-12 10:34:27
ORD0003604,CUST000404,STORE0003,2026-07-21 10:36:05,PENDING,PAYPAL,USD,2026-07-24 01:36:05
ORD0003605,CUST000401,STORE0001,2026-02-19 08:30:54,REFUNDED,STORE_CREDIT,USD,2026-02-21 20:30:54
ORD0003606,CUST000081,STORE0012,2026-05-29 11:30:40,COMPLETED,STORE_CREDIT,USD,2026-05-29 20:30:40
ORD0003607,CUST000046,STORE0010,2026-04-05 11:39:43,COMPLETED,PAYPAL,USD,2026-04-06 07:39:43
ORD0003608,CUST000149,STORE0005,2026-06-06 21:43:46,REFUNDED,CREDIT_CARD,USD,2026-06-09 07:43:46
ORD0003609,CUST000382,STORE0005,2026-03-18 21:00:43,PENDING,CREDIT_CARD,USD,2026-03-20 21:00:43
ORD0003610,CUST000085,STORE0004,2026-06-09 14:05:52,CANCELLED,GIFT_CARD,USD,2026-06-10 06:05:52
ORD0003611,CUST000162,STORE0013,2026-07-06 09:23:27,COMPLETED,CREDIT_CARD,USD,2026-07-06 18:23:27
ORD0003612,CUST000388,STORE0012,2026-03-12 17:12:12,COMPLETED,DEBIT_CARD,USD,2026-03-14 22:12:12
ORD0003613,CUST000371,STORE0002,2026-03-28 13:56:44,COMPLETED,CREDIT_CARD,USD,2026-03-28 20:56:44
ORD0003614,CUST000277,STORE0003,2026-06-22 20:41:07,COMPLETED,PAYPAL,USD,2026-06-24 09:41:07
ORD0003615,CUST000315,STORE0010,2026-04-10 15:22:05,COMPLETED,PAYPAL,USD,2026-04-13 05:22:05
ORD0003616,CUST000285,STORE0005,2026-05-08 09:39:09,COMPLETED,GIFT_CARD,USD,2026-05-11 02:39:09
ORD0003617,CUST000130,STORE0001,2026-03-11 08:53:29,COMPLETED,STORE_CREDIT,USD,2026-03-12 06:53:29
ORD0003618,CUST000403,STORE0012,2026-08-01 19:20:03,COMPLETED,GIFT_CARD,USD,2026-08-02 17:20:03
ORD0003619,CUST000138,STORE0005,2026-08-06 20:36:51,COMPLETED,CREDIT_CARD,USD,2026-08-08 12:36:51
ORD0003620,CUST000068,STORE0006,2026-04-19 20:27:30,COMPLETED,DEBIT_CARD,USD,2026-04-20 15:27:30
ORD0003621,CUST000458,STORE0002,2026-05-29 11:34:00,COMPLETED,DEBIT_CARD,USD,2026-05-31 17:34:00
ORD0003622,CUST000492,STORE0001,2026-06-11 11:29:46,COMPLETED,STORE_CREDIT,USD,2026-06-12 08:29:46
ORD0003623,CUST000186,STORE0007,2026-05-10 08:42:53,COMPLETED,GIFT_CARD,USD,2026-05-13 02:42:53
ORD0003624,CUST000168,STORE0012,2026-05-27 08:45:08,COMPLETED,GIFT_CARD,USD,2026-05-28 13:45:08
ORD0003625,CUST000130,STORE0007,2026-02-22 15:00:42,PENDING,DEBIT_CARD,USD,2026-02-24 00:00:42
ORD0003626,CUST000099,STORE0002,2026-06-06 10:27:59,PENDING,CREDIT_CARD,USD,2026-06-06 18:27:59
ORD0003627,CUST000229,STORE0011,2026-07-15 14:06:49,COMPLETED,GIFT_CARD,USD,2026-07-17 19:06:49
ORD0003628,CUST000185,STORE0006,2026-06-23 21:20:12,COMPLETED,STORE_CREDIT,USD,2026-06-26 10:20:12
ORD0003629,CUST000330,STORE0005,2026-08-13 15:12:50,COMPLETED,PAYPAL,USD,2026-08-14 01:12:50
ORD0003630,CUST000237,STORE0001,2026-05-26 08:33:49,REFUNDED,GIFT_CARD,USD,2026-05-28 03:33:49
ORD0003631,CUST000386,STORE0012,2026-04-14 10:54:29,REFUNDED,GIFT_CARD,USD,2026-04-16 08:54:29
ORD0003632,CUST000187,STORE0003,2026-06-15 15:03:58,COMPLETED,PAYPAL,USD,2026-06-17 11:03:58
ORD0003633,CUST000276,STORE0002,2026-07-02 08:52:23,COMPLETED,STORE_CREDIT,USD,2026-07-04 17:52:23
ORD0003634,CUST000122,STORE0002,2026-06-02 19:48:49,COMPLETED,CREDIT_CARD,USD,2026-06-04 23:48:49
ORD0003635,CUST000249,STORE0006,2026-05-09 19:52:34,COMPLETED,STORE_CREDIT,USD,2026-05-12 12:52:34
ORD0003636,CUST000298,STORE0004,2026-07-30 10:22:54,COMPLETED,GIFT_CARD,USD,2026-08-02 03:22:54
ORD0003637,CUST000358,STORE0013,2026-03-08 08:36:01,COMPLETED,STORE_CREDIT,USD,2026-03-09 03:36:01
ORD0003638,CUST000408,STORE0005,2026-05-03 19:39:58,REFUNDED,PAYPAL,USD,2026-05-04 03:39:58
ORD0003639,CUST000060,STORE0006,2026-04-06 13:12:29,COMPLETED,PAYPAL,USD,2026-04-07 09:12:29
ORD0003640,CUST000202,STORE0002,2026-05-21 10:18:08,CANCELLED,DEBIT_CARD,USD,2026-05-22 10:18:08
ORD0003641,CUST000225,STORE0008,2026-04-30 12:25:01,CANCELLED,GIFT_CARD,USD,2026-05-01 16:25:01
ORD0003642,CUST000116,STORE0005,2026-07-17 15:24:11,COMPLETED,GIFT_CARD,USD,2026-07-20 05:24:11
ORD0003643,CUST000114,STORE0008,2026-05-14 09:19:06,COMPLETED,STORE_CREDIT,USD,2026-05-15 20:19:06
ORD0003644,CUST000447,STORE0004,2026-07-29 10:28:33,COMPLETED,DEBIT_CARD,USD,2026-07-29 14:28:33
ORD0003645,CUST000342,STORE0001,2026-03-03 10:04:42,CANCELLED,CREDIT_CARD,USD,2026-03-06 10:04:42
ORD0003646,CUST000067,STORE0006,2026-04-03 13:36:23,COMPLETED,CREDIT_CARD,USD,2026-04-03 13:36:23
ORD0003647,CUST000185,STORE0011,2026-08-02 17:36:06,COMPLETED,DEBIT_CARD,USD,2026-08-04 09:36:06
ORD0003648,CUST000127,STORE0012,2026-07-26 14:01:54,COMPLETED,CREDIT_CARD,USD,2026-07-27 06:01:54
ORD0003649,CUST000147,STORE0007,2026-07-02 15:38:30,COMPLETED,CREDIT_CARD,USD,2026-07-03 09:38:30
ORD0003650,CUST000161,STORE0005,2026-03-30 13:43:21,REFUNDED,STORE_CREDIT,USD,2026-04-01 20:43:21
ORD0003651,CUST000137,STORE0005,2026-03-10 15:05:01,COMPLETED,PAYPAL,USD,2026-03-12 15:05:01
ORD0003652,CUST000414,STORE0011,2026-05-30 20:36:53,COMPLETED,CREDIT_CARD,USD,2026-06-02 07:36:53
ORD0003653,CUST000389,STORE0012,2026-04-03 16:40:57,CANCELLED,CREDIT_CARD,USD,2026-04-05 10:40:57
ORD0003654,CUST000267,STORE0004,2026-08-11 08:43:28,COMPLETED,PAYPAL,USD,2026-08-12 00:43:28
ORD0003655,CUST000444,STORE0003,2026-05-11 08:27:55,PENDING,GIFT_CARD,USD,2026-05-12 10:27:55
ORD0003656,CUST000439,STORE0001,2026-03-04 12:57:26,COMPLETED,PAYPAL,USD,2026-03-06 18:57:26
ORD0003657,CUST000461,STORE0002,2026-07-02 13:44:10,COMPLETED,STORE_CREDIT,USD,2026-07-03 16:44:10
ORD0003658,CUST000019,STORE0006,2026-02-25 17:34:03,PENDING,GIFT_CARD,USD,2026-02-26 23:34:03
ORD0003659,CUST000029,STORE0012,2026-06-29 15:56:25,CANCELLED,STORE_CREDIT,USD,2026-07-01 04:56:25
ORD0003660,CUST000226,STORE0007,2026-06-27 13:29:21,COMPLETED,GIFT_CARD,USD,2026-06-29 20:29:21
ORD0003661,CUST000175,STORE0001,2026-03-08 17:13:09,PENDING,DEBIT_CARD,USD,2026-03-10 15:13:09
ORD0003662,CUST000492,STORE0006,2026-03-30 11:32:50,COMPLETED,STORE_CREDIT,USD,2026-03-31 22:32:50
ORD0003663,CUST000341,STORE0006,2026-06-10 15:28:39,COMPLETED,DEBIT_CARD,USD,2026-06-11 06:28:39
ORD0003664,CUST000365,STORE0004,2026-05-21 10:48:14,COMPLETED,GIFT_CARD,USD,2026-05-24 00:48:14
ORD0003665,CUST000240,STORE0011,2026-06-04 11:03:55,PENDING,GIFT_CARD,USD,2026-06-06 18:03:55
ORD0003666,CUST000292,STORE0008,2026-04-11 18:01:40,COMPLETED,STORE_CREDIT,USD,2026-04-14 08:01:40
ORD0003667,CUST000273,STORE0008,2026-05-29 09:39:01,COMPLETED,CREDIT_CARD,USD,2026-05-31 01:39:01
ORD0003668,CUST000486,STORE0013,2026-05-15 13:51:06,COMPLETED,GIFT_CARD,USD,2026-05-18 04:51:06
ORD0003669,CUST000285,STORE0009,2026-07-19 08:04:31,COMPLETED,PAYPAL,USD,2026-07-22 00:04:31
ORD0003670,CUST000208,STORE0003,2026-07-29 21:16:11,COMPLETED,CREDIT_CARD,USD,2026-07-31 22:16:11
ORD0003671,CUST000176,STORE0005,2026-04-18 13:48:09,PENDING,STORE_CREDIT,USD,2026-04-20 16:48:09
ORD0003672,CUST000362,STORE0002,2026-02-22 21:44:30,PENDING,DEBIT_CARD,USD,2026-02-24 04:44:30
ORD0003673,CUST000062,STORE0003,2026-04-16 20:02:51,COMPLETED,STORE_CREDIT,USD,2026-04-18 10:02:51
ORD0003674,CUST000497,STORE0002,2026-06-07 10:49:05,REFUNDED,GIFT_CARD,USD,2026-06-07 17:49:05
ORD0003675,CUST000035,STORE0010,2026-07-01 15:34:54,COMPLETED,CREDIT_CARD,USD,2026-07-03 11:34:54
ORD0003676,CUST000227,STORE0001,2026-07-11 17:31:12,COMPLETED,DEBIT_CARD,USD,2026-07-12 06:31:12
ORD0003677,CUST000385,STORE0008,2026-03-14 18:35:53,REFUNDED,DEBIT_CARD,USD,2026-03-16 19:35:53
ORD0003678,CUST000171,STORE0004,2026-07-21 12:35:41,COMPLETED,DEBIT_CARD,USD,2026-07-23 23:35:41
ORD0003679,CUST000068,STORE0003,2026-06-07 19:30:24,REFUNDED,DEBIT_CARD,USD,2026-06-07 19:30:24
ORD0003680,CUST000249,STORE0003,2026-05-10 10:28:37,COMPLETED,GIFT_CARD,USD,2026-05-11 22:28:37
ORD0003681,CUST000213,STORE0004,2026-04-25 12:12:53,REFUNDED,CREDIT_CARD,USD,2026-04-28 02:12:53
ORD0003682,CUST000228,STORE0012,2026-05-13 12:11:51,COMPLETED,DEBIT_CARD,USD,2026-05-15 22:11:51
ORD0003683,CUST000065,STORE0005,2026-06-27 14:33:39,CANCELLED,DEBIT_CARD,USD,2026-06-28 14:33:39
ORD0003684,CUST000114,STORE0006,2026-02-20 10:11:28,COMPLETED,PAYPAL,USD,2026-02-21 19:11:28
ORD0003685,CUST000245,STORE0001,2026-05-11 16:56:31,REFUNDED,GIFT_CARD,USD,2026-05-14 06:56:31
ORD0003686,CUST000455,STORE0011,2026-08-03 10:46:58,COMPLETED,GIFT_CARD,USD,2026-08-03 14:46:58
ORD0003687,CUST000069,STORE0001,2026-04-03 11:43:52,CANCELLED,DEBIT_CARD,USD,2026-04-06 00:43:52
ORD0003688,CUST000340,STORE0012,2026-05-30 11:34:12,COMPLETED,PAYPAL,USD,2026-06-01 11:34:12
ORD0003689,CUST000156,STORE0010,2026-03-04 17:36:30,CANCELLED,CREDIT_CARD,USD,2026-03-06 10:36:30
ORD0003690,CUST000252,STORE0006,2026-07-12 12:55:56,COMPLETED,DEBIT_CARD,USD,2026-07-15 09:55:56
ORD0003691,CUST000056,STORE0007,2026-06-01 14:14:15,PENDING,DEBIT_CARD,USD,2026-06-03 04:14:15
ORD0003692,CUST000234,STORE0001,2026-05-16 18:16:42,CANCELLED,CREDIT_CARD,USD,2026-05-17 08:16:42
ORD0003693,CUST000412,STORE0011,2026-04-25 17:57:01,COMPLETED,DEBIT_CARD,USD,2026-04-27 14:57:01
ORD0003694,CUST000188,STORE0007,2026-03-28 21:36:13,COMPLETED,STORE_CREDIT,USD,2026-03-30 11:36:13
ORD0003695,CUST000079,STORE0003,2026-08-13 11:54:03,CANCELLED,PAYPAL,USD,2026-08-15 01:54:03
ORD0003696,CUST000391,STORE0007,2026-03-07 10:17:36,CANCELLED,DEBIT_CARD,USD,2026-03-08 13:17:36
ORD0003697,CUST000261,STORE0010,2026-03-24 13:43:10,PENDING,GIFT_CARD,USD,2026-03-25 01:43:10
ORD0003698,CUST000314,STORE0001,2026-06-26 11:05:48,REFUNDED,PAYPAL,USD,2026-06-26 21:05:48
ORD0003699,CUST000270,STORE0008,2026-04-06 10:00:29,COMPLETED,CREDIT_CARD,USD,2026-04-09 06:00:29
ORD0003700,CUST000117,STORE0012,2026-07-10 16:43:29,COMPLETED,GIFT_CARD,USD,2026-07-10 18:43:29
ORD0003701,CUST000325,STORE0006,2026-08-01 20:07:54,COMPLETED,GIFT_CARD,USD,2026-08-04 09:07:54
ORD0003702,CUST000228,STORE0005,2026-02-21 12:22:05,COMPLETED,STORE_CREDIT,USD,2026-02-22 09:22:05
ORD0003703,CUST000232,STORE0011,2026-04-25 11:58:05,CANCELLED,CREDIT_CARD,USD,2026-04-28 11:58:05
ORD0003704,CUST000092,STORE0005,2026-05-27 08:53:48,COMPLETED,STORE_CREDIT,USD,2026-05-28 03:53:48
ORD0003705,CUST000462,STORE0003,2026-05-27 20:55:14,COMPLETED,CREDIT_CARD,USD,2026-05-29 14:55:14
ORD0003706,CUST000397,STORE0003,2026-07-12 13:52:43,COMPLETED,DEBIT_CARD,USD,2026-07-12 15:52:43
ORD0003707,CUST000139,STORE0003,2026-07-31 16:10:14,PENDING,STORE_CREDIT,USD,2026-08-02 14:10:14
ORD0003708,CUST000495,STORE0013,2026-06-26 19:59:18,COMPLETED,CREDIT_CARD,USD,2026-06-27 17:59:18
ORD0003709,CUST000309,STORE0011,2026-04-07 20:31:02,REFUNDED,DEBIT_CARD,USD,2026-04-09 22:31:02
ORD0003710,CUST000046,STORE0002,2026-04-17 21:33:50,CANCELLED,CREDIT_CARD,USD,2026-04-20 09:33:50
ORD0003711,CUST000494,STORE0001,2026-02-27 17:27:16,COMPLETED,GIFT_CARD,USD,2026-02-28 08:27:16
ORD0003712,CUST000323,STORE0006,2026-05-28 19:02:07,COMPLETED,STORE_CREDIT,USD,2026-05-31 01:02:07
ORD0003713,CUST000270,STORE0010,2026-05-10 11:46:08,COMPLETED,GIFT_CARD,USD,2026-05-12 20:46:08
ORD0003714,CUST000375,STORE0001,2026-04-18 20:34:59,REFUNDED,CREDIT_CARD,USD,2026-04-20 22:34:59
ORD0003715,CUST000485,STORE0012,2026-04-03 21:25:34,COMPLETED,STORE_CREDIT,USD,2026-04-06 06:25:34
ORD0003716,CUST000282,STORE0007,2026-05-07 16:56:34,COMPLETED,GIFT_CARD,USD,2026-05-10 02:56:34
ORD0003717,CUST000342,STORE0013,2026-03-15 11:58:39,COMPLETED,DEBIT_CARD,USD,2026-03-16 04:58:39
ORD0003718,CUST000094,STORE0002,2026-02-28 11:31:38,REFUNDED,DEBIT_CARD,USD,2026-03-03 09:31:38
ORD0003719,CUST000230,STORE0012,2026-07-09 20:59:47,COMPLETED,PAYPAL,USD,2026-07-12 11:59:47
ORD0003720,CUST000013,STORE0002,2026-04-14 11:28:00,REFUNDED,GIFT_CARD,USD,2026-04-15 23:28:00
ORD0003721,CUST000116,STORE0010,2026-03-25 16:08:12,PENDING,STORE_CREDIT,USD,2026-03-27 20:08:12
ORD0003722,CUST000045,STORE0004,2026-07-04 08:44:01,REFUNDED,DEBIT_CARD,USD,2026-07-05 11:44:01
ORD0003723,CUST000360,STORE0007,2026-03-03 12:46:03,COMPLETED,PAYPAL,USD,2026-03-06 03:46:03
ORD0003724,CUST000216,STORE0002,2026-08-04 19:20:34,COMPLETED,CREDIT_CARD,USD,2026-08-07 11:20:34
ORD0003725,CUST000409,STORE0013,2026-07-12 10:10:59,COMPLETED,STORE_CREDIT,USD,2026-07-12 18:10:59
ORD0003726,CUST000298,STORE0004,2026-07-28 18:09:02,COMPLETED,STORE_CREDIT,USD,2026-07-28 22:09:02
ORD0003727,CUST000409,STORE0003,2026-07-31 21:43:58,PENDING,GIFT_CARD,USD,2026-08-03 12:43:58
ORD0003728,CUST000150,STORE0003,2026-04-23 17:48:19,COMPLETED,STORE_CREDIT,USD,2026-04-26 08:48:19
ORD0003729,CUST000080,STORE0004,2026-07-13 10:32:42,REFUNDED,CREDIT_CARD,USD,2026-07-14 10:32:42
ORD0003730,CUST000306,STORE0002,2026-02-16 12:41:15,REFUNDED,STORE_CREDIT,USD,2026-02-18 20:41:15
ORD0003731,CUST000024,STORE0006,2026-07-19 18:24:13,COMPLETED,PAYPAL,USD,2026-07-20 01:24:13
ORD0003732,CUST000345,STORE0009,2026-07-20 14:05:44,COMPLETED,STORE_CREDIT,USD,2026-07-22 20:05:44
ORD0003733,CUST000394,STORE0010,2026-06-20 13:50:45,CANCELLED,CREDIT_CARD,USD,2026-06-21 00:50:45
ORD0003734,CUST000060,STORE0008,2026-05-30 16:10:54,PENDING,CREDIT_CARD,USD,2026-06-01 09:10:54
ORD0003735,CUST000264,STORE0001,2026-02-24 12:38:58,COMPLETED,GIFT_CARD,USD,2026-02-24 15:38:58
ORD0003736,CUST000260,STORE0005,2026-07-28 18:37:47,COMPLETED,PAYPAL,USD,2026-07-29 05:37:47
ORD0003737,CUST000287,STORE0009,2026-06-06 13:59:08,COMPLETED,DEBIT_CARD,USD,2026-06-07 17:59:08
ORD0003738,CUST000120,STORE0004,2026-08-06 11:20:35,REFUNDED,DEBIT_CARD,USD,2026-08-06 17:20:35
ORD0003739,CUST000102,STORE0006,2026-02-20 14:11:29,COMPLETED,GIFT_CARD,USD,2026-02-21 00:11:29
ORD0003740,CUST000202,STORE0001,2026-04-22 09:24:06,COMPLETED,GIFT_CARD,USD,2026-04-23 13:24:06
ORD0003741,CUST000178,STORE0011,2026-05-05 15:46:18,REFUNDED,GIFT_CARD,USD,2026-05-07 20:46:18
ORD0003742,CUST000174,STORE0009,2026-03-06 16:07:23,REFUNDED,GIFT_CARD,USD,2026-03-09 09:07:23
ORD0003743,CUST000309,STORE0003,2026-05-17 21:34:42,COMPLETED,STORE_CREDIT,USD,2026-05-19 08:34:42
ORD0003744,CUST000397,STORE0004,2026-06-07 11:15:13,COMPLETED,STORE_CREDIT,USD,2026-06-08 09:15:13
ORD0003745,CUST000192,STORE0004,2026-07-03 19:19:48,COMPLETED,PAYPAL,USD,2026-07-04 14:19:48
ORD0003746,CUST000039,STORE0009,2026-04-03 18:23:56,CANCELLED,GIFT_CARD,USD,2026-04-04 06:23:56
ORD0003747,CUST000464,STORE0009,2026-04-12 12:01:00,COMPLETED,CREDIT_CARD,USD,2026-04-14 20:01:00
ORD0003748,CUST000476,STORE0008,2026-04-16 12:53:38,REFUNDED,PAYPAL,USD,2026-04-19 12:53:38
ORD0003749,CUST000390,STORE0004,2026-07-21 20:29:55,COMPLETED,CREDIT_CARD,USD,2026-07-22 21:29:55
ORD0003750,CUST000095,STORE0011,2026-03-26 12:01:57,REFUNDED,CREDIT_CARD,USD,2026-03-26 18:01:57
ORD0003751,CUST000172,STORE0009,2026-03-07 16:14:21,COMPLETED,DEBIT_CARD,USD,2026-03-07 21:14:21
ORD0003752,CUST000500,STORE0011,2026-06-29 17:31:23,REFUNDED,STORE_CREDIT,USD,2026-07-02 07:31:23
ORD0003753,CUST000093,STORE0002,2026-07-26 12:37:08,PENDING,STORE_CREDIT,USD,2026-07-29 08:37:08
ORD0003754,CUST000364,STORE0005,2026-04-28 15:29:41,CANCELLED,PAYPAL,USD,2026-04-29 14:29:41
ORD0003755,CUST000440,STORE0003,2026-02-15 13:23:53,COMPLETED,PAYPAL,USD,2026-02-17 11:23:53
ORD0003756,CUST000097,STORE0012,2026-04-14 08:18:14,COMPLETED,STORE_CREDIT,USD,2026-04-15 18:18:14
ORD0003757,CUST000074,STORE0012,2026-05-24 16:30:18,COMPLETED,DEBIT_CARD,USD,2026-05-25 20:30:18
ORD0003758,CUST000405,STORE0011,2026-02-15 11:38:05,COMPLETED,GIFT_CARD,USD,2026-02-16 01:38:05
ORD0003759,CUST000276,STORE0013,2026-06-05 10:04:54,COMPLETED,GIFT_CARD,USD,2026-06-06 13:04:54
ORD0003760,CUST000386,STORE0011,2026-06-16 13:57:22,COMPLETED,DEBIT_CARD,USD,2026-06-19 06:57:22
ORD0003761,CUST000275,STORE0013,2026-02-21 15:14:50,PENDING,PAYPAL,USD,2026-02-22 09:14:50
ORD0003762,CUST000073,STORE0009,2026-05-03 14:52:33,PENDING,DEBIT_CARD,USD,2026-05-05 19:52:33
ORD0003763,CUST000065,STORE0008,2026-03-01 12:39:16,COMPLETED,PAYPAL,USD,2026-03-02 05:39:16
ORD0003764,CUST000182,STORE0011,2026-04-26 19:34:46,COMPLETED,CREDIT_CARD,USD,2026-04-28 12:34:46
ORD0003765,CUST000243,STORE0004,2026-06-18 18:49:53,COMPLETED,STORE_CREDIT,USD,2026-06-18 23:49:53
ORD0003766,CUST000398,STORE0002,2026-04-06 21:55:09,COMPLETED,PAYPAL,USD,2026-04-07 01:55:09
ORD0003767,CUST000049,STORE0004,2026-04-10 13:16:28,COMPLETED,PAYPAL,USD,2026-04-11 20:16:28
ORD0003768,CUST000385,STORE0012,2026-05-25 11:18:40,CANCELLED,GIFT_CARD,USD,2026-05-26 02:18:40
ORD0003769,CUST000341,STORE0002,2026-07-06 08:47:28,COMPLETED,DEBIT_CARD,USD,2026-07-09 08:47:28
ORD0003770,CUST000097,STORE0010,2026-06-03 14:23:08,CANCELLED,CREDIT_CARD,USD,2026-06-05 12:23:08
ORD0003771,CUST000230,STORE0005,2026-05-06 18:28:17,COMPLETED,GIFT_CARD,USD,2026-05-08 22:28:17
ORD0003772,CUST000434,STORE0013,2026-04-06 13:48:14,COMPLETED,DEBIT_CARD,USD,2026-04-07 03:48:14
ORD0003773,CUST000333,STORE0001,2026-07-19 13:33:13,PENDING,GIFT_CARD,USD,2026-07-19 15:33:13
ORD0003774,CUST000077,STORE0004,2026-03-02 08:11:25,COMPLETED,PAYPAL,USD,2026-03-04 00:11:25
ORD0003775,CUST000203,STORE0007,2026-06-19 11:20:09,COMPLETED,CREDIT_CARD,USD,2026-06-21 14:20:09
ORD0003776,CUST000400,STORE0001,2026-07-22 11:48:53,REFUNDED,GIFT_CARD,USD,2026-07-23 13:48:53
ORD0003777,CUST000410,STORE0002,2026-05-08 12:09:45,PENDING,DEBIT_CARD,USD,2026-05-10 17:09:45
ORD0003778,CUST000107,STORE0007,2026-03-02 17:05:26,COMPLETED,DEBIT_CARD,USD,2026-03-05 01:05:26
ORD0003779,CUST000235,STORE0011,2026-06-08 13:37:17,PENDING,GIFT_CARD,USD,2026-06-08 21:37:17
ORD0003780,CUST000144,STORE0006,2026-04-12 11:28:46,PENDING,STORE_CREDIT,USD,2026-04-14 12:28:46
ORD0003781,CUST000338,STORE0001,2026-05-27 11:02:02,COMPLETED,DEBIT_CARD,USD,2026-05-30 06:02:02
ORD0003782,CUST000285,STORE0010,2026-03-05 15:32:31,PENDING,GIFT_CARD,USD,2026-03-06 17:32:31
ORD0003783,CUST000270,STORE0008,2026-06-06 11:21:47,REFUNDED,CREDIT_CARD,USD,2026-06-07 01:21:47
ORD0003784,CUST000268,STORE0006,2026-02-14 08:39:18,COMPLETED,PAYPAL,USD,2026-02-15 17:39:18
ORD0003785,CUST000211,STORE0003,2026-08-12 17:02:34,COMPLETED,STORE_CREDIT,USD,2026-08-13 09:02:34
ORD0003786,CUST000424,STORE0007,2026-04-14 17:24:24,COMPLETED,DEBIT_CARD,USD,2026-04-16 16:24:24
ORD0003787,CUST000005,STORE0011,2026-07-07 12:07:45,COMPLETED,DEBIT_CARD,USD,2026-07-10 05:07:45
ORD0003788,CUST000458,STORE0011,2026-06-14 17:00:31,COMPLETED,STORE_CREDIT,USD,2026-06-17 09:00:31
ORD0003789,CUST000002,STORE0003,2026-07-07 08:09:10,COMPLETED,GIFT_CARD,USD,2026-07-08 22:09:10
ORD0003790,CUST000094,STORE0007,2026-05-15 15:52:03,COMPLETED,STORE_CREDIT,USD,2026-05-16 18:52:03
ORD0003791,CUST000061,STORE0003,2026-05-26 17:04:29,COMPLETED,STORE_CREDIT,USD,2026-05-28 01:04:29
ORD0003792,CUST000291,STORE0009,2026-04-22 08:43:43,REFUNDED,CREDIT_CARD,USD,2026-04-24 18:43:43
ORD0003793,CUST000413,STORE0003,2026-07-14 14:29:45,CANCELLED,PAYPAL,USD,2026-07-15 22:29:45
ORD0003794,CUST000220,STORE0007,2026-07-02 08:31:14,REFUNDED,CREDIT_CARD,USD,2026-07-02 22:31:14
ORD0003795,CUST000241,STORE0007,2026-05-23 18:02:03,COMPLETED,CREDIT_CARD,USD,2026-05-24 14:02:03
ORD0003796,CUST000396,STORE0003,2026-04-10 16:10:08,COMPLETED,GIFT_CARD,USD,2026-04-12 11:10:08
ORD0003797,CUST000134,STORE0006,2026-07-31 19:25:11,REFUNDED,DEBIT_CARD,USD,2026-08-01 08:25:11
ORD0003798,CUST000292,STORE0013,2026-05-28 13:16:22,COMPLETED,GIFT_CARD,USD,2026-05-30 07:16:22
ORD0003799,CUST000287,STORE0004,2026-06-01 12:54:38,COMPLETED,STORE_CREDIT,USD,2026-06-01 15:54:38
ORD0003800,CUST000374,STORE0011,2026-04-04 19:57:06,COMPLETED,CREDIT_CARD,USD,2026-04-05 20:57:06
ORD0003801,CUST000296,STORE0010,2026-04-29 15:02:38,REFUNDED,PAYPAL,USD,2026-04-29 17:02:38
ORD0003802,CUST000031,STORE0005,2026-05-02 17:03:31,COMPLETED,DEBIT_CARD,USD,2026-05-03 06:03:31
ORD0003803,CUST000161,STORE0009,2026-02-20 11:38:06,COMPLETED,PAYPAL,USD,2026-02-22 21:38:06
ORD0003804,CUST000369,STORE0012,2026-06-23 19:53:39,COMPLETED,GIFT_CARD,USD,2026-06-24 22:53:39
ORD0003805,CUST000489,STORE0004,2026-03-28 18:58:57,PENDING,STORE_CREDIT,USD,2026-03-30 23:58:57
ORD0003806,CUST000283,STORE0007,2026-05-18 16:24:11,REFUNDED,DEBIT_CARD,USD,2026-05-19 16:24:11
ORD0003807,CUST000153,STORE0003,2026-03-09 09:57:18,COMPLETED,PAYPAL,USD,2026-03-10 21:57:18
ORD0003808,CUST000171,STORE0007,2026-03-03 15:59:12,PENDING,DEBIT_CARD,USD,2026-03-04 02:59:12
ORD0003809,CUST000294,STORE0003,2026-04-19 15:51:44,REFUNDED,CREDIT_CARD,USD,2026-04-21 18:51:44
ORD0003810,CUST000171,STORE0007,2026-06-27 12:07:54,COMPLETED,PAYPAL,USD,2026-06-28 07:07:54
ORD0003811,CUST000252,STORE0013,2026-05-09 12:07:14,PENDING,PAYPAL,USD,2026-05-10 11:07:14
ORD0003812,CUST000479,STORE0002,2026-05-06 08:58:35,REFUNDED,DEBIT_CARD,USD,2026-05-07 00:58:35
ORD0003813,CUST000238,STORE0001,2026-04-19 18:20:50,REFUNDED,DEBIT_CARD,USD,2026-04-19 23:20:50
ORD0003814,CUST000211,STORE0003,2026-06-22 15:12:49,COMPLETED,CREDIT_CARD,USD,2026-06-24 09:12:49
ORD0003815,CUST000346,STORE0011,2026-03-23 16:46:21,COMPLETED,PAYPAL,USD,2026-03-26 13:46:21
ORD0003816,CUST000263,STORE0007,2026-04-05 19:45:18,CANCELLED,PAYPAL,USD,2026-04-08 03:45:18
ORD0003817,CUST000477,STORE0006,2026-03-26 09:06:02,REFUNDED,DEBIT_CARD,USD,2026-03-28 03:06:02
ORD0003818,CUST000242,STORE0012,2026-07-05 18:21:39,COMPLETED,DEBIT_CARD,USD,2026-07-06 07:21:39
ORD0003819,CUST000312,STORE0003,2026-07-25 16:43:53,CANCELLED,CREDIT_CARD,USD,2026-07-26 00:43:53
ORD0003820,CUST000321,STORE0003,2026-04-19 15:39:25,COMPLETED,GIFT_CARD,USD,2026-04-21 12:39:25
ORD0003821,CUST000297,STORE0013,2026-07-04 15:32:33,CANCELLED,STORE_CREDIT,USD,2026-07-06 03:32:33
ORD0003822,CUST000199,STORE0010,2026-02-22 17:40:23,CANCELLED,CREDIT_CARD,USD,2026-02-24 08:40:23
ORD0003823,CUST000270,STORE0010,2026-07-22 08:11:58,COMPLETED,PAYPAL,USD,2026-07-24 23:11:58
ORD0003824,CUST000084,STORE0010,2026-04-11 11:12:24,PENDING,PAYPAL,USD,2026-04-13 22:12:24
ORD0003825,CUST000181,STORE0004,2026-07-02 12:06:45,PENDING,PAYPAL,USD,2026-07-03 06:06:45
ORD0003826,CUST000267,STORE0013,2026-07-07 16:50:16,PENDING,GIFT_CARD,USD,2026-07-07 18:50:16
ORD0003827,CUST000428,STORE0006,2026-05-02 18:17:19,REFUNDED,GIFT_CARD,USD,2026-05-05 11:17:19
ORD0003828,CUST000038,STORE0001,2026-08-06 19:04:24,PENDING,CREDIT_CARD,USD,2026-08-09 15:04:24
ORD0003829,CUST000156,STORE0011,2026-05-25 08:28:12,PENDING,DEBIT_CARD,USD,2026-05-27 23:28:12
ORD0003830,CUST000346,STORE0013,2026-05-01 08:18:19,COMPLETED,DEBIT_CARD,USD,2026-05-01 21:18:19
ORD0003831,CUST000363,STORE0011,2026-04-07 18:48:19,COMPLETED,CREDIT_CARD,USD,2026-04-09 21:48:19
ORD0003832,CUST000308,STORE0001,2026-04-19 11:05:58,COMPLETED,PAYPAL,USD,2026-04-22 06:05:58
ORD0003833,CUST000496,STORE0013,2026-06-22 20:42:12,COMPLETED,DEBIT_CARD,USD,2026-06-24 02:42:12
ORD0003834,CUST000461,STORE0010,2026-08-01 17:00:44,CANCELLED,CREDIT_CARD,USD,2026-08-04 05:00:44
ORD0003835,CUST000241,STORE0001,2026-07-24 19:10:30,REFUNDED,STORE_CREDIT,USD,2026-07-26 00:10:30
ORD0003836,CUST000046,STORE0005,2026-08-09 20:24:17,COMPLETED,CREDIT_CARD,USD,2026-08-11 14:24:17
ORD0003837,CUST000428,STORE0010,2026-06-04 21:40:46,COMPLETED,PAYPAL,USD,2026-06-07 06:40:46
ORD0003838,CUST000443,STORE0010,2026-03-28 17:10:41,COMPLETED,DEBIT_CARD,USD,2026-03-30 00:10:41
ORD0003839,CUST000207,STORE0011,2026-07-21 18:18:25,COMPLETED,PAYPAL,USD,2026-07-23 15:18:25
ORD0003840,CUST000209,STORE0010,2026-05-16 18:33:10,COMPLETED,PAYPAL,USD,2026-05-17 04:33:10
ORD0003841,CUST000477,STORE0001,2026-04-02 13:55:25,COMPLETED,STORE_CREDIT,USD,2026-04-02 23:55:25
ORD0003842,CUST000056,STORE0005,2026-03-23 19:43:26,COMPLETED,DEBIT_CARD,USD,2026-03-25 19:43:26
ORD0003843,CUST000225,STORE0003,2026-05-03 15:57:25,COMPLETED,GIFT_CARD,USD,2026-05-03 16:57:25
ORD0003844,CUST000309,STORE0013,2026-04-12 15:30:46,COMPLETED,GIFT_CARD,USD,2026-04-13 14:30:46
ORD0003845,CUST000212,STORE0013,2026-03-13 10:48:47,CANCELLED,PAYPAL,USD,2026-03-14 04:48:47
ORD0003846,CUST000283,STORE0002,2026-03-31 21:29:22,COMPLETED,CREDIT_CARD,USD,2026-04-01 08:29:22
ORD0003847,CUST000097,STORE0003,2026-05-07 20:33:59,COMPLETED,GIFT_CARD,USD,2026-05-10 12:33:59
ORD0003848,CUST000178,STORE0007,2026-07-21 11:40:54,PENDING,PAYPAL,USD,2026-07-24 07:40:54
ORD0003849,CUST000248,STORE0001,2026-03-15 14:37:24,COMPLETED,DEBIT_CARD,USD,2026-03-15 16:37:24
ORD0003850,CUST000242,STORE0009,2026-07-15 13:24:44,COMPLETED,GIFT_CARD,USD,2026-07-16 14:24:44
ORD0003851,CUST000084,STORE0010,2026-02-18 12:23:34,PENDING,PAYPAL,USD,2026-02-21 12:23:34
ORD0003852,CUST000187,STORE0003,2026-04-29 21:54:03,COMPLETED,CREDIT_CARD,USD,2026-04-30 02:54:03
ORD0003853,CUST000486,STORE0001,2026-05-27 18:24:48,COMPLETED,GIFT_CARD,USD,2026-05-27 19:24:48
ORD0003854,CUST000491,STORE0011,2026-06-22 09:21:33,REFUNDED,DEBIT_CARD,USD,2026-06-25 02:21:33
ORD0003855,CUST000057,STORE0002,2026-05-30 16:47:24,COMPLETED,DEBIT_CARD,USD,2026-05-30 21:47:24
ORD0003856,CUST000455,STORE0007,2026-08-01 17:42:54,COMPLETED,STORE_CREDIT,USD,2026-08-04 06:42:54
ORD0003857,CUST000283,STORE0012,2026-04-03 14:51:05,REFUNDED,GIFT_CARD,USD,2026-04-03 22:51:05
ORD0003858,CUST000391,STORE0011,2026-05-03 12:37:12,COMPLETED,GIFT_CARD,USD,2026-05-05 23:37:12
ORD0003859,CUST000483,STORE0008,2026-07-04 19:49:17,PENDING,PAYPAL,USD,2026-07-06 14:49:17
ORD0003860,CUST000458,STORE0007,2026-02-14 17:24:19,REFUNDED,GIFT_CARD,USD,2026-02-15 00:24:19
ORD0003861,CUST000478,STORE0009,2026-03-26 18:39:24,PENDING,GIFT_CARD,USD,2026-03-27 06:39:24
ORD0003862,CUST000359,STORE0003,2026-06-21 11:00:07,PENDING,STORE_CREDIT,USD,2026-06-23 17:00:07
ORD0003863,CUST000201,STORE0006,2026-07-06 17:58:44,CANCELLED,GIFT_CARD,USD,2026-07-09 13:58:44
ORD0003864,CUST000156,STORE0004,2026-08-09 16:01:42,COMPLETED,GIFT_CARD,USD,2026-08-12 10:01:42
ORD0003865,CUST000182,STORE0006,2026-06-10 11:35:55,COMPLETED,PAYPAL,USD,2026-06-12 06:35:55
ORD0003866,CUST000405,STORE0011,2026-04-13 21:10:50,COMPLETED,DEBIT_CARD,USD,2026-04-16 00:10:50
ORD0003867,CUST000106,STORE0013,2026-07-11 15:25:33,COMPLETED,GIFT_CARD,USD,2026-07-13 16:25:33
ORD0003868,CUST000346,STORE0008,2026-05-16 11:17:02,CANCELLED,CREDIT_CARD,USD,2026-05-18 18:17:02
ORD0003869,CUST000018,STORE0010,2026-03-11 14:52:50,PENDING,PAYPAL,USD,2026-03-12 13:52:50
ORD0003870,CUST000259,STORE0012,2026-04-16 11:11:51,PENDING,PAYPAL,USD,2026-04-17 09:11:51
ORD0003871,CUST000221,STORE0008,2026-07-06 19:39:28,COMPLETED,PAYPAL,USD,2026-07-09 01:39:28
ORD0003872,CUST000327,STORE0005,2026-06-13 20:00:04,COMPLETED,DEBIT_CARD,USD,2026-06-16 17:00:04
ORD0003873,CUST000085,STORE0009,2026-05-09 11:03:02,COMPLETED,GIFT_CARD,USD,2026-05-11 04:03:02
ORD0003874,CUST000077,STORE0003,2026-03-18 21:47:03,COMPLETED,GIFT_CARD,USD,2026-03-20 22:47:03
ORD0003875,CUST000482,STORE0001,2026-04-08 12:09:00,REFUNDED,STORE_CREDIT,USD,2026-04-10 12:09:00
ORD0003876,CUST000269,STORE0008,2026-07-28 20:01:42,PENDING,CREDIT_CARD,USD,2026-07-31 19:01:42
ORD0003877,CUST000176,STORE0009,2026-04-12 14:51:23,CANCELLED,CREDIT_CARD,USD,2026-04-15 11:51:23
ORD0003878,CUST000209,STORE0012,2026-03-27 10:48:09,PENDING,STORE_CREDIT,USD,2026-03-27 14:48:09
ORD0003879,CUST000187,STORE0001,2026-07-10 14:53:15,CANCELLED,PAYPAL,USD,2026-07-11 23:53:15
ORD0003880,CUST000386,STORE0009,2026-03-23 12:44:28,COMPLETED,PAYPAL,USD,2026-03-23 13:44:28
ORD0003881,CUST000422,STORE0006,2026-05-21 14:54:24,COMPLETED,DEBIT_CARD,USD,2026-05-23 16:54:24
ORD0003882,CUST000480,STORE0003,2026-07-22 13:00:07,REFUNDED,PAYPAL,USD,2026-07-25 02:00:07
ORD0003883,CUST000174,STORE0013,2026-06-22 19:00:35,COMPLETED,PAYPAL,USD,2026-06-23 14:00:35
ORD0003884,CUST000348,STORE0001,2026-07-18 08:17:21,REFUNDED,CREDIT_CARD,USD,2026-07-21 01:17:21
ORD0003885,CUST000067,STORE0013,2026-02-22 09:35:23,CANCELLED,GIFT_CARD,USD,2026-02-22 16:35:23
ORD0003886,CUST000225,STORE0007,2026-05-14 21:26:31,COMPLETED,GIFT_CARD,USD,2026-05-15 20:26:31
ORD0003887,CUST000013,STORE0012,2026-04-18 21:33:19,COMPLETED,CREDIT_CARD,USD,2026-04-19 03:33:19
ORD0003888,CUST000368,STORE0012,2026-05-27 14:59:57,COMPLETED,STORE_CREDIT,USD,2026-05-29 10:59:57
ORD0003889,CUST000346,STORE0005,2026-07-02 14:04:35,COMPLETED,DEBIT_CARD,USD,2026-07-05 13:04:35
ORD0003890,CUST000113,STORE0003,2026-03-05 20:07:45,COMPLETED,GIFT_CARD,USD,2026-03-06 17:07:45
ORD0003891,CUST000212,STORE0002,2026-06-09 16:00:33,COMPLETED,DEBIT_CARD,USD,2026-06-10 06:00:33
ORD0003892,CUST000101,STORE0003,2026-04-22 10:57:03,REFUNDED,PAYPAL,USD,2026-04-24 07:57:03
ORD0003893,CUST000192,STORE0010,2026-04-02 13:30:01,COMPLETED,PAYPAL,USD,2026-04-03 12:30:01
ORD0003894,CUST000453,STORE0013,2026-03-04 21:04:46,COMPLETED,CREDIT_CARD,USD,2026-03-05 15:04:46
ORD0003895,CUST000048,STORE0007,2026-08-09 15:11:52,COMPLETED,DEBIT_CARD,USD,2026-08-09 21:11:52
ORD0003896,CUST000214,STORE0003,2026-03-10 08:34:13,COMPLETED,DEBIT_CARD,USD,2026-03-13 06:34:13
ORD0003897,CUST000131,STORE0002,2026-05-09 20:53:15,COMPLETED,STORE_CREDIT,USD,2026-05-10 04:53:15
ORD0003898,CUST000291,STORE0009,2026-06-26 15:52:11,CANCELLED,PAYPAL,USD,2026-06-29 00:52:11
ORD0003899,CUST000260,STORE0008,2026-08-04 14:32:57,COMPLETED,CREDIT_CARD,USD,2026-08-04 14:32:57
ORD0003900,CUST000237,STORE0009,2026-05-19 10:23:15,PENDING,DEBIT_CARD,USD,2026-05-19 18:23:15
ORD0003901,CUST000299,STORE0006,2026-04-19 12:10:42,COMPLETED,GIFT_CARD,USD,2026-04-20 14:10:42
ORD0003902,CUST000260,STORE0006,2026-05-09 09:00:33,CANCELLED,CREDIT_CARD,USD,2026-05-10 04:00:33
ORD0003903,CUST000309,STORE0011,2026-07-16 14:18:43,PENDING,CREDIT_CARD,USD,2026-07-18 16:18:43
ORD0003904,CUST000499,STORE0008,2026-05-09 11:32:48,CANCELLED,PAYPAL,USD,2026-05-10 02:32:48
ORD0003905,CUST000472,STORE0011,2026-03-16 20:27:09,COMPLETED,STORE_CREDIT,USD,2026-03-19 14:27:09
ORD0003906,CUST000348,STORE0011,2026-03-04 14:18:39,COMPLETED,PAYPAL,USD,2026-03-04 16:18:39
ORD0003907,CUST000307,STORE0012,2026-05-21 12:53:36,PENDING,DEBIT_CARD,USD,2026-05-22 11:53:36
ORD0003908,CUST000491,STORE0005,2026-03-27 13:10:17,PENDING,PAYPAL,USD,2026-03-29 17:10:17
ORD0003909,CUST000498,STORE0011,2026-04-30 21:31:58,COMPLETED,STORE_CREDIT,USD,2026-05-01 00:31:58
ORD0003910,CUST000494,STORE0004,2026-05-09 18:38:59,REFUNDED,CREDIT_CARD,USD,2026-05-11 16:38:59
ORD0003911,CUST000210,STORE0012,2026-07-16 13:58:17,COMPLETED,DEBIT_CARD,USD,2026-07-17 06:58:17
ORD0003912,CUST000064,STORE0007,2026-07-21 15:35:33,PENDING,PAYPAL,USD,2026-07-22 15:35:33
ORD0003913,CUST000281,STORE0011,2026-04-24 10:29:54,COMPLETED,STORE_CREDIT,USD,2026-04-26 10:29:54
ORD0003914,CUST000084,STORE0009,2026-04-21 08:55:13,COMPLETED,PAYPAL,USD,2026-04-23 22:55:13
ORD0003915,CUST000083,STORE0009,2026-04-03 14:37:14,COMPLETED,CREDIT_CARD,USD,2026-04-06 12:37:14
ORD0003916,CUST000090,STORE0002,2026-07-30 11:36:34,REFUNDED,CREDIT_CARD,USD,2026-07-31 11:36:34
ORD0003917,CUST000376,STORE0001,2026-03-05 16:52:27,COMPLETED,DEBIT_CARD,USD,2026-03-06 05:52:27
ORD0003918,CUST000024,STORE0005,2026-07-28 15:58:31,COMPLETED,CREDIT_CARD,USD,2026-07-30 12:58:31
ORD0003919,CUST000301,STORE0008,2026-04-30 09:24:14,COMPLETED,STORE_CREDIT,USD,2026-05-01 06:24:14
ORD0003920,CUST000421,STORE0004,2026-06-02 14:52:54,REFUNDED,DEBIT_CARD,USD,2026-06-02 14:52:54
ORD0003921,CUST000048,STORE0008,2026-07-25 17:42:08,COMPLETED,STORE_CREDIT,USD,2026-07-26 08:42:08
ORD0003922,CUST000417,STORE0012,2026-05-07 09:01:09,COMPLETED,STORE_CREDIT,USD,2026-05-07 19:01:09
ORD0003923,CUST000445,STORE0011,2026-07-11 14:42:03,REFUNDED,PAYPAL,USD,2026-07-13 08:42:03
ORD0003924,CUST000296,STORE0012,2026-06-09 14:32:33,COMPLETED,DEBIT_CARD,USD,2026-06-11 00:32:33
ORD0003925,CUST000141,STORE0006,2026-06-23 10:39:20,COMPLETED,DEBIT_CARD,USD,2026-06-25 13:39:20
ORD0003926,CUST000382,STORE0011,2026-02-25 09:58:08,REFUNDED,CREDIT_CARD,USD,2026-02-28 04:58:08
ORD0003927,CUST000340,STORE0012,2026-06-22 09:34:31,REFUNDED,CREDIT_CARD,USD,2026-06-23 22:34:31
ORD0003928,CUST000122,STORE0008,2026-02-25 15:02:40,COMPLETED,PAYPAL,USD,2026-02-26 21:02:40
ORD0003929,CUST000121,STORE0006,2026-04-16 21:20:22,REFUNDED,PAYPAL,USD,2026-04-18 06:20:22
ORD0003930,CUST000250,STORE0005,2026-07-11 08:36:58,COMPLETED,PAYPAL,USD,2026-07-12 03:36:58
ORD0003931,CUST000052,STORE0005,2026-03-10 16:50:55,COMPLETED,CREDIT_CARD,USD,2026-03-12 06:50:55
ORD0003932,CUST000172,STORE0007,2026-02-15 16:16:24,CANCELLED,GIFT_CARD,USD,2026-02-17 15:16:24
ORD0003933,CUST000450,STORE0013,2026-03-03 10:15:18,COMPLETED,CREDIT_CARD,USD,2026-03-03 15:15:18
ORD0003934,CUST000304,STORE0012,2026-04-24 10:01:06,COMPLETED,PAYPAL,USD,2026-04-24 23:01:06
ORD0003935,CUST000131,STORE0003,2026-04-02 08:33:59,COMPLETED,CREDIT_CARD,USD,2026-04-03 22:33:59
ORD0003936,CUST000229,STORE0003,2026-04-08 08:45:44,COMPLETED,GIFT_CARD,USD,2026-04-09 12:45:44
ORD0003937,CUST000255,STORE0009,2026-07-15 13:13:47,PENDING,DEBIT_CARD,USD,2026-07-17 11:13:47
ORD0003938,CUST000166,STORE0011,2026-07-22 17:21:07,COMPLETED,CREDIT_CARD,USD,2026-07-24 03:21:07
ORD0003939,CUST000061,STORE0005,2026-05-01 19:09:23,REFUNDED,STORE_CREDIT,USD,2026-05-02 01:09:23
ORD0003940,CUST000001,STORE0007,2026-04-06 17:21:33,COMPLETED,GIFT_CARD,USD,2026-04-08 11:21:33
ORD0003941,CUST000331,STORE0003,2026-07-18 14:22:15,COMPLETED,GIFT_CARD,USD,2026-07-18 19:22:15
ORD0003942,CUST000466,STORE0006,2026-02-27 13:06:52,CANCELLED,GIFT_CARD,USD,2026-02-28 19:06:52
ORD0003943,CUST000135,STORE0011,2026-06-19 18:03:07,COMPLETED,STORE_CREDIT,USD,2026-06-20 16:03:07
ORD0003944,CUST000126,STORE0007,2026-07-03 11:19:02,COMPLETED,CREDIT_CARD,USD,2026-07-04 00:19:02
ORD0003945,CUST000022,STORE0011,2026-07-24 21:49:40,COMPLETED,CREDIT_CARD,USD,2026-07-26 22:49:40
ORD0003946,CUST000224,STORE0004,2026-05-04 17:07:26,COMPLETED,GIFT_CARD,USD,2026-05-04 23:07:26
ORD0003947,CUST000096,STORE0013,2026-04-11 11:05:38,REFUNDED,CREDIT_CARD,USD,2026-04-12 14:05:38
ORD0003948,CUST000476,STORE0012,2026-07-04 08:56:02,COMPLETED,STORE_CREDIT,USD,2026-07-06 23:56:02
ORD0003949,CUST000470,STORE0001,2026-08-10 14:55:24,COMPLETED,STORE_CREDIT,USD,2026-08-13 07:55:24
ORD0003950,CUST000222,STORE0006,2026-02-22 17:34:13,COMPLETED,CREDIT_CARD,USD,2026-02-25 13:34:13
ORD0003951,CUST000306,STORE0004,2026-04-26 14:39:33,CANCELLED,GIFT_CARD,USD,2026-04-29 08:39:33
ORD0003952,CUST000250,STORE0003,2026-05-19 19:33:00,COMPLETED,DEBIT_CARD,USD,2026-05-21 14:33:00
ORD0003953,CUST000006,STORE0002,2026-07-19 10:24:42,CANCELLED,CREDIT_CARD,USD,2026-07-21 13:24:42
ORD0003954,CUST000423,STORE0012,2026-06-13 21:43:59,COMPLETED,GIFT_CARD,USD,2026-06-14 08:43:59
ORD0003955,CUST000211,STORE0008,2026-06-16 20:45:00,PENDING,CREDIT_CARD,USD,2026-06-18 04:45:00
ORD0003956,CUST000092,STORE0011,2026-05-25 12:39:06,COMPLETED,STORE_CREDIT,USD,2026-05-27 05:39:06
ORD0003957,CUST000174,STORE0012,2026-04-09 09:28:31,PENDING,CREDIT_CARD,USD,2026-04-09 17:28:31
ORD0003958,CUST000107,STORE0008,2026-04-05 12:12:54,COMPLETED,STORE_CREDIT,USD,2026-04-08 09:12:54
ORD0003959,CUST000087,STORE0005,2026-03-31 08:58:50,COMPLETED,PAYPAL,USD,2026-04-01 00:58:50
ORD0003960,CUST000190,STORE0013,2026-06-14 16:30:18,COMPLETED,CREDIT_CARD,USD,2026-06-15 06:30:18
ORD0003961,CUST000048,STORE0008,2026-03-30 20:31:16,PENDING,CREDIT_CARD,USD,2026-03-31 15:31:16
ORD0003962,CUST000151,STORE0013,2026-07-14 18:54:32,REFUNDED,STORE_CREDIT,USD,2026-07-17 18:54:32
ORD0003963,CUST000232,STORE0010,2026-05-03 09:19:22,REFUNDED,CREDIT_CARD,USD,2026-05-05 05:19:22
ORD0003964,CUST000114,STORE0009,2026-03-27 19:17:53,COMPLETED,GIFT_CARD,USD,2026-03-30 16:17:53
ORD0003965,CUST000451,STORE0004,2026-08-01 12:24:16,COMPLETED,STORE_CREDIT,USD,2026-08-02 20:24:16
ORD0003966,CUST000191,STORE0003,2026-03-28 19:04:55,REFUNDED,CREDIT_CARD,USD,2026-03-31 14:04:55
ORD0003967,CUST000499,STORE0012,2026-07-07 16:26:24,COMPLETED,STORE_CREDIT,USD,2026-07-10 09:26:24
ORD0003968,CUST000241,STORE0007,2026-07-03 18:06:03,PENDING,DEBIT_CARD,USD,2026-07-04 05:06:03
ORD0003969,CUST000225,STORE0006,2026-06-06 12:45:21,REFUNDED,GIFT_CARD,USD,2026-06-07 23:45:21
ORD0003970,CUST000491,STORE0006,2026-07-08 09:26:25,PENDING,GIFT_CARD,USD,2026-07-10 06:26:25
ORD0003971,CUST000111,STORE0007,2026-02-27 09:30:55,COMPLETED,PAYPAL,USD,2026-02-28 23:30:55
ORD0003972,CUST000042,STORE0007,2026-04-27 20:18:56,PENDING,STORE_CREDIT,USD,2026-04-28 08:18:56
ORD0003973,CUST000310,STORE0005,2026-03-26 08:49:56,COMPLETED,CREDIT_CARD,USD,2026-03-28 10:49:56
ORD0003974,CUST000116,STORE0002,2026-03-12 16:56:31,COMPLETED,PAYPAL,USD,2026-03-15 10:56:31
ORD0003975,CUST000217,STORE0008,2026-03-03 14:56:20,COMPLETED,CREDIT_CARD,USD,2026-03-06 02:56:20
ORD0003976,CUST000495,STORE0009,2026-05-19 10:41:33,COMPLETED,STORE_CREDIT,USD,2026-05-21 21:41:33
ORD0003977,CUST000486,STORE0005,2026-08-12 09:42:23,COMPLETED,STORE_CREDIT,USD,2026-08-14 12:42:23
ORD0003978,CUST000433,STORE0009,2026-06-19 11:17:32,COMPLETED,GIFT_CARD,USD,2026-06-22 10:17:32
ORD0003979,CUST000211,STORE0008,2026-05-20 15:42:06,REFUNDED,STORE_CREDIT,USD,2026-05-22 15:42:06
ORD0003980,CUST000401,STORE0004,2026-04-28 10:43:24,CANCELLED,STORE_CREDIT,USD,2026-04-29 11:43:24
ORD0003981,CUST000181,STORE0008,2026-02-19 08:06:27,CANCELLED,GIFT_CARD,USD,2026-02-20 21:06:27
ORD0003982,CUST000323,STORE0001,2026-03-30 11:33:48,COMPLETED,STORE_CREDIT,USD,2026-04-02 07:33:48
ORD0003983,CUST000294,STORE0007,2026-08-11 10:47:58,COMPLETED,STORE_CREDIT,USD,2026-08-12 04:47:58
ORD0003984,CUST000498,STORE0001,2026-06-04 14:29:23,COMPLETED,GIFT_CARD,USD,2026-06-04 15:29:23
ORD0003985,CUST000394,STORE0012,2026-06-26 11:00:45,COMPLETED,DEBIT_CARD,USD,2026-06-29 10:00:45
ORD0003986,CUST000353,STORE0007,2026-06-18 10:37:19,COMPLETED,STORE_CREDIT,USD,2026-06-20 19:37:19
ORD0003987,CUST000019,STORE0005,2026-06-08 10:00:10,REFUNDED,STORE_CREDIT,USD,2026-06-11 05:00:10
ORD0003988,CUST000393,STORE0009,2026-06-06 15:02:55,COMPLETED,DEBIT_CARD,USD,2026-06-08 07:02:55
ORD0003989,CUST000207,STORE0008,2026-07-31 21:16:52,COMPLETED,STORE_CREDIT,USD,2026-08-01 01:16:52
ORD0003990,CUST000135,STORE0003,2026-06-21 08:50:37,CANCELLED,CREDIT_CARD,USD,2026-06-22 11:50:37
ORD0003991,CUST000401,STORE0009,2026-07-28 11:56:02,COMPLETED,GIFT_CARD,USD,2026-07-30 02:56:02
ORD0003992,CUST000184,STORE0011,2026-07-17 16:51:45,COMPLETED,GIFT_CARD,USD,2026-07-20 10:51:45
ORD0003993,CUST000131,STORE0003,2026-05-10 08:19:26,COMPLETED,CREDIT_CARD,USD,2026-05-12 19:19:26
ORD0003994,CUST000044,STORE0003,2026-04-24 13:01:05,COMPLETED,CREDIT_CARD,USD,2026-04-26 20:01:05
ORD0003995,CUST000204,STORE0003,2026-03-11 08:37:52,COMPLETED,PAYPAL,USD,2026-03-12 04:37:52
ORD0003996,CUST000035,STORE0013,2026-02-22 17:08:17,COMPLETED,DEBIT_CARD,USD,2026-02-23 20:08:17
ORD0003997,CUST000147,STORE0003,2026-07-10 20:25:47,COMPLETED,DEBIT_CARD,USD,2026-07-13 10:25:47
ORD0003998,CUST000159,STORE0005,2026-05-24 10:01:13,COMPLETED,GIFT_CARD,USD,2026-05-25 22:01:13
ORD0003999,CUST000038,STORE0005,2026-03-23 09:06:17,COMPLETED,STORE_CREDIT,USD,2026-03-25 20:06:17
ORD0004000,CUST000416,STORE0004,2026-07-08 12:11:29,COMPLETED,GIFT_CARD,USD,2026-07-09 16:11:29
ORD0004001,CUST000153,STORE0011,2026-08-04 17:08:08,PENDING,GIFT_CARD,USD,2026-08-05 09:08:08
ORD0004002,CUST000084,STORE0005,2026-03-16 12:14:40,COMPLETED,PAYPAL,USD,2026-03-18 10:14:40
ORD0004003,CUST000417,STORE0009,2026-02-24 21:05:08,REFUNDED,PAYPAL,USD,2026-02-25 02:05:08
ORD0004004,CUST000326,STORE0010,2026-07-20 19:30:39,COMPLETED,GIFT_CARD,USD,2026-07-23 06:30:39
ORD0004005,CUST000360,STORE0009,2026-03-12 14:58:37,PENDING,CREDIT_CARD,USD,2026-03-14 01:58:37
ORD0004006,CUST000217,STORE0012,2026-04-20 19:22:12,REFUNDED,GIFT_CARD,USD,2026-04-21 12:22:12
ORD0004007,CUST000484,STORE0010,2026-02-24 21:03:21,PENDING,CREDIT_CARD,USD,2026-02-27 13:03:21
ORD0004008,CUST000465,STORE0004,2026-06-17 14:22:13,CANCELLED,STORE_CREDIT,USD,2026-06-20 00:22:13
ORD0004009,CUST000496,STORE0010,2026-05-09 08:42:59,COMPLETED,GIFT_CARD,USD,2026-05-11 01:42:59
ORD0004010,CUST000341,STORE0011,2026-07-07 13:37:20,COMPLETED,CREDIT_CARD,USD,2026-07-08 13:37:20
ORD0004011,CUST000467,STORE0010,2026-05-16 17:39:54,REFUNDED,STORE_CREDIT,USD,2026-05-18 16:39:54
ORD0004012,CUST000024,STORE0002,2026-07-03 09:06:41,COMPLETED,DEBIT_CARD,USD,2026-07-03 09:06:41
ORD0004013,CUST000182,STORE0004,2026-07-01 11:25:04,COMPLETED,STORE_CREDIT,USD,2026-07-02 21:25:04
ORD0004014,CUST000215,STORE0006,2026-03-04 12:53:54,CANCELLED,CREDIT_CARD,USD,2026-03-05 03:53:54
ORD0004015,CUST000256,STORE0003,2026-05-22 09:07:31,COMPLETED,CREDIT_CARD,USD,2026-05-24 22:07:31
ORD0004016,CUST000454,STORE0005,2026-05-14 08:55:13,COMPLETED,STORE_CREDIT,USD,2026-05-16 01:55:13
ORD0004017,CUST000442,STORE0013,2026-03-05 19:57:54,COMPLETED,DEBIT_CARD,USD,2026-03-07 10:57:54
ORD0004018,CUST000066,STORE0010,2026-03-14 11:59:44,PENDING,DEBIT_CARD,USD,2026-03-16 11:59:44
ORD0004019,CUST000133,STORE0001,2026-05-23 08:04:53,COMPLETED,CREDIT_CARD,USD,2026-05-25 13:04:53
ORD0004020,CUST000465,STORE0001,2026-02-21 15:18:33,COMPLETED,DEBIT_CARD,USD,2026-02-22 16:18:33
ORD0004021,CUST000227,STORE0006,2026-03-14 16:01:43,COMPLETED,GIFT_CARD,USD,2026-03-17 01:01:43
ORD0004022,CUST000219,STORE0009,2026-05-21 09:09:12,REFUNDED,STORE_CREDIT,USD,2026-05-23 04:09:12
ORD0004023,CUST000032,STORE0008,2026-03-18 17:16:43,REFUNDED,GIFT_CARD,USD,2026-03-21 12:16:43
ORD0004024,CUST000388,STORE0010,2026-05-28 19:11:44,CANCELLED,DEBIT_CARD,USD,2026-05-30 21:11:44
ORD0004025,CUST000012,STORE0002,2026-08-04 09:11:05,COMPLETED,GIFT_CARD,USD,2026-08-05 10:11:05
ORD0004026,CUST000263,STORE0012,2026-03-24 20:34:56,CANCELLED,GIFT_CARD,USD,2026-03-25 11:34:56
ORD0004027,CUST000106,STORE0004,2026-05-11 15:33:59,COMPLETED,GIFT_CARD,USD,2026-05-12 10:33:59
ORD0004028,CUST000480,STORE0013,2026-07-23 14:01:25,REFUNDED,PAYPAL,USD,2026-07-24 08:01:25
ORD0004029,CUST000071,STORE0010,2026-04-30 15:59:44,REFUNDED,PAYPAL,USD,2026-05-03 07:59:44
ORD0004030,CUST000349,STORE0012,2026-02-17 21:12:42,COMPLETED,PAYPAL,USD,2026-02-20 18:12:42
ORD0004031,CUST000475,STORE0009,2026-03-15 21:40:11,CANCELLED,GIFT_CARD,USD,2026-03-18 01:40:11
ORD0004032,CUST000067,STORE0008,2026-06-20 09:36:46,REFUNDED,STORE_CREDIT,USD,2026-06-22 05:36:46
ORD0004033,CUST000135,STORE0002,2026-04-13 14:19:19,REFUNDED,PAYPAL,USD,2026-04-15 23:19:19
ORD0004034,CUST000146,STORE0005,2026-02-25 19:49:07,PENDING,PAYPAL,USD,2026-02-27 03:49:07
ORD0004035,CUST000263,STORE0009,2026-03-20 18:42:33,COMPLETED,DEBIT_CARD,USD,2026-03-22 03:42:33
ORD0004036,CUST000245,STORE0005,2026-07-27 12:51:28,COMPLETED,DEBIT_CARD,USD,2026-07-29 18:51:28
ORD0004037,CUST000364,STORE0003,2026-04-04 21:29:48,COMPLETED,GIFT_CARD,USD,2026-04-05 17:29:48
ORD0004038,CUST000071,STORE0001,2026-04-11 21:23:32,COMPLETED,STORE_CREDIT,USD,2026-04-13 03:23:32
ORD0004039,CUST000350,STORE0007,2026-07-26 10:44:16,COMPLETED,GIFT_CARD,USD,2026-07-27 05:44:16
ORD0004040,CUST000120,STORE0013,2026-05-17 17:04:50,CANCELLED,STORE_CREDIT,USD,2026-05-20 10:04:50
ORD0004041,CUST000070,STORE0003,2026-02-23 13:18:46,CANCELLED,DEBIT_CARD,USD,2026-02-25 22:18:46
ORD0004042,CUST000188,STORE0011,2026-08-08 11:29:01,PENDING,DEBIT_CARD,USD,2026-08-10 17:29:01
ORD0004043,CUST000044,STORE0010,2026-05-15 13:56:53,COMPLETED,DEBIT_CARD,USD,2026-05-17 20:56:53
ORD0004044,CUST000438,STORE0007,2026-03-18 09:56:22,REFUNDED,PAYPAL,USD,2026-03-20 15:56:22
ORD0004045,CUST000145,STORE0008,2026-02-27 11:41:01,COMPLETED,PAYPAL,USD,2026-03-01 15:41:01
ORD0004046,CUST000066,STORE0007,2026-07-24 16:29:52,COMPLETED,GIFT_CARD,USD,2026-07-27 02:29:52
ORD0004047,CUST000200,STORE0012,2026-03-17 15:10:29,COMPLETED,CREDIT_CARD,USD,2026-03-19 20:10:29
ORD0004048,CUST000444,STORE0009,2026-07-06 10:51:33,COMPLETED,DEBIT_CARD,USD,2026-07-06 13:51:33
ORD0004049,CUST000133,STORE0006,2026-02-17 21:01:38,COMPLETED,PAYPAL,USD,2026-02-18 03:01:38
ORD0004050,CUST000495,STORE0012,2026-06-15 18:04:40,COMPLETED,DEBIT_CARD,USD,2026-06-17 11:04:40
ORD0004051,CUST000406,STORE0003,2026-06-06 16:51:43,REFUNDED,CREDIT_CARD,USD,2026-06-07 15:51:43
ORD0004052,CUST000016,STORE0009,2026-07-30 11:38:22,COMPLETED,CREDIT_CARD,USD,2026-07-31 01:38:22
ORD0004053,CUST000444,STORE0004,2026-04-22 13:50:49,COMPLETED,STORE_CREDIT,USD,2026-04-25 11:50:49
ORD0004054,CUST000488,STORE0013,2026-05-23 14:51:29,COMPLETED,CREDIT_CARD,USD,2026-05-26 13:51:29
ORD0004055,CUST000149,STORE0001,2026-05-15 09:05:34,COMPLETED,STORE_CREDIT,USD,2026-05-16 07:05:34
ORD0004056,CUST000290,STORE0013,2026-04-04 13:14:06,COMPLETED,DEBIT_CARD,USD,2026-04-05 13:14:06
ORD0004057,CUST000478,STORE0002,2026-03-21 14:46:35,CANCELLED,PAYPAL,USD,2026-03-22 07:46:35
ORD0004058,CUST000435,STORE0012,2026-07-30 17:26:50,CANCELLED,GIFT_CARD,USD,2026-08-02 14:26:50
ORD0004059,CUST000225,STORE0001,2026-07-19 21:13:56,COMPLETED,PAYPAL,USD,2026-07-21 20:13:56
ORD0004060,CUST000383,STORE0005,2026-04-20 21:51:41,PENDING,STORE_CREDIT,USD,2026-04-22 05:51:41
ORD0004061,CUST000169,STORE0008,2026-06-22 12:16:38,REFUNDED,DEBIT_CARD,USD,2026-06-22 19:16:38
ORD0004062,CUST000472,STORE0011,2026-02-22 18:43:59,COMPLETED,PAYPAL,USD,2026-02-25 17:43:59
ORD0004063,CUST000228,STORE0007,2026-07-21 09:02:32,COMPLETED,STORE_CREDIT,USD,2026-07-24 06:02:32
ORD0004064,CUST000146,STORE0008,2026-02-14 16:41:41,COMPLETED,GIFT_CARD,USD,2026-02-16 03:41:41
ORD0004065,CUST000069,STORE0006,2026-05-28 15:08:05,PENDING,STORE_CREDIT,USD,2026-05-28 23:08:05
ORD0004066,CUST000388,STORE0009,2026-07-27 10:04:26,COMPLETED,CREDIT_CARD,USD,2026-07-29 07:04:26
ORD0004067,CUST000006,STORE0001,2026-02-15 16:32:34,REFUNDED,PAYPAL,USD,2026-02-18 10:32:34
ORD0004068,CUST000260,STORE0006,2026-05-08 14:50:37,REFUNDED,CREDIT_CARD,USD,2026-05-09 14:50:37
ORD0004069,CUST000238,STORE0007,2026-03-04 17:43:38,REFUNDED,DEBIT_CARD,USD,2026-03-04 22:43:38
ORD0004070,CUST000164,STORE0012,2026-04-04 20:29:42,COMPLETED,DEBIT_CARD,USD,2026-04-06 00:29:42
ORD0004071,CUST000178,STORE0011,2026-03-03 18:18:36,COMPLETED,CREDIT_CARD,USD,2026-03-03 23:18:36
ORD0004072,CUST000480,STORE0009,2026-07-01 09:06:33,CANCELLED,CREDIT_CARD,USD,2026-07-02 03:06:33
ORD0004073,CUST000457,STORE0006,2026-07-01 18:40:43,REFUNDED,CREDIT_CARD,USD,2026-07-04 05:40:43
ORD0004074,CUST000240,STORE0007,2026-07-15 19:26:30,REFUNDED,DEBIT_CARD,USD,2026-07-17 02:26:30
ORD0004075,CUST000110,STORE0013,2026-06-20 21:08:13,CANCELLED,GIFT_CARD,USD,2026-06-21 00:08:13
ORD0004076,CUST000224,STORE0003,2026-07-18 14:43:57,COMPLETED,DEBIT_CARD,USD,2026-07-21 08:43:57
ORD0004077,CUST000204,STORE0009,2026-05-08 19:43:18,COMPLETED,CREDIT_CARD,USD,2026-05-10 21:43:18
ORD0004078,CUST000498,STORE0010,2026-07-19 20:55:15,COMPLETED,STORE_CREDIT,USD,2026-07-20 05:55:15
ORD0004079,CUST000143,STORE0005,2026-03-18 09:30:38,COMPLETED,GIFT_CARD,USD,2026-03-19 11:30:38
ORD0004080,CUST000208,STORE0004,2026-03-09 14:46:42,REFUNDED,GIFT_CARD,USD,2026-03-11 15:46:42
ORD0004081,CUST000409,STORE0003,2026-03-15 10:47:58,COMPLETED,PAYPAL,USD,2026-03-17 16:47:58
ORD0004082,CUST000426,STORE0009,2026-05-08 14:37:59,COMPLETED,STORE_CREDIT,USD,2026-05-09 06:37:59
ORD0004083,CUST000032,STORE0008,2026-05-09 11:01:48,CANCELLED,PAYPAL,USD,2026-05-11 19:01:48
ORD0004084,CUST000470,STORE0007,2026-06-07 11:17:39,COMPLETED,PAYPAL,USD,2026-06-10 05:17:39
ORD0004085,CUST000087,STORE0002,2026-03-22 15:04:46,CANCELLED,DEBIT_CARD,USD,2026-03-24 07:04:46
ORD0004086,CUST000124,STORE0012,2026-06-15 10:56:01,COMPLETED,GIFT_CARD,USD,2026-06-17 17:56:01
ORD0004087,CUST000047,STORE0012,2026-07-13 19:26:13,COMPLETED,CREDIT_CARD,USD,2026-07-16 17:26:13
ORD0004088,CUST000124,STORE0007,2026-03-22 13:41:58,COMPLETED,CREDIT_CARD,USD,2026-03-25 13:41:58
ORD0004089,CUST000355,STORE0007,2026-03-28 12:00:17,COMPLETED,CREDIT_CARD,USD,2026-03-30 12:00:17
ORD0004090,CUST000467,STORE0012,2026-03-02 17:22:47,CANCELLED,PAYPAL,USD,2026-03-03 01:22:47
ORD0004091,CUST000357,STORE0009,2026-06-04 13:12:27,COMPLETED,GIFT_CARD,USD,2026-06-05 03:12:27
ORD0004092,CUST000492,STORE0004,2026-06-12 12:48:45,COMPLETED,CREDIT_CARD,USD,2026-06-14 13:48:45
ORD0004093,CUST000338,STORE0012,2026-05-24 09:58:33,CANCELLED,DEBIT_CARD,USD,2026-05-24 19:58:33
ORD0004094,CUST000080,STORE0002,2026-07-31 20:40:39,COMPLETED,STORE_CREDIT,USD,2026-08-01 23:40:39
ORD0004095,CUST000477,STORE0013,2026-06-23 17:28:38,PENDING,PAYPAL,USD,2026-06-25 14:28:38
ORD0004096,CUST000381,STORE0012,2026-07-25 12:41:06,COMPLETED,STORE_CREDIT,USD,2026-07-28 10:41:06
ORD0004097,CUST000041,STORE0004,2026-04-15 08:59:37,CANCELLED,GIFT_CARD,USD,2026-04-16 16:59:37
ORD0004098,CUST000065,STORE0003,2026-06-24 13:55:59,COMPLETED,CREDIT_CARD,USD,2026-06-25 22:55:59
ORD0004099,CUST000219,STORE0002,2026-07-24 11:06:04,COMPLETED,PAYPAL,USD,2026-07-25 18:06:04
ORD0004100,CUST000216,STORE0008,2026-08-09 17:03:32,COMPLETED,DEBIT_CARD,USD,2026-08-10 08:03:32
ORD0004101,CUST000294,STORE0009,2026-04-10 18:46:03,CANCELLED,STORE_CREDIT,USD,2026-04-13 07:46:03
ORD0004102,CUST000333,STORE0010,2026-03-07 18:41:38,CANCELLED,CREDIT_CARD,USD,2026-03-10 00:41:38
ORD0004103,CUST000337,STORE0011,2026-06-23 18:07:34,COMPLETED,DEBIT_CARD,USD,2026-06-25 04:07:34
ORD0004104,CUST000465,STORE0009,2026-06-01 10:34:15,COMPLETED,STORE_CREDIT,USD,2026-06-04 02:34:15
ORD0004105,CUST000249,STORE0011,2026-07-15 14:32:02,COMPLETED,STORE_CREDIT,USD,2026-07-17 18:32:02
ORD0004106,CUST000336,STORE0006,2026-07-11 16:46:40,REFUNDED,GIFT_CARD,USD,2026-07-13 16:46:40
ORD0004107,CUST000015,STORE0003,2026-07-11 08:51:31,COMPLETED,DEBIT_CARD,USD,2026-07-12 16:51:31
ORD0004108,CUST000436,STORE0004,2026-05-27 11:41:43,CANCELLED,GIFT_CARD,USD,2026-05-28 00:41:43
ORD0004109,CUST000175,STORE0005,2026-05-08 11:26:29,CANCELLED,DEBIT_CARD,USD,2026-05-09 11:26:29
ORD0004110,CUST000413,STORE0002,2026-08-13 12:19:42,COMPLETED,GIFT_CARD,USD,2026-08-15 13:19:42
ORD0004111,CUST000241,STORE0002,2026-02-26 15:02:24,COMPLETED,GIFT_CARD,USD,2026-02-27 03:02:24
ORD0004112,CUST000089,STORE0003,2026-07-14 20:51:23,COMPLETED,GIFT_CARD,USD,2026-07-16 10:51:23
ORD0004113,CUST000264,STORE0013,2026-04-28 16:42:44,REFUNDED,CREDIT_CARD,USD,2026-04-30 18:42:44
ORD0004114,CUST000067,STORE0007,2026-07-30 11:50:27,CANCELLED,CREDIT_CARD,USD,2026-07-30 12:50:27
ORD0004115,CUST000225,STORE0013,2026-04-19 11:12:19,COMPLETED,PAYPAL,USD,2026-04-22 11:12:19
ORD0004116,CUST000356,STORE0011,2026-04-06 11:12:52,PENDING,DEBIT_CARD,USD,2026-04-08 00:12:52
ORD0004117,CUST000183,STORE0004,2026-04-20 08:48:09,COMPLETED,CREDIT_CARD,USD,2026-04-20 23:48:09
ORD0004118,CUST000078,STORE0007,2026-04-08 10:13:58,COMPLETED,PAYPAL,USD,2026-04-08 15:13:58
ORD0004119,CUST000149,STORE0003,2026-02-18 19:44:05,COMPLETED,PAYPAL,USD,2026-02-21 13:44:05
ORD0004120,CUST000400,STORE0009,2026-07-03 09:18:36,COMPLETED,GIFT_CARD,USD,2026-07-05 17:18:36
ORD0004121,CUST000065,STORE0008,2026-03-06 18:22:57,PENDING,DEBIT_CARD,USD,2026-03-07 07:22:57
ORD0004122,CUST000408,STORE0010,2026-04-22 14:14:23,COMPLETED,STORE_CREDIT,USD,2026-04-23 03:14:23
ORD0004123,CUST000171,STORE0008,2026-03-14 12:53:44,PENDING,DEBIT_CARD,USD,2026-03-16 21:53:44
ORD0004124,CUST000308,STORE0009,2026-02-20 15:04:08,COMPLETED,PAYPAL,USD,2026-02-21 15:04:08
ORD0004125,CUST000391,STORE0003,2026-04-11 15:15:37,REFUNDED,PAYPAL,USD,2026-04-14 00:15:37
ORD0004126,CUST000111,STORE0007,2026-04-24 11:09:15,COMPLETED,CREDIT_CARD,USD,2026-04-27 11:09:15
ORD0004127,CUST000257,STORE0005,2026-02-23 21:00:18,COMPLETED,CREDIT_CARD,USD,2026-02-24 05:00:18
ORD0004128,CUST000294,STORE0004,2026-07-12 17:47:11,COMPLETED,DEBIT_CARD,USD,2026-07-15 13:47:11
ORD0004129,CUST000377,STORE0011,2026-06-30 17:40:11,PENDING,PAYPAL,USD,2026-06-30 19:40:11
ORD0004130,CUST000207,STORE0003,2026-04-26 08:32:47,COMPLETED,STORE_CREDIT,USD,2026-04-26 18:32:47
ORD0004131,CUST000194,STORE0005,2026-05-26 15:18:55,COMPLETED,PAYPAL,USD,2026-05-28 08:18:55
ORD0004132,CUST000268,STORE0009,2026-08-02 12:32:55,CANCELLED,GIFT_CARD,USD,2026-08-02 13:32:55
ORD0004133,CUST000377,STORE0003,2026-04-12 12:51:14,REFUNDED,CREDIT_CARD,USD,2026-04-14 21:51:14
ORD0004134,CUST000424,STORE0001,2026-07-10 14:38:49,COMPLETED,PAYPAL,USD,2026-07-12 06:38:49
ORD0004135,CUST000239,STORE0006,2026-03-13 10:59:09,COMPLETED,DEBIT_CARD,USD,2026-03-16 00:59:09
ORD0004136,CUST000325,STORE0001,2026-05-09 14:00:11,COMPLETED,GIFT_CARD,USD,2026-05-10 09:00:11
ORD0004137,CUST000433,STORE0012,2026-04-03 15:34:56,COMPLETED,PAYPAL,USD,2026-04-03 22:34:56
ORD0004138,CUST000119,STORE0009,2026-05-17 13:23:02,COMPLETED,DEBIT_CARD,USD,2026-05-18 13:23:02
ORD0004139,CUST000368,STORE0010,2026-03-17 11:02:40,COMPLETED,CREDIT_CARD,USD,2026-03-17 23:02:40
ORD0004140,CUST000131,STORE0001,2026-05-22 12:06:23,PENDING,CREDIT_CARD,USD,2026-05-23 01:06:23
ORD0004141,CUST000376,STORE0010,2026-05-20 08:04:01,COMPLETED,DEBIT_CARD,USD,2026-05-21 15:04:01
ORD0004142,CUST000062,STORE0004,2026-07-09 17:40:43,COMPLETED,GIFT_CARD,USD,2026-07-12 14:40:43
ORD0004143,CUST000048,STORE0001,2026-08-09 20:05:38,PENDING,DEBIT_CARD,USD,2026-08-11 15:05:38
ORD0004144,CUST000475,STORE0011,2026-07-02 09:51:18,REFUNDED,GIFT_CARD,USD,2026-07-03 16:51:18
ORD0004145,CUST000445,STORE0002,2026-06-18 14:15:01,REFUNDED,STORE_CREDIT,USD,2026-06-19 03:15:01
ORD0004146,CUST000041,STORE0011,2026-04-29 09:59:00,COMPLETED,STORE_CREDIT,USD,2026-05-02 08:59:00
ORD0004147,CUST000195,STORE0003,2026-07-29 18:01:40,COMPLETED,DEBIT_CARD,USD,2026-08-01 16:01:40
ORD0004148,CUST000499,STORE0004,2026-07-20 15:08:23,REFUNDED,CREDIT_CARD,USD,2026-07-21 07:08:23
ORD0004149,CUST000485,STORE0002,2026-03-22 15:52:51,CANCELLED,GIFT_CARD,USD,2026-03-24 06:52:51
ORD0004150,CUST000159,STORE0013,2026-07-25 17:29:51,COMPLETED,DEBIT_CARD,USD,2026-07-28 03:29:51
ORD0004151,CUST000242,STORE0009,2026-06-05 21:07:36,COMPLETED,DEBIT_CARD,USD,2026-06-06 04:07:36
ORD0004152,CUST000403,STORE0009,2026-08-01 12:20:43,COMPLETED,GIFT_CARD,USD,2026-08-02 00:20:43
ORD0004153,CUST000171,STORE0011,2026-07-20 16:11:45,COMPLETED,CREDIT_CARD,USD,2026-07-23 14:11:45
ORD0004154,CUST000381,STORE0007,2026-05-02 17:49:29,REFUNDED,PAYPAL,USD,2026-05-03 05:49:29
ORD0004155,CUST000049,STORE0006,2026-04-17 11:17:22,COMPLETED,STORE_CREDIT,USD,2026-04-18 11:17:22
ORD0004156,CUST000214,STORE0010,2026-06-10 16:32:41,COMPLETED,CREDIT_CARD,USD,2026-06-11 18:32:41
ORD0004157,CUST000258,STORE0006,2026-08-09 10:02:41,COMPLETED,GIFT_CARD,USD,2026-08-11 13:02:41
ORD0004158,CUST000131,STORE0001,2026-05-12 16:51:22,COMPLETED,STORE_CREDIT,USD,2026-05-14 13:51:22
ORD0004159,CUST000449,STORE0005,2026-08-04 18:42:19,PENDING,DEBIT_CARD,USD,2026-08-07 18:42:19
ORD0004160,CUST000428,STORE0002,2026-06-09 19:36:54,COMPLETED,GIFT_CARD,USD,2026-06-11 08:36:54
ORD0004161,CUST000461,STORE0010,2026-05-30 19:14:00,PENDING,STORE_CREDIT,USD,2026-06-01 06:14:00
ORD0004162,CUST000280,STORE0009,2026-03-29 16:42:58,COMPLETED,GIFT_CARD,USD,2026-03-29 17:42:58
ORD0004163,CUST000082,STORE0004,2026-03-12 09:27:57,COMPLETED,GIFT_CARD,USD,2026-03-14 08:27:57
ORD0004164,CUST000348,STORE0004,2026-04-06 13:37:54,PENDING,CREDIT_CARD,USD,2026-04-06 18:37:54
ORD0004165,CUST000323,STORE0006,2026-05-09 19:25:36,COMPLETED,GIFT_CARD,USD,2026-05-10 06:25:36
ORD0004166,CUST000446,STORE0008,2026-04-22 19:06:42,COMPLETED,PAYPAL,USD,2026-04-23 10:06:42
ORD0004167,CUST000230,STORE0002,2026-03-07 08:27:36,PENDING,PAYPAL,USD,2026-03-09 12:27:36
ORD0004168,CUST000209,STORE0003,2026-04-13 12:18:12,COMPLETED,STORE_CREDIT,USD,2026-04-14 10:18:12
ORD0004169,CUST000115,STORE0012,2026-04-18 14:47:03,COMPLETED,PAYPAL,USD,2026-04-18 20:47:03
ORD0004170,CUST000052,STORE0007,2026-08-05 19:51:42,REFUNDED,GIFT_CARD,USD,2026-08-07 17:51:42
ORD0004171,CUST000434,STORE0005,2026-05-22 12:35:50,PENDING,PAYPAL,USD,2026-05-25 03:35:50
ORD0004172,CUST000232,STORE0007,2026-05-03 14:51:53,COMPLETED,PAYPAL,USD,2026-05-04 16:51:53
ORD0004173,CUST000115,STORE0007,2026-05-24 19:21:27,COMPLETED,DEBIT_CARD,USD,2026-05-27 05:21:27
ORD0004174,CUST000358,STORE0007,2026-05-30 13:44:51,REFUNDED,CREDIT_CARD,USD,2026-06-02 01:44:51
ORD0004175,CUST000066,STORE0004,2026-04-20 21:58:37,REFUNDED,GIFT_CARD,USD,2026-04-22 05:58:37
ORD0004176,CUST000050,STORE0005,2026-06-28 18:04:01,CANCELLED,PAYPAL,USD,2026-06-30 13:04:01
ORD0004177,CUST000007,STORE0004,2026-07-25 11:47:07,COMPLETED,PAYPAL,USD,2026-07-27 13:47:07
ORD0004178,CUST000158,STORE0010,2026-07-04 17:23:26,REFUNDED,CREDIT_CARD,USD,2026-07-05 04:23:26
ORD0004179,CUST000467,STORE0010,2026-06-06 21:22:33,COMPLETED,STORE_CREDIT,USD,2026-06-08 00:22:33
ORD0004180,CUST000346,STORE0002,2026-04-06 20:00:25,COMPLETED,GIFT_CARD,USD,2026-04-08 13:00:25
ORD0004181,CUST000478,STORE0001,2026-04-29 20:32:50,COMPLETED,STORE_CREDIT,USD,2026-05-02 13:32:50
ORD0004182,CUST000028,STORE0003,2026-05-01 20:37:15,CANCELLED,CREDIT_CARD,USD,2026-05-04 06:37:15
ORD0004183,CUST000138,STORE0006,2026-07-02 19:56:49,CANCELLED,GIFT_CARD,USD,2026-07-02 21:56:49
ORD0004184,CUST000328,STORE0009,2026-03-29 21:18:23,REFUNDED,PAYPAL,USD,2026-04-01 00:18:23
ORD0004185,CUST000265,STORE0002,2026-05-30 11:53:28,CANCELLED,DEBIT_CARD,USD,2026-06-01 18:53:28
ORD0004186,CUST000461,STORE0001,2026-03-15 13:43:02,PENDING,GIFT_CARD,USD,2026-03-16 20:43:02
ORD0004187,CUST000373,STORE0006,2026-05-28 10:07:54,COMPLETED,DEBIT_CARD,USD,2026-05-29 19:07:54
ORD0004188,CUST000009,STORE0006,2026-06-18 12:39:08,PENDING,DEBIT_CARD,USD,2026-06-18 20:39:08
ORD0004189,CUST000404,STORE0011,2026-08-02 16:28:02,COMPLETED,GIFT_CARD,USD,2026-08-04 00:28:02
ORD0004190,CUST000241,STORE0007,2026-07-27 17:44:03,COMPLETED,CREDIT_CARD,USD,2026-07-27 20:44:03
ORD0004191,CUST000415,STORE0010,2026-04-12 12:23:41,COMPLETED,PAYPAL,USD,2026-04-12 21:23:41
ORD0004192,CUST000385,STORE0012,2026-08-05 09:54:15,REFUNDED,DEBIT_CARD,USD,2026-08-06 05:54:15
ORD0004193,CUST000255,STORE0003,2026-06-03 16:18:28,COMPLETED,STORE_CREDIT,USD,2026-06-03 21:18:28
ORD0004194,CUST000015,STORE0004,2026-04-24 10:02:25,COMPLETED,STORE_CREDIT,USD,2026-04-27 02:02:25
ORD0004195,CUST000150,STORE0009,2026-05-09 21:58:06,REFUNDED,PAYPAL,USD,2026-05-10 06:58:06
ORD0004196,CUST000127,STORE0011,2026-05-21 15:35:22,CANCELLED,DEBIT_CARD,USD,2026-05-24 00:35:22
ORD0004197,CUST000480,STORE0008,2026-06-03 19:25:33,COMPLETED,CREDIT_CARD,USD,2026-06-04 21:25:33
ORD0004198,CUST000086,STORE0006,2026-08-05 15:01:18,COMPLETED,GIFT_CARD,USD,2026-08-07 10:01:18
ORD0004199,CUST000277,STORE0008,2026-07-24 12:11:06,COMPLETED,DEBIT_CARD,USD,2026-07-25 22:11:06
ORD0004200,CUST000267,STORE0013,2026-06-02 21:03:58,CANCELLED,PAYPAL,USD,2026-06-03 00:03:58
ORD0004201,CUST000393,STORE0007,2026-06-09 20:48:27,PENDING,CREDIT_CARD,USD,2026-06-09 21:48:27
ORD0004202,CUST000300,STORE0005,2026-07-25 11:43:48,COMPLETED,CREDIT_CARD,USD,2026-07-28 04:43:48
ORD0004203,CUST000398,STORE0008,2026-07-30 18:51:35,COMPLETED,GIFT_CARD,USD,2026-08-01 14:51:35
ORD0004204,CUST000096,STORE0005,2026-07-12 09:18:34,COMPLETED,PAYPAL,USD,2026-07-15 08:18:34
ORD0004205,CUST000294,STORE0004,2026-03-11 20:45:02,COMPLETED,PAYPAL,USD,2026-03-14 14:45:02
ORD0004206,CUST000478,STORE0005,2026-03-07 14:20:46,COMPLETED,GIFT_CARD,USD,2026-03-07 22:20:46
ORD0004207,CUST000391,STORE0005,2026-08-04 19:07:01,COMPLETED,PAYPAL,USD,2026-08-06 22:07:01
ORD0004208,CUST000142,STORE0007,2026-04-10 08:11:49,COMPLETED,STORE_CREDIT,USD,2026-04-12 23:11:49
ORD0004209,CUST000113,STORE0003,2026-03-10 09:40:43,REFUNDED,GIFT_CARD,USD,2026-03-11 06:40:43
ORD0004210,CUST000248,STORE0010,2026-07-11 16:54:56,COMPLETED,CREDIT_CARD,USD,2026-07-13 01:54:56
ORD0004211,CUST000380,STORE0007,2026-03-22 20:53:58,PENDING,STORE_CREDIT,USD,2026-03-25 16:53:58
ORD0004212,CUST000006,STORE0003,2026-04-05 11:44:38,CANCELLED,GIFT_CARD,USD,2026-04-05 13:44:38
ORD0004213,CUST000358,STORE0013,2026-06-19 13:34:47,REFUNDED,CREDIT_CARD,USD,2026-06-20 01:34:47
ORD0004214,CUST000229,STORE0002,2026-06-22 13:04:07,COMPLETED,PAYPAL,USD,2026-06-24 21:04:07
ORD0004215,CUST000026,STORE0010,2026-05-27 10:41:47,COMPLETED,PAYPAL,USD,2026-05-30 03:41:47
ORD0004216,CUST000067,STORE0007,2026-07-28 19:52:02,REFUNDED,DEBIT_CARD,USD,2026-07-31 12:52:02
ORD0004217,CUST000291,STORE0008,2026-04-27 18:40:13,COMPLETED,CREDIT_CARD,USD,2026-04-29 09:40:13
ORD0004218,CUST000240,STORE0011,2026-05-11 14:28:20,COMPLETED,PAYPAL,USD,2026-05-14 08:28:20
ORD0004219,CUST000423,STORE0003,2026-08-05 12:52:05,PENDING,DEBIT_CARD,USD,2026-08-06 13:52:05
ORD0004220,CUST000308,STORE0011,2026-05-01 12:18:35,CANCELLED,DEBIT_CARD,USD,2026-05-01 19:18:35
ORD0004221,CUST000183,STORE0010,2026-07-12 09:36:08,COMPLETED,PAYPAL,USD,2026-07-14 01:36:08
ORD0004222,CUST000062,STORE0010,2026-02-26 14:10:18,COMPLETED,DEBIT_CARD,USD,2026-02-28 13:10:18
ORD0004223,CUST000371,STORE0001,2026-06-02 14:59:22,COMPLETED,PAYPAL,USD,2026-06-04 12:59:22
ORD0004224,CUST000192,STORE0012,2026-05-18 15:49:22,COMPLETED,STORE_CREDIT,USD,2026-05-21 07:49:22
ORD0004225,CUST000357,STORE0011,2026-05-28 17:06:44,COMPLETED,STORE_CREDIT,USD,2026-05-31 05:06:44
ORD0004226,CUST000408,STORE0009,2026-03-08 13:35:37,PENDING,STORE_CREDIT,USD,2026-03-09 04:35:37
ORD0004227,CUST000332,STORE0008,2026-03-03 17:23:30,COMPLETED,PAYPAL,USD,2026-03-05 13:23:30
ORD0004228,CUST000020,STORE0013,2026-02-28 11:57:28,COMPLETED,PAYPAL,USD,2026-03-03 08:57:28
ORD0004229,CUST000462,STORE0004,2026-03-14 19:55:57,COMPLETED,CREDIT_CARD,USD,2026-03-17 07:55:57
ORD0004230,CUST000049,STORE0004,2026-04-29 10:55:06,COMPLETED,PAYPAL,USD,2026-05-02 03:55:06
ORD0004231,CUST000057,STORE0002,2026-07-05 08:12:07,CANCELLED,STORE_CREDIT,USD,2026-07-07 10:12:07
ORD0004232,CUST000345,STORE0007,2026-04-18 15:58:56,REFUNDED,PAYPAL,USD,2026-04-20 03:58:56
ORD0004233,CUST000064,STORE0010,2026-06-27 15:34:07,REFUNDED,DEBIT_CARD,USD,2026-06-28 18:34:07
ORD0004234,CUST000116,STORE0010,2026-04-01 19:44:53,COMPLETED,GIFT_CARD,USD,2026-04-03 11:44:53
ORD0004235,CUST000191,STORE0006,2026-04-28 20:18:01,PENDING,GIFT_CARD,USD,2026-04-30 14:18:01
ORD0004236,CUST000428,STORE0010,2026-02-24 20:30:02,PENDING,GIFT_CARD,USD,2026-02-25 16:30:02
ORD0004237,CUST000419,STORE0009,2026-06-11 16:36:26,COMPLETED,DEBIT_CARD,USD,2026-06-13 13:36:26
ORD0004238,CUST000255,STORE0006,2026-04-13 15:13:29,COMPLETED,PAYPAL,USD,2026-04-14 12:13:29
ORD0004239,CUST000084,STORE0003,2026-05-21 17:20:59,COMPLETED,DEBIT_CARD,USD,2026-05-23 06:20:59
ORD0004240,CUST000413,STORE0009,2026-05-20 11:55:19,REFUNDED,DEBIT_CARD,USD,2026-05-20 17:55:19
ORD0004241,CUST000312,STORE0008,2026-02-19 14:42:16,COMPLETED,DEBIT_CARD,USD,2026-02-19 23:42:16
ORD0004242,CUST000293,STORE0011,2026-07-17 18:15:07,CANCELLED,GIFT_CARD,USD,2026-07-17 20:15:07
ORD0004243,CUST000300,STORE0005,2026-07-18 08:26:48,COMPLETED,GIFT_CARD,USD,2026-07-19 15:26:48
ORD0004244,CUST000021,STORE0001,2026-07-17 09:31:51,COMPLETED,DEBIT_CARD,USD,2026-07-19 07:31:51
ORD0004245,CUST000286,STORE0009,2026-05-04 15:36:28,COMPLETED,CREDIT_CARD,USD,2026-05-05 18:36:28
ORD0004246,CUST000302,STORE0009,2026-03-19 16:34:15,COMPLETED,CREDIT_CARD,USD,2026-03-22 03:34:15
ORD0004247,CUST000418,STORE0009,2026-07-04 14:35:50,COMPLETED,PAYPAL,USD,2026-07-07 12:35:50
ORD0004248,CUST000352,STORE0008,2026-05-12 19:59:22,PENDING,STORE_CREDIT,USD,2026-05-15 07:59:22
ORD0004249,CUST000101,STORE0001,2026-02-23 19:54:39,COMPLETED,DEBIT_CARD,USD,2026-02-24 15:54:39
ORD0004250,CUST000334,STORE0007,2026-06-18 10:39:32,COMPLETED,CREDIT_CARD,USD,2026-06-20 15:39:32
ORD0004251,CUST000358,STORE0003,2026-07-16 14:12:46,PENDING,CREDIT_CARD,USD,2026-07-19 07:12:46
ORD0004252,CUST000378,STORE0003,2026-07-07 08:14:04,COMPLETED,DEBIT_CARD,USD,2026-07-07 21:14:04
ORD0004253,CUST000044,STORE0012,2026-06-07 15:11:37,REFUNDED,GIFT_CARD,USD,2026-06-08 14:11:37
ORD0004254,CUST000167,STORE0012,2026-04-11 10:53:20,COMPLETED,CREDIT_CARD,USD,2026-04-13 16:53:20
ORD0004255,CUST000455,STORE0003,2026-04-17 08:30:13,CANCELLED,STORE_CREDIT,USD,2026-04-20 03:30:13
ORD0004256,CUST000213,STORE0006,2026-03-18 21:06:03,COMPLETED,PAYPAL,USD,2026-03-19 01:06:03
ORD0004257,CUST000035,STORE0010,2026-07-24 19:29:07,COMPLETED,CREDIT_CARD,USD,2026-07-27 11:29:07
ORD0004258,CUST000483,STORE0006,2026-02-19 18:44:19,COMPLETED,DEBIT_CARD,USD,2026-02-20 15:44:19
ORD0004259,CUST000267,STORE0003,2026-05-26 15:51:02,COMPLETED,CREDIT_CARD,USD,2026-05-29 15:51:02
ORD0004260,CUST000124,STORE0008,2026-03-13 17:05:02,COMPLETED,CREDIT_CARD,USD,2026-03-15 16:05:02
ORD0004261,CUST000407,STORE0002,2026-06-20 13:48:26,COMPLETED,STORE_CREDIT,USD,2026-06-20 18:48:26
ORD0004262,CUST000371,STORE0004,2026-05-11 17:04:52,COMPLETED,GIFT_CARD,USD,2026-05-14 04:04:52
ORD0004263,CUST000244,STORE0006,2026-02-17 20:49:48,PENDING,PAYPAL,USD,2026-02-18 04:49:48
ORD0004264,CUST000018,STORE0011,2026-07-25 18:23:33,COMPLETED,STORE_CREDIT,USD,2026-07-28 10:23:33
ORD0004265,CUST000044,STORE0008,2026-02-19 15:53:28,COMPLETED,PAYPAL,USD,2026-02-22 03:53:28
ORD0004266,CUST000120,STORE0009,2026-05-24 16:09:54,CANCELLED,GIFT_CARD,USD,2026-05-25 00:09:54
ORD0004267,CUST000288,STORE0007,2026-03-15 14:38:00,COMPLETED,GIFT_CARD,USD,2026-03-18 08:38:00
ORD0004268,CUST000225,STORE0005,2026-06-28 09:16:19,COMPLETED,STORE_CREDIT,USD,2026-06-29 15:16:19
ORD0004269,CUST000205,STORE0003,2026-05-31 20:13:38,COMPLETED,STORE_CREDIT,USD,2026-06-01 08:13:38
ORD0004270,CUST000082,STORE0008,2026-06-12 15:43:29,COMPLETED,GIFT_CARD,USD,2026-06-13 15:43:29
ORD0004271,CUST000105,STORE0002,2026-03-15 11:52:58,PENDING,STORE_CREDIT,USD,2026-03-18 02:52:58
ORD0004272,CUST000434,STORE0010,2026-03-28 17:54:15,COMPLETED,PAYPAL,USD,2026-03-29 00:54:15
ORD0004273,CUST000342,STORE0007,2026-02-14 13:56:58,PENDING,PAYPAL,USD,2026-02-14 13:56:58
ORD0004274,CUST000267,STORE0013,2026-07-16 15:12:29,REFUNDED,GIFT_CARD,USD,2026-07-19 14:12:29
ORD0004275,CUST000298,STORE0001,2026-03-30 12:52:07,COMPLETED,PAYPAL,USD,2026-03-31 01:52:07
ORD0004276,CUST000291,STORE0001,2026-05-09 11:51:53,COMPLETED,CREDIT_CARD,USD,2026-05-09 18:51:53
ORD0004277,CUST000398,STORE0006,2026-02-25 10:13:05,COMPLETED,GIFT_CARD,USD,2026-02-27 19:13:05
ORD0004278,CUST000465,STORE0001,2026-02-16 15:16:35,CANCELLED,STORE_CREDIT,USD,2026-02-17 19:16:35
ORD0004279,CUST000074,STORE0001,2026-03-22 19:50:57,COMPLETED,DEBIT_CARD,USD,2026-03-24 11:50:57
ORD0004280,CUST000294,STORE0006,2026-06-20 13:43:29,COMPLETED,PAYPAL,USD,2026-06-23 05:43:29
ORD0004281,CUST000363,STORE0010,2026-04-21 17:44:09,PENDING,CREDIT_CARD,USD,2026-04-22 19:44:09
ORD0004282,CUST000253,STORE0009,2026-04-05 09:14:21,PENDING,CREDIT_CARD,USD,2026-04-07 19:14:21
ORD0004283,CUST000262,STORE0013,2026-04-16 20:29:53,COMPLETED,PAYPAL,USD,2026-04-16 22:29:53
ORD0004284,CUST000182,STORE0006,2026-08-09 08:57:28,COMPLETED,GIFT_CARD,USD,2026-08-12 05:57:28
ORD0004285,CUST000457,STORE0007,2026-04-23 08:50:35,COMPLETED,GIFT_CARD,USD,2026-04-24 18:50:35
ORD0004286,CUST000268,STORE0006,2026-08-09 21:20:37,CANCELLED,CREDIT_CARD,USD,2026-08-10 07:20:37
ORD0004287,CUST000161,STORE0008,2026-07-12 08:53:12,PENDING,CREDIT_CARD,USD,2026-07-15 00:53:12
ORD0004288,CUST000376,STORE0011,2026-05-25 13:56:18,COMPLETED,CREDIT_CARD,USD,2026-05-27 21:56:18
ORD0004289,CUST000300,STORE0003,2026-06-28 17:29:41,COMPLETED,GIFT_CARD,USD,2026-06-29 10:29:41
ORD0004290,CUST000274,STORE0008,2026-06-15 18:43:24,COMPLETED,DEBIT_CARD,USD,2026-06-16 06:43:24
ORD0004291,CUST000134,STORE0006,2026-04-05 09:58:07,COMPLETED,CREDIT_CARD,USD,2026-04-08 00:58:07
ORD0004292,CUST000207,STORE0009,2026-04-21 14:27:53,PENDING,GIFT_CARD,USD,2026-04-23 21:27:53
ORD0004293,CUST000232,STORE0004,2026-06-02 12:23:26,COMPLETED,DEBIT_CARD,USD,2026-06-02 21:23:26
ORD0004294,CUST000243,STORE0012,2026-08-04 10:07:43,COMPLETED,STORE_CREDIT,USD,2026-08-04 18:07:43
ORD0004295,CUST000124,STORE0013,2026-07-15 21:44:56,COMPLETED,STORE_CREDIT,USD,2026-07-16 18:44:56
ORD0004296,CUST000092,STORE0013,2026-02-18 15:51:05,PENDING,DEBIT_CARD,USD,2026-02-19 00:51:05
ORD0004297,CUST000244,STORE0008,2026-04-26 12:31:12,COMPLETED,GIFT_CARD,USD,2026-04-28 01:31:12
ORD0004298,CUST000277,STORE0005,2026-06-15 10:29:43,COMPLETED,GIFT_CARD,USD,2026-06-15 15:29:43
ORD0004299,CUST000256,STORE0002,2026-06-18 09:24:37,CANCELLED,GIFT_CARD,USD,2026-06-19 21:24:37
ORD0004300,CUST000194,STORE0004,2026-03-30 12:31:02,COMPLETED,DEBIT_CARD,USD,2026-04-01 03:31:02
ORD0004301,CUST000241,STORE0002,2026-03-28 08:02:28,COMPLETED,PAYPAL,USD,2026-03-28 19:02:28
ORD0004302,CUST000325,STORE0010,2026-06-15 18:28:25,REFUNDED,GIFT_CARD,USD,2026-06-18 07:28:25
ORD0004303,CUST000296,STORE0002,2026-07-05 15:44:21,CANCELLED,GIFT_CARD,USD,2026-07-05 21:44:21
ORD0004304,CUST000142,STORE0007,2026-04-30 18:58:56,PENDING,CREDIT_CARD,USD,2026-05-01 08:58:56
ORD0004305,CUST000262,STORE0002,2026-02-21 20:44:25,COMPLETED,CREDIT_CARD,USD,2026-02-24 11:44:25
ORD0004306,CUST000260,STORE0006,2026-07-21 08:48:07,COMPLETED,DEBIT_CARD,USD,2026-07-23 04:48:07
ORD0004307,CUST000059,STORE0005,2026-03-09 10:30:31,COMPLETED,GIFT_CARD,USD,2026-03-09 19:30:31
ORD0004308,CUST000339,STORE0009,2026-04-16 21:37:10,CANCELLED,DEBIT_CARD,USD,2026-04-17 12:37:10
ORD0004309,CUST000029,STORE0013,2026-06-20 12:14:48,COMPLETED,DEBIT_CARD,USD,2026-06-22 13:14:48
ORD0004310,CUST000491,STORE0012,2026-07-25 21:13:20,COMPLETED,DEBIT_CARD,USD,2026-07-28 09:13:20
ORD0004311,CUST000217,STORE0005,2026-06-16 10:32:55,COMPLETED,DEBIT_CARD,USD,2026-06-17 17:32:55
ORD0004312,CUST000396,STORE0011,2026-08-05 11:11:08,COMPLETED,GIFT_CARD,USD,2026-08-07 20:11:08
ORD0004313,CUST000350,STORE0005,2026-08-04 09:52:29,COMPLETED,STORE_CREDIT,USD,2026-08-04 12:52:29
ORD0004314,CUST000148,STORE0012,2026-08-01 10:17:07,PENDING,STORE_CREDIT,USD,2026-08-02 07:17:07
ORD0004315,CUST000261,STORE0004,2026-03-24 08:48:39,COMPLETED,GIFT_CARD,USD,2026-03-26 22:48:39
ORD0004316,CUST000225,STORE0009,2026-05-19 21:05:17,COMPLETED,GIFT_CARD,USD,2026-05-21 16:05:17
ORD0004317,CUST000251,STORE0003,2026-06-03 16:12:10,PENDING,DEBIT_CARD,USD,2026-06-04 21:12:10
ORD0004318,CUST000462,STORE0002,2026-03-13 21:58:24,COMPLETED,CREDIT_CARD,USD,2026-03-15 00:58:24
ORD0004319,CUST000356,STORE0012,2026-07-21 14:28:58,COMPLETED,CREDIT_CARD,USD,2026-07-23 22:28:58
ORD0004320,CUST000466,STORE0004,2026-04-12 11:23:25,COMPLETED,GIFT_CARD,USD,2026-04-14 10:23:25
ORD0004321,CUST000058,STORE0013,2026-02-28 19:46:15,REFUNDED,CREDIT_CARD,USD,2026-03-02 04:46:15
ORD0004322,CUST000072,STORE0001,2026-08-02 18:41:08,COMPLETED,CREDIT_CARD,USD,2026-08-02 22:41:08
ORD0004323,CUST000118,STORE0001,2026-06-17 08:39:39,COMPLETED,STORE_CREDIT,USD,2026-06-18 20:39:39
ORD0004324,CUST000010,STORE0003,2026-07-22 16:19:37,REFUNDED,STORE_CREDIT,USD,2026-07-23 18:19:37
ORD0004325,CUST000447,STORE0011,2026-08-02 10:03:44,COMPLETED,CREDIT_CARD,USD,2026-08-03 17:03:44
ORD0004326,CUST000051,STORE0011,2026-07-06 14:24:19,REFUNDED,CREDIT_CARD,USD,2026-07-07 04:24:19
ORD0004327,CUST000343,STORE0005,2026-05-30 20:21:38,PENDING,DEBIT_CARD,USD,2026-05-31 14:21:38
ORD0004328,CUST000008,STORE0001,2026-04-27 15:00:12,COMPLETED,PAYPAL,USD,2026-04-28 11:00:12
ORD0004329,CUST000441,STORE0009,2026-05-03 21:59:42,COMPLETED,CREDIT_CARD,USD,2026-05-06 21:59:42
ORD0004330,CUST000452,STORE0001,2026-05-18 11:35:33,CANCELLED,CREDIT_CARD,USD,2026-05-19 15:35:33
ORD0004331,CUST000216,STORE0002,2026-06-04 08:48:05,COMPLETED,DEBIT_CARD,USD,2026-06-06 22:48:05
ORD0004332,CUST000021,STORE0002,2026-05-17 20:06:00,COMPLETED,STORE_CREDIT,USD,2026-05-18 02:06:00
ORD0004333,CUST000080,STORE0012,2026-02-22 17:28:43,PENDING,PAYPAL,USD,2026-02-25 03:28:43
ORD0004334,CUST000440,STORE0013,2026-07-25 12:08:08,COMPLETED,GIFT_CARD,USD,2026-07-27 13:08:08
ORD0004335,CUST000247,STORE0007,2026-03-25 11:14:52,COMPLETED,GIFT_CARD,USD,2026-03-27 21:14:52
ORD0004336,CUST000452,STORE0005,2026-06-25 11:05:31,PENDING,STORE_CREDIT,USD,2026-06-26 23:05:31
ORD0004337,CUST000249,STORE0004,2026-06-13 10:09:53,REFUNDED,PAYPAL,USD,2026-06-15 02:09:53
ORD0004338,CUST000053,STORE0004,2026-06-25 17:35:34,COMPLETED,DEBIT_CARD,USD,2026-06-25 17:35:34
ORD0004339,CUST000119,STORE0011,2026-05-11 16:27:08,COMPLETED,DEBIT_CARD,USD,2026-05-13 03:27:08
ORD0004340,CUST000099,STORE0001,2026-05-17 14:52:24,PENDING,PAYPAL,USD,2026-05-19 09:52:24
ORD0004341,CUST000133,STORE0004,2026-05-02 10:07:01,CANCELLED,DEBIT_CARD,USD,2026-05-04 01:07:01
ORD0004342,CUST000201,STORE0011,2026-07-06 15:18:47,CANCELLED,CREDIT_CARD,USD,2026-07-08 11:18:47
ORD0004343,CUST000219,STORE0002,2026-03-23 12:31:51,PENDING,STORE_CREDIT,USD,2026-03-25 12:31:51
ORD0004344,CUST000155,STORE0013,2026-06-03 17:10:58,COMPLETED,STORE_CREDIT,USD,2026-06-05 16:10:58
ORD0004345,CUST000386,STORE0005,2026-07-03 10:21:45,COMPLETED,PAYPAL,USD,2026-07-05 02:21:45
ORD0004346,CUST000252,STORE0011,2026-05-23 16:15:23,PENDING,STORE_CREDIT,USD,2026-05-24 12:15:23
ORD0004347,CUST000450,STORE0013,2026-02-25 12:26:47,COMPLETED,GIFT_CARD,USD,2026-02-26 17:26:47
ORD0004348,CUST000173,STORE0013,2026-06-15 10:24:50,COMPLETED,STORE_CREDIT,USD,2026-06-17 20:24:50
ORD0004349,CUST000103,STORE0001,2026-06-18 15:36:53,COMPLETED,CREDIT_CARD,USD,2026-06-18 18:36:53
ORD0004350,CUST000093,STORE0004,2026-06-22 16:19:03,PENDING,STORE_CREDIT,USD,2026-06-25 16:19:03
ORD0004351,CUST000427,STORE0003,2026-06-18 09:35:07,COMPLETED,DEBIT_CARD,USD,2026-06-20 10:35:07
ORD0004352,CUST000279,STORE0001,2026-06-04 14:28:57,REFUNDED,GIFT_CARD,USD,2026-06-06 14:28:57
ORD0004353,CUST000033,STORE0007,2026-05-14 09:08:25,COMPLETED,PAYPAL,USD,2026-05-15 17:08:25
ORD0004354,CUST000225,STORE0013,2026-06-29 15:51:03,PENDING,CREDIT_CARD,USD,2026-06-29 18:51:03
ORD0004355,CUST000175,STORE0011,2026-06-15 14:15:42,COMPLETED,CREDIT_CARD,USD,2026-06-18 07:15:42
ORD0004356,CUST000485,STORE0004,2026-07-31 11:27:02,COMPLETED,CREDIT_CARD,USD,2026-08-01 06:27:02
ORD0004357,CUST000020,STORE0011,2026-06-21 08:28:15,COMPLETED,PAYPAL,USD,2026-06-22 14:28:15
ORD0004358,CUST000009,STORE0008,2026-07-19 08:17:57,COMPLETED,CREDIT_CARD,USD,2026-07-21 15:17:57
ORD0004359,CUST000034,STORE0010,2026-07-12 12:36:12,COMPLETED,STORE_CREDIT,USD,2026-07-13 22:36:12
ORD0004360,CUST000452,STORE0003,2026-05-31 18:11:08,COMPLETED,GIFT_CARD,USD,2026-06-02 13:11:08
ORD0004361,CUST000435,STORE0001,2026-06-27 18:39:02,COMPLETED,CREDIT_CARD,USD,2026-06-29 19:39:02
ORD0004362,CUST000046,STORE0012,2026-05-22 09:58:26,CANCELLED,CREDIT_CARD,USD,2026-05-23 12:58:26
ORD0004363,CUST000166,STORE0013,2026-03-30 16:01:17,REFUNDED,DEBIT_CARD,USD,2026-03-31 20:01:17
ORD0004364,CUST000192,STORE0013,2026-06-24 09:25:19,CANCELLED,PAYPAL,USD,2026-06-25 19:25:19
ORD0004365,CUST000250,STORE0012,2026-07-14 12:36:06,COMPLETED,PAYPAL,USD,2026-07-14 15:36:06
ORD0004366,CUST000177,STORE0008,2026-03-01 14:01:09,REFUNDED,DEBIT_CARD,USD,2026-03-04 09:01:09
ORD0004367,CUST000010,STORE0003,2026-03-14 18:36:47,COMPLETED,PAYPAL,USD,2026-03-17 03:36:47
ORD0004368,CUST000354,STORE0009,2026-05-29 18:01:05,COMPLETED,PAYPAL,USD,2026-05-31 13:01:05
ORD0004369,CUST000212,STORE0010,2026-05-13 09:09:54,COMPLETED,PAYPAL,USD,2026-05-13 17:09:54
ORD0004370,CUST000078,STORE0009,2026-08-02 12:31:18,COMPLETED,STORE_CREDIT,USD,2026-08-05 02:31:18
ORD0004371,CUST000038,STORE0010,2026-04-25 20:34:01,REFUNDED,GIFT_CARD,USD,2026-04-27 07:34:01
ORD0004372,CUST000489,STORE0003,2026-07-20 09:28:06,COMPLETED,CREDIT_CARD,USD,2026-07-21 00:28:06
ORD0004373,CUST000178,STORE0009,2026-06-22 19:32:18,COMPLETED,PAYPAL,USD,2026-06-23 20:32:18
ORD0004374,CUST000353,STORE0005,2026-07-13 12:27:01,COMPLETED,CREDIT_CARD,USD,2026-07-16 05:27:01
ORD0004375,CUST000084,STORE0003,2026-03-28 17:13:07,COMPLETED,DEBIT_CARD,USD,2026-03-30 08:13:07
ORD0004376,CUST000447,STORE0010,2026-07-24 18:36:49,CANCELLED,DEBIT_CARD,USD,2026-07-27 11:36:49
ORD0004377,CUST000161,STORE0004,2026-07-13 13:55:50,COMPLETED,DEBIT_CARD,USD,2026-07-14 20:55:50
ORD0004378,CUST000040,STORE0001,2026-06-06 12:36:57,COMPLETED,STORE_CREDIT,USD,2026-06-07 21:36:57
ORD0004379,CUST000427,STORE0013,2026-03-11 16:35:56,COMPLETED,PAYPAL,USD,2026-03-11 23:35:56
ORD0004380,CUST000029,STORE0002,2026-03-15 14:11:53,CANCELLED,CREDIT_CARD,USD,2026-03-15 16:11:53
ORD0004381,CUST000331,STORE0011,2026-02-22 15:31:09,COMPLETED,STORE_CREDIT,USD,2026-02-25 07:31:09
ORD0004382,CUST000218,STORE0006,2026-05-19 11:17:57,COMPLETED,DEBIT_CARD,USD,2026-05-19 17:17:57
ORD0004383,CUST000120,STORE0011,2026-07-20 21:36:59,COMPLETED,DEBIT_CARD,USD,2026-07-22 06:36:59
ORD0004384,CUST000398,STORE0012,2026-03-30 18:55:07,CANCELLED,STORE_CREDIT,USD,2026-04-01 17:55:07
ORD0004385,CUST000152,STORE0011,2026-04-25 17:09:10,CANCELLED,PAYPAL,USD,2026-04-27 03:09:10
ORD0004386,CUST000019,STORE0012,2026-02-26 09:53:01,PENDING,CREDIT_CARD,USD,2026-02-27 05:53:01
ORD0004387,CUST000170,STORE0008,2026-03-28 17:02:12,COMPLETED,DEBIT_CARD,USD,2026-03-29 01:02:12
ORD0004388,CUST000338,STORE0011,2026-08-12 18:41:14,REFUNDED,DEBIT_CARD,USD,2026-08-15 07:41:14
ORD0004389,CUST000396,STORE0002,2026-08-11 13:04:42,COMPLETED,STORE_CREDIT,USD,2026-08-11 16:04:42
ORD0004390,CUST000418,STORE0005,2026-06-27 14:06:13,REFUNDED,CREDIT_CARD,USD,2026-06-28 00:06:13
ORD0004391,CUST000239,STORE0012,2026-03-07 08:57:37,COMPLETED,CREDIT_CARD,USD,2026-03-08 05:57:37
ORD0004392,CUST000372,STORE0005,2026-05-25 16:59:07,CANCELLED,PAYPAL,USD,2026-05-27 21:59:07
ORD0004393,CUST000025,STORE0001,2026-04-03 21:28:14,COMPLETED,PAYPAL,USD,2026-04-04 22:28:14
ORD0004394,CUST000364,STORE0001,2026-06-10 15:56:56,CANCELLED,DEBIT_CARD,USD,2026-06-11 19:56:56
ORD0004395,CUST000493,STORE0006,2026-06-08 13:57:14,COMPLETED,CREDIT_CARD,USD,2026-06-08 20:57:14
ORD0004396,CUST000091,STORE0006,2026-05-14 10:39:06,REFUNDED,GIFT_CARD,USD,2026-05-16 13:39:06
ORD0004397,CUST000142,STORE0008,2026-04-19 08:04:42,REFUNDED,STORE_CREDIT,USD,2026-04-21 02:04:42
ORD0004398,CUST000411,STORE0003,2026-05-17 12:21:54,PENDING,STORE_CREDIT,USD,2026-05-18 09:21:54
ORD0004399,CUST000071,STORE0004,2026-02-22 16:47:37,REFUNDED,DEBIT_CARD,USD,2026-02-23 01:47:37
ORD0004400,CUST000054,STORE0012,2026-05-05 08:06:03,COMPLETED,STORE_CREDIT,USD,2026-05-06 15:06:03
ORD0004401,CUST000302,STORE0001,2026-03-01 17:19:02,COMPLETED,PAYPAL,USD,2026-03-04 01:19:02
ORD0004402,CUST000050,STORE0002,2026-02-15 17:45:27,REFUNDED,CREDIT_CARD,USD,2026-02-18 02:45:27
ORD0004403,CUST000330,STORE0009,2026-06-09 15:26:09,CANCELLED,GIFT_CARD,USD,2026-06-12 03:26:09
ORD0004404,CUST000249,STORE0009,2026-03-30 09:41:37,REFUNDED,PAYPAL,USD,2026-03-31 02:41:37
ORD0004405,CUST000149,STORE0003,2026-06-30 15:15:19,COMPLETED,PAYPAL,USD,2026-07-02 23:15:19
ORD0004406,CUST000099,STORE0002,2026-03-08 09:55:13,COMPLETED,STORE_CREDIT,USD,2026-03-09 21:55:13
ORD0004407,CUST000209,STORE0013,2026-04-29 12:14:07,COMPLETED,STORE_CREDIT,USD,2026-04-30 08:14:07
ORD0004408,CUST000216,STORE0009,2026-04-02 11:56:15,REFUNDED,STORE_CREDIT,USD,2026-04-03 05:56:15
ORD0004409,CUST000241,STORE0003,2026-04-28 21:49:33,PENDING,CREDIT_CARD,USD,2026-04-29 02:49:33
ORD0004410,CUST000012,STORE0009,2026-04-20 16:05:20,REFUNDED,PAYPAL,USD,2026-04-21 12:05:20
ORD0004411,CUST000239,STORE0011,2026-04-07 20:27:05,PENDING,DEBIT_CARD,USD,2026-04-09 02:27:05
ORD0004412,CUST000431,STORE0004,2026-03-27 21:10:12,COMPLETED,STORE_CREDIT,USD,2026-03-28 19:10:12
ORD0004413,CUST000208,STORE0008,2026-03-14 17:28:37,COMPLETED,STORE_CREDIT,USD,2026-03-17 01:28:37
ORD0004414,CUST000388,STORE0005,2026-03-02 14:50:34,COMPLETED,GIFT_CARD,USD,2026-03-04 18:50:34
ORD0004415,CUST000415,STORE0003,2026-06-09 09:42:46,COMPLETED,GIFT_CARD,USD,2026-06-09 19:42:46
ORD0004416,CUST000491,STORE0001,2026-07-19 21:25:48,COMPLETED,DEBIT_CARD,USD,2026-07-22 07:25:48
ORD0004417,CUST000494,STORE0010,2026-07-22 10:35:53,COMPLETED,PAYPAL,USD,2026-07-23 04:35:53
ORD0004418,CUST000278,STORE0006,2026-07-30 09:08:01,COMPLETED,DEBIT_CARD,USD,2026-07-30 22:08:01
ORD0004419,CUST000248,STORE0002,2026-08-12 19:23:33,REFUNDED,PAYPAL,USD,2026-08-13 11:23:33
ORD0004420,CUST000289,STORE0011,2026-07-08 09:37:31,REFUNDED,PAYPAL,USD,2026-07-09 12:37:31
ORD0004421,CUST000413,STORE0007,2026-03-03 08:37:46,COMPLETED,STORE_CREDIT,USD,2026-03-04 01:37:46
ORD0004422,CUST000252,STORE0007,2026-07-24 18:29:14,PENDING,PAYPAL,USD,2026-07-25 14:29:14
ORD0004423,CUST000104,STORE0006,2026-08-01 10:31:43,CANCELLED,DEBIT_CARD,USD,2026-08-02 20:31:43
ORD0004424,CUST000383,STORE0007,2026-03-22 20:46:31,COMPLETED,GIFT_CARD,USD,2026-03-25 03:46:31
ORD0004425,CUST000497,STORE0002,2026-04-13 09:45:01,COMPLETED,PAYPAL,USD,2026-04-15 12:45:01
ORD0004426,CUST000027,STORE0002,2026-08-01 12:50:33,COMPLETED,STORE_CREDIT,USD,2026-08-03 15:50:33
ORD0004427,CUST000427,STORE0012,2026-05-18 18:00:13,REFUNDED,DEBIT_CARD,USD,2026-05-20 21:00:13
ORD0004428,CUST000079,STORE0003,2026-06-01 08:10:30,CANCELLED,PAYPAL,USD,2026-06-02 19:10:30
ORD0004429,CUST000435,STORE0012,2026-02-27 20:09:13,PENDING,PAYPAL,USD,2026-02-27 22:09:13
ORD0004430,CUST000231,STORE0005,2026-03-13 13:33:24,COMPLETED,DEBIT_CARD,USD,2026-03-15 05:33:24
ORD0004431,CUST000140,STORE0002,2026-05-05 20:54:41,PENDING,CREDIT_CARD,USD,2026-05-07 19:54:41
ORD0004432,CUST000294,STORE0003,2026-03-10 12:35:51,COMPLETED,PAYPAL,USD,2026-03-13 12:35:51
ORD0004433,CUST000145,STORE0013,2026-04-05 14:23:18,REFUNDED,CREDIT_CARD,USD,2026-04-07 07:23:18
ORD0004434,CUST000349,STORE0006,2026-06-02 15:56:38,CANCELLED,PAYPAL,USD,2026-06-03 11:56:38
ORD0004435,CUST000238,STORE0013,2026-07-03 18:04:54,COMPLETED,CREDIT_CARD,USD,2026-07-06 12:04:54
ORD0004436,CUST000209,STORE0010,2026-03-24 18:52:58,COMPLETED,STORE_CREDIT,USD,2026-03-25 03:52:58
ORD0004437,CUST000186,STORE0008,2026-04-25 09:10:58,COMPLETED,PAYPAL,USD,2026-04-28 02:10:58
ORD0004438,CUST000199,STORE0010,2026-04-30 18:04:14,CANCELLED,GIFT_CARD,USD,2026-05-01 00:04:14
ORD0004439,CUST000366,STORE0012,2026-06-27 20:51:45,COMPLETED,GIFT_CARD,USD,2026-06-29 12:51:45
ORD0004440,CUST000043,STORE0012,2026-04-01 19:04:09,COMPLETED,DEBIT_CARD,USD,2026-04-03 13:04:09
ORD0004441,CUST000212,STORE0013,2026-02-25 21:55:48,CANCELLED,DEBIT_CARD,USD,2026-02-25 21:55:48
ORD0004442,CUST000015,STORE0002,2026-05-16 08:09:50,COMPLETED,GIFT_CARD,USD,2026-05-16 19:09:50
ORD0004443,CUST000331,STORE0005,2026-03-02 08:19:58,COMPLETED,STORE_CREDIT,USD,2026-03-03 01:19:58
ORD0004444,CUST000442,STORE0010,2026-02-20 19:43:16,CANCELLED,DEBIT_CARD,USD,2026-02-22 12:43:16
ORD0004445,CUST000376,STORE0012,2026-05-23 12:06:55,COMPLETED,DEBIT_CARD,USD,2026-05-26 02:06:55
ORD0004446,CUST000259,STORE0001,2026-03-30 17:20:23,COMPLETED,GIFT_CARD,USD,2026-04-02 14:20:23
ORD0004447,CUST000251,STORE0001,2026-02-28 13:26:08,CANCELLED,GIFT_CARD,USD,2026-03-02 02:26:08
ORD0004448,CUST000315,STORE0011,2026-04-18 17:46:20,REFUNDED,CREDIT_CARD,USD,2026-04-21 00:46:20
ORD0004449,CUST000463,STORE0013,2026-02-15 11:31:16,REFUNDED,CREDIT_CARD,USD,2026-02-16 05:31:16
ORD0004450,CUST000433,STORE0011,2026-05-08 15:59:05,COMPLETED,GIFT_CARD,USD,2026-05-10 13:59:05
ORD0004451,CUST000434,STORE0012,2026-07-21 09:47:18,PENDING,PAYPAL,USD,2026-07-23 04:47:18
ORD0004452,CUST000173,STORE0002,2026-07-18 19:35:59,PENDING,STORE_CREDIT,USD,2026-07-18 22:35:59
ORD0004453,CUST000193,STORE0001,2026-04-10 21:08:24,PENDING,DEBIT_CARD,USD,2026-04-13 00:08:24
ORD0004454,CUST000001,STORE0003,2026-04-25 14:30:59,COMPLETED,STORE_CREDIT,USD,2026-04-27 19:30:59
ORD0004455,CUST000319,STORE0011,2026-03-02 08:30:41,COMPLETED,STORE_CREDIT,USD,2026-03-05 08:30:41
ORD0004456,CUST000481,STORE0004,2026-04-21 11:18:50,CANCELLED,PAYPAL,USD,2026-04-21 22:18:50
ORD0004457,CUST000452,STORE0009,2026-04-13 18:14:59,REFUNDED,STORE_CREDIT,USD,2026-04-15 09:14:59
ORD0004458,CUST000105,STORE0007,2026-07-13 18:43:58,COMPLETED,CREDIT_CARD,USD,2026-07-15 02:43:58
ORD0004459,CUST000385,STORE0012,2026-05-28 17:27:23,COMPLETED,STORE_CREDIT,USD,2026-05-30 04:27:23
ORD0004460,CUST000209,STORE0013,2026-04-18 17:15:02,COMPLETED,DEBIT_CARD,USD,2026-04-19 11:15:02
ORD0004461,CUST000189,STORE0006,2026-08-13 11:27:31,COMPLETED,PAYPAL,USD,2026-08-14 01:27:31
ORD0004462,CUST000222,STORE0012,2026-07-17 11:26:00,CANCELLED,CREDIT_CARD,USD,2026-07-20 02:26:00
ORD0004463,CUST000323,STORE0010,2026-07-01 14:49:34,CANCELLED,DEBIT_CARD,USD,2026-07-03 20:49:34
ORD0004464,CUST000344,STORE0013,2026-06-14 21:22:24,PENDING,GIFT_CARD,USD,2026-06-17 06:22:24
ORD0004465,CUST000312,STORE0007,2026-04-19 10:08:23,COMPLETED,STORE_CREDIT,USD,2026-04-20 12:08:23
ORD0004466,CUST000378,STORE0004,2026-07-02 09:19:21,PENDING,CREDIT_CARD,USD,2026-07-03 20:19:21
ORD0004467,CUST000131,STORE0007,2026-04-19 10:09:23,COMPLETED,DEBIT_CARD,USD,2026-04-22 10:09:23
ORD0004468,CUST000343,STORE0012,2026-06-18 16:53:12,COMPLETED,GIFT_CARD,USD,2026-06-21 08:53:12
ORD0004469,CUST000293,STORE0012,2026-03-17 18:27:27,PENDING,GIFT_CARD,USD,2026-03-18 01:27:27
ORD0004470,CUST000075,STORE0002,2026-05-19 19:05:34,PENDING,PAYPAL,USD,2026-05-21 04:05:34
ORD0004471,CUST000080,STORE0008,2026-03-28 12:40:19,PENDING,CREDIT_CARD,USD,2026-03-30 09:40:19
ORD0004472,CUST000103,STORE0012,2026-06-15 15:41:18,PENDING,DEBIT_CARD,USD,2026-06-16 14:41:18
ORD0004473,CUST000147,STORE0006,2026-04-28 19:43:25,COMPLETED,CREDIT_CARD,USD,2026-04-30 20:43:25
ORD0004474,CUST000182,STORE0006,2026-07-02 16:21:36,CANCELLED,STORE_CREDIT,USD,2026-07-03 04:21:36
ORD0004475,CUST000382,STORE0010,2026-07-11 13:50:55,CANCELLED,DEBIT_CARD,USD,2026-07-13 07:50:55
ORD0004476,CUST000461,STORE0003,2026-03-12 21:53:49,COMPLETED,PAYPAL,USD,2026-03-13 09:53:49
ORD0004477,CUST000328,STORE0001,2026-03-23 20:40:42,CANCELLED,DEBIT_CARD,USD,2026-03-26 14:40:42
ORD0004478,CUST000414,STORE0003,2026-07-31 16:06:00,COMPLETED,GIFT_CARD,USD,2026-08-03 00:06:00
ORD0004479,CUST000141,STORE0013,2026-04-17 21:59:51,CANCELLED,CREDIT_CARD,USD,2026-04-18 03:59:51
ORD0004480,CUST000107,STORE0010,2026-04-18 14:09:09,COMPLETED,STORE_CREDIT,USD,2026-04-19 20:09:09
ORD0004481,CUST000186,STORE0001,2026-06-13 11:09:23,COMPLETED,PAYPAL,USD,2026-06-13 22:09:23
ORD0004482,CUST000247,STORE0008,2026-03-28 14:38:08,COMPLETED,DEBIT_CARD,USD,2026-03-29 13:38:08
ORD0004483,CUST000020,STORE0001,2026-07-04 12:02:30,COMPLETED,STORE_CREDIT,USD,2026-07-07 06:02:30
ORD0004484,CUST000263,STORE0006,2026-07-15 17:14:56,COMPLETED,STORE_CREDIT,USD,2026-07-18 08:14:56
ORD0004485,CUST000007,STORE0011,2026-04-03 21:30:56,REFUNDED,PAYPAL,USD,2026-04-04 21:30:56
ORD0004486,CUST000452,STORE0002,2026-07-11 17:36:16,REFUNDED,GIFT_CARD,USD,2026-07-13 20:36:16
ORD0004487,CUST000459,STORE0010,2026-06-12 08:59:34,COMPLETED,CREDIT_CARD,USD,2026-06-13 23:59:34
ORD0004488,CUST000139,STORE0009,2026-06-15 20:31:28,REFUNDED,GIFT_CARD,USD,2026-06-17 09:31:28
ORD0004489,CUST000003,STORE0009,2026-07-12 21:33:58,CANCELLED,STORE_CREDIT,USD,2026-07-13 04:33:58
ORD0004490,CUST000487,STORE0006,2026-03-19 21:21:53,REFUNDED,STORE_CREDIT,USD,2026-03-21 02:21:53
ORD0004491,CUST000210,STORE0001,2026-08-02 10:30:33,COMPLETED,DEBIT_CARD,USD,2026-08-02 17:30:33
ORD0004492,CUST000220,STORE0008,2026-04-24 11:40:24,COMPLETED,STORE_CREDIT,USD,2026-04-26 00:40:24
ORD0004493,CUST000467,STORE0006,2026-02-15 14:59:54,COMPLETED,PAYPAL,USD,2026-02-17 03:59:54
ORD0004494,CUST000209,STORE0008,2026-04-06 20:00:28,COMPLETED,STORE_CREDIT,USD,2026-04-08 22:00:28
ORD0004495,CUST000051,STORE0003,2026-06-09 15:54:38,COMPLETED,PAYPAL,USD,2026-06-10 06:54:38
ORD0004496,CUST000034,STORE0007,2026-03-23 15:02:18,CANCELLED,GIFT_CARD,USD,2026-03-24 03:02:18
ORD0004497,CUST000420,STORE0011,2026-05-03 18:31:55,COMPLETED,CREDIT_CARD,USD,2026-05-05 02:31:55
ORD0004498,CUST000180,STORE0010,2026-03-29 18:01:23,COMPLETED,STORE_CREDIT,USD,2026-03-29 22:01:23
ORD0004499,CUST000213,STORE0004,2026-02-14 11:03:31,CANCELLED,PAYPAL,USD,2026-02-15 16:03:31
ORD0004500,CUST000373,STORE0010,2026-04-25 20:46:25,COMPLETED,GIFT_CARD,USD,2026-04-26 14:46:25
ORD0004501,CUST000097,STORE0004,2026-03-16 18:26:01,PENDING,CREDIT_CARD,USD,2026-03-17 19:26:01
ORD0004502,CUST000347,STORE0002,2026-03-08 12:57:01,PENDING,CREDIT_CARD,USD,2026-03-09 09:57:01
ORD0004503,CUST000414,STORE0005,2026-02-28 10:29:53,COMPLETED,PAYPAL,USD,2026-02-28 19:29:53
ORD0004504,CUST000106,STORE0011,2026-08-01 09:47:30,REFUNDED,STORE_CREDIT,USD,2026-08-04 00:47:30
ORD0004505,CUST000141,STORE0003,2026-06-15 14:23:41,COMPLETED,PAYPAL,USD,2026-06-17 09:23:41
ORD0004506,CUST000033,STORE0005,2026-04-02 09:58:01,COMPLETED,CREDIT_CARD,USD,2026-04-03 00:58:01
ORD0004507,CUST000130,STORE0006,2026-03-17 14:06:38,COMPLETED,GIFT_CARD,USD,2026-03-19 18:06:38
ORD0004508,CUST000382,STORE0009,2026-08-04 15:38:51,CANCELLED,DEBIT_CARD,USD,2026-08-05 21:38:51
ORD0004509,CUST000283,STORE0010,2026-05-19 11:55:19,COMPLETED,CREDIT_CARD,USD,2026-05-21 08:55:19
ORD0004510,CUST000081,STORE0002,2026-05-20 13:58:48,COMPLETED,GIFT_CARD,USD,2026-05-21 06:58:48
ORD0004511,CUST000007,STORE0013,2026-03-12 14:05:55,CANCELLED,CREDIT_CARD,USD,2026-03-15 08:05:55
ORD0004512,CUST000455,STORE0002,2026-08-02 10:24:07,COMPLETED,PAYPAL,USD,2026-08-02 10:24:07
ORD0004513,CUST000262,STORE0001,2026-04-04 12:36:50,COMPLETED,PAYPAL,USD,2026-04-05 01:36:50
ORD0004514,CUST000226,STORE0005,2026-06-18 09:31:28,COMPLETED,GIFT_CARD,USD,2026-06-20 01:31:28
ORD0004515,CUST000399,STORE0007,2026-07-14 14:14:06,PENDING,CREDIT_CARD,USD,2026-07-17 10:14:06
ORD0004516,CUST000301,STORE0010,2026-04-05 19:41:40,COMPLETED,DEBIT_CARD,USD,2026-04-07 20:41:40
ORD0004517,CUST000010,STORE0005,2026-06-25 10:16:01,COMPLETED,DEBIT_CARD,USD,2026-06-27 06:16:01
ORD0004518,CUST000338,STORE0009,2026-07-21 15:15:47,COMPLETED,GIFT_CARD,USD,2026-07-22 14:15:47
ORD0004519,CUST000359,STORE0012,2026-05-27 20:30:56,PENDING,STORE_CREDIT,USD,2026-05-29 01:30:56
ORD0004520,CUST000399,STORE0003,2026-06-27 09:34:49,PENDING,GIFT_CARD,USD,2026-06-30 02:34:49
ORD0004521,CUST000293,STORE0001,2026-08-07 16:22:40,COMPLETED,GIFT_CARD,USD,2026-08-08 19:22:40
ORD0004522,CUST000032,STORE0002,2026-05-09 19:44:46,COMPLETED,DEBIT_CARD,USD,2026-05-10 14:44:46
ORD0004523,CUST000451,STORE0001,2026-05-07 19:14:26,PENDING,STORE_CREDIT,USD,2026-05-10 17:14:26
ORD0004524,CUST000091,STORE0001,2026-03-12 16:30:31,COMPLETED,CREDIT_CARD,USD,2026-03-15 01:30:31
ORD0004525,CUST000130,STORE0012,2026-03-05 09:23:14,REFUNDED,STORE_CREDIT,USD,2026-03-05 09:23:14
ORD0004526,CUST000228,STORE0004,2026-05-23 14:11:03,COMPLETED,PAYPAL,USD,2026-05-24 09:11:03
ORD0004527,CUST000291,STORE0010,2026-06-03 15:16:23,COMPLETED,CREDIT_CARD,USD,2026-06-06 01:16:23
ORD0004528,CUST000346,STORE0013,2026-05-18 13:44:40,COMPLETED,PAYPAL,USD,2026-05-20 08:44:40
ORD0004529,CUST000446,STORE0006,2026-06-01 21:20:43,COMPLETED,DEBIT_CARD,USD,2026-06-03 17:20:43
ORD0004530,CUST000369,STORE0005,2026-04-05 18:56:38,COMPLETED,PAYPAL,USD,2026-04-08 13:56:38
ORD0004531,CUST000335,STORE0006,2026-07-19 19:13:14,COMPLETED,GIFT_CARD,USD,2026-07-20 17:13:14
ORD0004532,CUST000067,STORE0004,2026-08-09 10:34:37,COMPLETED,PAYPAL,USD,2026-08-09 22:34:37
ORD0004533,CUST000039,STORE0012,2026-03-17 16:27:33,PENDING,STORE_CREDIT,USD,2026-03-18 23:27:33
ORD0004534,CUST000176,STORE0013,2026-04-21 11:17:40,COMPLETED,CREDIT_CARD,USD,2026-04-24 02:17:40
ORD0004535,CUST000389,STORE0009,2026-04-22 20:03:55,COMPLETED,STORE_CREDIT,USD,2026-04-25 18:03:55
ORD0004536,CUST000416,STORE0002,2026-07-04 18:29:14,COMPLETED,DEBIT_CARD,USD,2026-07-05 23:29:14
ORD0004537,CUST000213,STORE0003,2026-04-03 21:15:19,COMPLETED,GIFT_CARD,USD,2026-04-04 00:15:19
ORD0004538,CUST000463,STORE0009,2026-03-27 17:40:53,PENDING,STORE_CREDIT,USD,2026-03-30 12:40:53
ORD0004539,CUST000211,STORE0008,2026-04-25 14:19:08,PENDING,PAYPAL,USD,2026-04-26 13:19:08
ORD0004540,CUST000238,STORE0001,2026-04-26 20:33:30,COMPLETED,DEBIT_CARD,USD,2026-04-28 09:33:30
ORD0004541,CUST000056,STORE0010,2026-03-22 17:18:57,REFUNDED,PAYPAL,USD,2026-03-24 03:18:57
ORD0004542,CUST000262,STORE0001,2026-04-20 20:28:50,COMPLETED,DEBIT_CARD,USD,2026-04-21 10:28:50
ORD0004543,CUST000290,STORE0008,2026-02-19 20:21:29,CANCELLED,DEBIT_CARD,USD,2026-02-22 05:21:29
ORD0004544,CUST000381,STORE0002,2026-04-13 14:10:52,PENDING,GIFT_CARD,USD,2026-04-14 13:10:52
ORD0004545,CUST000038,STORE0002,2026-04-11 21:44:32,CANCELLED,STORE_CREDIT,USD,2026-04-14 03:44:32
ORD0004546,CUST000407,STORE0005,2026-03-06 19:48:37,COMPLETED,DEBIT_CARD,USD,2026-03-09 10:48:37
ORD0004547,CUST000200,STORE0010,2026-06-24 18:04:40,COMPLETED,DEBIT_CARD,USD,2026-06-26 14:04:40
ORD0004548,CUST000485,STORE0004,2026-02-24 18:34:04,PENDING,PAYPAL,USD,2026-02-25 00:34:04
ORD0004549,CUST000342,STORE0003,2026-05-24 15:53:19,PENDING,DEBIT_CARD,USD,2026-05-26 08:53:19
ORD0004550,CUST000366,STORE0003,2026-06-17 09:20:11,PENDING,PAYPAL,USD,2026-06-18 02:20:11
ORD0004551,CUST000212,STORE0004,2026-06-29 14:07:59,COMPLETED,PAYPAL,USD,2026-06-30 04:07:59
ORD0004552,CUST000049,STORE0001,2026-05-16 10:19:41,COMPLETED,DEBIT_CARD,USD,2026-05-16 11:19:41
ORD0004553,CUST000092,STORE0002,2026-03-15 19:55:12,REFUNDED,PAYPAL,USD,2026-03-17 14:55:12
ORD0004554,CUST000300,STORE0010,2026-06-18 17:35:19,COMPLETED,GIFT_CARD,USD,2026-06-19 03:35:19
ORD0004555,CUST000057,STORE0001,2026-08-06 15:19:27,COMPLETED,CREDIT_CARD,USD,2026-08-08 10:19:27
ORD0004556,CUST000384,STORE0007,2026-05-13 18:10:12,COMPLETED,GIFT_CARD,USD,2026-05-14 00:10:12
ORD0004557,CUST000454,STORE0005,2026-06-13 21:00:16,COMPLETED,GIFT_CARD,USD,2026-06-16 15:00:16
ORD0004558,CUST000011,STORE0009,2026-07-21 11:09:46,COMPLETED,STORE_CREDIT,USD,2026-07-21 13:09:46
ORD0004559,CUST000227,STORE0006,2026-03-23 09:56:36,COMPLETED,PAYPAL,USD,2026-03-24 05:56:36
ORD0004560,CUST000379,STORE0003,2026-02-20 17:31:27,REFUNDED,STORE_CREDIT,USD,2026-02-22 12:31:27
ORD0004561,CUST000470,STORE0008,2026-06-27 20:27:08,COMPLETED,STORE_CREDIT,USD,2026-06-30 14:27:08
ORD0004562,CUST000129,STORE0009,2026-04-09 10:36:16,CANCELLED,PAYPAL,USD,2026-04-09 12:36:16
ORD0004563,CUST000230,STORE0006,2026-03-01 09:29:30,COMPLETED,PAYPAL,USD,2026-03-02 20:29:30
ORD0004564,CUST000235,STORE0004,2026-06-03 14:19:46,COMPLETED,STORE_CREDIT,USD,2026-06-05 19:19:46
ORD0004565,CUST000011,STORE0009,2026-07-30 09:44:38,COMPLETED,GIFT_CARD,USD,2026-07-30 16:44:38
ORD0004566,CUST000277,STORE0009,2026-06-22 13:56:00,COMPLETED,DEBIT_CARD,USD,2026-06-25 03:56:00
ORD0004567,CUST000048,STORE0009,2026-02-18 16:41:19,CANCELLED,STORE_CREDIT,USD,2026-02-19 08:41:19
ORD0004568,CUST000086,STORE0002,2026-05-18 20:25:14,PENDING,DEBIT_CARD,USD,2026-05-20 09:25:14
ORD0004569,CUST000491,STORE0006,2026-06-08 13:20:15,PENDING,DEBIT_CARD,USD,2026-06-11 08:20:15
ORD0004570,CUST000016,STORE0008,2026-07-27 21:17:55,COMPLETED,DEBIT_CARD,USD,2026-07-29 04:17:55
ORD0004571,CUST000480,STORE0003,2026-03-17 20:09:15,REFUNDED,CREDIT_CARD,USD,2026-03-20 05:09:15
ORD0004572,CUST000093,STORE0011,2026-06-05 08:03:40,COMPLETED,CREDIT_CARD,USD,2026-06-06 01:03:40
ORD0004573,CUST000412,STORE0007,2026-07-13 18:44:31,COMPLETED,GIFT_CARD,USD,2026-07-16 05:44:31
ORD0004574,CUST000341,STORE0011,2026-06-17 15:13:59,COMPLETED,DEBIT_CARD,USD,2026-06-19 04:13:59
ORD0004575,CUST000438,STORE0011,2026-06-14 10:54:10,CANCELLED,GIFT_CARD,USD,2026-06-14 12:54:10
ORD0004576,CUST000028,STORE0013,2026-07-30 16:27:38,COMPLETED,STORE_CREDIT,USD,2026-07-31 02:27:38
ORD0004577,CUST000164,STORE0006,2026-08-12 10:45:28,PENDING,DEBIT_CARD,USD,2026-08-14 02:45:28
ORD0004578,CUST000113,STORE0007,2026-03-26 16:24:18,COMPLETED,PAYPAL,USD,2026-03-27 00:24:18
ORD0004579,CUST000219,STORE0011,2026-04-21 17:01:51,COMPLETED,GIFT_CARD,USD,2026-04-24 00:01:51
ORD0004580,CUST000308,STORE0001,2026-03-05 08:58:05,CANCELLED,GIFT_CARD,USD,2026-03-07 04:58:05
ORD0004581,CUST000147,STORE0009,2026-06-18 21:01:56,COMPLETED,CREDIT_CARD,USD,2026-06-21 20:01:56
ORD0004582,CUST000314,STORE0003,2026-04-17 10:33:23,COMPLETED,PAYPAL,USD,2026-04-18 16:33:23
ORD0004583,CUST000389,STORE0008,2026-05-27 10:59:59,PENDING,PAYPAL,USD,2026-05-27 16:59:59
ORD0004584,CUST000063,STORE0009,2026-05-18 20:32:49,COMPLETED,CREDIT_CARD,USD,2026-05-19 18:32:49
ORD0004585,CUST000374,STORE0005,2026-07-13 08:37:53,PENDING,GIFT_CARD,USD,2026-07-14 09:37:53
ORD0004586,CUST000449,STORE0005,2026-04-20 12:35:13,COMPLETED,CREDIT_CARD,USD,2026-04-21 20:35:13
ORD0004587,CUST000283,STORE0007,2026-06-21 13:41:48,COMPLETED,STORE_CREDIT,USD,2026-06-23 16:41:48
ORD0004588,CUST000156,STORE0008,2026-03-20 10:12:04,COMPLETED,GIFT_CARD,USD,2026-03-22 14:12:04
ORD0004589,CUST000179,STORE0009,2026-03-06 19:13:19,COMPLETED,GIFT_CARD,USD,2026-03-08 08:13:19
ORD0004590,CUST000209,STORE0011,2026-04-18 15:35:57,COMPLETED,DEBIT_CARD,USD,2026-04-19 06:35:57
ORD0004591,CUST000474,STORE0011,2026-07-17 10:22:53,COMPLETED,CREDIT_CARD,USD,2026-07-18 01:22:53
ORD0004592,CUST000411,STORE0003,2026-07-21 21:09:29,REFUNDED,CREDIT_CARD,USD,2026-07-24 20:09:29
ORD0004593,CUST000247,STORE0008,2026-07-19 11:57:12,CANCELLED,STORE_CREDIT,USD,2026-07-20 17:57:12
ORD0004594,CUST000287,STORE0007,2026-08-02 10:43:57,COMPLETED,CREDIT_CARD,USD,2026-08-03 11:43:57
ORD0004595,CUST000018,STORE0004,2026-08-09 21:38:28,CANCELLED,CREDIT_CARD,USD,2026-08-11 13:38:28
ORD0004596,CUST000035,STORE0002,2026-07-12 08:24:31,COMPLETED,PAYPAL,USD,2026-07-13 13:24:31
ORD0004597,CUST000500,STORE0008,2026-05-31 09:07:21,COMPLETED,GIFT_CARD,USD,2026-06-03 05:07:21
ORD0004598,CUST000057,STORE0002,2026-03-01 13:54:09,COMPLETED,GIFT_CARD,USD,2026-03-02 10:54:09
ORD0004599,CUST000268,STORE0007,2026-08-12 20:06:39,CANCELLED,PAYPAL,USD,2026-08-14 21:06:39
ORD0004600,CUST000117,STORE0004,2026-03-17 08:51:28,PENDING,PAYPAL,USD,2026-03-18 22:51:28
ORD0004601,CUST000121,STORE0010,2026-05-29 12:05:17,COMPLETED,DEBIT_CARD,USD,2026-05-29 23:05:17
ORD0004602,CUST000386,STORE0003,2026-02-28 17:38:54,REFUNDED,GIFT_CARD,USD,2026-03-01 18:38:54
ORD0004603,CUST000317,STORE0009,2026-06-10 21:22:21,COMPLETED,PAYPAL,USD,2026-06-13 00:22:21
ORD0004604,CUST000235,STORE0001,2026-04-04 12:06:59,COMPLETED,DEBIT_CARD,USD,2026-04-06 14:06:59
ORD0004605,CUST000176,STORE0013,2026-08-05 18:08:55,PENDING,STORE_CREDIT,USD,2026-08-08 03:08:55
ORD0004606,CUST000273,STORE0007,2026-04-04 20:35:42,PENDING,CREDIT_CARD,USD,2026-04-06 08:35:42
ORD0004607,CUST000135,STORE0008,2026-04-27 14:39:01,REFUNDED,PAYPAL,USD,2026-04-29 12:39:01
ORD0004608,CUST000247,STORE0007,2026-08-13 16:56:57,COMPLETED,STORE_CREDIT,USD,2026-08-14 17:56:57
ORD0004609,CUST000239,STORE0013,2026-07-06 14:15:06,CANCELLED,PAYPAL,USD,2026-07-07 12:15:06
ORD0004610,CUST000197,STORE0012,2026-06-10 19:12:29,REFUNDED,PAYPAL,USD,2026-06-12 17:12:29
ORD0004611,CUST000179,STORE0003,2026-03-16 14:54:57,COMPLETED,STORE_CREDIT,USD,2026-03-18 04:54:57
ORD0004612,CUST000169,STORE0002,2026-07-30 09:32:18,PENDING,PAYPAL,USD,2026-07-31 02:32:18
ORD0004613,CUST000011,STORE0012,2026-06-30 11:22:08,COMPLETED,PAYPAL,USD,2026-07-01 09:22:08
ORD0004614,CUST000203,STORE0001,2026-06-05 19:44:29,COMPLETED,DEBIT_CARD,USD,2026-06-07 21:44:29
ORD0004615,CUST000447,STORE0007,2026-03-11 09:39:45,CANCELLED,STORE_CREDIT,USD,2026-03-11 16:39:45
ORD0004616,CUST000221,STORE0008,2026-08-10 11:25:44,COMPLETED,CREDIT_CARD,USD,2026-08-11 19:25:44
ORD0004617,CUST000062,STORE0002,2026-03-08 20:10:01,PENDING,PAYPAL,USD,2026-03-09 14:10:01
ORD0004618,CUST000251,STORE0005,2026-08-04 18:40:06,CANCELLED,STORE_CREDIT,USD,2026-08-05 22:40:06
ORD0004619,CUST000365,STORE0006,2026-07-01 14:15:20,COMPLETED,STORE_CREDIT,USD,2026-07-03 21:15:20
ORD0004620,CUST000220,STORE0003,2026-04-20 10:37:46,CANCELLED,PAYPAL,USD,2026-04-22 16:37:46
ORD0004621,CUST000090,STORE0003,2026-06-29 08:00:11,PENDING,PAYPAL,USD,2026-06-30 12:00:11
ORD0004622,CUST000320,STORE0013,2026-08-08 11:04:18,COMPLETED,DEBIT_CARD,USD,2026-08-10 21:04:18
ORD0004623,CUST000324,STORE0005,2026-08-03 18:57:37,COMPLETED,CREDIT_CARD,USD,2026-08-05 14:57:37
ORD0004624,CUST000406,STORE0013,2026-05-22 15:45:04,COMPLETED,DEBIT_CARD,USD,2026-05-23 09:45:04
ORD0004625,CUST000169,STORE0011,2026-04-13 11:36:57,COMPLETED,DEBIT_CARD,USD,2026-04-16 10:36:57
ORD0004626,CUST000037,STORE0009,2026-05-03 18:50:34,CANCELLED,PAYPAL,USD,2026-05-04 22:50:34
ORD0004627,CUST000448,STORE0011,2026-02-27 20:03:24,COMPLETED,DEBIT_CARD,USD,2026-02-28 04:03:24
ORD0004628,CUST000410,STORE0001,2026-05-23 13:25:04,COMPLETED,PAYPAL,USD,2026-05-24 03:25:04
ORD0004629,CUST000226,STORE0008,2026-03-24 15:49:56,COMPLETED,STORE_CREDIT,USD,2026-03-25 16:49:56
ORD0004630,CUST000374,STORE0005,2026-07-29 10:06:34,COMPLETED,STORE_CREDIT,USD,2026-08-01 03:06:34
ORD0004631,CUST000296,STORE0013,2026-07-15 19:23:15,REFUNDED,DEBIT_CARD,USD,2026-07-17 09:23:15
ORD0004632,CUST000231,STORE0006,2026-05-24 13:56:11,CANCELLED,CREDIT_CARD,USD,2026-05-27 10:56:11
ORD0004633,CUST000138,STORE0011,2026-06-05 18:59:01,PENDING,CREDIT_CARD,USD,2026-06-07 12:59:01
ORD0004634,CUST000319,STORE0006,2026-02-14 08:39:51,PENDING,PAYPAL,USD,2026-02-17 07:39:51
ORD0004635,CUST000053,STORE0007,2026-06-10 13:51:08,PENDING,GIFT_CARD,USD,2026-06-10 14:51:08
ORD0004636,CUST000254,STORE0005,2026-04-02 12:50:29,COMPLETED,GIFT_CARD,USD,2026-04-03 07:50:29
ORD0004637,CUST000387,STORE0005,2026-06-03 13:05:36,CANCELLED,PAYPAL,USD,2026-06-05 02:05:36
ORD0004638,CUST000284,STORE0009,2026-07-14 12:42:34,CANCELLED,STORE_CREDIT,USD,2026-07-17 01:42:34
ORD0004639,CUST000266,STORE0009,2026-03-21 16:00:43,REFUNDED,DEBIT_CARD,USD,2026-03-24 11:00:43
ORD0004640,CUST000354,STORE0009,2026-07-23 08:18:10,REFUNDED,STORE_CREDIT,USD,2026-07-25 13:18:10
ORD0004641,CUST000489,STORE0008,2026-08-02 16:47:21,REFUNDED,PAYPAL,USD,2026-08-02 20:47:21
ORD0004642,CUST000482,STORE0002,2026-06-11 16:34:42,REFUNDED,STORE_CREDIT,USD,2026-06-14 12:34:42
ORD0004643,CUST000072,STORE0003,2026-04-15 21:14:58,CANCELLED,GIFT_CARD,USD,2026-04-17 09:14:58
ORD0004644,CUST000151,STORE0010,2026-04-20 18:44:19,REFUNDED,GIFT_CARD,USD,2026-04-21 03:44:19
ORD0004645,CUST000078,STORE0002,2026-08-08 16:07:44,COMPLETED,CREDIT_CARD,USD,2026-08-11 04:07:44
ORD0004646,CUST000428,STORE0002,2026-02-16 08:59:31,COMPLETED,CREDIT_CARD,USD,2026-02-18 15:59:31
ORD0004647,CUST000381,STORE0001,2026-07-28 21:27:18,COMPLETED,GIFT_CARD,USD,2026-07-29 03:27:18
ORD0004648,CUST000247,STORE0013,2026-03-21 17:16:50,COMPLETED,STORE_CREDIT,USD,2026-03-24 13:16:50
ORD0004649,CUST000306,STORE0008,2026-03-27 18:17:33,REFUNDED,DEBIT_CARD,USD,2026-03-29 01:17:33
ORD0004650,CUST000283,STORE0006,2026-07-23 09:48:14,COMPLETED,GIFT_CARD,USD,2026-07-26 00:48:14
ORD0004651,CUST000281,STORE0009,2026-03-08 16:31:07,COMPLETED,PAYPAL,USD,2026-03-10 00:31:07
ORD0004652,CUST000332,STORE0013,2026-06-10 14:33:02,COMPLETED,GIFT_CARD,USD,2026-06-11 07:33:02
ORD0004653,CUST000143,STORE0007,2026-04-03 14:31:41,COMPLETED,CREDIT_CARD,USD,2026-04-04 09:31:41
ORD0004654,CUST000316,STORE0005,2026-07-15 12:59:17,COMPLETED,PAYPAL,USD,2026-07-16 11:59:17
ORD0004655,CUST000307,STORE0010,2026-07-13 16:49:58,COMPLETED,CREDIT_CARD,USD,2026-07-15 08:49:58
ORD0004656,CUST000346,STORE0004,2026-04-11 14:48:56,PENDING,STORE_CREDIT,USD,2026-04-12 16:48:56
ORD0004657,CUST000489,STORE0011,2026-07-11 17:43:29,COMPLETED,STORE_CREDIT,USD,2026-07-12 02:43:29
ORD0004658,CUST000357,STORE0010,2026-05-25 09:16:02,CANCELLED,PAYPAL,USD,2026-05-27 19:16:02
ORD0004659,CUST000127,STORE0006,2026-03-20 17:14:53,COMPLETED,PAYPAL,USD,2026-03-21 10:14:53
ORD0004660,CUST000062,STORE0009,2026-06-04 12:21:52,REFUNDED,DEBIT_CARD,USD,2026-06-05 16:21:52
ORD0004661,CUST000177,STORE0011,2026-03-27 10:28:45,CANCELLED,STORE_CREDIT,USD,2026-03-27 22:28:45
ORD0004662,CUST000271,STORE0008,2026-04-15 20:45:00,REFUNDED,STORE_CREDIT,USD,2026-04-16 13:45:00
ORD0004663,CUST000201,STORE0005,2026-02-26 20:37:28,COMPLETED,STORE_CREDIT,USD,2026-02-27 14:37:28
ORD0004664,CUST000386,STORE0009,2026-06-10 10:23:19,COMPLETED,PAYPAL,USD,2026-06-12 18:23:19
ORD0004665,CUST000477,STORE0001,2026-04-26 11:10:53,CANCELLED,DEBIT_CARD,USD,2026-04-26 22:10:53
ORD0004666,CUST000241,STORE0003,2026-04-24 10:29:22,CANCELLED,GIFT_CARD,USD,2026-04-24 20:29:22
ORD0004667,CUST000170,STORE0009,2026-02-16 21:46:59,CANCELLED,DEBIT_CARD,USD,2026-02-18 20:46:59
ORD0004668,CUST000460,STORE0011,2026-04-22 16:50:35,PENDING,GIFT_CARD,USD,2026-04-25 03:50:35
ORD0004669,CUST000321,STORE0004,2026-04-01 16:40:18,COMPLETED,STORE_CREDIT,USD,2026-04-03 16:40:18
ORD0004670,CUST000246,STORE0002,2026-02-23 16:11:09,PENDING,CREDIT_CARD,USD,2026-02-26 13:11:09
ORD0004671,CUST000327,STORE0011,2026-07-21 20:56:15,COMPLETED,PAYPAL,USD,2026-07-23 21:56:15
ORD0004672,CUST000443,STORE0009,2026-03-10 11:32:43,PENDING,DEBIT_CARD,USD,2026-03-11 05:32:43
ORD0004673,CUST000267,STORE0012,2026-04-18 11:22:24,COMPLETED,STORE_CREDIT,USD,2026-04-19 18:22:24
ORD0004674,CUST000453,STORE0011,2026-07-12 15:31:29,COMPLETED,CREDIT_CARD,USD,2026-07-13 21:31:29
ORD0004675,CUST000225,STORE0001,2026-07-26 10:13:27,CANCELLED,CREDIT_CARD,USD,2026-07-26 21:13:27
ORD0004676,CUST000193,STORE0002,2026-03-19 09:16:46,CANCELLED,DEBIT_CARD,USD,2026-03-19 20:16:46
ORD0004677,CUST000134,STORE0012,2026-03-16 21:40:41,CANCELLED,STORE_CREDIT,USD,2026-03-18 05:40:41
ORD0004678,CUST000086,STORE0002,2026-08-03 19:47:41,CANCELLED,STORE_CREDIT,USD,2026-08-03 20:47:41
ORD0004679,CUST000402,STORE0004,2026-02-17 20:39:33,COMPLETED,GIFT_CARD,USD,2026-02-20 00:39:33
ORD0004680,CUST000436,STORE0006,2026-06-01 11:11:43,COMPLETED,GIFT_CARD,USD,2026-06-03 07:11:43
ORD0004681,CUST000308,STORE0009,2026-05-18 18:10:06,COMPLETED,DEBIT_CARD,USD,2026-05-21 06:10:06
ORD0004682,CUST000145,STORE0012,2026-05-30 15:06:34,COMPLETED,PAYPAL,USD,2026-06-01 01:06:34
ORD0004683,CUST000125,STORE0001,2026-08-01 15:25:46,REFUNDED,PAYPAL,USD,2026-08-03 16:25:46
ORD0004684,CUST000447,STORE0011,2026-06-03 14:37:38,PENDING,DEBIT_CARD,USD,2026-06-05 12:37:38
ORD0004685,CUST000075,STORE0005,2026-02-27 16:16:42,COMPLETED,GIFT_CARD,USD,2026-03-01 16:16:42
ORD0004686,CUST000327,STORE0013,2026-06-26 16:52:04,PENDING,DEBIT_CARD,USD,2026-06-28 05:52:04
ORD0004687,CUST000303,STORE0007,2026-02-23 08:46:29,COMPLETED,PAYPAL,USD,2026-02-23 15:46:29
ORD0004688,CUST000253,STORE0008,2026-05-02 21:32:04,CANCELLED,CREDIT_CARD,USD,2026-05-03 22:32:04
ORD0004689,CUST000446,STORE0007,2026-04-16 11:27:05,CANCELLED,DEBIT_CARD,USD,2026-04-16 23:27:05
ORD0004690,CUST000187,STORE0008,2026-03-27 15:09:35,COMPLETED,CREDIT_CARD,USD,2026-03-30 13:09:35
ORD0004691,CUST000019,STORE0003,2026-05-25 21:48:31,COMPLETED,PAYPAL,USD,2026-05-27 10:48:31
ORD0004692,CUST000450,STORE0012,2026-05-29 20:17:04,CANCELLED,GIFT_CARD,USD,2026-05-30 11:17:04
ORD0004693,CUST000460,STORE0012,2026-08-02 10:38:28,CANCELLED,CREDIT_CARD,USD,2026-08-05 03:38:28
ORD0004694,CUST000372,STORE0007,2026-05-24 15:22:04,CANCELLED,GIFT_CARD,USD,2026-05-26 22:22:04
ORD0004695,CUST000125,STORE0010,2026-03-30 15:19:39,CANCELLED,GIFT_CARD,USD,2026-03-31 01:19:39
ORD0004696,CUST000346,STORE0006,2026-02-14 13:56:14,COMPLETED,DEBIT_CARD,USD,2026-02-17 11:56:14
ORD0004697,CUST000019,STORE0002,2026-04-30 14:53:53,COMPLETED,GIFT_CARD,USD,2026-05-01 04:53:53
ORD0004698,CUST000285,STORE0012,2026-04-02 15:03:15,COMPLETED,GIFT_CARD,USD,2026-04-03 12:03:15
ORD0004699,CUST000224,STORE0013,2026-04-18 17:55:19,COMPLETED,CREDIT_CARD,USD,2026-04-21 13:55:19
ORD0004700,CUST000469,STORE0003,2026-06-19 15:23:37,COMPLETED,STORE_CREDIT,USD,2026-06-22 00:23:37
ORD0004701,CUST000027,STORE0002,2026-07-15 10:16:41,COMPLETED,GIFT_CARD,USD,2026-07-17 21:16:41
ORD0004702,CUST000485,STORE0012,2026-03-04 17:12:20,COMPLETED,CREDIT_CARD,USD,2026-03-07 04:12:20
ORD0004703,CUST000053,STORE0007,2026-07-12 12:21:15,PENDING,GIFT_CARD,USD,2026-07-15 09:21:15
ORD0004704,CUST000331,STORE0008,2026-03-20 12:17:40,PENDING,GIFT_CARD,USD,2026-03-22 20:17:40
ORD0004705,CUST000499,STORE0009,2026-03-23 17:10:12,COMPLETED,GIFT_CARD,USD,2026-03-24 16:10:12
ORD0004706,CUST000044,STORE0007,2026-05-13 13:33:59,COMPLETED,CREDIT_CARD,USD,2026-05-15 10:33:59
ORD0004707,CUST000283,STORE0002,2026-07-03 18:03:43,REFUNDED,PAYPAL,USD,2026-07-04 00:03:43
ORD0004708,CUST000409,STORE0003,2026-07-27 09:12:27,COMPLETED,STORE_CREDIT,USD,2026-07-27 14:12:27
ORD0004709,CUST000253,STORE0009,2026-03-21 20:54:15,COMPLETED,CREDIT_CARD,USD,2026-03-22 10:54:15
ORD0004710,CUST000051,STORE0013,2026-05-23 11:42:00,REFUNDED,PAYPAL,USD,2026-05-24 01:42:00
ORD0004711,CUST000423,STORE0008,2026-04-02 09:20:12,COMPLETED,CREDIT_CARD,USD,2026-04-04 21:20:12
ORD0004712,CUST000042,STORE0008,2026-03-01 10:00:03,REFUNDED,GIFT_CARD,USD,2026-03-03 06:00:03
ORD0004713,CUST000393,STORE0005,2026-03-22 11:08:22,COMPLETED,DEBIT_CARD,USD,2026-03-23 20:08:22
ORD0004714,CUST000473,STORE0003,2026-08-06 12:12:50,COMPLETED,GIFT_CARD,USD,2026-08-07 06:12:50
ORD0004715,CUST000070,STORE0003,2026-06-19 14:46:37,COMPLETED,PAYPAL,USD,2026-06-20 22:46:37
ORD0004716,CUST000370,STORE0009,2026-02-17 20:46:53,CANCELLED,PAYPAL,USD,2026-02-20 10:46:53
ORD0004717,CUST000348,STORE0013,2026-06-11 16:19:14,COMPLETED,CREDIT_CARD,USD,2026-06-11 21:19:14
ORD0004718,CUST000168,STORE0001,2026-06-01 08:20:03,COMPLETED,GIFT_CARD,USD,2026-06-02 15:20:03
ORD0004719,CUST000373,STORE0011,2026-06-16 16:48:57,PENDING,GIFT_CARD,USD,2026-06-18 04:48:57
ORD0004720,CUST000333,STORE0003,2026-06-04 20:55:00,COMPLETED,DEBIT_CARD,USD,2026-06-07 04:55:00
ORD0004721,CUST000067,STORE0008,2026-03-20 18:33:29,COMPLETED,DEBIT_CARD,USD,2026-03-21 10:33:29
ORD0004722,CUST000002,STORE0013,2026-04-02 17:15:38,REFUNDED,CREDIT_CARD,USD,2026-04-04 02:15:38
ORD0004723,CUST000184,STORE0011,2026-05-22 12:57:47,COMPLETED,CREDIT_CARD,USD,2026-05-25 07:57:47
ORD0004724,CUST000089,STORE0012,2026-03-28 09:13:34,COMPLETED,DEBIT_CARD,USD,2026-03-29 11:13:34
ORD0004725,CUST000020,STORE0001,2026-07-29 08:18:46,COMPLETED,PAYPAL,USD,2026-07-31 02:18:46
ORD0004726,CUST000350,STORE0001,2026-07-12 13:55:32,COMPLETED,CREDIT_CARD,USD,2026-07-13 12:55:32
ORD0004727,CUST000430,STORE0012,2026-03-30 13:22:25,CANCELLED,CREDIT_CARD,USD,2026-03-31 16:22:25
ORD0004728,CUST000137,STORE0004,2026-06-28 15:18:19,COMPLETED,DEBIT_CARD,USD,2026-07-01 06:18:19
ORD0004729,CUST000068,STORE0008,2026-05-30 11:00:02,REFUNDED,PAYPAL,USD,2026-06-02 01:00:02
ORD0004730,CUST000282,STORE0009,2026-03-08 11:37:06,COMPLETED,CREDIT_CARD,USD,2026-03-09 05:37:06
ORD0004731,CUST000485,STORE0005,2026-03-02 20:19:15,COMPLETED,CREDIT_CARD,USD,2026-03-04 10:19:15
ORD0004732,CUST000288,STORE0005,2026-03-27 17:23:15,REFUNDED,PAYPAL,USD,2026-03-28 18:23:15
ORD0004733,CUST000096,STORE0009,2026-04-27 08:50:34,REFUNDED,STORE_CREDIT,USD,2026-04-30 04:50:34
ORD0004734,CUST000036,STORE0003,2026-02-27 08:52:18,REFUNDED,PAYPAL,USD,2026-02-27 19:52:18
ORD0004735,CUST000364,STORE0002,2026-05-19 13:36:54,COMPLETED,STORE_CREDIT,USD,2026-05-20 22:36:54
ORD0004736,CUST000144,STORE0003,2026-04-14 18:54:23,CANCELLED,CREDIT_CARD,USD,2026-04-16 03:54:23
ORD0004737,CUST000024,STORE0007,2026-07-05 09:14:21,REFUNDED,DEBIT_CARD,USD,2026-07-07 10:14:21
ORD0004738,CUST000187,STORE0011,2026-06-19 18:28:08,PENDING,GIFT_CARD,USD,2026-06-20 23:28:08
ORD0004739,CUST000022,STORE0006,2026-07-12 17:16:59,COMPLETED,CREDIT_CARD,USD,2026-07-14 17:16:59
ORD0004740,CUST000256,STORE0012,2026-08-07 08:27:46,REFUNDED,GIFT_CARD,USD,2026-08-09 22:27:46
ORD0004741,CUST000079,STORE0011,2026-06-23 15:58:40,COMPLETED,PAYPAL,USD,2026-06-23 17:58:40
ORD0004742,CUST000345,STORE0013,2026-06-24 14:36:39,PENDING,CREDIT_CARD,USD,2026-06-27 07:36:39
ORD0004743,CUST000051,STORE0005,2026-06-28 12:34:40,CANCELLED,PAYPAL,USD,2026-06-30 03:34:40
ORD0004744,CUST000489,STORE0001,2026-06-02 20:39:05,COMPLETED,DEBIT_CARD,USD,2026-06-05 19:39:05
ORD0004745,CUST000265,STORE0003,2026-04-09 20:57:42,CANCELLED,PAYPAL,USD,2026-04-12 00:57:42
ORD0004746,CUST000149,STORE0011,2026-07-06 14:14:28,CANCELLED,STORE_CREDIT,USD,2026-07-09 02:14:28
ORD0004747,CUST000457,STORE0002,2026-06-27 17:57:30,REFUNDED,GIFT_CARD,USD,2026-06-28 09:57:30
ORD0004748,CUST000228,STORE0003,2026-05-30 20:49:28,REFUNDED,DEBIT_CARD,USD,2026-05-31 23:49:28
ORD0004749,CUST000355,STORE0007,2026-03-20 08:44:40,PENDING,STORE_CREDIT,USD,2026-03-21 06:44:40
ORD0004750,CUST000301,STORE0006,2026-07-21 14:11:47,PENDING,CREDIT_CARD,USD,2026-07-23 01:11:47
ORD0004751,CUST000347,STORE0002,2026-04-28 18:43:05,COMPLETED,CREDIT_CARD,USD,2026-04-29 15:43:05
ORD0004752,CUST000113,STORE0005,2026-04-10 16:59:09,COMPLETED,CREDIT_CARD,USD,2026-04-10 23:59:09
ORD0004753,CUST000036,STORE0001,2026-04-04 12:44:49,COMPLETED,STORE_CREDIT,USD,2026-04-06 10:44:49
ORD0004754,CUST000071,STORE0012,2026-07-03 11:18:37,COMPLETED,STORE_CREDIT,USD,2026-07-04 06:18:37
ORD0004755,CUST000229,STORE0008,2026-07-29 19:41:04,COMPLETED,PAYPAL,USD,2026-08-01 08:41:04
ORD0004756,CUST000253,STORE0011,2026-02-25 11:49:55,COMPLETED,DEBIT_CARD,USD,2026-02-27 02:49:55
ORD0004757,CUST000335,STORE0008,2026-07-14 19:49:09,PENDING,CREDIT_CARD,USD,2026-07-15 05:49:09
ORD0004758,CUST000013,STORE0002,2026-03-26 20:30:54,COMPLETED,DEBIT_CARD,USD,2026-03-29 09:30:54
ORD0004759,CUST000047,STORE0006,2026-03-29 09:05:48,PENDING,CREDIT_CARD,USD,2026-03-31 23:05:48
ORD0004760,CUST000433,STORE0002,2026-05-19 14:15:27,CANCELLED,PAYPAL,USD,2026-05-22 11:15:27
ORD0004761,CUST000332,STORE0001,2026-04-27 20:20:24,CANCELLED,CREDIT_CARD,USD,2026-04-29 21:20:24
ORD0004762,CUST000310,STORE0003,2026-07-07 18:51:04,CANCELLED,CREDIT_CARD,USD,2026-07-10 06:51:04
ORD0004763,CUST000487,STORE0002,2026-03-09 19:09:43,COMPLETED,PAYPAL,USD,2026-03-10 01:09:43
ORD0004764,CUST000291,STORE0001,2026-04-26 21:37:30,CANCELLED,CREDIT_CARD,USD,2026-04-27 08:37:30
ORD0004765,CUST000312,STORE0002,2026-05-28 09:32:21,REFUNDED,DEBIT_CARD,USD,2026-05-28 09:32:21
ORD0004766,CUST000108,STORE0013,2026-02-21 19:48:20,COMPLETED,PAYPAL,USD,2026-02-24 03:48:20
ORD0004767,CUST000286,STORE0007,2026-04-10 13:31:17,COMPLETED,STORE_CREDIT,USD,2026-04-13 12:31:17
ORD0004768,CUST000093,STORE0012,2026-04-17 20:42:22,COMPLETED,PAYPAL,USD,2026-04-18 14:42:22
ORD0004769,CUST000435,STORE0007,2026-03-11 15:30:39,CANCELLED,STORE_CREDIT,USD,2026-03-14 08:30:39
ORD0004770,CUST000028,STORE0001,2026-05-26 11:06:00,COMPLETED,CREDIT_CARD,USD,2026-05-28 08:06:00
ORD0004771,CUST000058,STORE0011,2026-06-05 17:03:30,PENDING,DEBIT_CARD,USD,2026-06-06 23:03:30
ORD0004772,CUST000309,STORE0012,2026-06-28 17:08:07,REFUNDED,STORE_CREDIT,USD,2026-06-30 17:08:07
ORD0004773,CUST000262,STORE0010,2026-04-26 15:39:12,CANCELLED,DEBIT_CARD,USD,2026-04-29 09:39:12
ORD0004774,CUST000120,STORE0009,2026-03-25 20:48:09,REFUNDED,STORE_CREDIT,USD,2026-03-26 22:48:09
ORD0004775,CUST000070,STORE0008,2026-08-10 08:21:39,COMPLETED,CREDIT_CARD,USD,2026-08-12 00:21:39
ORD0004776,CUST000255,STORE0007,2026-06-18 19:49:56,COMPLETED,STORE_CREDIT,USD,2026-06-21 16:49:56
ORD0004777,CUST000255,STORE0003,2026-02-14 08:25:45,COMPLETED,DEBIT_CARD,USD,2026-02-15 11:25:45
ORD0004778,CUST000483,STORE0013,2026-07-14 20:49:15,COMPLETED,CREDIT_CARD,USD,2026-07-17 07:49:15
ORD0004779,CUST000112,STORE0009,2026-03-05 20:46:56,COMPLETED,GIFT_CARD,USD,2026-03-06 03:46:56
ORD0004780,CUST000436,STORE0004,2026-03-03 13:58:00,COMPLETED,STORE_CREDIT,USD,2026-03-05 11:58:00
ORD0004781,CUST000165,STORE0011,2026-07-06 12:50:11,COMPLETED,PAYPAL,USD,2026-07-08 06:50:11
ORD0004782,CUST000267,STORE0005,2026-04-10 21:51:28,COMPLETED,CREDIT_CARD,USD,2026-04-11 00:51:28
ORD0004783,CUST000342,STORE0013,2026-04-14 18:52:23,COMPLETED,PAYPAL,USD,2026-04-16 03:52:23
ORD0004784,CUST000380,STORE0013,2026-08-07 18:45:00,COMPLETED,STORE_CREDIT,USD,2026-08-09 00:45:00
ORD0004785,CUST000158,STORE0013,2026-05-17 15:45:19,PENDING,GIFT_CARD,USD,2026-05-18 20:45:19
ORD0004786,CUST000389,STORE0010,2026-05-10 10:37:48,REFUNDED,STORE_CREDIT,USD,2026-05-11 14:37:48
ORD0004787,CUST000283,STORE0013,2026-05-13 10:06:43,COMPLETED,PAYPAL,USD,2026-05-13 15:06:43
ORD0004788,CUST000376,STORE0011,2026-05-15 21:57:29,COMPLETED,GIFT_CARD,USD,2026-05-17 11:57:29
ORD0004789,CUST000167,STORE0009,2026-06-27 16:23:56,PENDING,PAYPAL,USD,2026-06-29 09:23:56
ORD0004790,CUST000328,STORE0007,2026-02-15 16:22:22,COMPLETED,PAYPAL,USD,2026-02-16 09:22:22
ORD0004791,CUST000057,STORE0005,2026-08-06 20:53:15,PENDING,DEBIT_CARD,USD,2026-08-08 12:53:15
ORD0004792,CUST000223,STORE0012,2026-06-18 17:35:52,PENDING,STORE_CREDIT,USD,2026-06-21 09:35:52
ORD0004793,CUST000103,STORE0008,2026-04-27 19:34:50,COMPLETED,STORE_CREDIT,USD,2026-04-28 10:34:50
ORD0004794,CUST000009,STORE0006,2026-03-24 17:06:34,PENDING,GIFT_CARD,USD,2026-03-26 05:06:34
ORD0004795,CUST000176,STORE0013,2026-05-07 16:29:32,COMPLETED,PAYPAL,USD,2026-05-09 09:29:32
ORD0004796,CUST000081,STORE0013,2026-02-21 11:28:48,PENDING,GIFT_CARD,USD,2026-02-22 18:28:48
ORD0004797,CUST000349,STORE0005,2026-02-14 20:06:26,COMPLETED,STORE_CREDIT,USD,2026-02-17 06:06:26
ORD0004798,CUST000181,STORE0009,2026-05-06 09:01:08,REFUNDED,GIFT_CARD,USD,2026-05-06 17:01:08
ORD0004799,CUST000495,STORE0013,2026-03-28 21:58:01,PENDING,CREDIT_CARD,USD,2026-03-30 23:58:01
ORD0004800,CUST000309,STORE0009,2026-06-07 17:20:01,PENDING,PAYPAL,USD,2026-06-09 07:20:01
ORD0004801,CUST000470,STORE0001,2026-03-05 15:52:31,COMPLETED,PAYPAL,USD,2026-03-06 00:52:31
ORD0004802,CUST000452,STORE0001,2026-08-12 12:41:17,COMPLETED,PAYPAL,USD,2026-08-12 14:41:17
ORD0004803,CUST000375,STORE0002,2026-03-26 19:54:20,CANCELLED,DEBIT_CARD,USD,2026-03-29 11:54:20
ORD0004804,CUST000230,STORE0013,2026-02-16 09:27:09,REFUNDED,GIFT_CARD,USD,2026-02-17 22:27:09
ORD0004805,CUST000043,STORE0004,2026-06-19 08:15:16,COMPLETED,GIFT_CARD,USD,2026-06-22 05:15:16
ORD0004806,CUST000500,STORE0011,2026-06-10 18:18:15,CANCELLED,STORE_CREDIT,USD,2026-06-12 01:18:15
ORD0004807,CUST000069,STORE0001,2026-07-11 18:20:51,COMPLETED,STORE_CREDIT,USD,2026-07-14 09:20:51
ORD0004808,CUST000081,STORE0006,2026-03-01 21:55:57,CANCELLED,DEBIT_CARD,USD,2026-03-02 21:55:57
ORD0004809,CUST000281,STORE0003,2026-03-22 08:20:13,PENDING,GIFT_CARD,USD,2026-03-25 01:20:13
ORD0004810,CUST000294,STORE0008,2026-06-25 13:52:52,COMPLETED,DEBIT_CARD,USD,2026-06-27 05:52:52
ORD0004811,CUST000004,STORE0013,2026-05-06 20:48:02,REFUNDED,GIFT_CARD,USD,2026-05-07 12:48:02
ORD0004812,CUST000093,STORE0013,2026-08-03 14:18:41,CANCELLED,PAYPAL,USD,2026-08-06 05:18:41
ORD0004813,CUST000090,STORE0002,2026-05-16 13:21:08,COMPLETED,DEBIT_CARD,USD,2026-05-17 21:21:08
ORD0004814,CUST000026,STORE0007,2026-05-07 12:46:55,COMPLETED,DEBIT_CARD,USD,2026-05-10 07:46:55
ORD0004815,CUST000038,STORE0011,2026-03-13 21:33:55,PENDING,CREDIT_CARD,USD,2026-03-16 05:33:55
ORD0004816,CUST000448,STORE0001,2026-04-03 09:23:23,COMPLETED,PAYPAL,USD,2026-04-05 20:23:23
ORD0004817,CUST000015,STORE0008,2026-06-05 13:19:29,CANCELLED,STORE_CREDIT,USD,2026-06-08 06:19:29
ORD0004818,CUST000319,STORE0009,2026-07-13 15:31:23,REFUNDED,GIFT_CARD,USD,2026-07-14 06:31:23
ORD0004819,CUST000075,STORE0003,2026-03-15 10:00:49,COMPLETED,DEBIT_CARD,USD,2026-03-17 22:00:49
ORD0004820,CUST000148,STORE0003,2026-07-27 08:16:48,COMPLETED,STORE_CREDIT,USD,2026-07-29 22:16:48
ORD0004821,CUST000099,STORE0001,2026-06-17 09:44:32,COMPLETED,PAYPAL,USD,2026-06-19 13:44:32
ORD0004822,CUST000333,STORE0005,2026-07-16 08:41:13,COMPLETED,CREDIT_CARD,USD,2026-07-17 13:41:13
ORD0004823,CUST000465,STORE0013,2026-05-16 19:30:09,REFUNDED,PAYPAL,USD,2026-05-17 01:30:09
ORD0004824,CUST000368,STORE0007,2026-06-19 21:26:43,COMPLETED,STORE_CREDIT,USD,2026-06-21 03:26:43
ORD0004825,CUST000097,STORE0001,2026-08-04 11:33:28,PENDING,DEBIT_CARD,USD,2026-08-05 22:33:28
ORD0004826,CUST000038,STORE0006,2026-08-02 14:39:33,COMPLETED,DEBIT_CARD,USD,2026-08-03 10:39:33
ORD0004827,CUST000322,STORE0001,2026-07-19 09:51:58,CANCELLED,PAYPAL,USD,2026-07-19 19:51:58
ORD0004828,CUST000331,STORE0013,2026-03-15 15:37:21,COMPLETED,STORE_CREDIT,USD,2026-03-18 06:37:21
ORD0004829,CUST000224,STORE0002,2026-03-25 09:45:28,COMPLETED,GIFT_CARD,USD,2026-03-26 21:45:28
ORD0004830,CUST000147,STORE0004,2026-06-17 13:55:38,CANCELLED,GIFT_CARD,USD,2026-06-18 12:55:38
ORD0004831,CUST000342,STORE0005,2026-05-06 15:59:12,COMPLETED,PAYPAL,USD,2026-05-07 12:59:12
ORD0004832,CUST000156,STORE0011,2026-07-10 09:12:06,COMPLETED,PAYPAL,USD,2026-07-11 18:12:06
ORD0004833,CUST000122,STORE0009,2026-03-31 14:20:06,COMPLETED,PAYPAL,USD,2026-04-01 22:20:06
ORD0004834,CUST000100,STORE0008,2026-02-22 18:59:02,CANCELLED,CREDIT_CARD,USD,2026-02-24 14:59:02
ORD0004835,CUST000421,STORE0002,2026-08-06 20:11:53,COMPLETED,PAYPAL,USD,2026-08-07 15:11:53
ORD0004836,CUST000446,STORE0008,2026-08-10 12:59:11,COMPLETED,CREDIT_CARD,USD,2026-08-11 18:59:11
ORD0004837,CUST000248,STORE0006,2026-06-19 08:12:18,COMPLETED,CREDIT_CARD,USD,2026-06-21 16:12:18
ORD0004838,CUST000335,STORE0005,2026-06-27 21:46:06,CANCELLED,DEBIT_CARD,USD,2026-06-30 08:46:06
ORD0004839,CUST000304,STORE0008,2026-06-04 12:10:52,CANCELLED,PAYPAL,USD,2026-06-05 20:10:52
ORD0004840,CUST000181,STORE0011,2026-07-02 21:52:25,PENDING,PAYPAL,USD,2026-07-03 16:52:25
ORD0004841,CUST000071,STORE0009,2026-03-06 09:57:06,COMPLETED,CREDIT_CARD,USD,2026-03-08 23:57:06
ORD0004842,CUST000336,STORE0011,2026-06-14 11:30:19,CANCELLED,GIFT_CARD,USD,2026-06-14 17:30:19
ORD0004843,CUST000024,STORE0008,2026-04-16 17:54:30,PENDING,CREDIT_CARD,USD,2026-04-17 00:54:30
ORD0004844,CUST000027,STORE0008,2026-06-16 09:37:25,REFUNDED,PAYPAL,USD,2026-06-19 00:37:25
ORD0004845,CUST000281,STORE0006,2026-07-04 18:52:47,PENDING,STORE_CREDIT,USD,2026-07-07 13:52:47
ORD0004846,CUST000207,STORE0005,2026-05-15 11:32:27,CANCELLED,GIFT_CARD,USD,2026-05-17 00:32:27
ORD0004847,CUST000457,STORE0007,2026-06-01 15:15:06,COMPLETED,DEBIT_CARD,USD,2026-06-03 14:15:06
ORD0004848,CUST000277,STORE0004,2026-04-01 09:05:09,COMPLETED,CREDIT_CARD,USD,2026-04-04 05:05:09
ORD0004849,CUST000492,STORE0009,2026-08-05 13:26:47,REFUNDED,PAYPAL,USD,2026-08-08 03:26:47
ORD0004850,CUST000259,STORE0012,2026-07-05 10:27:58,REFUNDED,GIFT_CARD,USD,2026-07-06 16:27:58
ORD0004851,CUST000095,STORE0009,2026-06-27 18:30:00,COMPLETED,DEBIT_CARD,USD,2026-06-29 12:30:00
ORD0004852,CUST000493,STORE0003,2026-05-08 16:55:25,COMPLETED,DEBIT_CARD,USD,2026-05-11 08:55:25
ORD0004853,CUST000140,STORE0012,2026-06-22 15:16:09,COMPLETED,GIFT_CARD,USD,2026-06-23 05:16:09
ORD0004854,CUST000065,STORE0008,2026-05-20 15:40:12,COMPLETED,CREDIT_CARD,USD,2026-05-21 14:40:12
ORD0004855,CUST000314,STORE0013,2026-04-12 14:35:39,COMPLETED,STORE_CREDIT,USD,2026-04-13 09:35:39
ORD0004856,CUST000443,STORE0009,2026-07-25 12:43:23,CANCELLED,DEBIT_CARD,USD,2026-07-27 19:43:23
ORD0004857,CUST000313,STORE0009,2026-03-17 13:20:20,COMPLETED,DEBIT_CARD,USD,2026-03-18 02:20:20
ORD0004858,CUST000149,STORE0003,2026-04-23 20:08:20,CANCELLED,PAYPAL,USD,2026-04-25 05:08:20
ORD0004859,CUST000230,STORE0007,2026-07-04 20:45:23,COMPLETED,GIFT_CARD,USD,2026-07-07 12:45:23
ORD0004860,CUST000076,STORE0008,2026-07-21 15:09:32,COMPLETED,PAYPAL,USD,2026-07-22 08:09:32
ORD0004861,CUST000173,STORE0008,2026-05-12 10:17:56,COMPLETED,CREDIT_CARD,USD,2026-05-13 06:17:56
ORD0004862,CUST000026,STORE0009,2026-03-29 20:43:53,REFUNDED,GIFT_CARD,USD,2026-03-31 13:43:53
ORD0004863,CUST000058,STORE0013,2026-08-10 13:36:56,COMPLETED,DEBIT_CARD,USD,2026-08-12 19:36:56
ORD0004864,CUST000243,STORE0010,2026-08-04 16:16:09,COMPLETED,STORE_CREDIT,USD,2026-08-06 21:16:09
ORD0004865,CUST000121,STORE0007,2026-04-13 17:49:47,CANCELLED,PAYPAL,USD,2026-04-16 11:49:47
ORD0004866,CUST000293,STORE0001,2026-05-13 12:45:21,COMPLETED,STORE_CREDIT,USD,2026-05-13 21:45:21
ORD0004867,CUST000096,STORE0006,2026-07-01 20:53:57,COMPLETED,GIFT_CARD,USD,2026-07-01 21:53:57
ORD0004868,CUST000025,STORE0001,2026-06-18 17:29:45,COMPLETED,PAYPAL,USD,2026-06-19 00:29:45
ORD0004869,CUST000496,STORE0010,2026-04-14 11:16:34,CANCELLED,STORE_CREDIT,USD,2026-04-16 11:16:34
ORD0004870,CUST000091,STORE0001,2026-08-03 17:28:27,COMPLETED,GIFT_CARD,USD,2026-08-05 18:28:27
ORD0004871,CUST000456,STORE0010,2026-05-11 17:26:08,REFUNDED,GIFT_CARD,USD,2026-05-14 05:26:08
ORD0004872,CUST000063,STORE0003,2026-07-03 19:15:18,PENDING,PAYPAL,USD,2026-07-05 01:15:18
ORD0004873,CUST000314,STORE0013,2026-05-31 16:23:30,COMPLETED,STORE_CREDIT,USD,2026-06-01 21:23:30
ORD0004874,CUST000135,STORE0007,2026-07-05 20:38:14,COMPLETED,PAYPAL,USD,2026-07-06 12:38:14
ORD0004875,CUST000062,STORE0008,2026-03-24 20:49:09,COMPLETED,DEBIT_CARD,USD,2026-03-25 11:49:09
ORD0004876,CUST000439,STORE0004,2026-07-18 16:06:40,CANCELLED,STORE_CREDIT,USD,2026-07-18 16:06:40
ORD0004877,CUST000002,STORE0010,2026-07-24 17:45:15,CANCELLED,CREDIT_CARD,USD,2026-07-26 19:45:15
ORD0004878,CUST000296,STORE0013,2026-04-09 13:49:00,COMPLETED,PAYPAL,USD,2026-04-10 01:49:00
ORD0004879,CUST000287,STORE0013,2026-06-04 13:28:37,COMPLETED,CREDIT_CARD,USD,2026-06-07 12:28:37
ORD0004880,CUST000002,STORE0002,2026-06-18 11:43:10,CANCELLED,GIFT_CARD,USD,2026-06-18 21:43:10
ORD0004881,CUST000325,STORE0007,2026-06-19 12:00:44,COMPLETED,CREDIT_CARD,USD,2026-06-21 00:00:44
ORD0004882,CUST000136,STORE0001,2026-05-20 20:57:59,COMPLETED,CREDIT_CARD,USD,2026-05-21 21:57:59
ORD0004883,CUST000106,STORE0003,2026-06-09 17:07:32,COMPLETED,DEBIT_CARD,USD,2026-06-10 22:07:32
ORD0004884,CUST000282,STORE0002,2026-08-01 15:49:21,COMPLETED,CREDIT_CARD,USD,2026-08-04 14:49:21
ORD0004885,CUST000177,STORE0003,2026-08-03 09:20:25,COMPLETED,DEBIT_CARD,USD,2026-08-04 03:20:25
ORD0004886,CUST000488,STORE0008,2026-03-07 16:22:22,REFUNDED,DEBIT_CARD,USD,2026-03-08 01:22:22
ORD0004887,CUST000307,STORE0008,2026-07-02 19:58:01,CANCELLED,STORE_CREDIT,USD,2026-07-05 10:58:01
ORD0004888,CUST000333,STORE0013,2026-04-12 17:49:57,COMPLETED,STORE_CREDIT,USD,2026-04-15 00:49:57
ORD0004889,CUST000301,STORE0011,2026-05-09 20:31:11,COMPLETED,CREDIT_CARD,USD,2026-05-10 12:31:11
ORD0004890,CUST000277,STORE0002,2026-03-16 21:52:16,COMPLETED,CREDIT_CARD,USD,2026-03-19 16:52:16
ORD0004891,CUST000301,STORE0012,2026-04-13 11:04:13,CANCELLED,DEBIT_CARD,USD,2026-04-15 18:04:13
ORD0004892,CUST000101,STORE0008,2026-03-14 08:58:17,COMPLETED,PAYPAL,USD,2026-03-16 19:58:17
ORD0004893,CUST000457,STORE0002,2026-02-15 11:41:00,PENDING,PAYPAL,USD,2026-02-15 20:41:00
ORD0004894,CUST000315,STORE0012,2026-06-13 20:42:25,COMPLETED,CREDIT_CARD,USD,2026-06-14 10:42:25
ORD0004895,CUST000302,STORE0002,2026-03-13 12:41:32,COMPLETED,STORE_CREDIT,USD,2026-03-13 20:41:32
ORD0004896,CUST000215,STORE0012,2026-04-29 18:05:21,PENDING,STORE_CREDIT,USD,2026-04-29 20:05:21
ORD0004897,CUST000114,STORE0002,2026-05-11 11:53:11,CANCELLED,CREDIT_CARD,USD,2026-05-12 15:53:11
ORD0004898,CUST000265,STORE0011,2026-03-25 20:10:13,COMPLETED,DEBIT_CARD,USD,2026-03-27 23:10:13
ORD0004899,CUST000428,STORE0007,2026-03-28 19:17:53,COMPLETED,STORE_CREDIT,USD,2026-03-29 08:17:53
ORD0004900,CUST000383,STORE0004,2026-02-15 16:30:44,COMPLETED,CREDIT_CARD,USD,2026-02-17 00:30:44
ORD0004901,CUST000007,STORE0012,2026-03-28 18:22:52,REFUNDED,CREDIT_CARD,USD,2026-03-30 06:22:52
ORD0004902,CUST000485,STORE0002,2026-06-19 10:30:47,COMPLETED,DEBIT_CARD,USD,2026-06-21 02:30:47
ORD0004903,CUST000197,STORE0006,2026-05-10 14:18:16,COMPLETED,STORE_CREDIT,USD,2026-05-11 23:18:16
ORD0004904,CUST000316,STORE0001,2026-04-10 16:11:16,COMPLETED,CREDIT_CARD,USD,2026-04-11 22:11:16
ORD0004905,CUST000154,STORE0006,2026-05-23 14:12:01,CANCELLED,PAYPAL,USD,2026-05-23 19:12:01
ORD0004906,CUST000473,STORE0007,2026-05-29 21:19:19,COMPLETED,CREDIT_CARD,USD,2026-05-31 20:19:19
ORD0004907,CUST000356,STORE0004,2026-02-26 08:08:33,CANCELLED,GIFT_CARD,USD,2026-02-27 09:08:33
ORD0004908,CUST000449,STORE0001,2026-06-15 12:53:41,PENDING,STORE_CREDIT,USD,2026-06-16 09:53:41
ORD0004909,CUST000034,STORE0001,2026-05-09 14:33:57,CANCELLED,PAYPAL,USD,2026-05-12 03:33:57
ORD0004910,CUST000069,STORE0011,2026-03-25 21:07:52,COMPLETED,STORE_CREDIT,USD,2026-03-28 01:07:52
ORD0004911,CUST000417,STORE0010,2026-04-14 21:18:32,PENDING,STORE_CREDIT,USD,2026-04-16 13:18:32
ORD0004912,CUST000044,STORE0006,2026-03-18 20:43:25,COMPLETED,PAYPAL,USD,2026-03-20 18:43:25
ORD0004913,CUST000040,STORE0012,2026-05-19 12:19:29,COMPLETED,DEBIT_CARD,USD,2026-05-19 20:19:29
ORD0004914,CUST000292,STORE0012,2026-07-02 12:32:52,COMPLETED,DEBIT_CARD,USD,2026-07-02 19:32:52
ORD0004915,CUST000296,STORE0007,2026-03-03 15:33:46,PENDING,DEBIT_CARD,USD,2026-03-04 21:33:46
ORD0004916,CUST000092,STORE0003,2026-04-02 11:44:08,COMPLETED,CREDIT_CARD,USD,2026-04-02 15:44:08
ORD0004917,CUST000400,STORE0004,2026-03-28 08:58:57,CANCELLED,DEBIT_CARD,USD,2026-03-28 18:58:57
ORD0004918,CUST000318,STORE0011,2026-02-23 19:26:05,REFUNDED,GIFT_CARD,USD,2026-02-26 13:26:05
ORD0004919,CUST000339,STORE0012,2026-07-15 21:18:35,COMPLETED,PAYPAL,USD,2026-07-18 10:18:35
ORD0004920,CUST000302,STORE0012,2026-02-26 17:09:07,COMPLETED,CREDIT_CARD,USD,2026-03-01 01:09:07
ORD0004921,CUST000006,STORE0013,2026-04-04 09:27:37,COMPLETED,GIFT_CARD,USD,2026-04-06 22:27:37
ORD0004922,CUST000390,STORE0013,2026-05-17 21:40:28,REFUNDED,GIFT_CARD,USD,2026-05-20 03:40:28
ORD0004923,CUST000210,STORE0002,2026-07-05 18:39:01,CANCELLED,GIFT_CARD,USD,2026-07-07 14:39:01
ORD0004924,CUST000394,STORE0012,2026-08-11 13:52:26,COMPLETED,PAYPAL,USD,2026-08-11 13:52:26
ORD0004925,CUST000213,STORE0008,2026-02-26 15:51:57,PENDING,CREDIT_CARD,USD,2026-02-27 02:51:57
ORD0004926,CUST000115,STORE0003,2026-03-27 11:42:10,COMPLETED,GIFT_CARD,USD,2026-03-29 08:42:10
ORD0004927,CUST000164,STORE0004,2026-06-04 19:54:21,COMPLETED,DEBIT_CARD,USD,2026-06-04 23:54:21
ORD0004928,CUST000085,STORE0005,2026-05-05 17:58:24,COMPLETED,DEBIT_CARD,USD,2026-05-06 14:58:24
ORD0004929,CUST000195,STORE0012,2026-02-27 20:29:37,COMPLETED,CREDIT_CARD,USD,2026-02-28 06:29:37
ORD0004930,CUST000236,STORE0002,2026-07-24 21:03:59,CANCELLED,PAYPAL,USD,2026-07-25 06:03:59
ORD0004931,CUST000330,STORE0004,2026-07-24 21:09:03,REFUNDED,STORE_CREDIT,USD,2026-07-25 18:09:03
ORD0004932,CUST000141,STORE0011,2026-07-18 13:00:45,COMPLETED,DEBIT_CARD,USD,2026-07-20 05:00:45
ORD0004933,CUST000161,STORE0008,2026-08-01 15:50:37,CANCELLED,DEBIT_CARD,USD,2026-08-02 18:50:37
ORD0004934,CUST000310,STORE0003,2026-06-27 17:27:12,PENDING,STORE_CREDIT,USD,2026-06-30 12:27:12
ORD0004935,CUST000018,STORE0006,2026-05-04 15:25:17,PENDING,GIFT_CARD,USD,2026-05-05 12:25:17
ORD0004936,CUST000457,STORE0004,2026-03-25 13:23:05,PENDING,PAYPAL,USD,2026-03-26 09:23:05
ORD0004937,CUST000235,STORE0003,2026-03-14 11:27:39,REFUNDED,STORE_CREDIT,USD,2026-03-14 13:27:39
ORD0004938,CUST000433,STORE0001,2026-03-15 19:11:17,PENDING,GIFT_CARD,USD,2026-03-16 02:11:17
ORD0004939,CUST000012,STORE0005,2026-06-13 21:01:17,PENDING,CREDIT_CARD,USD,2026-06-14 16:01:17
ORD0004940,CUST000360,STORE0012,2026-03-05 20:09:08,COMPLETED,CREDIT_CARD,USD,2026-03-07 10:09:08
ORD0004941,CUST000063,STORE0009,2026-06-14 20:59:00,REFUNDED,CREDIT_CARD,USD,2026-06-16 16:59:00
ORD0004942,CUST000318,STORE0004,2026-03-30 21:11:17,COMPLETED,GIFT_CARD,USD,2026-04-02 15:11:17
ORD0004943,CUST000209,STORE0003,2026-04-17 21:48:09,COMPLETED,STORE_CREDIT,USD,2026-04-18 14:48:09
ORD0004944,CUST000246,STORE0007,2026-02-19 21:13:37,COMPLETED,STORE_CREDIT,USD,2026-02-20 12:13:37
ORD0004945,CUST000020,STORE0007,2026-04-21 11:57:40,CANCELLED,GIFT_CARD,USD,2026-04-23 10:57:40
ORD0004946,CUST000126,STORE0013,2026-02-16 17:28:25,CANCELLED,GIFT_CARD,USD,2026-02-16 20:28:25
ORD0004947,CUST000123,STORE0004,2026-05-14 17:42:44,COMPLETED,STORE_CREDIT,USD,2026-05-14 22:42:44
ORD0004948,CUST000443,STORE0005,2026-04-17 11:46:33,CANCELLED,DEBIT_CARD,USD,2026-04-17 13:46:33
ORD0004949,CUST000468,STORE0003,2026-06-15 16:00:52,PENDING,PAYPAL,USD,2026-06-17 18:00:52
ORD0004950,CUST000496,STORE0007,2026-06-17 20:35:44,COMPLETED,STORE_CREDIT,USD,2026-06-20 13:35:44
ORD0004951,CUST000076,STORE0008,2026-02-27 19:06:06,CANCELLED,PAYPAL,USD,2026-02-28 21:06:06
ORD0004952,CUST000371,STORE0008,2026-02-17 20:44:41,REFUNDED,GIFT_CARD,USD,2026-02-19 13:44:41
ORD0004953,CUST000140,STORE0011,2026-03-08 21:17:11,COMPLETED,PAYPAL,USD,2026-03-11 17:17:11
ORD0004954,CUST000064,STORE0004,2026-07-27 18:35:10,COMPLETED,STORE_CREDIT,USD,2026-07-29 15:35:10
ORD0004955,CUST000056,STORE0011,2026-03-17 17:01:22,COMPLETED,GIFT_CARD,USD,2026-03-19 07:01:22
ORD0004956,CUST000056,STORE0001,2026-07-26 19:25:44,COMPLETED,GIFT_CARD,USD,2026-07-28 13:25:44
ORD0004957,CUST000150,STORE0012,2026-04-24 13:20:26,COMPLETED,DEBIT_CARD,USD,2026-04-27 11:20:26
ORD0004958,CUST000432,STORE0006,2026-06-30 21:16:22,CANCELLED,DEBIT_CARD,USD,2026-07-03 12:16:22
ORD0004959,CUST000197,STORE0001,2026-02-19 10:27:33,COMPLETED,PAYPAL,USD,2026-02-21 17:27:33
ORD0004960,CUST000239,STORE0007,2026-04-18 15:28:21,COMPLETED,PAYPAL,USD,2026-04-20 13:28:21
ORD0004961,CUST000196,STORE0008,2026-03-09 09:25:10,PENDING,DEBIT_CARD,USD,2026-03-11 06:25:10
ORD0004962,CUST000498,STORE0013,2026-07-07 14:10:55,CANCELLED,STORE_CREDIT,USD,2026-07-08 00:10:55
ORD0004963,CUST000311,STORE0013,2026-04-18 18:29:40,COMPLETED,GIFT_CARD,USD,2026-04-21 07:29:40
ORD0004964,CUST000326,STORE0011,2026-02-27 15:37:16,COMPLETED,STORE_CREDIT,USD,2026-02-28 22:37:16
ORD0004965,CUST000451,STORE0007,2026-05-01 21:26:44,COMPLETED,GIFT_CARD,USD,2026-05-04 18:26:44
ORD0004966,CUST000369,STORE0001,2026-05-26 20:54:17,COMPLETED,CREDIT_CARD,USD,2026-05-28 11:54:17
ORD0004967,CUST000383,STORE0001,2026-04-26 21:30:32,PENDING,CREDIT_CARD,USD,2026-04-29 06:30:32
ORD0004968,CUST000178,STORE0004,2026-07-22 21:37:41,CANCELLED,STORE_CREDIT,USD,2026-07-23 04:37:41
ORD0004969,CUST000411,STORE0005,2026-03-10 14:33:27,COMPLETED,GIFT_CARD,USD,2026-03-12 02:33:27
ORD0004970,CUST000335,STORE0007,2026-02-17 08:35:00,COMPLETED,DEBIT_CARD,USD,2026-02-18 20:35:00
ORD0004971,CUST000214,STORE0011,2026-06-14 08:50:59,REFUNDED,PAYPAL,USD,2026-06-16 17:50:59
ORD0004972,CUST000114,STORE0001,2026-02-22 18:51:44,COMPLETED,GIFT_CARD,USD,2026-02-23 18:51:44
ORD0004973,CUST000079,STORE0012,2026-03-07 10:34:07,COMPLETED,CREDIT_CARD,USD,2026-03-08 11:34:07
ORD0004974,CUST000029,STORE0009,2026-06-19 21:45:22,PENDING,PAYPAL,USD,2026-06-20 21:45:22
ORD0004975,CUST000338,STORE0005,2026-03-19 20:01:24,COMPLETED,STORE_CREDIT,USD,2026-03-21 09:01:24
ORD0004976,CUST000074,STORE0006,2026-04-04 20:48:27,COMPLETED,DEBIT_CARD,USD,2026-04-06 12:48:27
ORD0004977,CUST000434,STORE0009,2026-03-01 11:00:11,COMPLETED,GIFT_CARD,USD,2026-03-02 00:00:11
ORD0004978,CUST000210,STORE0008,2026-03-24 11:38:00,PENDING,GIFT_CARD,USD,2026-03-25 23:38:00
ORD0004979,CUST000425,STORE0013,2026-03-05 11:32:12,PENDING,CREDIT_CARD,USD,2026-03-07 07:32:12
ORD0004980,CUST000205,STORE0006,2026-07-01 12:34:44,REFUNDED,GIFT_CARD,USD,2026-07-04 10:34:44
ORD0004981,CUST000234,STORE0001,2026-08-06 10:06:45,CANCELLED,PAYPAL,USD,2026-08-08 23:06:45
ORD0004982,CUST000185,STORE0006,2026-03-16 12:22:35,PENDING,GIFT_CARD,USD,2026-03-19 05:22:35
ORD0004983,CUST000008,STORE0010,2026-03-09 08:59:06,COMPLETED,PAYPAL,USD,2026-03-10 05:59:06
ORD0004984,CUST000473,STORE0002,2026-07-18 17:01:28,REFUNDED,STORE_CREDIT,USD,2026-07-19 22:01:28
ORD0004985,CUST000273,STORE0008,2026-03-31 20:56:38,COMPLETED,DEBIT_CARD,USD,2026-04-01 02:56:38
ORD0004986,CUST000432,STORE0013,2026-07-25 16:47:10,REFUNDED,DEBIT_CARD,USD,2026-07-25 21:47:10
ORD0004987,CUST000322,STORE0004,2026-07-21 18:48:57,PENDING,GIFT_CARD,USD,2026-07-24 06:48:57
ORD0004988,CUST000373,STORE0009,2026-04-11 08:19:54,REFUNDED,CREDIT_CARD,USD,2026-04-12 00:19:54
ORD0004989,CUST000101,STORE0004,2026-03-29 09:13:45,COMPLETED,STORE_CREDIT,USD,2026-03-29 17:13:45
ORD0004990,CUST000397,STORE0003,2026-03-20 14:29:11,COMPLETED,PAYPAL,USD,2026-03-22 09:29:11
ORD0004991,CUST000051,STORE0005,2026-06-19 21:20:24,COMPLETED,STORE_CREDIT,USD,2026-06-22 06:20:24
ORD0004992,CUST000479,STORE0011,2026-07-26 12:18:55,COMPLETED,STORE_CREDIT,USD,2026-07-28 13:18:55
ORD0004993,CUST000103,STORE0005,2026-06-19 09:52:59,COMPLETED,STORE_CREDIT,USD,2026-06-22 07:52:59
ORD0004994,CUST000280,STORE0012,2026-06-04 17:25:23,COMPLETED,PAYPAL,USD,2026-06-04 22:25:23
ORD0004995,CUST000153,STORE0013,2026-02-22 15:29:07,PENDING,DEBIT_CARD,USD,2026-02-23 23:29:07
ORD0004996,CUST000381,STORE0013,2026-03-07 11:28:06,CANCELLED,GIFT_CARD,USD,2026-03-08 16:28:06
ORD0004997,CUST000445,STORE0006,2026-08-04 16:49:20,CANCELLED,STORE_CREDIT,USD,2026-08-05 02:49:20
ORD0004998,CUST000400,STORE0008,2026-06-05 21:37:53,COMPLETED,DEBIT_CARD,USD,2026-06-06 04:37:53
ORD0004999,CUST000168,STORE0001,2026-07-23 08:41:31,CANCELLED,CREDIT_CARD,USD,2026-07-25 11:41:31
ORD0005000,CUST000210,STORE0013,2026-04-27 14:09:08,REFUNDED,CREDIT_CARD,USD,2026-04-29 10:09:08
