order_item_id,order_id,product_id,quantity,unit_price,discount_amount,line_total,updated_at
OI00000001,ORD0000001,PROD000192,3,122.14,0.0,366.42,2026-08-12 22:41:59
OI00000002,ORD0000001,PROD000047,2,125.52,0.0,251.04,2026-08-12 22:41:59
OI00000003,ORD0000001,PROD000114,2,36.68,0.0,73.36,2026-08-12 22:41:59
OI00000004,ORD0000001,PROD000157,1,230.53,0.0,230.53,2026-08-12 22:41:59
OI00000005,ORD0000002,PROD000048,4,312.1,0.0,1248.4,2026-06-09 18:07:22
OI00000006,ORD0000002,PROD000198,1,307.49,0.0,307.49,2026-06-09 18:07:22
OI00000007,ORD0000003,PROD000175,2,395.9,39.59,752.21,2026-02-21 17:17:43
OI00000008,ORD0000004,PROD000182,1,116.92,11.69,105.23,2026-06-21 15:02:17
OI00000009,ORD0000005,PROD000017,1,177.67,0.0,177.67,2026-06-23 10:35:12
OI00000010,ORD0000005,PROD000165,1,95.13,0.0,95.13,2026-06-23 10:35:12
OI00000011,ORD0000006,PROD000158,3,391.88,0.0,1175.64,2026-04-28 07:54:43
OI00000012,ORD0000007,PROD000194,1,99.76,0.0,99.76,2026-08-08 01:03:54
OI00000013,ORD0000008,PROD000002,1,68.17,0.0,68.17,2026-02-28 00:14:03
OI00000014,ORD0000008,PROD000109,1,87.72,0.0,87.72,2026-02-28 00:14:03
OI00000015,ORD0000009,PROD000017,2,177.67,0.0,355.34,2026-08-10 15:04:58
OI00000016,ORD0000010,PROD000067,4,181.48,36.3,689.62,2026-02-22 01:51:40
OI00000017,ORD0000011,PROD000163,1,379.9,0.0,379.9,2026-06-30 04:15:04
OI00000018,ORD0000011,PROD000033,1,240.82,0.0,240.82,2026-06-30 04:15:04
OI00000019,ORD0000012,PROD000179,1,100.96,0.0,100.96,2026-03-05 04:08:03
OI00000020,ORD0000013,PROD000065,2,459.64,0.0,919.28,2026-02-28 00:54:24
OI00000021,ORD0000013,PROD000170,1,39.7,0.0,39.7,2026-02-28 00:54:24
OI00000022,ORD0000013,PROD000187,2,260.32,0.0,520.64,2026-02-28 00:54:24
OI00000023,ORD0000014,PROD000169,2,53.52,0.0,107.04,2026-02-21 15:33:21
OI00000024,ORD0000015,PROD000176,1,395.87,0.0,395.87,2026-07-12 07:40:32
OI00000025,ORD0000015,PROD000124,1,396.34,0.0,396.34,2026-07-12 07:40:32
OI00000026,ORD0000016,PROD000088,2,381.45,0.0,762.9,2026-06-28 15:48:22
OI00000027,ORD0000017,PROD000158,1,391.88,0.0,391.88,2026-06-27 00:42:43
OI00000028,ORD0000017,PROD000014,1,171.48,17.15,154.33,2026-06-27 00:42:43
OI00000029,ORD0000018,PROD000163,2,379.9,0.0,759.8,2026-05-14 22:42:30
OI00000030,ORD0000018,PROD000159,1,90.28,0.0,90.28,2026-05-14 22:42:30
OI00000031,ORD0000018,PROD000094,2,170.67,0.0,341.34,2026-05-14 22:42:30
OI00000032,ORD0000019,PROD000093,1,51.13,0.0,51.13,2026-07-28 14:44:14
OI00000033,ORD0000019,PROD000105,4,230.76,0.0,923.04,2026-07-28 14:44:14
OI00000034,ORD0000020,PROD000101,4,140.13,0.0,560.52,2026-02-24 00:07:09
OI00000035,ORD0000020,PROD000012,1,374.67,0.0,374.67,2026-02-24 00:07:09
OI00000036,ORD0000021,PROD000074,3,260.67,0.0,782.01,2026-03-31 11:54:35
OI00000037,ORD0000022,PROD000067,1,181.48,0.0,181.48,2026-05-24 13:50:56
OI00000038,ORD0000023,PROD000035,1,197.66,0.0,197.66,2026-07-24 05:56:45
OI00000039,ORD0000023,PROD000051,1,128.31,25.66,102.65,2026-07-24 05:56:45
OI00000040,ORD0000023,PROD000052,1,289.95,0.0,289.95,2026-07-24 05:56:45
OI00000041,ORD0000023,PROD000151,2,220.37,0.0,440.74,2026-07-24 05:56:45
OI00000042,ORD0000024,PROD000164,2,179.02,17.9,340.14,2026-03-26 00:15:03
OI00000043,ORD0000024,PROD000139,2,48.21,0.0,96.42,2026-03-26 00:15:03
OI00000044,ORD0000024,PROD000057,1,282.26,28.23,254.03,2026-03-26 00:15:03
OI00000045,ORD0000024,PROD000021,2,325.45,0.0,650.9,2026-03-26 00:15:03
OI00000046,ORD0000025,PROD000163,2,379.9,37.99,721.81,2026-04-03 02:45:23
OI00000047,ORD0000025,PROD000111,2,209.32,0.0,418.64,2026-04-03 02:45:23
OI00000048,ORD0000026,PROD000161,1,310.12,0.0,310.12,2026-06-11 12:15:25
OI00000049,ORD0000026,PROD000042,1,358.03,0.0,358.03,2026-06-11 12:15:25
OI00000050,ORD0000026,PROD000104,1,219.63,0.0,219.63,2026-06-11 12:15:25
OI00000051,ORD0000026,PROD000071,1,259.22,0.0,259.22,2026-06-11 12:15:25
OI00000052,ORD0000027,PROD000007,1,255.16,0.0,255.16,2026-06-16 05:26:23
OI00000053,ORD0000028,PROD000078,1,44.16,0.0,44.16,2026-05-19 02:18:53
OI00000054,ORD0000028,PROD000063,1,61.43,0.0,61.43,2026-05-19 02:18:53
OI00000055,ORD0000029,PROD000037,1,48.34,0.0,48.34,2026-05-10 23:19:47
OI00000056,ORD0000029,PROD000154,2,57.2,5.72,108.68,2026-05-10 23:19:47
OI00000057,ORD0000029,PROD000073,1,9.42,0.0,9.42,2026-05-10 23:19:47
OI00000058,ORD0000030,PROD000057,1,282.26,0.0,282.26,2026-08-01 03:30:41
OI00000059,ORD0000031,PROD000119,1,93.67,0.0,93.67,2026-06-14 05:52:29
OI00000060,ORD0000031,PROD000198,1,307.49,0.0,307.49,2026-06-14 05:52:29
OI00000061,ORD0000031,PROD000115,1,66.23,0.0,66.23,2026-06-14 05:52:29
OI00000062,ORD0000032,PROD000117,2,96.57,0.0,193.14,2026-02-18 12:51:42
OI00000063,ORD0000033,PROD000041,2,287.98,57.6,518.36,2026-07-04 12:20:37
OI00000064,ORD0000033,PROD000093,1,51.13,0.0,51.13,2026-07-04 12:20:37
OI00000065,ORD0000033,PROD000160,1,181.18,27.18,154.0,2026-07-04 12:20:37
OI00000066,ORD0000033,PROD000180,1,443.88,0.0,443.88,2026-07-04 12:20:37
OI00000067,ORD0000034,PROD000156,1,208.16,10.41,197.75,2026-05-10 04:28:40
OI00000068,ORD0000035,PROD000187,1,260.32,0.0,260.32,2026-02-21 22:12:04
OI00000069,ORD0000036,PROD000035,1,197.66,19.77,177.89,2026-02-18 12:20:55
OI00000070,ORD0000036,PROD000152,1,68.44,6.84,61.6,2026-02-18 12:20:55
OI00000071,ORD0000036,PROD000116,1,33.83,1.69,32.14,2026-02-18 12:20:55
OI00000072,ORD0000036,PROD000136,2,248.42,0.0,496.84,2026-02-18 12:20:55
OI00000073,ORD0000036,PROD000018,1,6.39,0.0,6.39,2026-02-18 12:20:55
OI00000074,ORD0000037,PROD000111,2,209.32,0.0,418.64,2026-08-09 09:17:12
OI00000075,ORD0000038,PROD000127,2,216.42,0.0,432.84,2026-06-20 02:29:36
OI00000076,ORD0000038,PROD000097,1,119.02,0.0,119.02,2026-06-20 02:29:36
OI00000077,ORD0000039,PROD000187,2,260.32,0.0,520.64,2026-06-02 18:11:57
OI00000078,ORD0000039,PROD000049,2,343.12,0.0,686.24,2026-06-02 18:11:57
OI00000079,ORD0000040,PROD000114,1,36.68,0.0,36.68,2026-04-26 02:34:18
OI00000080,ORD0000040,PROD000156,2,208.16,0.0,416.32,2026-04-26 02:34:18
OI00000081,ORD0000040,PROD000033,1,240.82,0.0,240.82,2026-04-26 02:34:18
OI00000082,ORD0000040,PROD000103,1,30.32,0.0,30.32,2026-04-26 02:34:18
OI00000083,ORD0000041,PROD000110,1,112.33,11.23,101.1,2026-08-12 13:47:29
OI00000084,ORD0000041,PROD000010,1,238.36,0.0,238.36,2026-08-12 13:47:29
OI00000085,ORD0000041,PROD000003,1,265.29,0.0,265.29,2026-08-12 13:47:29
OI00000086,ORD0000041,PROD000070,1,251.87,0.0,251.87,2026-08-12 13:47:29
OI00000087,ORD0000042,PROD000173,1,269.92,0.0,269.92,2026-03-22 11:52:17
OI00000088,ORD0000042,PROD000027,1,174.59,0.0,174.59,2026-03-22 11:52:17
OI00000089,ORD0000042,PROD000048,2,312.1,0.0,624.2,2026-03-22 11:52:17
OI00000090,ORD0000043,PROD000013,2,286.54,0.0,573.08,2026-05-19 06:13:45
OI00000091,ORD0000043,PROD000181,2,132.65,26.53,238.77,2026-05-19 06:13:45
OI00000092,ORD0000044,PROD000069,1,332.4,0.0,332.4,2026-05-03 21:03:38
OI00000093,ORD0000044,PROD000104,1,219.63,0.0,219.63,2026-05-03 21:03:38
OI00000094,ORD0000044,PROD000067,2,181.48,0.0,362.96,2026-05-03 21:03:38
OI00000095,ORD0000045,PROD000146,1,237.64,0.0,237.64,2026-03-11 17:53:53
OI00000096,ORD0000046,PROD000059,1,368.8,0.0,368.8,2026-04-05 19:13:59
OI00000097,ORD0000047,PROD000079,2,315.96,0.0,631.92,2026-08-02 23:00:24
OI00000098,ORD0000048,PROD000160,4,181.18,0.0,724.72,2026-05-31 01:49:38
OI00000099,ORD0000048,PROD000046,4,353.88,0.0,1415.52,2026-05-31 01:49:38
OI00000100,ORD0000048,PROD000070,2,251.87,100.75,402.99,2026-05-31 01:49:38
OI00000101,ORD0000049,PROD000005,2,219.89,0.0,439.78,2026-05-12 02:40:48
OI00000102,ORD0000050,PROD000033,1,240.82,0.0,240.82,2026-07-27 20:14:32
OI00000103,ORD0000051,PROD000105,1,230.76,0.0,230.76,2026-07-25 00:03:08
OI00000104,ORD0000052,PROD000011,1,74.18,14.84,59.34,2026-07-18 08:47:56
OI00000105,ORD0000053,PROD000014,3,171.48,0.0,514.44,2026-02-22 06:54:46
OI00000106,ORD0000054,PROD000124,2,396.34,0.0,792.68,2026-08-10 19:46:14
OI00000107,ORD0000055,PROD000155,2,67.32,20.2,114.44,2026-04-05 00:40:09
OI00000108,ORD0000056,PROD000048,2,312.1,0.0,624.2,2026-03-07 11:46:29
OI00000109,ORD0000057,PROD000101,1,140.13,0.0,140.13,2026-07-29 00:17:55
OI00000110,ORD0000057,PROD000110,2,112.33,11.23,213.43,2026-07-29 00:17:55
OI00000111,ORD0000057,PROD000105,2,230.76,23.08,438.44,2026-07-29 00:17:55
OI00000112,ORD0000057,PROD000045,1,70.0,0.0,70.0,2026-07-29 00:17:55
OI00000113,ORD0000057,PROD000133,3,7.24,1.09,20.63,2026-07-29 00:17:55
OI00000114,ORD0000058,PROD000086,1,216.37,0.0,216.37,2026-07-17 14:09:35
OI00000115,ORD0000058,PROD000127,1,216.42,0.0,216.42,2026-07-17 14:09:35
OI00000116,ORD0000059,PROD000104,3,219.63,98.83,560.06,2026-04-05 11:58:12
OI00000117,ORD0000059,PROD000139,4,48.21,0.0,192.84,2026-04-05 11:58:12
OI00000118,ORD0000059,PROD000112,1,76.78,0.0,76.78,2026-04-05 11:58:12
OI00000119,ORD0000060,PROD000121,4,311.61,62.32,1184.12,2026-06-01 08:58:07
OI00000120,ORD0000061,PROD000117,1,96.57,9.66,86.91,2026-05-16 15:45:31
OI00000121,ORD0000061,PROD000069,1,332.4,0.0,332.4,2026-05-16 15:45:31
OI00000122,ORD0000061,PROD000068,1,253.43,0.0,253.43,2026-05-16 15:45:31
OI00000123,ORD0000062,PROD000188,1,114.4,5.72,108.68,2026-07-19 22:43:09
OI00000124,ORD0000062,PROD000044,2,137.29,27.46,247.12,2026-07-19 22:43:09
OI00000125,ORD0000063,PROD000070,1,251.87,0.0,251.87,2026-07-16 15:33:58
OI00000126,ORD0000063,PROD000197,3,191.33,0.0,573.99,2026-07-16 15:33:58
OI00000127,ORD0000063,PROD000085,2,36.94,3.69,70.19,2026-07-16 15:33:58
OI00000128,ORD0000064,PROD000057,3,282.26,0.0,846.78,2026-03-10 05:40:36
OI00000129,ORD0000065,PROD000186,2,106.06,0.0,212.12,2026-03-30 05:31:00
OI00000130,ORD0000065,PROD000081,1,267.87,0.0,267.87,2026-03-30 05:31:00
OI00000131,ORD0000066,PROD000049,2,343.12,0.0,686.24,2026-04-02 19:07:28
OI00000132,ORD0000067,PROD000105,1,230.76,0.0,230.76,2026-06-07 15:58:39
OI00000133,ORD0000068,PROD000002,2,68.17,6.82,129.52,2026-04-16 03:31:43
OI00000134,ORD0000069,PROD000135,1,106.79,0.0,106.79,2026-04-12 10:50:00
OI00000135,ORD0000069,PROD000095,1,317.49,0.0,317.49,2026-04-12 10:50:00
OI00000136,ORD0000069,PROD000171,1,118.83,0.0,118.83,2026-04-12 10:50:00
OI00000137,ORD0000069,PROD000119,1,93.67,0.0,93.67,2026-04-12 10:50:00
OI00000138,ORD0000070,PROD000033,3,240.82,0.0,722.46,2026-05-11 23:06:00
OI00000139,ORD0000071,PROD000051,4,128.31,76.99,436.25,2026-04-21 01:28:39
OI00000140,ORD0000071,PROD000001,2,240.76,0.0,481.52,2026-04-21 01:28:39
OI00000141,ORD0000072,PROD000021,3,325.45,146.45,829.9,2026-05-11 08:28:14
OI00000142,ORD0000072,PROD000098,1,188.42,0.0,188.42,2026-05-11 08:28:14
OI00000143,ORD0000072,PROD000119,2,93.67,0.0,187.34,2026-05-11 08:28:14
OI00000144,ORD0000073,PROD000143,1,293.11,0.0,293.11,2026-07-22 05:45:09
OI00000145,ORD0000073,PROD000009,2,247.91,99.16,396.66,2026-07-22 05:45:09
OI00000146,ORD0000073,PROD000034,4,376.06,0.0,1504.24,2026-07-22 05:45:09
OI00000147,ORD0000074,PROD000187,2,260.32,0.0,520.64,2026-03-16 22:42:34
OI00000148,ORD0000075,PROD000189,1,184.49,0.0,184.49,2026-03-29 00:57:24
OI00000149,ORD0000075,PROD000135,1,106.79,0.0,106.79,2026-03-29 00:57:24
OI00000150,ORD0000075,PROD000190,1,270.32,0.0,270.32,2026-03-29 00:57:24
OI00000151,ORD0000076,PROD000106,4,13.25,0.0,53.0,2026-07-13 15:59:38
OI00000152,ORD0000076,PROD000186,1,106.06,0.0,106.06,2026-07-13 15:59:38
OI00000153,ORD0000076,PROD000183,1,239.94,0.0,239.94,2026-07-13 15:59:38
OI00000154,ORD0000076,PROD000158,1,391.88,0.0,391.88,2026-07-13 15:59:38
OI00000155,ORD0000077,PROD000001,1,240.76,0.0,240.76,2026-03-17 09:23:08
OI00000156,ORD0000077,PROD000088,2,381.45,152.58,610.32,2026-03-17 09:23:08
OI00000157,ORD0000078,PROD000168,1,433.94,0.0,433.94,2026-05-19 12:43:59
OI00000158,ORD0000078,PROD000061,1,85.11,0.0,85.11,2026-05-19 12:43:59
OI00000159,ORD0000078,PROD000029,3,12.47,1.87,35.54,2026-05-19 12:43:59
OI00000160,ORD0000079,PROD000142,4,276.94,0.0,1107.76,2026-06-10 14:38:18
OI00000161,ORD0000080,PROD000105,1,230.76,0.0,230.76,2026-07-13 06:40:53
OI00000162,ORD0000080,PROD000016,2,373.26,111.98,634.54,2026-07-13 06:40:53
OI00000163,ORD0000080,PROD000094,1,170.67,0.0,170.67,2026-07-13 06:40:53
OI00000164,ORD0000081,PROD000155,1,67.32,0.0,67.32,2026-04-02 11:31:46
OI00000165,ORD0000081,PROD000109,1,87.72,0.0,87.72,2026-04-02 11:31:46
OI00000166,ORD0000081,PROD000095,2,317.49,0.0,634.98,2026-04-02 11:31:46
OI00000167,ORD0000081,PROD000117,3,96.57,0.0,289.71,2026-04-02 11:31:46
OI00000168,ORD0000081,PROD000193,1,322.33,0.0,322.33,2026-04-02 11:31:46
OI00000169,ORD0000082,PROD000162,2,85.74,0.0,171.48,2026-07-14 11:51:03
OI00000170,ORD0000082,PROD000037,1,48.34,0.0,48.34,2026-07-14 11:51:03
OI00000171,ORD0000082,PROD000124,2,396.34,0.0,792.68,2026-07-14 11:51:03
OI00000172,ORD0000083,PROD000119,1,93.67,0.0,93.67,2026-07-12 03:43:50
OI00000173,ORD0000083,PROD000193,3,322.33,0.0,966.99,2026-07-12 03:43:50
OI00000174,ORD0000083,PROD000046,1,353.88,0.0,353.88,2026-07-12 03:43:50
OI00000175,ORD0000083,PROD000015,1,74.75,0.0,74.75,2026-07-12 03:43:50
OI00000176,ORD0000083,PROD000026,2,165.8,0.0,331.6,2026-07-12 03:43:50
OI00000177,ORD0000084,PROD000190,2,270.32,54.06,486.58,2026-05-27 13:19:44
OI00000178,ORD0000084,PROD000187,2,260.32,0.0,520.64,2026-05-27 13:19:44
OI00000179,ORD0000084,PROD000023,2,69.84,0.0,139.68,2026-05-27 13:19:44
OI00000180,ORD0000085,PROD000161,4,310.12,0.0,1240.48,2026-03-10 02:31:41
OI00000181,ORD0000086,PROD000034,1,376.06,0.0,376.06,2026-03-13 09:37:11
OI00000182,ORD0000087,PROD000152,1,68.44,0.0,68.44,2026-07-01 12:25:52
OI00000183,ORD0000087,PROD000150,1,121.83,0.0,121.83,2026-07-01 12:25:52
OI00000184,ORD0000088,PROD000197,1,191.33,0.0,191.33,2026-03-18 11:48:13
OI00000185,ORD0000088,PROD000049,1,343.12,0.0,343.12,2026-03-18 11:48:13
OI00000186,ORD0000088,PROD000002,2,68.17,0.0,136.34,2026-03-18 11:48:13
OI00000187,ORD0000088,PROD000157,1,230.53,11.53,219.0,2026-03-18 11:48:13
OI00000188,ORD0000089,PROD000012,3,374.67,0.0,1124.01,2026-06-25 18:23:34
OI00000189,ORD0000090,PROD000099,1,244.63,0.0,244.63,2026-08-04 06:28:08
OI00000190,ORD0000090,PROD000173,1,269.92,13.5,256.42,2026-08-04 06:28:08
OI00000191,ORD0000091,PROD000060,1,313.56,0.0,313.56,2026-04-04 13:19:54
OI00000192,ORD0000091,PROD000168,2,433.94,0.0,867.88,2026-04-04 13:19:54
OI00000193,ORD0000092,PROD000193,1,322.33,0.0,322.33,2026-05-25 04:57:10
OI00000194,ORD0000092,PROD000117,2,96.57,38.63,154.51,2026-05-25 04:57:10
OI00000195,ORD0000092,PROD000197,2,191.33,0.0,382.66,2026-05-25 04:57:10
OI00000196,ORD0000092,PROD000038,1,84.38,0.0,84.38,2026-05-25 04:57:10
OI00000197,ORD0000093,PROD000171,1,118.83,0.0,118.83,2026-07-20 02:26:52
OI00000198,ORD0000093,PROD000069,1,332.4,0.0,332.4,2026-07-20 02:26:52
OI00000199,ORD0000094,PROD000062,1,129.94,19.49,110.45,2026-07-28 19:23:58
OI00000200,ORD0000094,PROD000078,1,44.16,0.0,44.16,2026-07-28 19:23:58
OI00000201,ORD0000094,PROD000003,3,265.29,0.0,795.87,2026-07-28 19:23:58
OI00000202,ORD0000094,PROD000027,2,174.59,0.0,349.18,2026-07-28 19:23:58
OI00000203,ORD0000095,PROD000027,3,174.59,0.0,523.77,2026-06-20 21:33:22
OI00000204,ORD0000096,PROD000112,1,76.78,0.0,76.78,2026-05-27 06:22:51
OI00000205,ORD0000096,PROD000136,2,248.42,0.0,496.84,2026-05-27 06:22:51
OI00000206,ORD0000097,PROD000069,1,332.4,0.0,332.4,2026-03-22 20:36:47
OI00000207,ORD0000097,PROD000193,1,322.33,0.0,322.33,2026-03-22 20:36:47
OI00000208,ORD0000097,PROD000173,1,269.92,0.0,269.92,2026-03-22 20:36:47
OI00000209,ORD0000098,PROD000023,1,69.84,0.0,69.84,2026-06-29 00:56:59
OI00000210,ORD0000098,PROD000086,1,216.37,0.0,216.37,2026-06-29 00:56:59
OI00000211,ORD0000099,PROD000003,3,265.29,0.0,795.87,2026-03-10 22:36:03
OI00000212,ORD0000099,PROD000117,1,96.57,0.0,96.57,2026-03-10 22:36:03
OI00000213,ORD0000099,PROD000193,2,322.33,0.0,644.66,2026-03-10 22:36:03
OI00000214,ORD0000099,PROD000144,1,398.95,0.0,398.95,2026-03-10 22:36:03
OI00000215,ORD0000100,PROD000188,2,114.4,34.32,194.48,2026-02-17 15:27:44
OI00000216,ORD0000100,PROD000150,2,121.83,24.37,219.29,2026-02-17 15:27:44
OI00000217,ORD0000100,PROD000195,1,397.59,0.0,397.59,2026-02-17 15:27:44
OI00000218,ORD0000100,PROD000173,1,269.92,13.5,256.42,2026-02-17 15:27:44
OI00000219,ORD0000100,PROD000011,1,74.18,11.13,63.05,2026-02-17 15:27:44
OI00000220,ORD0000101,PROD000032,1,305.5,0.0,305.5,2026-05-23 17:23:07
OI00000221,ORD0000101,PROD000082,2,49.54,0.0,99.08,2026-05-23 17:23:07
OI00000222,ORD0000101,PROD000084,1,172.79,0.0,172.79,2026-05-23 17:23:07
OI00000223,ORD0000101,PROD000137,3,16.14,0.0,48.42,2026-05-23 17:23:07
OI00000224,ORD0000102,PROD000093,1,51.13,0.0,51.13,2026-06-14 14:54:31
OI00000225,ORD0000102,PROD000084,3,172.79,0.0,518.37,2026-06-14 14:54:31
OI00000226,ORD0000103,PROD000114,1,36.68,0.0,36.68,2026-03-14 09:31:12
OI00000227,ORD0000103,PROD000033,1,240.82,0.0,240.82,2026-03-14 09:31:12
OI00000228,ORD0000103,PROD000138,1,154.12,0.0,154.12,2026-03-14 09:31:12
OI00000229,ORD0000103,PROD000002,1,68.17,3.41,64.76,2026-03-14 09:31:12
OI00000230,ORD0000104,PROD000053,1,381.96,0.0,381.96,2026-08-03 18:28:10
OI00000231,ORD0000105,PROD000189,1,184.49,0.0,184.49,2026-06-02 15:21:57
OI00000232,ORD0000105,PROD000075,2,10.1,0.0,20.2,2026-06-02 15:21:57
OI00000233,ORD0000105,PROD000032,2,305.5,30.55,580.45,2026-06-02 15:21:57
OI00000234,ORD0000105,PROD000116,1,33.83,0.0,33.83,2026-06-02 15:21:57
OI00000235,ORD0000106,PROD000004,2,71.87,0.0,143.74,2026-03-20 01:06:50
OI00000236,ORD0000107,PROD000022,2,302.51,0.0,605.02,2026-06-06 06:47:00
OI00000237,ORD0000108,PROD000069,2,332.4,33.24,631.56,2026-06-25 00:15:17
OI00000238,ORD0000108,PROD000189,2,184.49,0.0,368.98,2026-06-25 00:15:17
OI00000239,ORD0000108,PROD000119,1,93.67,18.73,74.94,2026-06-25 00:15:17
OI00000240,ORD0000108,PROD000053,1,381.96,0.0,381.96,2026-06-25 00:15:17
OI00000241,ORD0000108,PROD000135,1,106.79,0.0,106.79,2026-06-25 00:15:17
OI00000242,ORD0000109,PROD000106,2,13.25,5.3,21.2,2026-04-05 11:27:01
OI00000243,ORD0000109,PROD000113,1,295.97,0.0,295.97,2026-04-05 11:27:01
OI00000244,ORD0000109,PROD000149,1,259.04,0.0,259.04,2026-04-05 11:27:01
OI00000245,ORD0000109,PROD000086,1,216.37,0.0,216.37,2026-04-05 11:27:01
OI00000246,ORD0000110,PROD000014,2,171.48,0.0,342.96,2026-05-15 01:26:15
OI00000247,ORD0000111,PROD000085,1,36.94,0.0,36.94,2026-04-28 01:06:27
OI00000248,ORD0000111,PROD000030,1,113.9,11.39,102.51,2026-04-28 01:06:27
OI00000249,ORD0000112,PROD000057,1,282.26,0.0,282.26,2026-05-19 18:49:37
OI00000250,ORD0000112,PROD000164,2,179.02,0.0,358.04,2026-05-19 18:49:37
OI00000251,ORD0000112,PROD000107,1,128.32,19.25,109.07,2026-05-19 18:49:37
OI00000252,ORD0000113,PROD000085,4,36.94,0.0,147.76,2026-04-03 20:45:28
OI00000253,ORD0000113,PROD000135,2,106.79,0.0,213.58,2026-04-03 20:45:28
OI00000254,ORD0000114,PROD000125,1,169.29,0.0,169.29,2026-07-07 18:16:57
OI00000255,ORD0000114,PROD000180,3,443.88,0.0,1331.64,2026-07-07 18:16:57
OI00000256,ORD0000114,PROD000032,1,305.5,0.0,305.5,2026-07-07 18:16:57
OI00000257,ORD0000114,PROD000121,2,311.61,0.0,623.22,2026-07-07 18:16:57
OI00000258,ORD0000115,PROD000146,1,237.64,0.0,237.64,2026-03-03 22:44:12
OI00000259,ORD0000115,PROD000020,1,59.38,0.0,59.38,2026-03-03 22:44:12
OI00000260,ORD0000115,PROD000045,2,70.0,0.0,140.0,2026-03-03 22:44:12
OI00000261,ORD0000116,PROD000149,1,259.04,0.0,259.04,2026-07-13 04:37:44
OI00000262,ORD0000116,PROD000073,2,9.42,0.0,18.84,2026-07-13 04:37:44
OI00000263,ORD0000117,PROD000077,4,172.06,0.0,688.24,2026-02-26 10:15:18
OI00000264,ORD0000117,PROD000014,1,171.48,0.0,171.48,2026-02-26 10:15:18
OI00000265,ORD0000117,PROD000183,2,239.94,95.98,383.9,2026-02-26 10:15:18
OI00000266,ORD0000117,PROD000069,1,332.4,49.86,282.54,2026-02-26 10:15:18
OI00000267,ORD0000118,PROD000179,1,100.96,20.19,80.77,2026-04-24 08:08:26
OI00000268,ORD0000118,PROD000003,1,265.29,53.06,212.23,2026-04-24 08:08:26
OI00000269,ORD0000118,PROD000100,2,125.62,12.56,238.68,2026-04-24 08:08:26
OI00000270,ORD0000118,PROD000061,1,85.11,0.0,85.11,2026-04-24 08:08:26
OI00000271,ORD0000118,PROD000079,1,315.96,0.0,315.96,2026-04-24 08:08:26
OI00000272,ORD0000119,PROD000056,1,23.5,1.18,22.32,2026-07-29 01:35:13
OI00000273,ORD0000120,PROD000136,1,248.42,0.0,248.42,2026-03-27 22:14:46
OI00000274,ORD0000121,PROD000048,2,312.1,0.0,624.2,2026-04-05 05:31:46
OI00000275,ORD0000122,PROD000037,1,48.34,0.0,48.34,2026-03-24 12:27:15
OI00000276,ORD0000122,PROD000004,1,71.87,0.0,71.87,2026-03-24 12:27:15
OI00000277,ORD0000122,PROD000171,2,118.83,35.65,202.01,2026-03-24 12:27:15
OI00000278,ORD0000123,PROD000029,1,12.47,0.62,11.85,2026-03-07 13:09:40
OI00000279,ORD0000123,PROD000153,3,46.39,6.96,132.21,2026-03-07 13:09:40
OI00000280,ORD0000123,PROD000095,1,317.49,0.0,317.49,2026-03-07 13:09:40
OI00000281,ORD0000123,PROD000022,1,302.51,0.0,302.51,2026-03-07 13:09:40
OI00000282,ORD0000123,PROD000055,1,324.24,0.0,324.24,2026-03-07 13:09:40
OI00000283,ORD0000124,PROD000062,1,129.94,0.0,129.94,2026-03-14 21:18:06
OI00000284,ORD0000125,PROD000030,1,113.9,17.09,96.81,2026-08-02 13:14:58
OI00000285,ORD0000125,PROD000062,1,129.94,0.0,129.94,2026-08-02 13:14:58
OI00000286,ORD0000126,PROD000049,2,343.12,0.0,686.24,2026-03-09 14:38:09
OI00000287,ORD0000127,PROD000188,2,114.4,22.88,205.92,2026-05-03 06:52:18
OI00000288,ORD0000127,PROD000103,4,30.32,6.06,115.22,2026-05-03 06:52:18
OI00000289,ORD0000127,PROD000074,1,260.67,0.0,260.67,2026-05-03 06:52:18
OI00000290,ORD0000127,PROD000020,1,59.38,2.97,56.41,2026-05-03 06:52:18
OI00000291,ORD0000128,PROD000034,1,376.06,0.0,376.06,2026-03-04 20:36:27
OI00000292,ORD0000129,PROD000186,1,106.06,0.0,106.06,2026-06-04 09:44:26
OI00000293,ORD0000129,PROD000068,1,253.43,0.0,253.43,2026-06-04 09:44:26
OI00000294,ORD0000129,PROD000107,2,128.32,0.0,256.64,2026-06-04 09:44:26
OI00000295,ORD0000130,PROD000001,1,240.76,24.08,216.68,2026-06-02 20:36:49
OI00000296,ORD0000131,PROD000037,1,48.34,4.83,43.51,2026-06-17 06:58:07
OI00000297,ORD0000131,PROD000083,4,119.55,47.82,430.38,2026-06-17 06:58:07
OI00000298,ORD0000131,PROD000129,1,280.22,14.01,266.21,2026-06-17 06:58:07
OI00000299,ORD0000132,PROD000117,2,96.57,0.0,193.14,2026-03-23 09:44:45
OI00000300,ORD0000132,PROD000104,1,219.63,10.98,208.65,2026-03-23 09:44:45
OI00000301,ORD0000132,PROD000014,3,171.48,0.0,514.44,2026-03-23 09:44:45
OI00000302,ORD0000133,PROD000133,2,7.24,0.0,14.48,2026-03-08 16:04:00
OI00000303,ORD0000133,PROD000037,1,48.34,0.0,48.34,2026-03-08 16:04:00
OI00000304,ORD0000133,PROD000150,2,121.83,0.0,243.66,2026-03-08 16:04:00
OI00000305,ORD0000134,PROD000110,2,112.33,0.0,224.66,2026-03-26 06:56:41
OI00000306,ORD0000135,PROD000117,4,96.57,0.0,386.28,2026-07-08 11:53:16
OI00000307,ORD0000135,PROD000042,4,358.03,0.0,1432.12,2026-07-08 11:53:16
OI00000308,ORD0000135,PROD000077,1,172.06,0.0,172.06,2026-07-08 11:53:16
OI00000309,ORD0000136,PROD000186,1,106.06,0.0,106.06,2026-04-03 06:47:35
OI00000310,ORD0000136,PROD000183,1,239.94,0.0,239.94,2026-04-03 06:47:35
OI00000311,ORD0000137,PROD000044,1,137.29,0.0,137.29,2026-04-26 03:06:04
OI00000312,ORD0000138,PROD000160,1,181.18,0.0,181.18,2026-05-04 15:35:12
OI00000313,ORD0000139,PROD000110,1,112.33,0.0,112.33,2026-02-25 09:20:05
OI00000314,ORD0000139,PROD000142,1,276.94,0.0,276.94,2026-02-25 09:20:05
OI00000315,ORD0000139,PROD000052,2,289.95,0.0,579.9,2026-02-25 09:20:05
OI00000316,ORD0000140,PROD000106,1,13.25,1.32,11.93,2026-06-23 04:32:51
OI00000317,ORD0000140,PROD000136,1,248.42,0.0,248.42,2026-06-23 04:32:51
OI00000318,ORD0000141,PROD000142,3,276.94,0.0,830.82,2026-07-25 03:45:14
OI00000319,ORD0000141,PROD000147,2,359.37,0.0,718.74,2026-07-25 03:45:14
OI00000320,ORD0000141,PROD000173,1,269.92,26.99,242.93,2026-07-25 03:45:14
OI00000321,ORD0000141,PROD000185,1,186.5,18.65,167.85,2026-07-25 03:45:14
OI00000322,ORD0000141,PROD000148,2,111.17,0.0,222.34,2026-07-25 03:45:14
OI00000323,ORD0000142,PROD000038,3,84.38,12.66,240.48,2026-07-22 00:09:36
OI00000324,ORD0000142,PROD000088,3,381.45,0.0,1144.35,2026-07-22 00:09:36
OI00000325,ORD0000142,PROD000155,1,67.32,0.0,67.32,2026-07-22 00:09:36
OI00000326,ORD0000143,PROD000129,1,280.22,0.0,280.22,2026-03-03 23:36:23
OI00000327,ORD0000144,PROD000081,1,267.87,26.79,241.08,2026-06-10 18:59:08
OI00000328,ORD0000145,PROD000114,1,36.68,0.0,36.68,2026-03-21 07:23:32
OI00000329,ORD0000146,PROD000028,1,209.71,0.0,209.71,2026-02-26 00:41:03
OI00000330,ORD0000147,PROD000183,3,239.94,0.0,719.82,2026-04-13 01:55:29
OI00000331,ORD0000147,PROD000151,1,220.37,0.0,220.37,2026-04-13 01:55:29
OI00000332,ORD0000148,PROD000138,1,154.12,0.0,154.12,2026-06-06 03:25:21
OI00000333,ORD0000148,PROD000059,1,368.8,0.0,368.8,2026-06-06 03:25:21
OI00000334,ORD0000148,PROD000200,2,107.97,0.0,215.94,2026-06-06 03:25:21
OI00000335,ORD0000148,PROD000135,1,106.79,0.0,106.79,2026-06-06 03:25:21
OI00000336,ORD0000148,PROD000031,1,62.29,9.34,52.95,2026-06-06 03:25:21
OI00000337,ORD0000149,PROD000181,1,132.65,0.0,132.65,2026-06-04 17:13:03
OI00000338,ORD0000150,PROD000073,1,9.42,0.0,9.42,2026-03-08 17:55:45
OI00000339,ORD0000151,PROD000152,2,68.44,20.53,116.35,2026-05-14 16:19:10
OI00000340,ORD0000151,PROD000196,1,135.89,13.59,122.3,2026-05-14 16:19:10
OI00000341,ORD0000152,PROD000163,1,379.9,75.98,303.92,2026-02-17 17:50:57
OI00000342,ORD0000152,PROD000175,3,395.9,0.0,1187.7,2026-02-17 17:50:57
OI00000343,ORD0000152,PROD000039,2,318.97,0.0,637.94,2026-02-17 17:50:57
OI00000344,ORD0000153,PROD000001,3,240.76,72.23,650.05,2026-03-25 19:55:20
OI00000345,ORD0000153,PROD000126,2,5.66,0.0,11.32,2026-03-25 19:55:20
OI00000346,ORD0000154,PROD000060,1,313.56,0.0,313.56,2026-02-26 08:47:12
OI00000347,ORD0000154,PROD000098,2,188.42,56.53,320.31,2026-02-26 08:47:12
OI00000348,ORD0000155,PROD000127,1,216.42,0.0,216.42,2026-02-19 03:57:19
OI00000349,ORD0000155,PROD000114,1,36.68,0.0,36.68,2026-02-19 03:57:19
OI00000350,ORD0000156,PROD000153,1,46.39,2.32,44.07,2026-03-16 08:29:27
OI00000351,ORD0000156,PROD000121,2,311.61,0.0,623.22,2026-03-16 08:29:27
OI00000352,ORD0000157,PROD000175,1,395.9,0.0,395.9,2026-07-23 10:06:05
OI00000353,ORD0000157,PROD000114,2,36.68,0.0,73.36,2026-07-23 10:06:05
OI00000354,ORD0000158,PROD000127,1,216.42,0.0,216.42,2026-06-24 06:51:02
OI00000355,ORD0000159,PROD000104,2,219.63,0.0,439.26,2026-03-19 17:50:58
OI00000356,ORD0000160,PROD000115,1,66.23,0.0,66.23,2026-04-24 17:53:57
OI00000357,ORD0000161,PROD000120,2,200.42,0.0,400.84,2026-06-28 15:47:38
OI00000358,ORD0000161,PROD000067,1,181.48,27.22,154.26,2026-06-28 15:47:38
OI00000359,ORD0000161,PROD000157,1,230.53,34.58,195.95,2026-06-28 15:47:38
OI00000360,ORD0000161,PROD000109,1,87.72,0.0,87.72,2026-06-28 15:47:38
OI00000361,ORD0000161,PROD000052,1,289.95,0.0,289.95,2026-06-28 15:47:38
OI00000362,ORD0000162,PROD000109,3,87.72,13.16,250.0,2026-04-17 01:45:51
OI00000363,ORD0000162,PROD000179,1,100.96,0.0,100.96,2026-04-17 01:45:51
OI00000364,ORD0000163,PROD000154,1,57.2,0.0,57.2,2026-02-21 09:00:40
OI00000365,ORD0000163,PROD000021,2,325.45,130.18,520.72,2026-02-21 09:00:40
OI00000366,ORD0000164,PROD000068,2,253.43,0.0,506.86,2026-05-18 00:15:41
OI00000367,ORD0000164,PROD000105,1,230.76,34.61,196.15,2026-05-18 00:15:41
OI00000368,ORD0000165,PROD000038,1,84.38,8.44,75.94,2026-07-30 03:55:06
OI00000369,ORD0000166,PROD000006,1,276.33,0.0,276.33,2026-06-21 23:23:58
OI00000370,ORD0000167,PROD000003,3,265.29,0.0,795.87,2026-04-11 03:26:24
OI00000371,ORD0000168,PROD000071,3,259.22,0.0,777.66,2026-02-25 06:21:22
OI00000372,ORD0000169,PROD000060,1,313.56,0.0,313.56,2026-02-20 19:32:48
OI00000373,ORD0000170,PROD000156,2,208.16,0.0,416.32,2026-08-11 11:17:17
OI00000374,ORD0000171,PROD000079,4,315.96,0.0,1263.84,2026-06-07 00:25:59
OI00000375,ORD0000172,PROD000117,2,96.57,0.0,193.14,2026-07-17 02:10:50
OI00000376,ORD0000172,PROD000169,1,53.52,0.0,53.52,2026-07-17 02:10:50
OI00000377,ORD0000172,PROD000077,1,172.06,0.0,172.06,2026-07-17 02:10:50
OI00000378,ORD0000172,PROD000090,1,82.64,0.0,82.64,2026-07-17 02:10:50
OI00000379,ORD0000173,PROD000031,2,62.29,0.0,124.58,2026-04-22 12:26:18
OI00000380,ORD0000173,PROD000049,1,343.12,0.0,343.12,2026-04-22 12:26:18
OI00000381,ORD0000174,PROD000003,2,265.29,0.0,530.58,2026-05-21 04:09:49
OI00000382,ORD0000175,PROD000060,1,313.56,0.0,313.56,2026-05-08 23:35:04
OI00000383,ORD0000176,PROD000090,1,82.64,0.0,82.64,2026-08-06 14:36:57
OI00000384,ORD0000177,PROD000168,1,433.94,0.0,433.94,2026-02-27 21:26:07
OI00000385,ORD0000177,PROD000107,1,128.32,6.42,121.9,2026-02-27 21:26:07
OI00000386,ORD0000178,PROD000011,1,74.18,0.0,74.18,2026-06-12 16:08:53
OI00000387,ORD0000178,PROD000095,2,317.49,0.0,634.98,2026-06-12 16:08:53
OI00000388,ORD0000178,PROD000184,1,192.54,9.63,182.91,2026-06-12 16:08:53
OI00000389,ORD0000178,PROD000005,1,219.89,0.0,219.89,2026-06-12 16:08:53
OI00000390,ORD0000179,PROD000033,1,240.82,0.0,240.82,2026-07-22 18:25:19
OI00000391,ORD0000179,PROD000104,2,219.63,0.0,439.26,2026-07-22 18:25:19
OI00000392,ORD0000179,PROD000176,4,395.87,158.35,1425.13,2026-07-22 18:25:19
OI00000393,ORD0000180,PROD000196,1,135.89,0.0,135.89,2026-04-14 09:05:12
OI00000394,ORD0000180,PROD000014,1,171.48,0.0,171.48,2026-04-14 09:05:12
OI00000395,ORD0000180,PROD000073,2,9.42,0.0,18.84,2026-04-14 09:05:12
OI00000396,ORD0000180,PROD000012,2,374.67,74.93,674.41,2026-04-14 09:05:12
OI00000397,ORD0000180,PROD000030,1,113.9,0.0,113.9,2026-04-14 09:05:12
OI00000398,ORD0000181,PROD000067,1,181.48,0.0,181.48,2026-07-16 06:57:26
OI00000399,ORD0000181,PROD000162,1,85.74,4.29,81.45,2026-07-16 06:57:26
OI00000400,ORD0000182,PROD000068,2,253.43,50.69,456.17,2026-03-09 22:49:18
OI00000401,ORD0000182,PROD000187,2,260.32,0.0,520.64,2026-03-09 22:49:18
OI00000402,ORD0000183,PROD000096,2,151.87,15.19,288.55,2026-04-11 09:42:13
OI00000403,ORD0000183,PROD000057,1,282.26,0.0,282.26,2026-04-11 09:42:13
OI00000404,ORD0000184,PROD000102,1,157.31,0.0,157.31,2026-06-11 07:09:54
OI00000405,ORD0000185,PROD000086,4,216.37,0.0,865.48,2026-04-08 07:25:12
OI00000406,ORD0000186,PROD000008,1,181.13,0.0,181.13,2026-06-12 11:47:07
OI00000407,ORD0000187,PROD000120,1,200.42,0.0,200.42,2026-03-17 19:05:22
OI00000408,ORD0000187,PROD000144,1,398.95,0.0,398.95,2026-03-17 19:05:22
OI00000409,ORD0000188,PROD000173,1,269.92,0.0,269.92,2026-06-03 09:18:12
OI00000410,ORD0000189,PROD000067,1,181.48,0.0,181.48,2026-07-29 17:07:14
OI00000411,ORD0000189,PROD000017,3,177.67,0.0,533.01,2026-07-29 17:07:14
OI00000412,ORD0000190,PROD000056,1,23.5,0.0,23.5,2026-05-26 19:14:46
OI00000413,ORD0000191,PROD000196,2,135.89,0.0,271.78,2026-02-16 22:11:32
OI00000414,ORD0000191,PROD000067,1,181.48,0.0,181.48,2026-02-16 22:11:32
OI00000415,ORD0000191,PROD000046,4,353.88,0.0,1415.52,2026-02-16 22:11:32
OI00000416,ORD0000191,PROD000089,1,270.52,0.0,270.52,2026-02-16 22:11:32
OI00000417,ORD0000192,PROD000135,1,106.79,10.68,96.11,2026-03-05 11:43:48
OI00000418,ORD0000192,PROD000164,1,179.02,0.0,179.02,2026-03-05 11:43:48
OI00000419,ORD0000193,PROD000026,2,165.8,0.0,331.6,2026-08-10 04:53:14
OI00000420,ORD0000193,PROD000027,1,174.59,0.0,174.59,2026-08-10 04:53:14
OI00000421,ORD0000193,PROD000085,1,36.94,0.0,36.94,2026-08-10 04:53:14
OI00000422,ORD0000194,PROD000169,1,53.52,0.0,53.52,2026-06-13 02:52:22
OI00000423,ORD0000194,PROD000137,2,16.14,0.0,32.28,2026-06-13 02:52:22
OI00000424,ORD0000194,PROD000030,1,113.9,0.0,113.9,2026-06-13 02:52:22
OI00000425,ORD0000195,PROD000023,1,69.84,10.48,59.36,2026-06-23 15:15:36
OI00000426,ORD0000196,PROD000193,1,322.33,0.0,322.33,2026-04-28 13:43:34
OI00000427,ORD0000197,PROD000033,1,240.82,12.04,228.78,2026-04-28 06:12:02
OI00000428,ORD0000197,PROD000120,1,200.42,0.0,200.42,2026-04-28 06:12:02
OI00000429,ORD0000197,PROD000127,1,216.42,21.64,194.78,2026-04-28 06:12:02
OI00000430,ORD0000198,PROD000081,1,267.87,0.0,267.87,2026-08-10 09:33:18
OI00000431,ORD0000199,PROD000120,1,200.42,10.02,190.4,2026-04-10 18:52:37
OI00000432,ORD0000200,PROD000023,2,69.84,0.0,139.68,2026-03-24 05:56:18
OI00000433,ORD0000201,PROD000099,2,244.63,0.0,489.26,2026-06-05 21:58:05
OI00000434,ORD0000201,PROD000069,1,332.4,49.86,282.54,2026-06-05 21:58:05
OI00000435,ORD0000202,PROD000037,1,48.34,0.0,48.34,2026-05-05 00:19:11
OI00000436,ORD0000202,PROD000194,1,99.76,0.0,99.76,2026-05-05 00:19:11
OI00000437,ORD0000202,PROD000055,1,324.24,32.42,291.82,2026-05-05 00:19:11
OI00000438,ORD0000203,PROD000124,2,396.34,0.0,792.68,2026-04-03 21:50:56
OI00000439,ORD0000204,PROD000158,4,391.88,0.0,1567.52,2026-05-18 20:22:27
OI00000440,ORD0000204,PROD000007,2,255.16,0.0,510.32,2026-05-18 20:22:27
OI00000441,ORD0000205,PROD000014,2,171.48,0.0,342.96,2026-04-20 14:32:23
OI00000442,ORD0000205,PROD000109,2,87.72,0.0,175.44,2026-04-20 14:32:23
OI00000443,ORD0000205,PROD000034,2,376.06,0.0,752.12,2026-04-20 14:32:23
OI00000444,ORD0000205,PROD000112,1,76.78,15.36,61.42,2026-04-20 14:32:23
OI00000445,ORD0000206,PROD000033,2,240.82,0.0,481.64,2026-07-18 22:52:18
OI00000446,ORD0000206,PROD000164,1,179.02,0.0,179.02,2026-07-18 22:52:18
OI00000447,ORD0000206,PROD000192,2,122.14,0.0,244.28,2026-07-18 22:52:18
OI00000448,ORD0000206,PROD000144,1,398.95,0.0,398.95,2026-07-18 22:52:18
OI00000449,ORD0000207,PROD000031,1,62.29,6.23,56.06,2026-05-05 08:19:46
OI00000450,ORD0000207,PROD000018,1,6.39,0.0,6.39,2026-05-05 08:19:46
OI00000451,ORD0000207,PROD000001,1,240.76,0.0,240.76,2026-05-05 08:19:46
OI00000452,ORD0000208,PROD000066,1,424.54,0.0,424.54,2026-05-27 11:59:07
OI00000453,ORD0000208,PROD000154,1,57.2,0.0,57.2,2026-05-27 11:59:07
OI00000454,ORD0000208,PROD000073,1,9.42,0.0,9.42,2026-05-27 11:59:07
OI00000455,ORD0000208,PROD000174,2,225.67,0.0,451.34,2026-05-27 11:59:07
OI00000456,ORD0000208,PROD000194,1,99.76,0.0,99.76,2026-05-27 11:59:07
OI00000457,ORD0000209,PROD000109,2,87.72,0.0,175.44,2026-06-19 03:18:42
OI00000458,ORD0000209,PROD000107,2,128.32,0.0,256.64,2026-06-19 03:18:42
OI00000459,ORD0000209,PROD000198,1,307.49,0.0,307.49,2026-06-19 03:18:42
OI00000460,ORD0000210,PROD000099,1,244.63,48.93,195.7,2026-07-14 20:02:41
OI00000461,ORD0000210,PROD000037,1,48.34,4.83,43.51,2026-07-14 20:02:41
OI00000462,ORD0000210,PROD000132,1,86.93,0.0,86.93,2026-07-14 20:02:41
OI00000463,ORD0000210,PROD000129,2,280.22,0.0,560.44,2026-07-14 20:02:41
OI00000464,ORD0000211,PROD000037,2,48.34,0.0,96.68,2026-08-03 10:22:41
OI00000465,ORD0000211,PROD000079,3,315.96,0.0,947.88,2026-08-03 10:22:41
OI00000466,ORD0000212,PROD000143,1,293.11,0.0,293.11,2026-06-18 13:30:38
OI00000467,ORD0000212,PROD000187,1,260.32,0.0,260.32,2026-06-18 13:30:38
OI00000468,ORD0000212,PROD000149,1,259.04,12.95,246.09,2026-06-18 13:30:38
OI00000469,ORD0000213,PROD000193,1,322.33,0.0,322.33,2026-02-22 09:46:10
OI00000470,ORD0000213,PROD000135,2,106.79,21.36,192.22,2026-02-22 09:46:10
OI00000471,ORD0000214,PROD000070,1,251.87,12.59,239.28,2026-03-14 15:46:57
OI00000472,ORD0000215,PROD000126,1,5.66,1.13,4.53,2026-05-21 15:40:53
OI00000473,ORD0000216,PROD000044,1,137.29,0.0,137.29,2026-04-07 23:16:31
OI00000474,ORD0000217,PROD000037,3,48.34,0.0,145.02,2026-03-09 05:01:40
OI00000475,ORD0000218,PROD000057,1,282.26,0.0,282.26,2026-07-06 16:04:21
OI00000476,ORD0000219,PROD000105,1,230.76,0.0,230.76,2026-07-23 00:54:08
OI00000477,ORD0000219,PROD000019,1,64.3,0.0,64.3,2026-07-23 00:54:08
OI00000478,ORD0000220,PROD000070,3,251.87,0.0,755.61,2026-02-28 21:34:21
OI00000479,ORD0000220,PROD000108,1,87.18,0.0,87.18,2026-02-28 21:34:21
OI00000480,ORD0000220,PROD000100,1,125.62,0.0,125.62,2026-02-28 21:34:21
OI00000481,ORD0000220,PROD000018,2,6.39,0.0,12.78,2026-02-28 21:34:21
OI00000482,ORD0000221,PROD000009,1,247.91,0.0,247.91,2026-07-06 07:57:07
OI00000483,ORD0000221,PROD000095,2,317.49,0.0,634.98,2026-07-06 07:57:07
OI00000484,ORD0000221,PROD000116,1,33.83,0.0,33.83,2026-07-06 07:57:07
OI00000485,ORD0000222,PROD000010,3,238.36,0.0,715.08,2026-08-05 08:15:31
OI00000486,ORD0000222,PROD000097,2,119.02,0.0,238.04,2026-08-05 08:15:31
OI00000487,ORD0000222,PROD000019,1,64.3,9.64,54.66,2026-08-05 08:15:31
OI00000488,ORD0000223,PROD000085,1,36.94,0.0,36.94,2026-02-25 13:02:31
OI00000489,ORD0000223,PROD000063,2,61.43,6.14,116.72,2026-02-25 13:02:31
OI00000490,ORD0000224,PROD000105,2,230.76,0.0,461.52,2026-05-25 16:43:47
OI00000491,ORD0000225,PROD000121,3,311.61,0.0,934.83,2026-03-23 08:28:07
OI00000492,ORD0000226,PROD000004,3,71.87,0.0,215.61,2026-02-19 07:26:47
OI00000493,ORD0000227,PROD000186,3,106.06,63.64,254.54,2026-02-28 15:28:11
OI00000494,ORD0000228,PROD000154,1,57.2,0.0,57.2,2026-05-27 00:42:07
OI00000495,ORD0000229,PROD000068,2,253.43,0.0,506.86,2026-04-14 13:45:19
OI00000496,ORD0000229,PROD000149,1,259.04,25.9,233.14,2026-04-14 13:45:19
OI00000497,ORD0000229,PROD000075,2,10.1,0.0,20.2,2026-04-14 13:45:19
OI00000498,ORD0000229,PROD000090,1,82.64,0.0,82.64,2026-04-14 13:45:19
OI00000499,ORD0000230,PROD000038,2,84.38,0.0,168.76,2026-04-15 03:47:35
OI00000500,ORD0000230,PROD000010,1,238.36,0.0,238.36,2026-04-15 03:47:35
OI00000501,ORD0000230,PROD000066,1,424.54,0.0,424.54,2026-04-15 03:47:35
OI00000502,ORD0000231,PROD000005,1,219.89,0.0,219.89,2026-05-24 23:52:05
OI00000503,ORD0000231,PROD000106,1,13.25,0.0,13.25,2026-05-24 23:52:05
OI00000504,ORD0000232,PROD000095,2,317.49,0.0,634.98,2026-03-01 14:19:02
OI00000505,ORD0000232,PROD000074,2,260.67,0.0,521.34,2026-03-01 14:19:02
OI00000506,ORD0000232,PROD000168,1,433.94,0.0,433.94,2026-03-01 14:19:02
OI00000507,ORD0000232,PROD000060,2,313.56,0.0,627.12,2026-03-01 14:19:02
OI00000508,ORD0000233,PROD000160,1,181.18,27.18,154.0,2026-05-27 15:59:43
OI00000509,ORD0000233,PROD000147,1,359.37,71.87,287.5,2026-05-27 15:59:43
OI00000510,ORD0000234,PROD000083,1,119.55,0.0,119.55,2026-02-17 22:51:43
OI00000511,ORD0000234,PROD000095,1,317.49,0.0,317.49,2026-02-17 22:51:43
OI00000512,ORD0000234,PROD000161,2,310.12,31.01,589.23,2026-02-17 22:51:43
OI00000513,ORD0000235,PROD000005,1,219.89,0.0,219.89,2026-03-18 21:36:42
OI00000514,ORD0000235,PROD000123,1,410.86,0.0,410.86,2026-03-18 21:36:42
OI00000515,ORD0000236,PROD000123,1,410.86,0.0,410.86,2026-06-01 06:37:05
OI00000516,ORD0000236,PROD000049,1,343.12,0.0,343.12,2026-06-01 06:37:05
OI00000517,ORD0000236,PROD000073,1,9.42,0.0,9.42,2026-06-01 06:37:05
OI00000518,ORD0000236,PROD000078,1,44.16,0.0,44.16,2026-06-01 06:37:05
OI00000519,ORD0000236,PROD000140,3,156.23,0.0,468.69,2026-06-01 06:37:05
OI00000520,ORD0000237,PROD000012,1,374.67,0.0,374.67,2026-04-13 10:45:16
OI00000521,ORD0000237,PROD000170,1,39.7,0.0,39.7,2026-04-13 10:45:16
OI00000522,ORD0000238,PROD000080,1,288.18,0.0,288.18,2026-04-09 18:36:23
OI00000523,ORD0000238,PROD000038,1,84.38,16.88,67.5,2026-04-09 18:36:23
OI00000524,ORD0000239,PROD000040,3,202.37,0.0,607.11,2026-05-21 11:18:39
OI00000525,ORD0000240,PROD000060,1,313.56,0.0,313.56,2026-05-08 09:45:49
OI00000526,ORD0000240,PROD000105,1,230.76,46.15,184.61,2026-05-08 09:45:49
OI00000527,ORD0000240,PROD000164,1,179.02,0.0,179.02,2026-05-08 09:45:49
OI00000528,ORD0000241,PROD000150,1,121.83,0.0,121.83,2026-07-10 21:36:40
OI00000529,ORD0000241,PROD000014,1,171.48,0.0,171.48,2026-07-10 21:36:40
OI00000530,ORD0000241,PROD000173,2,269.92,0.0,539.84,2026-07-10 21:36:40
OI00000531,ORD0000242,PROD000031,1,62.29,9.34,52.95,2026-04-20 06:49:23
OI00000532,ORD0000242,PROD000197,1,191.33,0.0,191.33,2026-04-20 06:49:23
OI00000533,ORD0000242,PROD000067,1,181.48,0.0,181.48,2026-04-20 06:49:23
OI00000534,ORD0000243,PROD000034,1,376.06,37.61,338.45,2026-06-19 22:14:28
OI00000535,ORD0000243,PROD000152,2,68.44,0.0,136.88,2026-06-19 22:14:28
OI00000536,ORD0000244,PROD000039,1,318.97,31.9,287.07,2026-04-30 17:20:07
OI00000537,ORD0000244,PROD000162,1,85.74,0.0,85.74,2026-04-30 17:20:07
OI00000538,ORD0000245,PROD000034,1,376.06,0.0,376.06,2026-03-31 07:26:16
OI00000539,ORD0000245,PROD000009,1,247.91,0.0,247.91,2026-03-31 07:26:16
OI00000540,ORD0000245,PROD000120,1,200.42,0.0,200.42,2026-03-31 07:26:16
OI00000541,ORD0000246,PROD000095,1,317.49,0.0,317.49,2026-03-20 03:44:35
OI00000542,ORD0000247,PROD000121,2,311.61,0.0,623.22,2026-03-06 23:58:22
OI00000543,ORD0000247,PROD000082,2,49.54,0.0,99.08,2026-03-06 23:58:22
OI00000544,ORD0000247,PROD000136,2,248.42,0.0,496.84,2026-03-06 23:58:22
OI00000545,ORD0000248,PROD000048,1,312.1,0.0,312.1,2026-07-18 03:23:43
OI00000546,ORD0000249,PROD000149,1,259.04,25.9,233.14,2026-03-10 17:19:31
OI00000547,ORD0000249,PROD000163,1,379.9,0.0,379.9,2026-03-10 17:19:31
OI00000548,ORD0000250,PROD000162,1,85.74,0.0,85.74,2026-03-23 10:52:47
OI00000549,ORD0000250,PROD000175,1,395.9,0.0,395.9,2026-03-23 10:52:47
OI00000550,ORD0000251,PROD000038,1,84.38,0.0,84.38,2026-04-12 23:18:58
OI00000551,ORD0000251,PROD000026,1,165.8,0.0,165.8,2026-04-12 23:18:58
OI00000552,ORD0000251,PROD000056,1,23.5,2.35,21.15,2026-04-12 23:18:58
OI00000553,ORD0000252,PROD000161,1,310.12,0.0,310.12,2026-04-04 11:31:53
OI00000554,ORD0000253,PROD000140,4,156.23,0.0,624.92,2026-05-01 00:45:45
OI00000555,ORD0000253,PROD000074,1,260.67,0.0,260.67,2026-05-01 00:45:45
OI00000556,ORD0000253,PROD000023,1,69.84,3.49,66.35,2026-05-01 00:45:45
OI00000557,ORD0000253,PROD000037,2,48.34,0.0,96.68,2026-05-01 00:45:45
OI00000558,ORD0000254,PROD000010,1,238.36,11.92,226.44,2026-04-26 00:40:47
OI00000559,ORD0000254,PROD000120,2,200.42,40.08,360.76,2026-04-26 00:40:47
OI00000560,ORD0000254,PROD000027,1,174.59,0.0,174.59,2026-04-26 00:40:47
OI00000561,ORD0000254,PROD000148,1,111.17,0.0,111.17,2026-04-26 00:40:47
OI00000562,ORD0000255,PROD000080,2,288.18,0.0,576.36,2026-08-08 01:16:30
OI00000563,ORD0000255,PROD000035,1,197.66,0.0,197.66,2026-08-08 01:16:30
OI00000564,ORD0000255,PROD000053,1,381.96,0.0,381.96,2026-08-08 01:16:30
OI00000565,ORD0000256,PROD000180,1,443.88,0.0,443.88,2026-07-22 16:45:11
OI00000566,ORD0000256,PROD000164,1,179.02,26.85,152.17,2026-07-22 16:45:11
OI00000567,ORD0000257,PROD000137,1,16.14,0.0,16.14,2026-04-16 14:42:31
OI00000568,ORD0000257,PROD000083,3,119.55,17.93,340.72,2026-04-16 14:42:31
OI00000569,ORD0000258,PROD000090,1,82.64,0.0,82.64,2026-06-09 03:15:42
OI00000570,ORD0000258,PROD000188,2,114.4,11.44,217.36,2026-06-09 03:15:42
OI00000571,ORD0000259,PROD000060,3,313.56,47.03,893.65,2026-06-19 20:26:43
OI00000572,ORD0000260,PROD000073,1,9.42,0.0,9.42,2026-05-09 14:43:20
OI00000573,ORD0000260,PROD000014,1,171.48,8.57,162.91,2026-05-09 14:43:20
OI00000574,ORD0000261,PROD000030,1,113.9,0.0,113.9,2026-06-01 07:36:56
OI00000575,ORD0000261,PROD000175,1,395.9,0.0,395.9,2026-06-01 07:36:56
OI00000576,ORD0000261,PROD000174,2,225.67,0.0,451.34,2026-06-01 07:36:56
OI00000577,ORD0000262,PROD000152,1,68.44,0.0,68.44,2026-05-16 02:49:35
OI00000578,ORD0000263,PROD000069,3,332.4,0.0,997.2,2026-04-15 06:51:10
OI00000579,ORD0000264,PROD000085,1,36.94,0.0,36.94,2026-06-30 23:32:25
OI00000580,ORD0000265,PROD000077,3,172.06,0.0,516.18,2026-02-24 12:47:07
OI00000581,ORD0000266,PROD000040,2,202.37,20.24,384.5,2026-08-13 21:46:26
OI00000582,ORD0000266,PROD000026,1,165.8,0.0,165.8,2026-08-13 21:46:26
OI00000583,ORD0000267,PROD000027,4,174.59,0.0,698.36,2026-05-09 04:32:47
OI00000584,ORD0000267,PROD000074,1,260.67,0.0,260.67,2026-05-09 04:32:47
OI00000585,ORD0000268,PROD000005,4,219.89,0.0,879.56,2026-07-10 08:30:18
OI00000586,ORD0000269,PROD000125,1,169.29,0.0,169.29,2026-07-03 22:06:28
OI00000587,ORD0000269,PROD000103,1,30.32,1.52,28.8,2026-07-03 22:06:28
OI00000588,ORD0000269,PROD000136,4,248.42,0.0,993.68,2026-07-03 22:06:28
OI00000589,ORD0000270,PROD000148,1,111.17,0.0,111.17,2026-06-21 20:15:05
OI00000590,ORD0000270,PROD000160,1,181.18,0.0,181.18,2026-06-21 20:15:05
OI00000591,ORD0000270,PROD000065,2,459.64,0.0,919.28,2026-06-21 20:15:05
OI00000592,ORD0000271,PROD000154,4,57.2,0.0,228.8,2026-07-18 16:55:00
OI00000593,ORD0000271,PROD000141,1,54.3,0.0,54.3,2026-07-18 16:55:00
OI00000594,ORD0000271,PROD000089,1,270.52,0.0,270.52,2026-07-18 16:55:00
OI00000595,ORD0000272,PROD000033,1,240.82,0.0,240.82,2026-03-13 06:44:04
OI00000596,ORD0000273,PROD000155,1,67.32,0.0,67.32,2026-02-26 09:31:10
OI00000597,ORD0000274,PROD000104,1,219.63,0.0,219.63,2026-05-02 05:59:56
OI00000598,ORD0000275,PROD000133,1,7.24,0.0,7.24,2026-08-10 10:51:39
OI00000599,ORD0000275,PROD000130,2,251.9,100.76,403.04,2026-08-10 10:51:39
OI00000600,ORD0000276,PROD000040,1,202.37,40.47,161.9,2026-03-28 17:45:53
OI00000601,ORD0000276,PROD000133,1,7.24,0.0,7.24,2026-03-28 17:45:53
OI00000602,ORD0000277,PROD000098,2,188.42,37.68,339.16,2026-07-04 02:21:06
OI00000603,ORD0000278,PROD000103,3,30.32,0.0,90.96,2026-02-19 17:17:18
OI00000604,ORD0000278,PROD000177,2,200.82,0.0,401.64,2026-02-19 17:17:18
OI00000605,ORD0000278,PROD000112,1,76.78,0.0,76.78,2026-02-19 17:17:18
OI00000606,ORD0000279,PROD000107,1,128.32,12.83,115.49,2026-04-03 06:36:06
OI00000607,ORD0000279,PROD000093,2,51.13,15.34,86.92,2026-04-03 06:36:06
OI00000608,ORD0000280,PROD000175,1,395.9,0.0,395.9,2026-08-05 20:13:10
OI00000609,ORD0000281,PROD000133,1,7.24,0.36,6.88,2026-05-10 02:57:03
OI00000610,ORD0000281,PROD000092,1,90.01,0.0,90.01,2026-05-10 02:57:03
OI00000611,ORD0000282,PROD000171,4,118.83,71.3,404.02,2026-08-16 09:22:19
OI00000612,ORD0000282,PROD000059,2,368.8,0.0,737.6,2026-08-16 09:22:19
OI00000613,ORD0000283,PROD000121,1,311.61,0.0,311.61,2026-07-08 23:31:44
OI00000614,ORD0000283,PROD000185,1,186.5,0.0,186.5,2026-07-08 23:31:44
OI00000615,ORD0000284,PROD000003,1,265.29,0.0,265.29,2026-06-04 11:39:35
OI00000616,ORD0000285,PROD000173,1,269.92,0.0,269.92,2026-07-15 20:21:06
OI00000617,ORD0000285,PROD000077,1,172.06,0.0,172.06,2026-07-15 20:21:06
OI00000618,ORD0000285,PROD000009,1,247.91,0.0,247.91,2026-07-15 20:21:06
OI00000619,ORD0000285,PROD000184,4,192.54,38.51,731.65,2026-07-15 20:21:06
OI00000620,ORD0000286,PROD000184,1,192.54,0.0,192.54,2026-06-15 15:40:29
OI00000621,ORD0000286,PROD000154,3,57.2,0.0,171.6,2026-06-15 15:40:29
OI00000622,ORD0000286,PROD000028,2,209.71,41.94,377.48,2026-06-15 15:40:29
OI00000623,ORD0000287,PROD000154,1,57.2,5.72,51.48,2026-06-04 05:54:07
OI00000624,ORD0000288,PROD000165,3,95.13,0.0,285.39,2026-02-20 05:53:43
OI00000625,ORD0000288,PROD000102,2,157.31,0.0,314.62,2026-02-20 05:53:43
OI00000626,ORD0000288,PROD000147,1,359.37,17.97,341.4,2026-02-20 05:53:43
OI00000627,ORD0000288,PROD000004,1,71.87,0.0,71.87,2026-02-20 05:53:43
OI00000628,ORD0000289,PROD000001,1,240.76,0.0,240.76,2026-06-10 00:17:38
OI00000629,ORD0000290,PROD000025,1,337.19,0.0,337.19,2026-06-16 17:53:44
OI00000630,ORD0000291,PROD000129,3,280.22,126.1,714.56,2026-07-24 09:49:10
OI00000631,ORD0000291,PROD000021,1,325.45,0.0,325.45,2026-07-24 09:49:10
OI00000632,ORD0000292,PROD000159,1,90.28,0.0,90.28,2026-03-21 00:03:24
OI00000633,ORD0000293,PROD000099,1,244.63,0.0,244.63,2026-04-08 18:18:16
OI00000634,ORD0000294,PROD000164,1,179.02,35.8,143.22,2026-06-10 18:40:43
OI00000635,ORD0000294,PROD000107,1,128.32,0.0,128.32,2026-06-10 18:40:43
OI00000636,ORD0000294,PROD000041,2,287.98,0.0,575.96,2026-06-10 18:40:43
OI00000637,ORD0000294,PROD000152,1,68.44,10.27,58.17,2026-06-10 18:40:43
OI00000638,ORD0000295,PROD000009,1,247.91,0.0,247.91,2026-04-24 18:32:49
OI00000639,ORD0000295,PROD000031,1,62.29,0.0,62.29,2026-04-24 18:32:49
OI00000640,ORD0000296,PROD000003,1,265.29,0.0,265.29,2026-07-10 07:42:37
OI00000641,ORD0000296,PROD000042,2,358.03,0.0,716.06,2026-07-10 07:42:37
OI00000642,ORD0000297,PROD000127,2,216.42,0.0,432.84,2026-05-03 12:29:34
OI00000643,ORD0000297,PROD000168,1,433.94,0.0,433.94,2026-05-03 12:29:34
OI00000644,ORD0000297,PROD000162,2,85.74,0.0,171.48,2026-05-03 12:29:34
OI00000645,ORD0000298,PROD000075,1,10.1,0.0,10.1,2026-05-30 04:02:59
OI00000646,ORD0000298,PROD000162,1,85.74,8.57,77.17,2026-05-30 04:02:59
OI00000647,ORD0000299,PROD000014,2,171.48,0.0,342.96,2026-08-12 09:12:36
OI00000648,ORD0000299,PROD000025,1,337.19,0.0,337.19,2026-08-12 09:12:36
OI00000649,ORD0000299,PROD000088,1,381.45,0.0,381.45,2026-08-12 09:12:36
OI00000650,ORD0000300,PROD000068,1,253.43,0.0,253.43,2026-05-03 14:05:11
OI00000651,ORD0000301,PROD000198,2,307.49,30.75,584.23,2026-02-18 03:10:22
OI00000652,ORD0000301,PROD000059,2,368.8,36.88,700.72,2026-02-18 03:10:22
OI00000653,ORD0000301,PROD000133,1,7.24,0.0,7.24,2026-02-18 03:10:22
OI00000654,ORD0000302,PROD000019,1,64.3,0.0,64.3,2026-05-30 02:20:57
OI00000655,ORD0000302,PROD000097,1,119.02,0.0,119.02,2026-05-30 02:20:57
OI00000656,ORD0000303,PROD000110,2,112.33,0.0,224.66,2026-04-15 13:23:21
OI00000657,ORD0000303,PROD000020,1,59.38,0.0,59.38,2026-04-15 13:23:21
OI00000658,ORD0000304,PROD000192,2,122.14,0.0,244.28,2026-05-12 09:41:11
OI00000659,ORD0000305,PROD000097,2,119.02,0.0,238.04,2026-03-31 23:25:43
OI00000660,ORD0000305,PROD000195,2,397.59,0.0,795.18,2026-03-31 23:25:43
OI00000661,ORD0000305,PROD000027,1,174.59,0.0,174.59,2026-03-31 23:25:43
OI00000662,ORD0000306,PROD000073,2,9.42,0.0,18.84,2026-02-18 21:41:42
OI00000663,ORD0000307,PROD000030,3,113.9,0.0,341.7,2026-06-11 10:23:49
OI00000664,ORD0000307,PROD000048,1,312.1,46.81,265.29,2026-06-11 10:23:49
OI00000665,ORD0000307,PROD000117,2,96.57,0.0,193.14,2026-06-11 10:23:49
OI00000666,ORD0000307,PROD000151,1,220.37,0.0,220.37,2026-06-11 10:23:49
OI00000667,ORD0000307,PROD000107,3,128.32,0.0,384.96,2026-06-11 10:23:49
OI00000668,ORD0000308,PROD000195,1,397.59,0.0,397.59,2026-02-26 07:55:31
OI00000669,ORD0000308,PROD000103,2,30.32,0.0,60.64,2026-02-26 07:55:31
OI00000670,ORD0000308,PROD000070,1,251.87,0.0,251.87,2026-02-26 07:55:31
OI00000671,ORD0000308,PROD000117,1,96.57,0.0,96.57,2026-02-26 07:55:31
OI00000672,ORD0000309,PROD000022,1,302.51,0.0,302.51,2026-07-19 05:22:46
OI00000673,ORD0000310,PROD000149,1,259.04,0.0,259.04,2026-06-23 00:57:17
OI00000674,ORD0000311,PROD000021,3,325.45,0.0,976.35,2026-02-23 22:38:46
OI00000675,ORD0000311,PROD000095,1,317.49,0.0,317.49,2026-02-23 22:38:46
OI00000676,ORD0000312,PROD000161,2,310.12,0.0,620.24,2026-04-23 02:41:47
OI00000677,ORD0000312,PROD000073,2,9.42,0.0,18.84,2026-04-23 02:41:47
OI00000678,ORD0000312,PROD000085,1,36.94,0.0,36.94,2026-04-23 02:41:47
OI00000679,ORD0000313,PROD000012,1,374.67,0.0,374.67,2026-06-06 11:47:44
OI00000680,ORD0000313,PROD000171,1,118.83,0.0,118.83,2026-06-06 11:47:44
OI00000681,ORD0000314,PROD000181,1,132.65,0.0,132.65,2026-06-03 05:08:17
OI00000682,ORD0000314,PROD000090,1,82.64,0.0,82.64,2026-06-03 05:08:17
OI00000683,ORD0000314,PROD000026,1,165.8,0.0,165.8,2026-06-03 05:08:17
OI00000684,ORD0000315,PROD000157,1,230.53,0.0,230.53,2026-07-17 11:40:38
OI00000685,ORD0000315,PROD000004,2,71.87,0.0,143.74,2026-07-17 11:40:38
OI00000686,ORD0000316,PROD000188,4,114.4,0.0,457.6,2026-06-23 12:34:44
OI00000687,ORD0000316,PROD000161,1,310.12,0.0,310.12,2026-06-23 12:34:44
OI00000688,ORD0000317,PROD000008,1,181.13,0.0,181.13,2026-07-01 05:19:18
OI00000689,ORD0000317,PROD000041,1,287.98,0.0,287.98,2026-07-01 05:19:18
OI00000690,ORD0000317,PROD000177,2,200.82,20.08,381.56,2026-07-01 05:19:18
OI00000691,ORD0000318,PROD000033,1,240.82,0.0,240.82,2026-06-20 03:24:58
OI00000692,ORD0000318,PROD000026,1,165.8,0.0,165.8,2026-06-20 03:24:58
OI00000693,ORD0000319,PROD000079,1,315.96,31.6,284.36,2026-05-28 19:26:22
OI00000694,ORD0000319,PROD000090,4,82.64,16.53,314.03,2026-05-28 19:26:22
OI00000695,ORD0000319,PROD000101,1,140.13,0.0,140.13,2026-05-28 19:26:22
OI00000696,ORD0000319,PROD000180,1,443.88,44.39,399.49,2026-05-28 19:26:22
OI00000697,ORD0000320,PROD000001,2,240.76,24.08,457.44,2026-06-13 08:52:59
OI00000698,ORD0000320,PROD000151,2,220.37,0.0,440.74,2026-06-13 08:52:59
OI00000699,ORD0000321,PROD000037,2,48.34,19.34,77.34,2026-07-13 18:26:26
OI00000700,ORD0000321,PROD000174,1,225.67,0.0,225.67,2026-07-13 18:26:26
OI00000701,ORD0000322,PROD000006,1,276.33,0.0,276.33,2026-05-11 05:15:10
OI00000702,ORD0000322,PROD000170,3,39.7,0.0,119.1,2026-05-11 05:15:10
OI00000703,ORD0000322,PROD000186,2,106.06,0.0,212.12,2026-05-11 05:15:10
OI00000704,ORD0000322,PROD000108,1,87.18,0.0,87.18,2026-05-11 05:15:10
OI00000705,ORD0000322,PROD000156,1,208.16,0.0,208.16,2026-05-11 05:15:10
OI00000706,ORD0000323,PROD000130,1,251.9,0.0,251.9,2026-04-10 01:29:29
OI00000707,ORD0000323,PROD000142,1,276.94,27.69,249.25,2026-04-10 01:29:29
OI00000708,ORD0000323,PROD000183,1,239.94,0.0,239.94,2026-04-10 01:29:29
OI00000709,ORD0000324,PROD000107,1,128.32,6.42,121.9,2026-02-17 23:02:43
OI00000710,ORD0000324,PROD000019,2,64.3,0.0,128.6,2026-02-17 23:02:43
OI00000711,ORD0000324,PROD000115,1,66.23,0.0,66.23,2026-02-17 23:02:43
OI00000712,ORD0000324,PROD000073,2,9.42,0.0,18.84,2026-02-17 23:02:43
OI00000713,ORD0000324,PROD000152,1,68.44,3.42,65.02,2026-02-17 23:02:43
OI00000714,ORD0000325,PROD000028,2,209.71,0.0,419.42,2026-05-20 22:45:59
OI00000715,ORD0000325,PROD000039,2,318.97,0.0,637.94,2026-05-20 22:45:59
OI00000716,ORD0000325,PROD000074,1,260.67,0.0,260.67,2026-05-20 22:45:59
OI00000717,ORD0000326,PROD000139,1,48.21,0.0,48.21,2026-06-17 20:16:06
OI00000718,ORD0000326,PROD000068,2,253.43,0.0,506.86,2026-06-17 20:16:06
OI00000719,ORD0000326,PROD000073,1,9.42,0.0,9.42,2026-06-17 20:16:06
OI00000720,ORD0000326,PROD000096,2,151.87,0.0,303.74,2026-06-17 20:16:06
OI00000721,ORD0000327,PROD000042,1,358.03,0.0,358.03,2026-04-13 02:36:23
OI00000722,ORD0000327,PROD000160,1,181.18,0.0,181.18,2026-04-13 02:36:23
OI00000723,ORD0000327,PROD000181,2,132.65,0.0,265.3,2026-04-13 02:36:23
OI00000724,ORD0000327,PROD000086,1,216.37,0.0,216.37,2026-04-13 02:36:23
OI00000725,ORD0000328,PROD000102,2,157.31,0.0,314.62,2026-02-22 15:13:37
OI00000726,ORD0000329,PROD000089,3,270.52,0.0,811.56,2026-06-17 12:57:10
OI00000727,ORD0000329,PROD000148,1,111.17,0.0,111.17,2026-06-17 12:57:10
OI00000728,ORD0000329,PROD000104,1,219.63,21.96,197.67,2026-06-17 12:57:10
OI00000729,ORD0000329,PROD000105,1,230.76,34.61,196.15,2026-06-17 12:57:10
OI00000730,ORD0000330,PROD000129,3,280.22,84.07,756.59,2026-05-05 02:14:09
OI00000731,ORD0000330,PROD000160,2,181.18,18.12,344.24,2026-05-05 02:14:09
OI00000732,ORD0000331,PROD000093,1,51.13,0.0,51.13,2026-06-28 15:47:12
OI00000733,ORD0000331,PROD000143,1,293.11,0.0,293.11,2026-06-28 15:47:12
OI00000734,ORD0000332,PROD000049,3,343.12,0.0,1029.36,2026-03-01 22:36:33
OI00000735,ORD0000332,PROD000196,2,135.89,0.0,271.78,2026-03-01 22:36:33
OI00000736,ORD0000332,PROD000185,4,186.5,0.0,746.0,2026-03-01 22:36:33
OI00000737,ORD0000333,PROD000057,1,282.26,0.0,282.26,2026-04-04 11:53:58
OI00000738,ORD0000334,PROD000019,1,64.3,0.0,64.3,2026-06-12 15:34:56
OI00000739,ORD0000334,PROD000053,1,381.96,0.0,381.96,2026-06-12 15:34:56
OI00000740,ORD0000334,PROD000136,1,248.42,0.0,248.42,2026-06-12 15:34:56
OI00000741,ORD0000335,PROD000181,2,132.65,53.06,212.24,2026-07-14 22:55:57
OI00000742,ORD0000335,PROD000175,1,395.9,0.0,395.9,2026-07-14 22:55:57
OI00000743,ORD0000336,PROD000084,1,172.79,0.0,172.79,2026-07-28 03:21:32
OI00000744,ORD0000336,PROD000074,1,260.67,0.0,260.67,2026-07-28 03:21:32
OI00000745,ORD0000336,PROD000151,4,220.37,132.22,749.26,2026-07-28 03:21:32
OI00000746,ORD0000336,PROD000069,1,332.4,0.0,332.4,2026-07-28 03:21:32
OI00000747,ORD0000336,PROD000096,4,151.87,0.0,607.48,2026-07-28 03:21:32
OI00000748,ORD0000337,PROD000195,1,397.59,0.0,397.59,2026-03-03 08:27:43
OI00000749,ORD0000338,PROD000195,3,397.59,0.0,1192.77,2026-04-16 03:19:32
OI00000750,ORD0000338,PROD000084,2,172.79,0.0,345.58,2026-04-16 03:19:32
OI00000751,ORD0000339,PROD000135,1,106.79,0.0,106.79,2026-05-27 16:10:54
OI00000752,ORD0000339,PROD000186,3,106.06,15.91,302.27,2026-05-27 16:10:54
OI00000753,ORD0000339,PROD000169,1,53.52,0.0,53.52,2026-05-27 16:10:54
OI00000754,ORD0000339,PROD000115,2,66.23,6.62,125.84,2026-05-27 16:10:54
OI00000755,ORD0000339,PROD000075,1,10.1,0.0,10.1,2026-05-27 16:10:54
OI00000756,ORD0000340,PROD000037,2,48.34,0.0,96.68,2026-06-02 12:48:25
OI00000757,ORD0000340,PROD000127,2,216.42,0.0,432.84,2026-06-02 12:48:25
OI00000758,ORD0000341,PROD000158,2,391.88,39.19,744.57,2026-05-03 03:23:01
OI00000759,ORD0000342,PROD000136,3,248.42,0.0,745.26,2026-06-08 04:17:06
OI00000760,ORD0000343,PROD000173,1,269.92,0.0,269.92,2026-08-04 04:44:58
OI00000761,ORD0000344,PROD000019,4,64.3,0.0,257.2,2026-05-14 00:34:23
OI00000762,ORD0000344,PROD000092,2,90.01,18.0,162.02,2026-05-14 00:34:23
OI00000763,ORD0000345,PROD000188,1,114.4,5.72,108.68,2026-07-11 18:35:05
OI00000764,ORD0000345,PROD000073,2,9.42,0.0,18.84,2026-07-11 18:35:05
OI00000765,ORD0000346,PROD000059,1,368.8,0.0,368.8,2026-08-14 17:47:20
OI00000766,ORD0000346,PROD000050,1,110.2,0.0,110.2,2026-08-14 17:47:20
OI00000767,ORD0000346,PROD000091,2,244.05,0.0,488.1,2026-08-14 17:47:20
OI00000768,ORD0000347,PROD000150,1,121.83,0.0,121.83,2026-03-23 11:41:26
OI00000769,ORD0000347,PROD000016,4,373.26,223.96,1269.08,2026-03-23 11:41:26
OI00000770,ORD0000347,PROD000146,3,237.64,0.0,712.92,2026-03-23 11:41:26
OI00000771,ORD0000348,PROD000157,2,230.53,0.0,461.06,2026-04-28 02:21:40
OI00000772,ORD0000349,PROD000120,1,200.42,20.04,180.38,2026-03-09 17:59:29
OI00000773,ORD0000349,PROD000078,2,44.16,0.0,88.32,2026-03-09 17:59:29
OI00000774,ORD0000349,PROD000132,1,86.93,0.0,86.93,2026-03-09 17:59:29
OI00000775,ORD0000350,PROD000083,2,119.55,0.0,239.1,2026-07-02 03:44:47
OI00000776,ORD0000350,PROD000002,1,68.17,0.0,68.17,2026-07-02 03:44:47
OI00000777,ORD0000351,PROD000055,3,324.24,0.0,972.72,2026-04-15 13:43:49
OI00000778,ORD0000351,PROD000162,1,85.74,0.0,85.74,2026-04-15 13:43:49
OI00000779,ORD0000351,PROD000099,1,244.63,0.0,244.63,2026-04-15 13:43:49
OI00000780,ORD0000352,PROD000018,1,6.39,0.0,6.39,2026-07-01 09:54:02
OI00000781,ORD0000353,PROD000060,3,313.56,141.1,799.58,2026-04-09 21:19:10
OI00000782,ORD0000353,PROD000099,1,244.63,36.69,207.94,2026-04-09 21:19:10
OI00000783,ORD0000353,PROD000007,1,255.16,25.52,229.64,2026-04-09 21:19:10
OI00000784,ORD0000353,PROD000037,3,48.34,0.0,145.02,2026-04-09 21:19:10
OI00000785,ORD0000354,PROD000025,3,337.19,0.0,1011.57,2026-06-08 14:12:13
OI00000786,ORD0000354,PROD000047,1,125.52,6.28,119.24,2026-06-08 14:12:13
OI00000787,ORD0000354,PROD000143,1,293.11,0.0,293.11,2026-06-08 14:12:13
OI00000788,ORD0000355,PROD000144,3,398.95,0.0,1196.85,2026-05-09 06:12:13
OI00000789,ORD0000355,PROD000030,1,113.9,0.0,113.9,2026-05-09 06:12:13
OI00000790,ORD0000356,PROD000200,1,107.97,0.0,107.97,2026-05-17 20:19:53
OI00000791,ORD0000357,PROD000048,1,312.1,0.0,312.1,2026-02-18 17:46:41
OI00000792,ORD0000357,PROD000159,2,90.28,9.03,171.53,2026-02-18 17:46:41
OI00000793,ORD0000357,PROD000003,1,265.29,13.26,252.03,2026-02-18 17:46:41
OI00000794,ORD0000358,PROD000147,4,359.37,0.0,1437.48,2026-08-03 08:23:39
OI00000795,ORD0000359,PROD000086,2,216.37,43.27,389.47,2026-04-02 09:56:59
OI00000796,ORD0000359,PROD000112,1,76.78,0.0,76.78,2026-04-02 09:56:59
OI00000797,ORD0000360,PROD000105,2,230.76,0.0,461.52,2026-05-10 02:56:30
OI00000798,ORD0000361,PROD000030,1,113.9,11.39,102.51,2026-03-11 19:22:57
OI00000799,ORD0000361,PROD000135,2,106.79,0.0,213.58,2026-03-11 19:22:57
OI00000800,ORD0000361,PROD000130,1,251.9,25.19,226.71,2026-03-11 19:22:57
OI00000801,ORD0000361,PROD000115,1,66.23,0.0,66.23,2026-03-11 19:22:57
OI00000802,ORD0000361,PROD000152,1,68.44,10.27,58.17,2026-03-11 19:22:57
OI00000803,ORD0000362,PROD000035,2,197.66,0.0,395.32,2026-03-11 16:31:47
OI00000804,ORD0000363,PROD000050,2,110.2,0.0,220.4,2026-03-11 08:25:18
OI00000805,ORD0000364,PROD000104,2,219.63,0.0,439.26,2026-08-06 03:33:33
OI00000806,ORD0000365,PROD000009,2,247.91,0.0,495.82,2026-05-24 17:03:50
OI00000807,ORD0000366,PROD000162,1,85.74,0.0,85.74,2026-02-18 13:30:30
OI00000808,ORD0000366,PROD000112,2,76.78,0.0,153.56,2026-02-18 13:30:30
OI00000809,ORD0000367,PROD000138,2,154.12,0.0,308.24,2026-04-28 13:49:32
OI00000810,ORD0000368,PROD000154,1,57.2,11.44,45.76,2026-05-14 18:33:16
OI00000811,ORD0000368,PROD000034,2,376.06,0.0,752.12,2026-05-14 18:33:16
OI00000812,ORD0000369,PROD000022,1,302.51,15.13,287.38,2026-03-21 04:22:19
OI00000813,ORD0000369,PROD000143,1,293.11,0.0,293.11,2026-03-21 04:22:19
OI00000814,ORD0000369,PROD000049,2,343.12,0.0,686.24,2026-03-21 04:22:19
OI00000815,ORD0000369,PROD000110,2,112.33,0.0,224.66,2026-03-21 04:22:19
OI00000816,ORD0000369,PROD000144,3,398.95,0.0,1196.85,2026-03-21 04:22:19
OI00000817,ORD0000370,PROD000194,1,99.76,0.0,99.76,2026-05-18 13:14:44
OI00000818,ORD0000371,PROD000111,1,209.32,20.93,188.39,2026-03-25 17:39:27
OI00000819,ORD0000372,PROD000157,2,230.53,0.0,461.06,2026-06-17 05:20:08
OI00000820,ORD0000373,PROD000044,1,137.29,0.0,137.29,2026-07-17 02:03:48
OI00000821,ORD0000373,PROD000068,1,253.43,0.0,253.43,2026-07-17 02:03:48
OI00000822,ORD0000374,PROD000040,2,202.37,20.24,384.5,2026-03-05 02:17:08
OI00000823,ORD0000374,PROD000056,1,23.5,0.0,23.5,2026-03-05 02:17:08
OI00000824,ORD0000374,PROD000124,1,396.34,0.0,396.34,2026-03-05 02:17:08
OI00000825,ORD0000374,PROD000038,2,84.38,0.0,168.76,2026-03-05 02:17:08
OI00000826,ORD0000375,PROD000096,3,151.87,68.34,387.27,2026-05-04 07:07:34
OI00000827,ORD0000376,PROD000062,1,129.94,0.0,129.94,2026-04-21 06:40:29
OI00000828,ORD0000376,PROD000148,4,111.17,44.47,400.21,2026-04-21 06:40:29
OI00000829,ORD0000376,PROD000028,1,209.71,10.49,199.22,2026-04-21 06:40:29
OI00000830,ORD0000377,PROD000182,2,116.92,0.0,233.84,2026-06-06 01:03:40
OI00000831,ORD0000377,PROD000144,1,398.95,0.0,398.95,2026-06-06 01:03:40
OI00000832,ORD0000377,PROD000093,2,51.13,0.0,102.26,2026-06-06 01:03:40
OI00000833,ORD0000377,PROD000116,1,33.83,0.0,33.83,2026-06-06 01:03:40
OI00000834,ORD0000378,PROD000159,2,90.28,18.06,162.5,2026-04-25 23:49:52
OI00000835,ORD0000378,PROD000105,2,230.76,0.0,461.52,2026-04-25 23:49:52
OI00000836,ORD0000379,PROD000171,2,118.83,0.0,237.66,2026-07-29 15:36:06
OI00000837,ORD0000379,PROD000116,1,33.83,0.0,33.83,2026-07-29 15:36:06
OI00000838,ORD0000380,PROD000049,1,343.12,51.47,291.65,2026-07-13 04:33:02
OI00000839,ORD0000381,PROD000097,1,119.02,5.95,113.07,2026-06-01 04:01:46
OI00000840,ORD0000381,PROD000099,1,244.63,0.0,244.63,2026-06-01 04:01:46
OI00000841,ORD0000381,PROD000069,2,332.4,33.24,631.56,2026-06-01 04:01:46
OI00000842,ORD0000382,PROD000047,1,125.52,0.0,125.52,2026-07-08 13:55:35
OI00000843,ORD0000382,PROD000141,2,54.3,5.43,103.17,2026-07-08 13:55:35
OI00000844,ORD0000382,PROD000023,1,69.84,3.49,66.35,2026-07-08 13:55:35
OI00000845,ORD0000383,PROD000055,1,324.24,16.21,308.03,2026-03-12 09:25:20
OI00000846,ORD0000383,PROD000074,3,260.67,39.1,742.91,2026-03-12 09:25:20
OI00000847,ORD0000383,PROD000138,4,154.12,0.0,616.48,2026-03-12 09:25:20
OI00000848,ORD0000384,PROD000152,2,68.44,0.0,136.88,2026-07-15 11:58:32
OI00000849,ORD0000384,PROD000048,1,312.1,0.0,312.1,2026-07-15 11:58:32
OI00000850,ORD0000384,PROD000110,3,112.33,0.0,336.99,2026-07-15 11:58:32
OI00000851,ORD0000385,PROD000028,4,209.71,0.0,838.84,2026-03-25 21:21:34
OI00000852,ORD0000385,PROD000083,1,119.55,5.98,113.57,2026-03-25 21:21:34
OI00000853,ORD0000385,PROD000175,1,395.9,0.0,395.9,2026-03-25 21:21:34
OI00000854,ORD0000385,PROD000160,4,181.18,0.0,724.72,2026-03-25 21:21:34
OI00000855,ORD0000386,PROD000068,4,253.43,101.37,912.35,2026-04-12 14:56:14
OI00000856,ORD0000387,PROD000163,1,379.9,37.99,341.91,2026-06-02 20:35:36
OI00000857,ORD0000387,PROD000111,1,209.32,0.0,209.32,2026-06-02 20:35:36
OI00000858,ORD0000387,PROD000179,2,100.96,0.0,201.92,2026-06-02 20:35:36
OI00000859,ORD0000388,PROD000197,1,191.33,9.57,181.76,2026-06-06 05:23:57
OI00000860,ORD0000388,PROD000036,2,22.66,2.27,43.05,2026-06-06 05:23:57
OI00000861,ORD0000389,PROD000171,1,118.83,0.0,118.83,2026-03-13 16:32:45
OI00000862,ORD0000390,PROD000141,1,54.3,8.14,46.16,2026-07-06 03:14:29
OI00000863,ORD0000390,PROD000168,1,433.94,0.0,433.94,2026-07-06 03:14:29
OI00000864,ORD0000391,PROD000017,1,177.67,17.77,159.9,2026-03-01 07:30:55
OI00000865,ORD0000391,PROD000078,1,44.16,0.0,44.16,2026-03-01 07:30:55
OI00000866,ORD0000391,PROD000160,1,181.18,9.06,172.12,2026-03-01 07:30:55
OI00000867,ORD0000392,PROD000144,3,398.95,0.0,1196.85,2026-04-12 08:28:19
OI00000868,ORD0000393,PROD000019,1,64.3,0.0,64.3,2026-07-14 19:55:00
OI00000869,ORD0000393,PROD000175,1,395.9,0.0,395.9,2026-07-14 19:55:00
OI00000870,ORD0000394,PROD000026,3,165.8,0.0,497.4,2026-04-03 12:11:01
OI00000871,ORD0000395,PROD000049,1,343.12,0.0,343.12,2026-05-27 08:26:24
OI00000872,ORD0000395,PROD000026,3,165.8,0.0,497.4,2026-05-27 08:26:24
OI00000873,ORD0000395,PROD000088,1,381.45,0.0,381.45,2026-05-27 08:26:24
OI00000874,ORD0000396,PROD000173,1,269.92,0.0,269.92,2026-07-30 06:05:21
OI00000875,ORD0000397,PROD000008,1,181.13,18.11,163.02,2026-03-10 10:00:33
OI00000876,ORD0000397,PROD000160,4,181.18,0.0,724.72,2026-03-10 10:00:33
OI00000877,ORD0000398,PROD000048,2,312.1,62.42,561.78,2026-04-02 11:13:22
OI00000878,ORD0000398,PROD000123,1,410.86,0.0,410.86,2026-04-02 11:13:22
OI00000879,ORD0000399,PROD000029,1,12.47,0.0,12.47,2026-02-22 08:02:59
OI00000880,ORD0000399,PROD000098,1,188.42,0.0,188.42,2026-02-22 08:02:59
OI00000881,ORD0000399,PROD000194,1,99.76,0.0,99.76,2026-02-22 08:02:59
OI00000882,ORD0000399,PROD000049,1,343.12,0.0,343.12,2026-02-22 08:02:59
OI00000883,ORD0000400,PROD000102,1,157.31,23.6,133.71,2026-05-27 18:28:07
OI00000884,ORD0000401,PROD000186,1,106.06,0.0,106.06,2026-05-28 20:22:03
OI00000885,ORD0000402,PROD000125,2,169.29,0.0,338.58,2026-07-01 17:25:48
OI00000886,ORD0000403,PROD000158,1,391.88,0.0,391.88,2026-05-28 17:24:05
OI00000887,ORD0000404,PROD000023,1,69.84,0.0,69.84,2026-05-01 15:43:44
OI00000888,ORD0000405,PROD000085,1,36.94,0.0,36.94,2026-07-02 16:41:20
OI00000889,ORD0000406,PROD000194,1,99.76,0.0,99.76,2026-08-11 16:27:47
OI00000890,ORD0000406,PROD000198,1,307.49,0.0,307.49,2026-08-11 16:27:47
OI00000891,ORD0000407,PROD000004,3,71.87,0.0,215.61,2026-05-07 11:45:13
OI00000892,ORD0000407,PROD000012,2,374.67,74.93,674.41,2026-05-07 11:45:13
OI00000893,ORD0000408,PROD000104,1,219.63,0.0,219.63,2026-08-02 19:58:53
OI00000894,ORD0000408,PROD000111,2,209.32,0.0,418.64,2026-08-02 19:58:53
OI00000895,ORD0000408,PROD000012,3,374.67,0.0,1124.01,2026-08-02 19:58:53
OI00000896,ORD0000409,PROD000115,1,66.23,6.62,59.61,2026-05-05 21:56:41
OI00000897,ORD0000409,PROD000114,2,36.68,0.0,73.36,2026-05-05 21:56:41
OI00000898,ORD0000409,PROD000105,2,230.76,0.0,461.52,2026-05-05 21:56:41
OI00000899,ORD0000410,PROD000031,3,62.29,0.0,186.87,2026-08-13 00:28:08
OI00000900,ORD0000410,PROD000042,1,358.03,0.0,358.03,2026-08-13 00:28:08
OI00000901,ORD0000411,PROD000080,1,288.18,14.41,273.77,2026-04-22 20:45:59
OI00000902,ORD0000411,PROD000160,1,181.18,18.12,163.06,2026-04-22 20:45:59
OI00000903,ORD0000412,PROD000029,1,12.47,0.62,11.85,2026-07-09 15:31:12
OI00000904,ORD0000412,PROD000030,1,113.9,5.7,108.2,2026-07-09 15:31:12
OI00000905,ORD0000413,PROD000011,3,74.18,11.13,211.41,2026-04-17 08:39:23
OI00000906,ORD0000413,PROD000188,1,114.4,0.0,114.4,2026-04-17 08:39:23
OI00000907,ORD0000414,PROD000055,1,324.24,0.0,324.24,2026-07-10 16:09:21
OI00000908,ORD0000414,PROD000183,3,239.94,0.0,719.82,2026-07-10 16:09:21
OI00000909,ORD0000415,PROD000018,1,6.39,0.0,6.39,2026-07-26 19:21:42
OI00000910,ORD0000415,PROD000068,1,253.43,0.0,253.43,2026-07-26 19:21:42
OI00000911,ORD0000415,PROD000171,1,118.83,0.0,118.83,2026-07-26 19:21:42
OI00000912,ORD0000415,PROD000150,1,121.83,0.0,121.83,2026-07-26 19:21:42
OI00000913,ORD0000416,PROD000159,2,90.28,9.03,171.53,2026-05-08 18:02:09
OI00000914,ORD0000416,PROD000015,1,74.75,0.0,74.75,2026-05-08 18:02:09
OI00000915,ORD0000417,PROD000080,2,288.18,0.0,576.36,2026-07-11 04:04:01
OI00000916,ORD0000417,PROD000195,2,397.59,0.0,795.18,2026-07-11 04:04:01
OI00000917,ORD0000418,PROD000062,2,129.94,38.98,220.9,2026-05-16 04:29:30
OI00000918,ORD0000418,PROD000038,1,84.38,0.0,84.38,2026-05-16 04:29:30
OI00000919,ORD0000418,PROD000081,1,267.87,0.0,267.87,2026-05-16 04:29:30
OI00000920,ORD0000418,PROD000182,1,116.92,0.0,116.92,2026-05-16 04:29:30
OI00000921,ORD0000419,PROD000179,1,100.96,15.14,85.82,2026-06-01 00:56:34
OI00000922,ORD0000420,PROD000189,1,184.49,0.0,184.49,2026-06-14 06:28:28
OI00000923,ORD0000421,PROD000113,2,295.97,0.0,591.94,2026-04-12 17:12:36
OI00000924,ORD0000421,PROD000104,1,219.63,0.0,219.63,2026-04-12 17:12:36
OI00000925,ORD0000422,PROD000095,1,317.49,0.0,317.49,2026-05-04 01:49:55
OI00000926,ORD0000423,PROD000047,4,125.52,0.0,502.08,2026-06-05 12:28:01
OI00000927,ORD0000423,PROD000077,2,172.06,0.0,344.12,2026-06-05 12:28:01
OI00000928,ORD0000424,PROD000138,3,154.12,0.0,462.36,2026-04-06 17:26:20
OI00000929,ORD0000424,PROD000089,2,270.52,54.1,486.94,2026-04-06 17:26:20
OI00000930,ORD0000424,PROD000174,2,225.67,22.57,428.77,2026-04-06 17:26:20
OI00000931,ORD0000425,PROD000100,1,125.62,0.0,125.62,2026-02-17 08:55:03
OI00000932,ORD0000425,PROD000055,2,324.24,0.0,648.48,2026-02-17 08:55:03
OI00000933,ORD0000425,PROD000040,3,202.37,0.0,607.11,2026-02-17 08:55:03
OI00000934,ORD0000425,PROD000059,1,368.8,0.0,368.8,2026-02-17 08:55:03
OI00000935,ORD0000426,PROD000176,1,395.87,0.0,395.87,2026-07-08 06:57:56
OI00000936,ORD0000427,PROD000026,1,165.8,0.0,165.8,2026-08-13 02:44:54
OI00000937,ORD0000427,PROD000011,2,74.18,0.0,148.36,2026-08-13 02:44:54
OI00000938,ORD0000427,PROD000036,4,22.66,0.0,90.64,2026-08-13 02:44:54
OI00000939,ORD0000427,PROD000106,1,13.25,0.0,13.25,2026-08-13 02:44:54
OI00000940,ORD0000428,PROD000036,2,22.66,0.0,45.32,2026-06-20 04:36:22
OI00000941,ORD0000429,PROD000022,4,302.51,0.0,1210.04,2026-03-16 13:42:12
OI00000942,ORD0000429,PROD000099,2,244.63,0.0,489.26,2026-03-16 13:42:12
OI00000943,ORD0000429,PROD000171,4,118.83,0.0,475.32,2026-03-16 13:42:12
OI00000944,ORD0000430,PROD000014,1,171.48,0.0,171.48,2026-06-28 02:33:57
OI00000945,ORD0000430,PROD000185,1,186.5,0.0,186.5,2026-06-28 02:33:57
OI00000946,ORD0000430,PROD000067,2,181.48,18.15,344.81,2026-06-28 02:33:57
OI00000947,ORD0000430,PROD000200,1,107.97,0.0,107.97,2026-06-28 02:33:57
OI00000948,ORD0000431,PROD000133,1,7.24,0.0,7.24,2026-03-19 23:59:39
OI00000949,ORD0000431,PROD000106,1,13.25,0.0,13.25,2026-03-19 23:59:39
OI00000950,ORD0000432,PROD000073,1,9.42,0.0,9.42,2026-06-27 16:50:27
OI00000951,ORD0000432,PROD000156,1,208.16,0.0,208.16,2026-06-27 16:50:27
OI00000952,ORD0000432,PROD000052,2,289.95,57.99,521.91,2026-06-27 16:50:27
OI00000953,ORD0000432,PROD000139,3,48.21,14.46,130.17,2026-06-27 16:50:27
OI00000954,ORD0000433,PROD000041,2,287.98,28.8,547.16,2026-03-19 05:48:06
OI00000955,ORD0000433,PROD000161,3,310.12,0.0,930.36,2026-03-19 05:48:06
OI00000956,ORD0000434,PROD000129,3,280.22,42.03,798.63,2026-05-13 16:58:39
OI00000957,ORD0000434,PROD000180,1,443.88,0.0,443.88,2026-05-13 16:58:39
OI00000958,ORD0000435,PROD000195,1,397.59,0.0,397.59,2026-04-07 06:59:05
OI00000959,ORD0000436,PROD000050,1,110.2,0.0,110.2,2026-05-08 19:33:12
OI00000960,ORD0000436,PROD000133,3,7.24,0.0,21.72,2026-05-08 19:33:12
OI00000961,ORD0000437,PROD000051,1,128.31,6.42,121.89,2026-02-16 03:11:12
OI00000962,ORD0000437,PROD000200,1,107.97,5.4,102.57,2026-02-16 03:11:12
OI00000963,ORD0000438,PROD000182,1,116.92,0.0,116.92,2026-03-29 03:40:53
OI00000964,ORD0000438,PROD000081,1,267.87,0.0,267.87,2026-03-29 03:40:53
OI00000965,ORD0000439,PROD000097,3,119.02,0.0,357.06,2026-08-07 20:18:48
OI00000966,ORD0000440,PROD000192,2,122.14,0.0,244.28,2026-03-09 03:48:57
OI00000967,ORD0000440,PROD000023,4,69.84,0.0,279.36,2026-03-09 03:48:57
OI00000968,ORD0000440,PROD000090,2,82.64,0.0,165.28,2026-03-09 03:48:57
OI00000969,ORD0000440,PROD000165,1,95.13,4.76,90.37,2026-03-09 03:48:57
OI00000970,ORD0000440,PROD000101,1,140.13,0.0,140.13,2026-03-09 03:48:57
OI00000971,ORD0000441,PROD000113,1,295.97,14.8,281.17,2026-07-04 16:12:14
OI00000972,ORD0000441,PROD000132,3,86.93,0.0,260.79,2026-07-04 16:12:14
OI00000973,ORD0000441,PROD000130,3,251.9,0.0,755.7,2026-07-04 16:12:14
OI00000974,ORD0000442,PROD000180,1,443.88,22.19,421.69,2026-05-25 06:01:55
OI00000975,ORD0000442,PROD000040,3,202.37,0.0,607.11,2026-05-25 06:01:55
OI00000976,ORD0000442,PROD000111,3,209.32,0.0,627.96,2026-05-25 06:01:55
OI00000977,ORD0000442,PROD000102,1,157.31,0.0,157.31,2026-05-25 06:01:55
OI00000978,ORD0000442,PROD000004,1,71.87,0.0,71.87,2026-05-25 06:01:55
OI00000979,ORD0000443,PROD000173,2,269.92,0.0,539.84,2026-03-27 23:53:54
OI00000980,ORD0000444,PROD000173,1,269.92,40.49,229.43,2026-06-19 02:03:22
OI00000981,ORD0000444,PROD000082,2,49.54,0.0,99.08,2026-06-19 02:03:22
OI00000982,ORD0000444,PROD000038,1,84.38,0.0,84.38,2026-06-19 02:03:22
OI00000983,ORD0000445,PROD000080,1,288.18,0.0,288.18,2026-07-26 03:43:39
OI00000984,ORD0000446,PROD000057,2,282.26,56.45,508.07,2026-05-22 02:30:04
OI00000985,ORD0000446,PROD000092,3,90.01,0.0,270.03,2026-05-22 02:30:04
OI00000986,ORD0000447,PROD000091,2,244.05,0.0,488.1,2026-04-28 10:21:36
OI00000987,ORD0000447,PROD000180,2,443.88,0.0,887.76,2026-04-28 10:21:36
OI00000988,ORD0000447,PROD000161,1,310.12,31.01,279.11,2026-04-28 10:21:36
OI00000989,ORD0000447,PROD000063,1,61.43,6.14,55.29,2026-04-28 10:21:36
OI00000990,ORD0000448,PROD000075,1,10.1,0.51,9.59,2026-03-26 07:20:05
OI00000991,ORD0000448,PROD000018,2,6.39,0.0,12.78,2026-03-26 07:20:05
OI00000992,ORD0000449,PROD000176,1,395.87,19.79,376.08,2026-03-01 15:15:14
OI00000993,ORD0000449,PROD000137,4,16.14,0.0,64.56,2026-03-01 15:15:14
OI00000994,ORD0000450,PROD000083,2,119.55,0.0,239.1,2026-07-02 11:52:51
OI00000995,ORD0000450,PROD000016,2,373.26,0.0,746.52,2026-07-02 11:52:51
OI00000996,ORD0000451,PROD000083,1,119.55,0.0,119.55,2026-06-04 09:52:54
OI00000997,ORD0000452,PROD000169,2,53.52,0.0,107.04,2026-03-08 22:29:49
OI00000998,ORD0000452,PROD000124,1,396.34,0.0,396.34,2026-03-08 22:29:49
OI00000999,ORD0000453,PROD000092,1,90.01,0.0,90.01,2026-06-12 05:10:37
OI00001000,ORD0000454,PROD000174,2,225.67,0.0,451.34,2026-05-23 09:01:40
OI00001001,ORD0000455,PROD000018,1,6.39,0.0,6.39,2026-07-09 03:36:02
OI00001002,ORD0000455,PROD000037,3,48.34,0.0,145.02,2026-07-09 03:36:02
OI00001003,ORD0000456,PROD000016,1,373.26,18.66,354.6,2026-05-16 21:05:26
OI00001004,ORD0000456,PROD000149,2,259.04,0.0,518.08,2026-05-16 21:05:26
OI00001005,ORD0000457,PROD000184,2,192.54,0.0,385.08,2026-06-09 19:07:48
OI00001006,ORD0000458,PROD000037,2,48.34,0.0,96.68,2026-04-13 20:02:02
OI00001007,ORD0000458,PROD000142,1,276.94,13.85,263.09,2026-04-13 20:02:02
OI00001008,ORD0000458,PROD000090,1,82.64,0.0,82.64,2026-04-13 20:02:02
OI00001009,ORD0000458,PROD000091,2,244.05,0.0,488.1,2026-04-13 20:02:02
OI00001010,ORD0000458,PROD000108,1,87.18,0.0,87.18,2026-04-13 20:02:02
OI00001011,ORD0000459,PROD000144,1,398.95,0.0,398.95,2026-07-14 01:00:22
OI00001012,ORD0000459,PROD000045,2,70.0,0.0,140.0,2026-07-14 01:00:22
OI00001013,ORD0000459,PROD000110,1,112.33,0.0,112.33,2026-07-14 01:00:22
OI00001014,ORD0000459,PROD000059,1,368.8,18.44,350.36,2026-07-14 01:00:22
OI00001015,ORD0000460,PROD000126,2,5.66,0.0,11.32,2026-04-22 15:12:20
OI00001016,ORD0000460,PROD000008,1,181.13,0.0,181.13,2026-04-22 15:12:20
OI00001017,ORD0000460,PROD000125,1,169.29,0.0,169.29,2026-04-22 15:12:20
OI00001018,ORD0000461,PROD000085,2,36.94,0.0,73.88,2026-04-09 01:48:36
OI00001019,ORD0000461,PROD000101,3,140.13,21.02,399.37,2026-04-09 01:48:36
OI00001020,ORD0000461,PROD000130,1,251.9,0.0,251.9,2026-04-09 01:48:36
OI00001021,ORD0000461,PROD000014,1,171.48,8.57,162.91,2026-04-09 01:48:36
OI00001022,ORD0000462,PROD000171,1,118.83,5.94,112.89,2026-04-09 08:46:24
OI00001023,ORD0000462,PROD000045,2,70.0,21.0,119.0,2026-04-09 08:46:24
OI00001024,ORD0000462,PROD000139,1,48.21,0.0,48.21,2026-04-09 08:46:24
OI00001025,ORD0000462,PROD000136,1,248.42,0.0,248.42,2026-04-09 08:46:24
OI00001026,ORD0000462,PROD000158,1,391.88,0.0,391.88,2026-04-09 08:46:24
OI00001027,ORD0000463,PROD000060,2,313.56,125.42,501.7,2026-05-03 11:24:46
OI00001028,ORD0000464,PROD000085,3,36.94,11.08,99.74,2026-03-07 02:26:41
OI00001029,ORD0000464,PROD000038,2,84.38,0.0,168.76,2026-03-07 02:26:41
OI00001030,ORD0000464,PROD000074,3,260.67,0.0,782.01,2026-03-07 02:26:41
OI00001031,ORD0000464,PROD000127,2,216.42,0.0,432.84,2026-03-07 02:26:41
OI00001032,ORD0000465,PROD000163,1,379.9,0.0,379.9,2026-03-31 14:07:05
OI00001033,ORD0000465,PROD000197,1,191.33,0.0,191.33,2026-03-31 14:07:05
OI00001034,ORD0000465,PROD000157,1,230.53,0.0,230.53,2026-03-31 14:07:05
OI00001035,ORD0000465,PROD000077,2,172.06,0.0,344.12,2026-03-31 14:07:05
OI00001036,ORD0000466,PROD000079,1,315.96,0.0,315.96,2026-06-13 19:11:00
OI00001037,ORD0000466,PROD000080,3,288.18,0.0,864.54,2026-06-13 19:11:00
OI00001038,ORD0000466,PROD000136,1,248.42,0.0,248.42,2026-06-13 19:11:00
OI00001039,ORD0000466,PROD000055,2,324.24,64.85,583.63,2026-06-13 19:11:00
OI00001040,ORD0000466,PROD000075,2,10.1,0.0,20.2,2026-06-13 19:11:00
OI00001041,ORD0000467,PROD000170,1,39.7,0.0,39.7,2026-06-20 02:14:45
OI00001042,ORD0000467,PROD000103,1,30.32,0.0,30.32,2026-06-20 02:14:45
OI00001043,ORD0000468,PROD000111,1,209.32,41.86,167.46,2026-07-07 12:09:20
OI00001044,ORD0000469,PROD000120,2,200.42,40.08,360.76,2026-03-26 18:43:48
OI00001045,ORD0000469,PROD000023,1,69.84,0.0,69.84,2026-03-26 18:43:48
OI00001046,ORD0000470,PROD000179,1,100.96,5.05,95.91,2026-07-04 16:43:10
OI00001047,ORD0000470,PROD000039,1,318.97,15.95,303.02,2026-07-04 16:43:10
OI00001048,ORD0000470,PROD000170,1,39.7,1.99,37.71,2026-07-04 16:43:10
OI00001049,ORD0000470,PROD000096,1,151.87,0.0,151.87,2026-07-04 16:43:10
OI00001050,ORD0000471,PROD000155,2,67.32,0.0,134.64,2026-03-15 05:34:02
OI00001051,ORD0000472,PROD000148,1,111.17,0.0,111.17,2026-05-12 14:07:20
OI00001052,ORD0000472,PROD000187,2,260.32,104.13,416.51,2026-05-12 14:07:20
OI00001053,ORD0000472,PROD000109,1,87.72,0.0,87.72,2026-05-12 14:07:20
OI00001054,ORD0000472,PROD000061,1,85.11,0.0,85.11,2026-05-12 14:07:20
OI00001055,ORD0000473,PROD000197,1,191.33,0.0,191.33,2026-02-17 11:32:51
OI00001056,ORD0000473,PROD000086,2,216.37,64.91,367.83,2026-02-17 11:32:51
OI00001057,ORD0000473,PROD000067,1,181.48,0.0,181.48,2026-02-17 11:32:51
OI00001058,ORD0000473,PROD000112,1,76.78,0.0,76.78,2026-02-17 11:32:51
OI00001059,ORD0000474,PROD000188,1,114.4,0.0,114.4,2026-08-08 00:04:16
OI00001060,ORD0000474,PROD000112,1,76.78,0.0,76.78,2026-08-08 00:04:16
OI00001061,ORD0000474,PROD000003,2,265.29,53.06,477.52,2026-08-08 00:04:16
OI00001062,ORD0000474,PROD000198,2,307.49,0.0,614.98,2026-08-08 00:04:16
OI00001063,ORD0000475,PROD000107,2,128.32,0.0,256.64,2026-02-23 23:20:22
OI00001064,ORD0000475,PROD000152,1,68.44,13.69,54.75,2026-02-23 23:20:22
OI00001065,ORD0000475,PROD000027,1,174.59,0.0,174.59,2026-02-23 23:20:22
OI00001066,ORD0000475,PROD000117,1,96.57,0.0,96.57,2026-02-23 23:20:22
OI00001067,ORD0000476,PROD000095,2,317.49,0.0,634.98,2026-06-16 19:34:05
OI00001068,ORD0000476,PROD000067,1,181.48,0.0,181.48,2026-06-16 19:34:05
OI00001069,ORD0000477,PROD000008,1,181.13,0.0,181.13,2026-04-11 09:26:06
OI00001070,ORD0000477,PROD000143,2,293.11,0.0,586.22,2026-04-11 09:26:06
OI00001071,ORD0000477,PROD000124,3,396.34,0.0,1189.02,2026-04-11 09:26:06
OI00001072,ORD0000477,PROD000018,1,6.39,0.0,6.39,2026-04-11 09:26:06
OI00001073,ORD0000478,PROD000093,1,51.13,0.0,51.13,2026-06-20 06:57:28
OI00001074,ORD0000479,PROD000012,1,374.67,37.47,337.2,2026-04-07 16:31:15
OI00001075,ORD0000479,PROD000085,1,36.94,0.0,36.94,2026-04-07 16:31:15
OI00001076,ORD0000479,PROD000049,2,343.12,34.31,651.93,2026-04-07 16:31:15
OI00001077,ORD0000480,PROD000102,1,157.31,0.0,157.31,2026-03-14 10:08:08
OI00001078,ORD0000480,PROD000198,3,307.49,0.0,922.47,2026-03-14 10:08:08
OI00001079,ORD0000481,PROD000023,1,69.84,10.48,59.36,2026-06-04 14:02:17
OI00001080,ORD0000482,PROD000161,1,310.12,0.0,310.12,2026-05-28 07:58:15
OI00001081,ORD0000483,PROD000158,1,391.88,0.0,391.88,2026-05-21 15:16:30
OI00001082,ORD0000483,PROD000011,1,74.18,0.0,74.18,2026-05-21 15:16:30
OI00001083,ORD0000484,PROD000003,3,265.29,0.0,795.87,2026-03-04 11:50:00
OI00001084,ORD0000484,PROD000085,3,36.94,11.08,99.74,2026-03-04 11:50:00
OI00001085,ORD0000485,PROD000156,2,208.16,0.0,416.32,2026-04-04 21:30:30
OI00001086,ORD0000486,PROD000019,1,64.3,0.0,64.3,2026-03-24 12:08:54
OI00001087,ORD0000486,PROD000159,1,90.28,0.0,90.28,2026-03-24 12:08:54
OI00001088,ORD0000487,PROD000008,2,181.13,0.0,362.26,2026-04-22 19:03:48
OI00001089,ORD0000487,PROD000052,1,289.95,14.5,275.45,2026-04-22 19:03:48
OI00001090,ORD0000487,PROD000190,1,270.32,27.03,243.29,2026-04-22 19:03:48
OI00001091,ORD0000488,PROD000081,2,267.87,0.0,535.74,2026-06-25 10:41:55
OI00001092,ORD0000488,PROD000141,1,54.3,0.0,54.3,2026-06-25 10:41:55
OI00001093,ORD0000489,PROD000185,2,186.5,37.3,335.7,2026-03-25 07:41:02
OI00001094,ORD0000490,PROD000196,2,135.89,27.18,244.6,2026-07-21 01:58:19
OI00001095,ORD0000490,PROD000165,2,95.13,0.0,190.26,2026-07-21 01:58:19
OI00001096,ORD0000491,PROD000180,1,443.88,0.0,443.88,2026-06-16 08:05:44
OI00001097,ORD0000491,PROD000017,1,177.67,0.0,177.67,2026-06-16 08:05:44
OI00001098,ORD0000492,PROD000052,1,289.95,0.0,289.95,2026-05-06 13:58:15
OI00001099,ORD0000492,PROD000094,2,170.67,0.0,341.34,2026-05-06 13:58:15
OI00001100,ORD0000492,PROD000147,2,359.37,35.94,682.8,2026-05-06 13:58:15
OI00001101,ORD0000492,PROD000193,2,322.33,0.0,644.66,2026-05-06 13:58:15
OI00001102,ORD0000492,PROD000114,1,36.68,0.0,36.68,2026-05-06 13:58:15
OI00001103,ORD0000493,PROD000082,2,49.54,0.0,99.08,2026-07-08 07:13:51
OI00001104,ORD0000494,PROD000137,2,16.14,4.84,27.44,2026-05-14 01:56:41
OI00001105,ORD0000495,PROD000155,2,67.32,0.0,134.64,2026-05-13 18:16:38
OI00001106,ORD0000495,PROD000109,1,87.72,13.16,74.56,2026-05-13 18:16:38
OI00001107,ORD0000495,PROD000001,1,240.76,12.04,228.72,2026-05-13 18:16:38
OI00001108,ORD0000495,PROD000018,1,6.39,0.0,6.39,2026-05-13 18:16:38
OI00001109,ORD0000495,PROD000051,1,128.31,25.66,102.65,2026-05-13 18:16:38
OI00001110,ORD0000496,PROD000033,1,240.82,12.04,228.78,2026-07-18 01:30:27
OI00001111,ORD0000497,PROD000195,1,397.59,0.0,397.59,2026-03-04 22:06:35
OI00001112,ORD0000497,PROD000117,1,96.57,0.0,96.57,2026-03-04 22:06:35
OI00001113,ORD0000497,PROD000056,4,23.5,0.0,94.0,2026-03-04 22:06:35
OI00001114,ORD0000498,PROD000066,1,424.54,0.0,424.54,2026-04-17 21:14:39
OI00001115,ORD0000498,PROD000040,2,202.37,0.0,404.74,2026-04-17 21:14:39
OI00001116,ORD0000499,PROD000077,1,172.06,8.6,163.46,2026-04-08 03:39:01
OI00001117,ORD0000499,PROD000138,1,154.12,0.0,154.12,2026-04-08 03:39:01
OI00001118,ORD0000499,PROD000033,1,240.82,0.0,240.82,2026-04-08 03:39:01
OI00001119,ORD0000500,PROD000107,1,128.32,0.0,128.32,2026-03-15 15:15:42
OI00001120,ORD0000500,PROD000125,2,169.29,0.0,338.58,2026-03-15 15:15:42
OI00001121,ORD0000500,PROD000059,2,368.8,0.0,737.6,2026-03-15 15:15:42
OI00001122,ORD0000500,PROD000065,2,459.64,0.0,919.28,2026-03-15 15:15:42
OI00001123,ORD0000501,PROD000006,1,276.33,0.0,276.33,2026-04-26 18:56:43
OI00001124,ORD0000502,PROD000194,2,99.76,0.0,199.52,2026-07-19 20:23:09
OI00001125,ORD0000502,PROD000105,1,230.76,0.0,230.76,2026-07-19 20:23:09
OI00001126,ORD0000502,PROD000046,1,353.88,0.0,353.88,2026-07-19 20:23:09
OI00001127,ORD0000503,PROD000006,1,276.33,0.0,276.33,2026-07-18 22:01:43
OI00001128,ORD0000503,PROD000108,1,87.18,0.0,87.18,2026-07-18 22:01:43
OI00001129,ORD0000504,PROD000073,1,9.42,0.0,9.42,2026-03-10 00:16:22
OI00001130,ORD0000504,PROD000136,1,248.42,0.0,248.42,2026-03-10 00:16:22
OI00001131,ORD0000504,PROD000042,1,358.03,0.0,358.03,2026-03-10 00:16:22
OI00001132,ORD0000504,PROD000046,1,353.88,0.0,353.88,2026-03-10 00:16:22
OI00001133,ORD0000505,PROD000071,1,259.22,0.0,259.22,2026-03-26 15:39:44
OI00001134,ORD0000506,PROD000018,1,6.39,0.0,6.39,2026-04-29 01:58:11
OI00001135,ORD0000507,PROD000117,1,96.57,4.83,91.74,2026-08-01 18:50:55
OI00001136,ORD0000507,PROD000045,1,70.0,0.0,70.0,2026-08-01 18:50:55
OI00001137,ORD0000508,PROD000156,1,208.16,31.22,176.94,2026-03-14 08:52:50
OI00001138,ORD0000508,PROD000103,1,30.32,0.0,30.32,2026-03-14 08:52:50
OI00001139,ORD0000508,PROD000048,3,312.1,46.81,889.49,2026-03-14 08:52:50
OI00001140,ORD0000509,PROD000041,2,287.98,0.0,575.96,2026-06-23 09:57:03
OI00001141,ORD0000510,PROD000069,2,332.4,0.0,664.8,2026-07-13 06:17:29
OI00001142,ORD0000510,PROD000044,4,137.29,0.0,549.16,2026-07-13 06:17:29
OI00001143,ORD0000510,PROD000182,1,116.92,0.0,116.92,2026-07-13 06:17:29
OI00001144,ORD0000511,PROD000148,2,111.17,0.0,222.34,2026-05-29 11:34:46
OI00001145,ORD0000511,PROD000099,1,244.63,0.0,244.63,2026-05-29 11:34:46
OI00001146,ORD0000511,PROD000173,1,269.92,13.5,256.42,2026-05-29 11:34:46
OI00001147,ORD0000511,PROD000162,1,85.74,0.0,85.74,2026-05-29 11:34:46
OI00001148,ORD0000511,PROD000112,1,76.78,0.0,76.78,2026-05-29 11:34:46
OI00001149,ORD0000512,PROD000005,1,219.89,10.99,208.9,2026-05-24 06:19:23
OI00001150,ORD0000513,PROD000038,3,84.38,25.31,227.83,2026-06-10 14:37:50
OI00001151,ORD0000513,PROD000005,1,219.89,0.0,219.89,2026-06-10 14:37:50
OI00001152,ORD0000514,PROD000182,1,116.92,0.0,116.92,2026-05-20 17:29:08
OI00001153,ORD0000514,PROD000027,1,174.59,0.0,174.59,2026-05-20 17:29:08
OI00001154,ORD0000514,PROD000083,1,119.55,0.0,119.55,2026-05-20 17:29:08
OI00001155,ORD0000514,PROD000104,1,219.63,0.0,219.63,2026-05-20 17:29:08
OI00001156,ORD0000515,PROD000027,1,174.59,0.0,174.59,2026-06-18 00:22:21
OI00001157,ORD0000516,PROD000094,1,170.67,0.0,170.67,2026-02-22 15:13:40
OI00001158,ORD0000516,PROD000174,1,225.67,0.0,225.67,2026-02-22 15:13:40
OI00001159,ORD0000517,PROD000155,1,67.32,10.1,57.22,2026-03-20 08:48:31
OI00001160,ORD0000517,PROD000159,3,90.28,0.0,270.84,2026-03-20 08:48:31
OI00001161,ORD0000517,PROD000143,2,293.11,0.0,586.22,2026-03-20 08:48:31
OI00001162,ORD0000518,PROD000109,1,87.72,0.0,87.72,2026-04-23 21:09:48
OI00001163,ORD0000518,PROD000061,4,85.11,0.0,340.44,2026-04-23 21:09:48
OI00001164,ORD0000519,PROD000057,4,282.26,0.0,1129.04,2026-06-03 02:52:56
OI00001165,ORD0000519,PROD000001,1,240.76,0.0,240.76,2026-06-03 02:52:56
OI00001166,ORD0000520,PROD000129,2,280.22,0.0,560.44,2026-04-14 06:58:10
OI00001167,ORD0000521,PROD000189,2,184.49,0.0,368.98,2026-06-16 06:36:35
OI00001168,ORD0000521,PROD000194,2,99.76,9.98,189.54,2026-06-16 06:36:35
OI00001169,ORD0000522,PROD000084,4,172.79,0.0,691.16,2026-04-14 07:01:27
OI00001170,ORD0000522,PROD000141,3,54.3,0.0,162.9,2026-04-14 07:01:27
OI00001171,ORD0000522,PROD000112,1,76.78,0.0,76.78,2026-04-14 07:01:27
OI00001172,ORD0000522,PROD000014,2,171.48,34.3,308.66,2026-04-14 07:01:27
OI00001173,ORD0000523,PROD000116,1,33.83,0.0,33.83,2026-03-27 07:44:34
OI00001174,ORD0000523,PROD000160,2,181.18,54.35,308.01,2026-03-27 07:44:34
OI00001175,ORD0000523,PROD000093,2,51.13,5.11,97.15,2026-03-27 07:44:34
OI00001176,ORD0000524,PROD000094,1,170.67,34.13,136.54,2026-06-07 19:52:27
OI00001177,ORD0000524,PROD000103,3,30.32,0.0,90.96,2026-06-07 19:52:27
OI00001178,ORD0000524,PROD000032,1,305.5,0.0,305.5,2026-06-07 19:52:27
OI00001179,ORD0000524,PROD000086,1,216.37,0.0,216.37,2026-06-07 19:52:27
OI00001180,ORD0000524,PROD000066,2,424.54,0.0,849.08,2026-06-07 19:52:27
OI00001181,ORD0000525,PROD000003,1,265.29,26.53,238.76,2026-07-16 00:54:05
OI00001182,ORD0000525,PROD000040,3,202.37,30.36,576.75,2026-07-16 00:54:05
OI00001183,ORD0000525,PROD000153,2,46.39,0.0,92.78,2026-07-16 00:54:05
OI00001184,ORD0000526,PROD000023,3,69.84,0.0,209.52,2026-06-16 08:02:08
OI00001185,ORD0000526,PROD000011,1,74.18,0.0,74.18,2026-06-16 08:02:08
OI00001186,ORD0000526,PROD000045,4,70.0,0.0,280.0,2026-06-16 08:02:08
OI00001187,ORD0000527,PROD000149,1,259.04,0.0,259.04,2026-03-31 00:52:31
OI00001188,ORD0000528,PROD000062,1,129.94,0.0,129.94,2026-06-15 10:54:16
OI00001189,ORD0000528,PROD000196,1,135.89,0.0,135.89,2026-06-15 10:54:16
OI00001190,ORD0000529,PROD000066,1,424.54,0.0,424.54,2026-06-11 16:32:19
OI00001191,ORD0000529,PROD000088,1,381.45,0.0,381.45,2026-06-11 16:32:19
OI00001192,ORD0000529,PROD000189,1,184.49,0.0,184.49,2026-06-11 16:32:19
OI00001193,ORD0000530,PROD000196,1,135.89,0.0,135.89,2026-03-14 00:08:09
OI00001194,ORD0000530,PROD000090,1,82.64,8.26,74.38,2026-03-14 00:08:09
OI00001195,ORD0000530,PROD000163,2,379.9,0.0,759.8,2026-03-14 00:08:09
OI00001196,ORD0000531,PROD000052,1,289.95,0.0,289.95,2026-05-02 23:13:57
OI00001197,ORD0000532,PROD000091,2,244.05,0.0,488.1,2026-04-22 01:11:52
OI00001198,ORD0000532,PROD000126,2,5.66,0.0,11.32,2026-04-22 01:11:52
OI00001199,ORD0000532,PROD000036,4,22.66,4.53,86.11,2026-04-22 01:11:52
OI00001200,ORD0000533,PROD000094,1,170.67,17.07,153.6,2026-04-03 16:55:50
OI00001201,ORD0000534,PROD000003,2,265.29,0.0,530.58,2026-07-19 14:17:58
OI00001202,ORD0000535,PROD000094,2,170.67,34.13,307.21,2026-05-23 05:00:06
OI00001203,ORD0000536,PROD000011,1,74.18,0.0,74.18,2026-04-26 17:25:56
OI00001204,ORD0000536,PROD000127,2,216.42,0.0,432.84,2026-04-26 17:25:56
OI00001205,ORD0000536,PROD000168,1,433.94,0.0,433.94,2026-04-26 17:25:56
OI00001206,ORD0000537,PROD000089,1,270.52,0.0,270.52,2026-03-05 02:53:56
OI00001207,ORD0000537,PROD000168,3,433.94,130.18,1171.64,2026-03-05 02:53:56
OI00001208,ORD0000538,PROD000061,4,85.11,0.0,340.44,2026-08-04 17:16:25
OI00001209,ORD0000539,PROD000154,1,57.2,8.58,48.62,2026-06-05 19:04:51
OI00001210,ORD0000539,PROD000115,2,66.23,0.0,132.46,2026-06-05 19:04:51
OI00001211,ORD0000539,PROD000005,1,219.89,0.0,219.89,2026-06-05 19:04:51
OI00001212,ORD0000540,PROD000108,1,87.18,0.0,87.18,2026-07-13 23:34:42
OI00001213,ORD0000540,PROD000158,2,391.88,0.0,783.76,2026-07-13 23:34:42
OI00001214,ORD0000540,PROD000093,2,51.13,15.34,86.92,2026-07-13 23:34:42
OI00001215,ORD0000540,PROD000048,1,312.1,0.0,312.1,2026-07-13 23:34:42
OI00001216,ORD0000541,PROD000119,1,93.67,0.0,93.67,2026-04-22 18:42:18
OI00001217,ORD0000542,PROD000033,4,240.82,0.0,963.28,2026-04-28 20:34:44
OI00001218,ORD0000542,PROD000001,1,240.76,0.0,240.76,2026-04-28 20:34:44
OI00001219,ORD0000542,PROD000067,2,181.48,18.15,344.81,2026-04-28 20:34:44
OI00001220,ORD0000542,PROD000017,1,177.67,0.0,177.67,2026-04-28 20:34:44
OI00001221,ORD0000542,PROD000077,2,172.06,0.0,344.12,2026-04-28 20:34:44
OI00001222,ORD0000543,PROD000005,1,219.89,0.0,219.89,2026-03-10 13:11:24
OI00001223,ORD0000543,PROD000176,1,395.87,0.0,395.87,2026-03-10 13:11:24
OI00001224,ORD0000543,PROD000023,1,69.84,13.97,55.87,2026-03-10 13:11:24
OI00001225,ORD0000543,PROD000017,2,177.67,0.0,355.34,2026-03-10 13:11:24
OI00001226,ORD0000544,PROD000176,2,395.87,39.59,752.15,2026-06-06 12:51:32
OI00001227,ORD0000545,PROD000108,1,87.18,8.72,78.46,2026-03-06 10:14:53
OI00001228,ORD0000545,PROD000091,1,244.05,0.0,244.05,2026-03-06 10:14:53
OI00001229,ORD0000545,PROD000183,1,239.94,0.0,239.94,2026-03-06 10:14:53
OI00001230,ORD0000546,PROD000022,1,302.51,15.13,287.38,2026-07-30 13:26:47
OI00001231,ORD0000546,PROD000036,1,22.66,0.0,22.66,2026-07-30 13:26:47
OI00001232,ORD0000546,PROD000026,1,165.8,0.0,165.8,2026-07-30 13:26:47
OI00001233,ORD0000546,PROD000169,2,53.52,0.0,107.04,2026-07-30 13:26:47
OI00001234,ORD0000547,PROD000029,1,12.47,0.0,12.47,2026-07-29 19:15:19
OI00001235,ORD0000548,PROD000020,1,59.38,0.0,59.38,2026-08-12 23:52:24
OI00001236,ORD0000548,PROD000150,1,121.83,0.0,121.83,2026-08-12 23:52:24
OI00001237,ORD0000548,PROD000102,4,157.31,0.0,629.24,2026-08-12 23:52:24
OI00001238,ORD0000549,PROD000074,2,260.67,0.0,521.34,2026-03-22 04:38:38
OI00001239,ORD0000550,PROD000155,2,67.32,13.46,121.18,2026-07-12 16:37:51
OI00001240,ORD0000551,PROD000027,1,174.59,17.46,157.13,2026-07-06 07:55:44
OI00001241,ORD0000551,PROD000112,1,76.78,0.0,76.78,2026-07-06 07:55:44
OI00001242,ORD0000551,PROD000011,2,74.18,0.0,148.36,2026-07-06 07:55:44
OI00001243,ORD0000552,PROD000029,1,12.47,1.87,10.6,2026-02-17 21:57:30
OI00001244,ORD0000552,PROD000074,3,260.67,0.0,782.01,2026-02-17 21:57:30
OI00001245,ORD0000553,PROD000034,2,376.06,37.61,714.51,2026-04-03 07:58:36
OI00001246,ORD0000553,PROD000046,2,353.88,0.0,707.76,2026-04-03 07:58:36
OI00001247,ORD0000554,PROD000016,1,373.26,0.0,373.26,2026-08-08 16:56:17
OI00001248,ORD0000554,PROD000120,1,200.42,0.0,200.42,2026-08-08 16:56:17
OI00001249,ORD0000555,PROD000033,2,240.82,0.0,481.64,2026-05-30 05:26:58
OI00001250,ORD0000556,PROD000183,1,239.94,0.0,239.94,2026-02-15 17:25:37
OI00001251,ORD0000556,PROD000163,1,379.9,0.0,379.9,2026-02-15 17:25:37
OI00001252,ORD0000557,PROD000030,1,113.9,0.0,113.9,2026-02-26 12:04:43
OI00001253,ORD0000558,PROD000184,2,192.54,38.51,346.57,2026-08-12 10:26:06
OI00001254,ORD0000559,PROD000039,1,318.97,0.0,318.97,2026-05-24 02:33:43
OI00001255,ORD0000559,PROD000056,3,23.5,0.0,70.5,2026-05-24 02:33:43
OI00001256,ORD0000559,PROD000108,1,87.18,0.0,87.18,2026-05-24 02:33:43
OI00001257,ORD0000559,PROD000099,1,244.63,0.0,244.63,2026-05-24 02:33:43
OI00001258,ORD0000560,PROD000114,1,36.68,0.0,36.68,2026-03-04 06:56:53
OI00001259,ORD0000561,PROD000098,2,188.42,0.0,376.84,2026-04-03 09:49:00
OI00001260,ORD0000561,PROD000085,2,36.94,0.0,73.88,2026-04-03 09:49:00
OI00001261,ORD0000562,PROD000184,1,192.54,28.88,163.66,2026-04-25 03:30:14
OI00001262,ORD0000562,PROD000138,1,154.12,23.12,131.0,2026-04-25 03:30:14
OI00001263,ORD0000562,PROD000107,1,128.32,0.0,128.32,2026-04-25 03:30:14
OI00001264,ORD0000563,PROD000006,4,276.33,0.0,1105.32,2026-08-12 03:17:55
OI00001265,ORD0000563,PROD000017,3,177.67,0.0,533.01,2026-08-12 03:17:55
OI00001266,ORD0000563,PROD000160,1,181.18,27.18,154.0,2026-08-12 03:17:55
OI00001267,ORD0000564,PROD000001,2,240.76,0.0,481.52,2026-07-22 16:51:59
OI00001268,ORD0000564,PROD000040,1,202.37,0.0,202.37,2026-07-22 16:51:59
OI00001269,ORD0000564,PROD000006,1,276.33,0.0,276.33,2026-07-22 16:51:59
OI00001270,ORD0000564,PROD000092,2,90.01,0.0,180.02,2026-07-22 16:51:59
OI00001271,ORD0000564,PROD000196,2,135.89,0.0,271.78,2026-07-22 16:51:59
OI00001272,ORD0000565,PROD000133,2,7.24,1.45,13.03,2026-05-30 18:53:38
OI00001273,ORD0000566,PROD000120,1,200.42,0.0,200.42,2026-05-14 09:30:48
OI00001274,ORD0000566,PROD000158,1,391.88,0.0,391.88,2026-05-14 09:30:48
OI00001275,ORD0000567,PROD000155,1,67.32,0.0,67.32,2026-04-08 00:26:34
OI00001276,ORD0000567,PROD000123,1,410.86,0.0,410.86,2026-04-08 00:26:34
OI00001277,ORD0000567,PROD000036,1,22.66,0.0,22.66,2026-04-08 00:26:34
OI00001278,ORD0000568,PROD000174,2,225.67,0.0,451.34,2026-07-29 04:56:28
OI00001279,ORD0000568,PROD000032,2,305.5,30.55,580.45,2026-07-29 04:56:28
OI00001280,ORD0000568,PROD000025,1,337.19,0.0,337.19,2026-07-29 04:56:28
OI00001281,ORD0000568,PROD000070,1,251.87,0.0,251.87,2026-07-29 04:56:28
OI00001282,ORD0000569,PROD000142,1,276.94,27.69,249.25,2026-02-18 01:31:52
OI00001283,ORD0000570,PROD000007,1,255.16,0.0,255.16,2026-06-06 04:22:59
OI00001284,ORD0000570,PROD000026,1,165.8,8.29,157.51,2026-06-06 04:22:59
OI00001285,ORD0000570,PROD000179,1,100.96,0.0,100.96,2026-06-06 04:22:59
OI00001286,ORD0000571,PROD000036,1,22.66,0.0,22.66,2026-04-08 18:08:18
OI00001287,ORD0000572,PROD000017,2,177.67,0.0,355.34,2026-05-20 08:48:56
OI00001288,ORD0000573,PROD000042,1,358.03,0.0,358.03,2026-03-31 18:02:34
OI00001289,ORD0000574,PROD000150,3,121.83,0.0,365.49,2026-04-16 13:52:10
OI00001290,ORD0000574,PROD000168,4,433.94,0.0,1735.76,2026-04-16 13:52:10
OI00001291,ORD0000574,PROD000164,1,179.02,26.85,152.17,2026-04-16 13:52:10
OI00001292,ORD0000574,PROD000093,1,51.13,0.0,51.13,2026-04-16 13:52:10
OI00001293,ORD0000575,PROD000105,1,230.76,0.0,230.76,2026-04-26 15:16:38
OI00001294,ORD0000575,PROD000152,1,68.44,3.42,65.02,2026-04-26 15:16:38
OI00001295,ORD0000576,PROD000185,2,186.5,18.65,354.35,2026-04-14 09:44:34
OI00001296,ORD0000576,PROD000163,1,379.9,0.0,379.9,2026-04-14 09:44:34
OI00001297,ORD0000577,PROD000156,1,208.16,0.0,208.16,2026-03-21 08:58:03
OI00001298,ORD0000578,PROD000056,2,23.5,0.0,47.0,2026-04-22 11:35:08
OI00001299,ORD0000578,PROD000037,2,48.34,0.0,96.68,2026-04-22 11:35:08
OI00001300,ORD0000579,PROD000194,4,99.76,0.0,399.04,2026-03-05 00:46:40
OI00001301,ORD0000579,PROD000078,1,44.16,0.0,44.16,2026-03-05 00:46:40
OI00001302,ORD0000580,PROD000182,1,116.92,0.0,116.92,2026-08-03 22:01:55
OI00001303,ORD0000581,PROD000171,4,118.83,0.0,475.32,2026-03-13 14:50:57
OI00001304,ORD0000581,PROD000007,2,255.16,25.52,484.8,2026-03-13 14:50:57
OI00001305,ORD0000581,PROD000040,1,202.37,0.0,202.37,2026-03-13 14:50:57
OI00001306,ORD0000582,PROD000148,3,111.17,0.0,333.51,2026-03-29 06:34:52
OI00001307,ORD0000583,PROD000143,1,293.11,0.0,293.11,2026-04-30 08:39:50
OI00001308,ORD0000583,PROD000121,1,311.61,0.0,311.61,2026-04-30 08:39:50
OI00001309,ORD0000584,PROD000040,1,202.37,0.0,202.37,2026-05-23 11:40:21
OI00001310,ORD0000585,PROD000102,2,157.31,0.0,314.62,2026-03-26 13:17:32
OI00001311,ORD0000585,PROD000088,1,381.45,0.0,381.45,2026-03-26 13:17:32
OI00001312,ORD0000585,PROD000046,2,353.88,0.0,707.76,2026-03-26 13:17:32
OI00001313,ORD0000586,PROD000005,2,219.89,65.97,373.81,2026-06-02 03:54:39
OI00001314,ORD0000586,PROD000177,3,200.82,0.0,602.46,2026-06-02 03:54:39
OI00001315,ORD0000587,PROD000033,2,240.82,0.0,481.64,2026-03-03 14:51:03
OI00001316,ORD0000587,PROD000157,2,230.53,69.16,391.9,2026-03-03 14:51:03
OI00001317,ORD0000587,PROD000150,2,121.83,0.0,243.66,2026-03-03 14:51:03
OI00001318,ORD0000588,PROD000111,1,209.32,0.0,209.32,2026-04-19 16:12:24
OI00001319,ORD0000588,PROD000075,1,10.1,0.0,10.1,2026-04-19 16:12:24
OI00001320,ORD0000589,PROD000006,1,276.33,0.0,276.33,2026-03-31 07:36:41
OI00001321,ORD0000590,PROD000070,1,251.87,25.19,226.68,2026-05-22 02:46:54
OI00001322,ORD0000591,PROD000011,2,74.18,0.0,148.36,2026-05-01 17:24:10
OI00001323,ORD0000591,PROD000050,1,110.2,0.0,110.2,2026-05-01 17:24:10
OI00001324,ORD0000591,PROD000112,1,76.78,7.68,69.1,2026-05-01 17:24:10
OI00001325,ORD0000591,PROD000063,2,61.43,0.0,122.86,2026-05-01 17:24:10
OI00001326,ORD0000592,PROD000150,3,121.83,0.0,365.49,2026-05-05 03:50:17
OI00001327,ORD0000592,PROD000143,1,293.11,0.0,293.11,2026-05-05 03:50:17
OI00001328,ORD0000593,PROD000036,2,22.66,0.0,45.32,2026-08-13 03:33:11
OI00001329,ORD0000593,PROD000132,2,86.93,0.0,173.86,2026-08-13 03:33:11
OI00001330,ORD0000593,PROD000174,2,225.67,0.0,451.34,2026-08-13 03:33:11
OI00001331,ORD0000594,PROD000071,3,259.22,0.0,777.66,2026-04-18 08:58:13
OI00001332,ORD0000594,PROD000165,2,95.13,9.51,180.75,2026-04-18 08:58:13
OI00001333,ORD0000594,PROD000089,2,270.52,0.0,541.04,2026-04-18 08:58:13
OI00001334,ORD0000595,PROD000053,1,381.96,0.0,381.96,2026-06-11 07:29:46
OI00001335,ORD0000596,PROD000113,3,295.97,0.0,887.91,2026-06-22 04:08:25
OI00001336,ORD0000597,PROD000142,3,276.94,41.54,789.28,2026-07-22 13:32:31
OI00001337,ORD0000598,PROD000094,1,170.67,0.0,170.67,2026-02-16 11:58:11
OI00001338,ORD0000598,PROD000115,1,66.23,6.62,59.61,2026-02-16 11:58:11
OI00001339,ORD0000599,PROD000169,3,53.52,16.06,144.5,2026-05-24 04:30:40
OI00001340,ORD0000599,PROD000032,2,305.5,0.0,611.0,2026-05-24 04:30:40
OI00001341,ORD0000599,PROD000115,2,66.23,0.0,132.46,2026-05-24 04:30:40
OI00001342,ORD0000600,PROD000162,1,85.74,0.0,85.74,2026-03-06 03:38:04
OI00001343,ORD0000600,PROD000081,1,267.87,0.0,267.87,2026-03-06 03:38:04
OI00001344,ORD0000601,PROD000173,1,269.92,0.0,269.92,2026-07-15 07:48:26
OI00001345,ORD0000601,PROD000171,1,118.83,0.0,118.83,2026-07-15 07:48:26
OI00001346,ORD0000601,PROD000143,1,293.11,43.97,249.14,2026-07-15 07:48:26
OI00001347,ORD0000601,PROD000039,2,318.97,63.79,574.15,2026-07-15 07:48:26
OI00001348,ORD0000602,PROD000095,3,317.49,0.0,952.47,2026-06-29 14:26:47
OI00001349,ORD0000602,PROD000066,4,424.54,0.0,1698.16,2026-06-29 14:26:47
OI00001350,ORD0000602,PROD000140,1,156.23,0.0,156.23,2026-06-29 14:26:47
OI00001351,ORD0000603,PROD000056,1,23.5,2.35,21.15,2026-06-04 20:54:01
OI00001352,ORD0000603,PROD000101,1,140.13,14.01,126.12,2026-06-04 20:54:01
OI00001353,ORD0000604,PROD000060,2,313.56,0.0,627.12,2026-03-26 21:29:04
OI00001354,ORD0000604,PROD000071,1,259.22,0.0,259.22,2026-03-26 21:29:04
OI00001355,ORD0000604,PROD000096,1,151.87,7.59,144.28,2026-03-26 21:29:04
OI00001356,ORD0000604,PROD000100,1,125.62,0.0,125.62,2026-03-26 21:29:04
OI00001357,ORD0000604,PROD000014,3,171.48,0.0,514.44,2026-03-26 21:29:04
OI00001358,ORD0000605,PROD000150,4,121.83,24.37,462.95,2026-05-01 09:02:07
OI00001359,ORD0000606,PROD000059,2,368.8,0.0,737.6,2026-04-18 10:55:42
OI00001360,ORD0000606,PROD000065,1,459.64,0.0,459.64,2026-04-18 10:55:42
OI00001361,ORD0000607,PROD000159,2,90.28,9.03,171.53,2026-08-10 01:01:38
OI00001362,ORD0000607,PROD000163,1,379.9,0.0,379.9,2026-08-10 01:01:38
OI00001363,ORD0000608,PROD000177,2,200.82,0.0,401.64,2026-06-11 15:37:51
OI00001364,ORD0000608,PROD000179,1,100.96,5.05,95.91,2026-06-11 15:37:51
OI00001365,ORD0000608,PROD000116,1,33.83,0.0,33.83,2026-06-11 15:37:51
OI00001366,ORD0000609,PROD000083,1,119.55,0.0,119.55,2026-07-20 05:46:43
OI00001367,ORD0000609,PROD000039,1,318.97,0.0,318.97,2026-07-20 05:46:43
OI00001368,ORD0000609,PROD000152,1,68.44,0.0,68.44,2026-07-20 05:46:43
OI00001369,ORD0000609,PROD000102,2,157.31,31.46,283.16,2026-07-20 05:46:43
OI00001370,ORD0000610,PROD000038,2,84.38,0.0,168.76,2026-04-05 09:56:12
OI00001371,ORD0000611,PROD000182,1,116.92,5.85,111.07,2026-03-03 13:39:44
OI00001372,ORD0000612,PROD000063,1,61.43,0.0,61.43,2026-07-30 06:11:47
OI00001373,ORD0000612,PROD000148,3,111.17,0.0,333.51,2026-07-30 06:11:47
OI00001374,ORD0000612,PROD000173,3,269.92,0.0,809.76,2026-07-30 06:11:47
OI00001375,ORD0000612,PROD000061,2,85.11,0.0,170.22,2026-07-30 06:11:47
OI00001376,ORD0000613,PROD000159,1,90.28,4.51,85.77,2026-02-15 04:26:56
OI00001377,ORD0000613,PROD000174,2,225.67,0.0,451.34,2026-02-15 04:26:56
OI00001378,ORD0000613,PROD000121,2,311.61,0.0,623.22,2026-02-15 04:26:56
OI00001379,ORD0000613,PROD000096,1,151.87,0.0,151.87,2026-02-15 04:26:56
OI00001380,ORD0000614,PROD000060,2,313.56,0.0,627.12,2026-07-06 18:36:24
OI00001381,ORD0000614,PROD000004,2,71.87,14.37,129.37,2026-07-06 18:36:24
OI00001382,ORD0000614,PROD000158,2,391.88,39.19,744.57,2026-07-06 18:36:24
OI00001383,ORD0000614,PROD000137,1,16.14,0.0,16.14,2026-07-06 18:36:24
OI00001384,ORD0000615,PROD000067,2,181.48,0.0,362.96,2026-03-17 22:53:12
OI00001385,ORD0000615,PROD000165,1,95.13,0.0,95.13,2026-03-17 22:53:12
OI00001386,ORD0000616,PROD000109,1,87.72,0.0,87.72,2026-03-28 15:48:14
OI00001387,ORD0000616,PROD000108,2,87.18,8.72,165.64,2026-03-28 15:48:14
OI00001388,ORD0000617,PROD000017,1,177.67,0.0,177.67,2026-03-07 03:42:12
OI00001389,ORD0000618,PROD000048,1,312.1,31.21,280.89,2026-03-08 05:40:38
OI00001390,ORD0000618,PROD000180,3,443.88,0.0,1331.64,2026-03-08 05:40:38
OI00001391,ORD0000619,PROD000140,1,156.23,0.0,156.23,2026-02-28 06:23:14
OI00001392,ORD0000620,PROD000169,1,53.52,2.68,50.84,2026-03-02 22:28:56
OI00001393,ORD0000620,PROD000037,2,48.34,0.0,96.68,2026-03-02 22:28:56
OI00001394,ORD0000620,PROD000097,2,119.02,0.0,238.04,2026-03-02 22:28:56
OI00001395,ORD0000621,PROD000149,2,259.04,0.0,518.08,2026-03-28 01:44:59
OI00001396,ORD0000622,PROD000046,1,353.88,53.08,300.8,2026-04-06 03:29:14
OI00001397,ORD0000622,PROD000055,1,324.24,0.0,324.24,2026-04-06 03:29:14
OI00001398,ORD0000623,PROD000001,1,240.76,12.04,228.72,2026-02-17 00:54:57
OI00001399,ORD0000623,PROD000106,1,13.25,0.0,13.25,2026-02-17 00:54:57
OI00001400,ORD0000624,PROD000060,1,313.56,31.36,282.2,2026-03-21 11:31:34
OI00001401,ORD0000625,PROD000038,3,84.38,0.0,253.14,2026-05-04 09:37:03
OI00001402,ORD0000626,PROD000028,1,209.71,20.97,188.74,2026-06-06 21:18:03
OI00001403,ORD0000626,PROD000110,3,112.33,0.0,336.99,2026-06-06 21:18:03
OI00001404,ORD0000626,PROD000133,1,7.24,0.0,7.24,2026-06-06 21:18:03
OI00001405,ORD0000627,PROD000165,2,95.13,0.0,190.26,2026-03-05 19:53:10
OI00001406,ORD0000627,PROD000152,3,68.44,0.0,205.32,2026-03-05 19:53:10
OI00001407,ORD0000627,PROD000049,1,343.12,0.0,343.12,2026-03-05 19:53:10
OI00001408,ORD0000627,PROD000028,2,209.71,20.97,398.45,2026-03-05 19:53:10
OI00001409,ORD0000628,PROD000031,2,62.29,0.0,124.58,2026-06-07 16:48:27
OI00001410,ORD0000629,PROD000200,1,107.97,0.0,107.97,2026-05-31 17:21:14
OI00001411,ORD0000629,PROD000165,1,95.13,9.51,85.62,2026-05-31 17:21:14
OI00001412,ORD0000630,PROD000147,2,359.37,0.0,718.74,2026-06-19 10:03:25
OI00001413,ORD0000630,PROD000039,1,318.97,0.0,318.97,2026-06-19 10:03:25
OI00001414,ORD0000630,PROD000004,1,71.87,0.0,71.87,2026-06-19 10:03:25
OI00001415,ORD0000630,PROD000102,1,157.31,0.0,157.31,2026-06-19 10:03:25
OI00001416,ORD0000631,PROD000028,1,209.71,0.0,209.71,2026-08-08 15:42:23
OI00001417,ORD0000631,PROD000195,2,397.59,119.28,675.9,2026-08-08 15:42:23
OI00001418,ORD0000631,PROD000074,1,260.67,0.0,260.67,2026-08-08 15:42:23
OI00001419,ORD0000631,PROD000112,1,76.78,0.0,76.78,2026-08-08 15:42:23
OI00001420,ORD0000631,PROD000160,1,181.18,0.0,181.18,2026-08-08 15:42:23
OI00001421,ORD0000632,PROD000153,2,46.39,9.28,83.5,2026-07-16 22:49:43
OI00001422,ORD0000632,PROD000081,4,267.87,0.0,1071.48,2026-07-16 22:49:43
OI00001423,ORD0000633,PROD000170,1,39.7,5.96,33.74,2026-05-11 01:02:38
OI00001424,ORD0000633,PROD000197,2,191.33,0.0,382.66,2026-05-11 01:02:38
OI00001425,ORD0000634,PROD000179,1,100.96,0.0,100.96,2026-07-21 02:35:40
OI00001426,ORD0000635,PROD000154,1,57.2,0.0,57.2,2026-02-25 16:41:28
OI00001427,ORD0000636,PROD000020,1,59.38,0.0,59.38,2026-08-03 19:01:59
OI00001428,ORD0000636,PROD000175,4,395.9,0.0,1583.6,2026-08-03 19:01:59
OI00001429,ORD0000637,PROD000041,1,287.98,0.0,287.98,2026-05-25 23:09:54
OI00001430,ORD0000637,PROD000035,1,197.66,0.0,197.66,2026-05-25 23:09:54
OI00001431,ORD0000638,PROD000066,2,424.54,84.91,764.17,2026-07-02 16:43:33
OI00001432,ORD0000638,PROD000103,2,30.32,6.06,54.58,2026-07-02 16:43:33
OI00001433,ORD0000638,PROD000014,2,171.48,0.0,342.96,2026-07-02 16:43:33
OI00001434,ORD0000639,PROD000153,1,46.39,0.0,46.39,2026-05-09 21:29:36
OI00001435,ORD0000640,PROD000053,1,381.96,19.1,362.86,2026-04-25 14:11:59
OI00001436,ORD0000640,PROD000037,1,48.34,0.0,48.34,2026-04-25 14:11:59
OI00001437,ORD0000641,PROD000061,4,85.11,34.04,306.4,2026-08-09 02:47:36
OI00001438,ORD0000641,PROD000052,3,289.95,0.0,869.85,2026-08-09 02:47:36
OI00001439,ORD0000641,PROD000154,1,57.2,0.0,57.2,2026-08-09 02:47:36
OI00001440,ORD0000642,PROD000096,1,151.87,22.78,129.09,2026-04-05 05:48:21
OI00001441,ORD0000642,PROD000108,1,87.18,0.0,87.18,2026-04-05 05:48:21
OI00001442,ORD0000642,PROD000045,1,70.0,0.0,70.0,2026-04-05 05:48:21
OI00001443,ORD0000642,PROD000162,2,85.74,0.0,171.48,2026-04-05 05:48:21
OI00001444,ORD0000643,PROD000139,1,48.21,0.0,48.21,2026-03-15 14:45:25
OI00001445,ORD0000643,PROD000147,2,359.37,35.94,682.8,2026-03-15 14:45:25
OI00001446,ORD0000643,PROD000074,1,260.67,0.0,260.67,2026-03-15 14:45:25
OI00001447,ORD0000643,PROD000107,1,128.32,0.0,128.32,2026-03-15 14:45:25
OI00001448,ORD0000643,PROD000158,2,391.88,78.38,705.38,2026-03-15 14:45:25
OI00001449,ORD0000644,PROD000013,1,286.54,0.0,286.54,2026-07-13 22:59:53
OI00001450,ORD0000644,PROD000053,1,381.96,0.0,381.96,2026-07-13 22:59:53
OI00001451,ORD0000645,PROD000092,1,90.01,0.0,90.01,2026-05-20 04:25:19
OI00001452,ORD0000645,PROD000055,1,324.24,32.42,291.82,2026-05-20 04:25:19
OI00001453,ORD0000646,PROD000090,1,82.64,0.0,82.64,2026-06-17 01:54:33
OI00001454,ORD0000646,PROD000012,4,374.67,0.0,1498.68,2026-06-17 01:54:33
OI00001455,ORD0000647,PROD000107,2,128.32,38.5,218.14,2026-03-13 16:49:50
OI00001456,ORD0000648,PROD000101,1,140.13,7.01,133.12,2026-07-16 08:30:35
OI00001457,ORD0000649,PROD000119,4,93.67,37.47,337.21,2026-05-16 08:10:56
OI00001458,ORD0000649,PROD000115,1,66.23,0.0,66.23,2026-05-16 08:10:56
OI00001459,ORD0000649,PROD000015,2,74.75,0.0,149.5,2026-05-16 08:10:56
OI00001460,ORD0000650,PROD000190,2,270.32,0.0,540.64,2026-03-31 03:31:45
OI00001461,ORD0000650,PROD000079,1,315.96,31.6,284.36,2026-03-31 03:31:45
OI00001462,ORD0000650,PROD000153,2,46.39,4.64,88.14,2026-03-31 03:31:45
OI00001463,ORD0000650,PROD000180,1,443.88,0.0,443.88,2026-03-31 03:31:45
OI00001464,ORD0000650,PROD000095,1,317.49,0.0,317.49,2026-03-31 03:31:45
OI00001465,ORD0000651,PROD000086,1,216.37,0.0,216.37,2026-08-10 14:21:01
OI00001466,ORD0000652,PROD000018,1,6.39,0.0,6.39,2026-03-05 01:08:41
OI00001467,ORD0000652,PROD000057,1,282.26,0.0,282.26,2026-03-05 01:08:41
OI00001468,ORD0000652,PROD000002,1,68.17,0.0,68.17,2026-03-05 01:08:41
OI00001469,ORD0000652,PROD000091,1,244.05,0.0,244.05,2026-03-05 01:08:41
OI00001470,ORD0000653,PROD000196,1,135.89,13.59,122.3,2026-07-01 07:24:24
OI00001471,ORD0000653,PROD000061,2,85.11,0.0,170.22,2026-07-01 07:24:24
OI00001472,ORD0000654,PROD000045,1,70.0,3.5,66.5,2026-06-01 08:47:00
OI00001473,ORD0000654,PROD000103,1,30.32,0.0,30.32,2026-06-01 08:47:00
OI00001474,ORD0000654,PROD000081,2,267.87,0.0,535.74,2026-06-01 08:47:00
OI00001475,ORD0000654,PROD000057,1,282.26,0.0,282.26,2026-06-01 08:47:00
OI00001476,ORD0000654,PROD000018,1,6.39,0.0,6.39,2026-06-01 08:47:00
OI00001477,ORD0000655,PROD000025,1,337.19,0.0,337.19,2026-02-16 01:19:39
OI00001478,ORD0000655,PROD000148,1,111.17,0.0,111.17,2026-02-16 01:19:39
OI00001479,ORD0000655,PROD000068,1,253.43,0.0,253.43,2026-02-16 01:19:39
OI00001480,ORD0000656,PROD000098,1,188.42,0.0,188.42,2026-05-31 02:45:05
OI00001481,ORD0000656,PROD000136,1,248.42,0.0,248.42,2026-05-31 02:45:05
OI00001482,ORD0000656,PROD000130,1,251.9,0.0,251.9,2026-05-31 02:45:05
OI00001483,ORD0000657,PROD000187,1,260.32,0.0,260.32,2026-02-25 06:09:39
OI00001484,ORD0000657,PROD000156,1,208.16,20.82,187.34,2026-02-25 06:09:39
OI00001485,ORD0000658,PROD000060,3,313.56,0.0,940.68,2026-03-19 04:30:11
OI00001486,ORD0000659,PROD000114,3,36.68,16.51,93.53,2026-02-24 13:11:11
OI00001487,ORD0000660,PROD000038,3,84.38,0.0,253.14,2026-05-10 08:54:37
OI00001488,ORD0000660,PROD000066,1,424.54,63.68,360.86,2026-05-10 08:54:37
OI00001489,ORD0000661,PROD000184,1,192.54,0.0,192.54,2026-07-03 21:20:35
OI00001490,ORD0000662,PROD000070,1,251.87,37.78,214.09,2026-03-27 22:25:18
OI00001491,ORD0000663,PROD000047,1,125.52,0.0,125.52,2026-03-17 18:57:28
OI00001492,ORD0000664,PROD000092,1,90.01,13.5,76.51,2026-08-06 08:29:48
OI00001493,ORD0000665,PROD000110,1,112.33,0.0,112.33,2026-04-17 22:09:01
OI00001494,ORD0000665,PROD000014,1,171.48,8.57,162.91,2026-04-17 22:09:01
OI00001495,ORD0000665,PROD000155,1,67.32,3.37,63.95,2026-04-17 22:09:01
OI00001496,ORD0000666,PROD000197,1,191.33,0.0,191.33,2026-06-29 00:32:55
OI00001497,ORD0000666,PROD000104,2,219.63,0.0,439.26,2026-06-29 00:32:55
OI00001498,ORD0000666,PROD000189,1,184.49,9.22,175.27,2026-06-29 00:32:55
OI00001499,ORD0000667,PROD000161,1,310.12,0.0,310.12,2026-02-25 17:01:17
OI00001500,ORD0000667,PROD000091,2,244.05,0.0,488.1,2026-02-25 17:01:17
OI00001501,ORD0000668,PROD000165,2,95.13,0.0,190.26,2026-07-11 16:05:01
OI00001502,ORD0000669,PROD000053,3,381.96,0.0,1145.88,2026-04-08 08:17:41
OI00001503,ORD0000670,PROD000181,2,132.65,0.0,265.3,2026-04-09 08:37:31
OI00001504,ORD0000670,PROD000040,1,202.37,20.24,182.13,2026-04-09 08:37:31
OI00001505,ORD0000671,PROD000192,1,122.14,0.0,122.14,2026-06-12 07:29:48
OI00001506,ORD0000672,PROD000096,2,151.87,30.37,273.37,2026-03-19 14:02:07
OI00001507,ORD0000673,PROD000052,1,289.95,0.0,289.95,2026-04-19 14:59:39
OI00001508,ORD0000674,PROD000080,1,288.18,0.0,288.18,2026-08-04 00:29:41
OI00001509,ORD0000675,PROD000162,1,85.74,0.0,85.74,2026-07-07 11:25:40
OI00001510,ORD0000675,PROD000189,1,184.49,9.22,175.27,2026-07-07 11:25:40
OI00001511,ORD0000675,PROD000092,1,90.01,0.0,90.01,2026-07-07 11:25:40
OI00001512,ORD0000675,PROD000036,1,22.66,3.4,19.26,2026-07-07 11:25:40
OI00001513,ORD0000676,PROD000160,1,181.18,0.0,181.18,2026-03-02 20:47:47
OI00001514,ORD0000676,PROD000169,1,53.52,0.0,53.52,2026-03-02 20:47:47
OI00001515,ORD0000676,PROD000097,1,119.02,17.85,101.17,2026-03-02 20:47:47
OI00001516,ORD0000677,PROD000108,2,87.18,0.0,174.36,2026-04-28 09:27:59
OI00001517,ORD0000677,PROD000086,2,216.37,0.0,432.74,2026-04-28 09:27:59
OI00001518,ORD0000678,PROD000044,1,137.29,0.0,137.29,2026-03-27 14:09:30
OI00001519,ORD0000678,PROD000136,1,248.42,0.0,248.42,2026-03-27 14:09:30
OI00001520,ORD0000679,PROD000034,3,376.06,0.0,1128.18,2026-03-07 16:27:55
OI00001521,ORD0000680,PROD000081,1,267.87,0.0,267.87,2026-05-12 13:16:55
OI00001522,ORD0000680,PROD000009,1,247.91,24.79,223.12,2026-05-12 13:16:55
OI00001523,ORD0000680,PROD000069,4,332.4,0.0,1329.6,2026-05-12 13:16:55
OI00001524,ORD0000681,PROD000124,1,396.34,19.82,376.52,2026-06-11 04:27:57
OI00001525,ORD0000682,PROD000037,1,48.34,0.0,48.34,2026-04-28 22:53:11
OI00001526,ORD0000682,PROD000070,1,251.87,12.59,239.28,2026-04-28 22:53:11
OI00001527,ORD0000682,PROD000130,2,251.9,0.0,503.8,2026-04-28 22:53:11
OI00001528,ORD0000683,PROD000126,1,5.66,0.28,5.38,2026-02-23 00:58:47
OI00001529,ORD0000684,PROD000190,1,270.32,0.0,270.32,2026-03-27 15:33:02
OI00001530,ORD0000685,PROD000113,1,295.97,0.0,295.97,2026-03-13 23:45:03
OI00001531,ORD0000685,PROD000126,2,5.66,0.0,11.32,2026-03-13 23:45:03
OI00001532,ORD0000686,PROD000047,1,125.52,0.0,125.52,2026-04-30 03:33:17
OI00001533,ORD0000686,PROD000031,1,62.29,0.0,62.29,2026-04-30 03:33:17
OI00001534,ORD0000686,PROD000053,1,381.96,0.0,381.96,2026-04-30 03:33:17
OI00001535,ORD0000687,PROD000094,4,170.67,34.13,648.55,2026-06-04 19:16:31
OI00001536,ORD0000687,PROD000053,2,381.96,0.0,763.92,2026-06-04 19:16:31
OI00001537,ORD0000688,PROD000164,1,179.02,0.0,179.02,2026-06-08 19:53:27
OI00001538,ORD0000689,PROD000088,2,381.45,0.0,762.9,2026-06-17 11:02:03
OI00001539,ORD0000689,PROD000093,1,51.13,0.0,51.13,2026-06-17 11:02:03
OI00001540,ORD0000690,PROD000074,1,260.67,39.1,221.57,2026-06-18 22:29:07
OI00001541,ORD0000690,PROD000164,1,179.02,0.0,179.02,2026-06-18 22:29:07
OI00001542,ORD0000690,PROD000066,2,424.54,84.91,764.17,2026-06-18 22:29:07
OI00001543,ORD0000691,PROD000011,2,74.18,0.0,148.36,2026-04-25 01:00:20
OI00001544,ORD0000691,PROD000071,1,259.22,0.0,259.22,2026-04-25 01:00:20
OI00001545,ORD0000691,PROD000174,1,225.67,0.0,225.67,2026-04-25 01:00:20
OI00001546,ORD0000692,PROD000123,1,410.86,0.0,410.86,2026-07-20 00:31:40
OI00001547,ORD0000692,PROD000195,2,397.59,0.0,795.18,2026-07-20 00:31:40
OI00001548,ORD0000693,PROD000161,1,310.12,15.51,294.61,2026-05-23 21:09:13
OI00001549,ORD0000693,PROD000075,2,10.1,0.0,20.2,2026-05-23 21:09:13
OI00001550,ORD0000694,PROD000031,1,62.29,0.0,62.29,2026-08-11 05:42:37
OI00001551,ORD0000694,PROD000174,2,225.67,45.13,406.21,2026-08-11 05:42:37
OI00001552,ORD0000695,PROD000153,1,46.39,0.0,46.39,2026-08-02 16:01:13
OI00001553,ORD0000695,PROD000046,2,353.88,0.0,707.76,2026-08-02 16:01:13
OI00001554,ORD0000696,PROD000022,2,302.51,0.0,605.02,2026-07-26 08:42:40
OI00001555,ORD0000696,PROD000066,1,424.54,0.0,424.54,2026-07-26 08:42:40
OI00001556,ORD0000696,PROD000103,4,30.32,0.0,121.28,2026-07-26 08:42:40
OI00001557,ORD0000696,PROD000195,3,397.59,119.28,1073.49,2026-07-26 08:42:40
OI00001558,ORD0000697,PROD000019,4,64.3,25.72,231.48,2026-02-21 08:53:34
OI00001559,ORD0000698,PROD000100,1,125.62,0.0,125.62,2026-05-03 07:08:10
OI00001560,ORD0000698,PROD000148,1,111.17,0.0,111.17,2026-05-03 07:08:10
OI00001561,ORD0000698,PROD000146,1,237.64,0.0,237.64,2026-05-03 07:08:10
OI00001562,ORD0000698,PROD000065,2,459.64,0.0,919.28,2026-05-03 07:08:10
OI00001563,ORD0000699,PROD000022,1,302.51,0.0,302.51,2026-06-16 12:30:42
OI00001564,ORD0000699,PROD000084,2,172.79,0.0,345.58,2026-06-16 12:30:42
OI00001565,ORD0000700,PROD000158,1,391.88,19.59,372.29,2026-06-22 15:52:37
OI00001566,ORD0000700,PROD000143,1,293.11,58.62,234.49,2026-06-22 15:52:37
OI00001567,ORD0000700,PROD000040,3,202.37,0.0,607.11,2026-06-22 15:52:37
OI00001568,ORD0000701,PROD000023,1,69.84,0.0,69.84,2026-04-23 23:37:22
OI00001569,ORD0000701,PROD000163,3,379.9,0.0,1139.7,2026-04-23 23:37:22
OI00001570,ORD0000701,PROD000117,1,96.57,0.0,96.57,2026-04-23 23:37:22
OI00001571,ORD0000701,PROD000030,3,113.9,0.0,341.7,2026-04-23 23:37:22
OI00001572,ORD0000702,PROD000187,1,260.32,0.0,260.32,2026-05-13 05:24:22
OI00001573,ORD0000702,PROD000190,1,270.32,0.0,270.32,2026-05-13 05:24:22
OI00001574,ORD0000702,PROD000183,1,239.94,0.0,239.94,2026-05-13 05:24:22
OI00001575,ORD0000703,PROD000075,1,10.1,0.0,10.1,2026-05-22 23:34:15
OI00001576,ORD0000703,PROD000126,1,5.66,0.0,5.66,2026-05-22 23:34:15
OI00001577,ORD0000704,PROD000154,1,57.2,0.0,57.2,2026-05-24 17:10:59
OI00001578,ORD0000705,PROD000121,4,311.61,0.0,1246.44,2026-04-14 04:34:25
OI00001579,ORD0000705,PROD000037,1,48.34,9.67,38.67,2026-04-14 04:34:25
OI00001580,ORD0000706,PROD000059,4,368.8,0.0,1475.2,2026-07-19 01:04:27
OI00001581,ORD0000707,PROD000029,1,12.47,0.0,12.47,2026-04-19 09:42:48
OI00001582,ORD0000707,PROD000065,1,459.64,0.0,459.64,2026-04-19 09:42:48
OI00001583,ORD0000707,PROD000059,1,368.8,36.88,331.92,2026-04-19 09:42:48
OI00001584,ORD0000708,PROD000079,1,315.96,0.0,315.96,2026-06-24 11:25:21
OI00001585,ORD0000708,PROD000085,2,36.94,0.0,73.88,2026-06-24 11:25:21
OI00001586,ORD0000709,PROD000017,2,177.67,0.0,355.34,2026-04-07 19:18:17
OI00001587,ORD0000709,PROD000133,3,7.24,0.0,21.72,2026-04-07 19:18:17
OI00001588,ORD0000710,PROD000001,1,240.76,0.0,240.76,2026-03-21 16:16:38
OI00001589,ORD0000710,PROD000111,1,209.32,0.0,209.32,2026-03-21 16:16:38
OI00001590,ORD0000711,PROD000109,2,87.72,26.32,149.12,2026-06-28 14:06:50
OI00001591,ORD0000712,PROD000176,1,395.87,59.38,336.49,2026-07-23 01:34:39
OI00001592,ORD0000712,PROD000155,1,67.32,0.0,67.32,2026-07-23 01:34:39
OI00001593,ORD0000713,PROD000036,2,22.66,0.0,45.32,2026-05-08 19:37:16
OI00001594,ORD0000714,PROD000135,1,106.79,0.0,106.79,2026-06-16 18:15:44
OI00001595,ORD0000715,PROD000069,4,332.4,0.0,1329.6,2026-07-18 18:48:49
OI00001596,ORD0000715,PROD000114,1,36.68,0.0,36.68,2026-07-18 18:48:49
OI00001597,ORD0000716,PROD000185,1,186.5,0.0,186.5,2026-07-17 14:24:31
OI00001598,ORD0000716,PROD000161,1,310.12,0.0,310.12,2026-07-17 14:24:31
OI00001599,ORD0000717,PROD000120,1,200.42,0.0,200.42,2026-05-02 01:24:43
OI00001600,ORD0000717,PROD000141,1,54.3,0.0,54.3,2026-05-02 01:24:43
OI00001601,ORD0000718,PROD000008,1,181.13,9.06,172.07,2026-05-07 03:27:55
OI00001602,ORD0000719,PROD000103,1,30.32,0.0,30.32,2026-05-06 14:12:50
OI00001603,ORD0000720,PROD000014,2,171.48,0.0,342.96,2026-03-22 02:40:11
OI00001604,ORD0000720,PROD000029,1,12.47,1.25,11.22,2026-03-22 02:40:11
OI00001605,ORD0000720,PROD000110,1,112.33,16.85,95.48,2026-03-22 02:40:11
OI00001606,ORD0000721,PROD000136,2,248.42,0.0,496.84,2026-04-03 08:11:09
OI00001607,ORD0000721,PROD000197,1,191.33,0.0,191.33,2026-04-03 08:11:09
OI00001608,ORD0000722,PROD000142,1,276.94,0.0,276.94,2026-02-21 21:05:11
OI00001609,ORD0000722,PROD000070,1,251.87,0.0,251.87,2026-02-21 21:05:11
OI00001610,ORD0000723,PROD000158,3,391.88,0.0,1175.64,2026-02-19 11:30:37
OI00001611,ORD0000723,PROD000034,1,376.06,56.41,319.65,2026-02-19 11:30:37
OI00001612,ORD0000723,PROD000053,1,381.96,19.1,362.86,2026-02-19 11:30:37
OI00001613,ORD0000724,PROD000117,1,96.57,0.0,96.57,2026-04-26 00:08:45
OI00001614,ORD0000724,PROD000020,1,59.38,0.0,59.38,2026-04-26 00:08:45
OI00001615,ORD0000725,PROD000156,1,208.16,10.41,197.75,2026-06-18 14:14:27
OI00001616,ORD0000726,PROD000065,3,459.64,0.0,1378.92,2026-04-23 07:11:19
OI00001617,ORD0000726,PROD000142,2,276.94,83.08,470.8,2026-04-23 07:11:19
OI00001618,ORD0000726,PROD000092,1,90.01,0.0,90.01,2026-04-23 07:11:19
OI00001619,ORD0000727,PROD000053,1,381.96,0.0,381.96,2026-05-06 05:23:18
OI00001620,ORD0000727,PROD000020,3,59.38,35.63,142.51,2026-05-06 05:23:18
OI00001621,ORD0000727,PROD000030,1,113.9,0.0,113.9,2026-05-06 05:23:18
OI00001622,ORD0000728,PROD000110,1,112.33,0.0,112.33,2026-06-20 04:39:46
OI00001623,ORD0000728,PROD000056,2,23.5,0.0,47.0,2026-06-20 04:39:46
OI00001624,ORD0000729,PROD000019,2,64.3,0.0,128.6,2026-02-24 07:55:53
OI00001625,ORD0000729,PROD000135,1,106.79,5.34,101.45,2026-02-24 07:55:53
OI00001626,ORD0000729,PROD000099,2,244.63,0.0,489.26,2026-02-24 07:55:53
OI00001627,ORD0000730,PROD000063,2,61.43,0.0,122.86,2026-04-20 17:45:40
OI00001628,ORD0000730,PROD000092,1,90.01,0.0,90.01,2026-04-20 17:45:40
OI00001629,ORD0000731,PROD000110,1,112.33,0.0,112.33,2026-04-14 01:00:02
OI00001630,ORD0000732,PROD000119,1,93.67,0.0,93.67,2026-06-03 21:11:17
OI00001631,ORD0000733,PROD000156,2,208.16,0.0,416.32,2026-05-18 22:04:30
OI00001632,ORD0000733,PROD000029,3,12.47,0.0,37.41,2026-05-18 22:04:30
OI00001633,ORD0000733,PROD000004,1,71.87,0.0,71.87,2026-05-18 22:04:30
OI00001634,ORD0000734,PROD000177,1,200.82,0.0,200.82,2026-07-02 23:32:32
OI00001635,ORD0000734,PROD000160,1,181.18,0.0,181.18,2026-07-02 23:32:32
OI00001636,ORD0000734,PROD000163,3,379.9,0.0,1139.7,2026-07-02 23:32:32
OI00001637,ORD0000735,PROD000126,2,5.66,0.0,11.32,2026-05-08 04:37:44
OI00001638,ORD0000736,PROD000035,3,197.66,29.65,563.33,2026-03-10 21:46:38
OI00001639,ORD0000737,PROD000040,2,202.37,0.0,404.74,2026-07-16 21:10:33
OI00001640,ORD0000737,PROD000030,1,113.9,5.7,108.2,2026-07-16 21:10:33
OI00001641,ORD0000737,PROD000184,3,192.54,0.0,577.62,2026-07-16 21:10:33
OI00001642,ORD0000738,PROD000012,2,374.67,0.0,749.34,2026-06-26 11:45:36
OI00001643,ORD0000739,PROD000031,3,62.29,0.0,186.87,2026-02-16 09:04:44
OI00001644,ORD0000739,PROD000012,2,374.67,0.0,749.34,2026-02-16 09:04:44
OI00001645,ORD0000740,PROD000083,1,119.55,0.0,119.55,2026-08-06 16:45:24
OI00001646,ORD0000741,PROD000183,1,239.94,12.0,227.94,2026-03-03 08:15:57
OI00001647,ORD0000741,PROD000022,2,302.51,0.0,605.02,2026-03-03 08:15:57
OI00001648,ORD0000742,PROD000165,1,95.13,0.0,95.13,2026-07-06 09:08:12
OI00001649,ORD0000742,PROD000089,2,270.52,0.0,541.04,2026-07-06 09:08:12
OI00001650,ORD0000742,PROD000193,2,322.33,0.0,644.66,2026-07-06 09:08:12
OI00001651,ORD0000742,PROD000027,1,174.59,0.0,174.59,2026-07-06 09:08:12
OI00001652,ORD0000743,PROD000196,1,135.89,0.0,135.89,2026-05-10 04:37:24
OI00001653,ORD0000744,PROD000084,4,172.79,0.0,691.16,2026-05-24 15:17:05
OI00001654,ORD0000744,PROD000023,1,69.84,0.0,69.84,2026-05-24 15:17:05
OI00001655,ORD0000744,PROD000025,1,337.19,16.86,320.33,2026-05-24 15:17:05
OI00001656,ORD0000744,PROD000062,3,129.94,0.0,389.82,2026-05-24 15:17:05
OI00001657,ORD0000745,PROD000155,1,67.32,0.0,67.32,2026-02-27 15:39:00
OI00001658,ORD0000745,PROD000055,1,324.24,0.0,324.24,2026-02-27 15:39:00
OI00001659,ORD0000746,PROD000120,1,200.42,0.0,200.42,2026-03-26 15:38:29
OI00001660,ORD0000747,PROD000008,1,181.13,0.0,181.13,2026-03-19 05:33:43
OI00001661,ORD0000748,PROD000066,3,424.54,0.0,1273.62,2026-06-12 21:04:36
OI00001662,ORD0000748,PROD000034,3,376.06,56.41,1071.77,2026-06-12 21:04:36
OI00001663,ORD0000748,PROD000006,1,276.33,13.82,262.51,2026-06-12 21:04:36
OI00001664,ORD0000749,PROD000021,1,325.45,0.0,325.45,2026-07-13 16:53:55
OI00001665,ORD0000750,PROD000032,1,305.5,0.0,305.5,2026-05-21 08:04:50
OI00001666,ORD0000750,PROD000129,1,280.22,0.0,280.22,2026-05-21 08:04:50
OI00001667,ORD0000751,PROD000184,1,192.54,0.0,192.54,2026-05-24 05:11:50
OI00001668,ORD0000751,PROD000156,1,208.16,31.22,176.94,2026-05-24 05:11:50
OI00001669,ORD0000751,PROD000039,1,318.97,0.0,318.97,2026-05-24 05:11:50
OI00001670,ORD0000752,PROD000074,3,260.67,0.0,782.01,2026-06-18 22:32:37
OI00001671,ORD0000752,PROD000102,1,157.31,0.0,157.31,2026-06-18 22:32:37
OI00001672,ORD0000752,PROD000075,1,10.1,0.51,9.59,2026-06-18 22:32:37
OI00001673,ORD0000753,PROD000102,2,157.31,0.0,314.62,2026-06-06 14:32:08
OI00001674,ORD0000753,PROD000141,2,54.3,0.0,108.6,2026-06-06 14:32:08
OI00001675,ORD0000753,PROD000001,1,240.76,24.08,216.68,2026-06-06 14:32:08
OI00001676,ORD0000754,PROD000133,4,7.24,0.0,28.96,2026-05-30 15:03:29
OI00001677,ORD0000755,PROD000138,1,154.12,23.12,131.0,2026-07-22 00:56:46
OI00001678,ORD0000756,PROD000116,1,33.83,5.07,28.76,2026-04-03 19:44:16
OI00001679,ORD0000757,PROD000016,1,373.26,0.0,373.26,2026-05-22 04:30:04
OI00001680,ORD0000757,PROD000025,1,337.19,0.0,337.19,2026-05-22 04:30:04
OI00001681,ORD0000758,PROD000012,2,374.67,0.0,749.34,2026-03-14 20:42:05
OI00001682,ORD0000759,PROD000019,2,64.3,0.0,128.6,2026-06-07 09:52:36
OI00001683,ORD0000760,PROD000088,2,381.45,0.0,762.9,2026-02-16 02:16:57
OI00001684,ORD0000760,PROD000158,1,391.88,0.0,391.88,2026-02-16 02:16:57
OI00001685,ORD0000761,PROD000169,1,53.52,8.03,45.49,2026-06-28 18:26:37
OI00001686,ORD0000762,PROD000055,3,324.24,0.0,972.72,2026-06-02 14:46:05
OI00001687,ORD0000762,PROD000088,1,381.45,0.0,381.45,2026-06-02 14:46:05
OI00001688,ORD0000762,PROD000152,1,68.44,0.0,68.44,2026-06-02 14:46:05
OI00001689,ORD0000762,PROD000022,1,302.51,0.0,302.51,2026-06-02 14:46:05
OI00001690,ORD0000762,PROD000059,1,368.8,0.0,368.8,2026-06-02 14:46:05
OI00001691,ORD0000763,PROD000067,3,181.48,0.0,544.44,2026-04-12 04:50:46
OI00001692,ORD0000763,PROD000095,1,317.49,0.0,317.49,2026-04-12 04:50:46
OI00001693,ORD0000764,PROD000070,3,251.87,0.0,755.61,2026-06-06 08:47:27
OI00001694,ORD0000764,PROD000084,1,172.79,25.92,146.87,2026-06-06 08:47:27
OI00001695,ORD0000765,PROD000153,1,46.39,2.32,44.07,2026-04-15 04:58:51
OI00001696,ORD0000765,PROD000013,3,286.54,0.0,859.62,2026-04-15 04:58:51
OI00001697,ORD0000765,PROD000093,1,51.13,0.0,51.13,2026-04-15 04:58:51
OI00001698,ORD0000765,PROD000094,1,170.67,0.0,170.67,2026-04-15 04:58:51
OI00001699,ORD0000766,PROD000094,3,170.67,0.0,512.01,2026-03-26 12:36:11
OI00001700,ORD0000767,PROD000022,4,302.51,0.0,1210.04,2026-07-26 08:19:46
OI00001701,ORD0000768,PROD000124,1,396.34,0.0,396.34,2026-03-12 11:43:01
OI00001702,ORD0000768,PROD000194,1,99.76,0.0,99.76,2026-03-12 11:43:01
OI00001703,ORD0000768,PROD000108,2,87.18,0.0,174.36,2026-03-12 11:43:01
OI00001704,ORD0000769,PROD000049,2,343.12,68.62,617.62,2026-04-23 19:05:43
OI00001705,ORD0000769,PROD000123,1,410.86,61.63,349.23,2026-04-23 19:05:43
OI00001706,ORD0000769,PROD000089,1,270.52,27.05,243.47,2026-04-23 19:05:43
OI00001707,ORD0000770,PROD000049,2,343.12,0.0,686.24,2026-08-14 03:05:20
OI00001708,ORD0000770,PROD000097,2,119.02,0.0,238.04,2026-08-14 03:05:20
OI00001709,ORD0000770,PROD000186,1,106.06,0.0,106.06,2026-08-14 03:05:20
OI00001710,ORD0000770,PROD000195,4,397.59,0.0,1590.36,2026-08-14 03:05:20
OI00001711,ORD0000771,PROD000168,1,433.94,0.0,433.94,2026-08-16 09:54:08
OI00001712,ORD0000771,PROD000192,2,122.14,0.0,244.28,2026-08-16 09:54:08
OI00001713,ORD0000771,PROD000102,1,157.31,0.0,157.31,2026-08-16 09:54:08
OI00001714,ORD0000771,PROD000183,4,239.94,0.0,959.76,2026-08-16 09:54:08
OI00001715,ORD0000772,PROD000034,3,376.06,112.82,1015.36,2026-02-18 02:44:57
OI00001716,ORD0000773,PROD000179,3,100.96,45.43,257.45,2026-06-24 01:44:48
OI00001717,ORD0000773,PROD000175,4,395.9,0.0,1583.6,2026-06-24 01:44:48
OI00001718,ORD0000774,PROD000096,1,151.87,0.0,151.87,2026-03-31 23:22:22
OI00001719,ORD0000774,PROD000039,1,318.97,47.85,271.12,2026-03-31 23:22:22
OI00001720,ORD0000774,PROD000012,1,374.67,0.0,374.67,2026-03-31 23:22:22
OI00001721,ORD0000775,PROD000108,2,87.18,0.0,174.36,2026-05-29 15:27:58
OI00001722,ORD0000776,PROD000160,1,181.18,27.18,154.0,2026-08-12 03:30:32
OI00001723,ORD0000776,PROD000081,1,267.87,0.0,267.87,2026-08-12 03:30:32
OI00001724,ORD0000776,PROD000086,1,216.37,0.0,216.37,2026-08-12 03:30:32
OI00001725,ORD0000777,PROD000019,4,64.3,0.0,257.2,2026-03-27 09:20:00
OI00001726,ORD0000777,PROD000140,1,156.23,0.0,156.23,2026-03-27 09:20:00
OI00001727,ORD0000777,PROD000059,1,368.8,0.0,368.8,2026-03-27 09:20:00
OI00001728,ORD0000778,PROD000086,1,216.37,0.0,216.37,2026-07-14 03:40:11
OI00001729,ORD0000778,PROD000093,1,51.13,0.0,51.13,2026-07-14 03:40:11
OI00001730,ORD0000778,PROD000026,3,165.8,0.0,497.4,2026-07-14 03:40:11
OI00001731,ORD0000779,PROD000144,1,398.95,39.9,359.05,2026-05-19 08:00:40
OI00001732,ORD0000779,PROD000070,1,251.87,0.0,251.87,2026-05-19 08:00:40
OI00001733,ORD0000779,PROD000068,1,253.43,0.0,253.43,2026-05-19 08:00:40
OI00001734,ORD0000779,PROD000004,3,71.87,0.0,215.61,2026-05-19 08:00:40
OI00001735,ORD0000780,PROD000159,1,90.28,0.0,90.28,2026-06-13 12:48:56
OI00001736,ORD0000780,PROD000050,1,110.2,0.0,110.2,2026-06-13 12:48:56
OI00001737,ORD0000781,PROD000038,1,84.38,0.0,84.38,2026-02-26 09:53:15
OI00001738,ORD0000781,PROD000129,1,280.22,0.0,280.22,2026-02-26 09:53:15
OI00001739,ORD0000781,PROD000103,1,30.32,0.0,30.32,2026-02-26 09:53:15
OI00001740,ORD0000781,PROD000099,1,244.63,0.0,244.63,2026-02-26 09:53:15
OI00001741,ORD0000782,PROD000120,2,200.42,0.0,400.84,2026-05-16 19:10:14
OI00001742,ORD0000783,PROD000148,2,111.17,0.0,222.34,2026-07-21 16:42:10
OI00001743,ORD0000783,PROD000161,1,310.12,0.0,310.12,2026-07-21 16:42:10
OI00001744,ORD0000783,PROD000139,2,48.21,0.0,96.42,2026-07-21 16:42:10
OI00001745,ORD0000784,PROD000196,2,135.89,0.0,271.78,2026-05-22 05:35:35
OI00001746,ORD0000784,PROD000133,1,7.24,0.0,7.24,2026-05-22 05:35:35
OI00001747,ORD0000784,PROD000045,1,70.0,14.0,56.0,2026-05-22 05:35:35
OI00001748,ORD0000785,PROD000105,3,230.76,0.0,692.28,2026-06-17 19:48:51
OI00001749,ORD0000785,PROD000173,1,269.92,26.99,242.93,2026-06-17 19:48:51
OI00001750,ORD0000786,PROD000037,1,48.34,0.0,48.34,2026-04-25 19:56:19
OI00001751,ORD0000786,PROD000046,2,353.88,0.0,707.76,2026-04-25 19:56:19
OI00001752,ORD0000786,PROD000136,2,248.42,24.84,472.0,2026-04-25 19:56:19
OI00001753,ORD0000786,PROD000044,1,137.29,0.0,137.29,2026-04-25 19:56:19
OI00001754,ORD0000786,PROD000001,1,240.76,0.0,240.76,2026-04-25 19:56:19
OI00001755,ORD0000787,PROD000017,1,177.67,0.0,177.67,2026-06-19 04:41:13
OI00001756,ORD0000787,PROD000116,2,33.83,0.0,67.66,2026-06-19 04:41:13
OI00001757,ORD0000787,PROD000101,2,140.13,0.0,280.26,2026-06-19 04:41:13
OI00001758,ORD0000788,PROD000035,3,197.66,0.0,592.98,2026-07-27 06:03:17
OI00001759,ORD0000788,PROD000123,3,410.86,0.0,1232.58,2026-07-27 06:03:17
OI00001760,ORD0000788,PROD000141,2,54.3,0.0,108.6,2026-07-27 06:03:17
OI00001761,ORD0000788,PROD000100,2,125.62,0.0,251.24,2026-07-27 06:03:17
OI00001762,ORD0000789,PROD000015,1,74.75,3.74,71.01,2026-05-11 09:26:16
OI00001763,ORD0000789,PROD000097,1,119.02,0.0,119.02,2026-05-11 09:26:16
OI00001764,ORD0000789,PROD000169,3,53.52,0.0,160.56,2026-05-11 09:26:16
OI00001765,ORD0000790,PROD000194,3,99.76,0.0,299.28,2026-03-20 16:04:43
OI00001766,ORD0000791,PROD000150,1,121.83,6.09,115.74,2026-06-14 17:24:55
OI00001767,ORD0000791,PROD000060,1,313.56,15.68,297.88,2026-06-14 17:24:55
OI00001768,ORD0000792,PROD000055,1,324.24,0.0,324.24,2026-04-26 05:39:24
OI00001769,ORD0000792,PROD000032,1,305.5,0.0,305.5,2026-04-26 05:39:24
OI00001770,ORD0000793,PROD000109,3,87.72,0.0,263.16,2026-06-01 02:58:25
OI00001771,ORD0000794,PROD000010,1,238.36,0.0,238.36,2026-05-27 01:23:03
OI00001772,ORD0000795,PROD000003,2,265.29,0.0,530.58,2026-05-04 21:49:12
OI00001773,ORD0000795,PROD000085,1,36.94,0.0,36.94,2026-05-04 21:49:12
OI00001774,ORD0000796,PROD000071,3,259.22,0.0,777.66,2026-03-21 01:56:53
OI00001775,ORD0000796,PROD000060,3,313.56,0.0,940.68,2026-03-21 01:56:53
OI00001776,ORD0000796,PROD000114,1,36.68,0.0,36.68,2026-03-21 01:56:53
OI00001777,ORD0000796,PROD000189,1,184.49,0.0,184.49,2026-03-21 01:56:53
OI00001778,ORD0000796,PROD000037,1,48.34,4.83,43.51,2026-03-21 01:56:53
OI00001779,ORD0000797,PROD000088,2,381.45,0.0,762.9,2026-06-22 21:43:39
OI00001780,ORD0000797,PROD000022,1,302.51,0.0,302.51,2026-06-22 21:43:39
OI00001781,ORD0000798,PROD000102,1,157.31,0.0,157.31,2026-04-17 09:46:18
OI00001782,ORD0000798,PROD000151,1,220.37,11.02,209.35,2026-04-17 09:46:18
OI00001783,ORD0000798,PROD000066,2,424.54,0.0,849.08,2026-04-17 09:46:18
OI00001784,ORD0000799,PROD000075,3,10.1,1.51,28.79,2026-05-21 00:42:33
OI00001785,ORD0000799,PROD000103,1,30.32,0.0,30.32,2026-05-21 00:42:33
OI00001786,ORD0000800,PROD000101,1,140.13,28.03,112.1,2026-06-22 23:50:29
OI00001787,ORD0000800,PROD000067,1,181.48,0.0,181.48,2026-06-22 23:50:29
OI00001788,ORD0000800,PROD000121,2,311.61,31.16,592.06,2026-06-22 23:50:29
OI00001789,ORD0000800,PROD000103,1,30.32,1.52,28.8,2026-06-22 23:50:29
OI00001790,ORD0000801,PROD000198,3,307.49,0.0,922.47,2026-04-27 22:05:11
OI00001791,ORD0000802,PROD000091,1,244.05,0.0,244.05,2026-05-04 15:05:52
OI00001792,ORD0000802,PROD000104,2,219.63,0.0,439.26,2026-05-04 15:05:52
OI00001793,ORD0000803,PROD000165,1,95.13,0.0,95.13,2026-02-18 21:55:17
OI00001794,ORD0000803,PROD000032,2,305.5,0.0,611.0,2026-02-18 21:55:17
OI00001795,ORD0000803,PROD000075,2,10.1,0.0,20.2,2026-02-18 21:55:17
OI00001796,ORD0000804,PROD000090,3,82.64,0.0,247.92,2026-04-07 16:50:57
OI00001797,ORD0000805,PROD000194,3,99.76,0.0,299.28,2026-06-12 03:26:14
OI00001798,ORD0000806,PROD000021,1,325.45,48.82,276.63,2026-03-18 12:33:52
OI00001799,ORD0000806,PROD000103,1,30.32,0.0,30.32,2026-03-18 12:33:52
OI00001800,ORD0000806,PROD000155,1,67.32,10.1,57.22,2026-03-18 12:33:52
OI00001801,ORD0000806,PROD000125,1,169.29,16.93,152.36,2026-03-18 12:33:52
OI00001802,ORD0000807,PROD000052,2,289.95,0.0,579.9,2026-06-14 03:17:54
OI00001803,ORD0000808,PROD000124,1,396.34,0.0,396.34,2026-02-22 14:33:26
OI00001804,ORD0000809,PROD000016,2,373.26,0.0,746.52,2026-08-10 00:26:12
OI00001805,ORD0000810,PROD000103,1,30.32,0.0,30.32,2026-08-14 21:52:09
OI00001806,ORD0000811,PROD000050,1,110.2,0.0,110.2,2026-02-21 08:30:54
OI00001807,ORD0000812,PROD000033,1,240.82,0.0,240.82,2026-03-17 19:01:38
OI00001808,ORD0000812,PROD000060,1,313.56,62.71,250.85,2026-03-17 19:01:38
OI00001809,ORD0000812,PROD000110,3,112.33,0.0,336.99,2026-03-17 19:01:38
OI00001810,ORD0000813,PROD000007,2,255.16,0.0,510.32,2026-07-26 07:22:45
OI00001811,ORD0000814,PROD000187,1,260.32,0.0,260.32,2026-06-20 19:15:22
OI00001812,ORD0000814,PROD000194,1,99.76,0.0,99.76,2026-06-20 19:15:22
OI00001813,ORD0000815,PROD000135,2,106.79,10.68,202.9,2026-04-14 17:39:12
OI00001814,ORD0000816,PROD000009,1,247.91,24.79,223.12,2026-05-17 17:08:14
OI00001815,ORD0000816,PROD000133,1,7.24,0.0,7.24,2026-05-17 17:08:14
OI00001816,ORD0000817,PROD000055,1,324.24,0.0,324.24,2026-05-27 09:31:50
OI00001817,ORD0000817,PROD000106,1,13.25,0.0,13.25,2026-05-27 09:31:50
OI00001818,ORD0000817,PROD000010,2,238.36,71.51,405.21,2026-05-27 09:31:50
OI00001819,ORD0000818,PROD000180,1,443.88,0.0,443.88,2026-07-07 05:35:40
OI00001820,ORD0000818,PROD000121,1,311.61,0.0,311.61,2026-07-07 05:35:40
OI00001821,ORD0000818,PROD000074,1,260.67,0.0,260.67,2026-07-07 05:35:40
OI00001822,ORD0000819,PROD000173,1,269.92,0.0,269.92,2026-04-13 12:09:09
OI00001823,ORD0000819,PROD000082,1,49.54,0.0,49.54,2026-04-13 12:09:09
OI00001824,ORD0000820,PROD000099,1,244.63,12.23,232.4,2026-03-26 18:52:42
OI00001825,ORD0000820,PROD000112,2,76.78,30.71,122.85,2026-03-26 18:52:42
OI00001826,ORD0000820,PROD000015,1,74.75,0.0,74.75,2026-03-26 18:52:42
OI00001827,ORD0000821,PROD000184,1,192.54,0.0,192.54,2026-04-20 10:57:40
OI00001828,ORD0000822,PROD000063,2,61.43,0.0,122.86,2026-06-19 12:06:52
OI00001829,ORD0000822,PROD000158,1,391.88,0.0,391.88,2026-06-19 12:06:52
OI00001830,ORD0000822,PROD000086,2,216.37,0.0,432.74,2026-06-19 12:06:52
OI00001831,ORD0000823,PROD000135,2,106.79,0.0,213.58,2026-05-29 06:03:32
OI00001832,ORD0000824,PROD000047,2,125.52,0.0,251.04,2026-04-27 12:30:02
OI00001833,ORD0000824,PROD000179,1,100.96,0.0,100.96,2026-04-27 12:30:02
OI00001834,ORD0000825,PROD000160,3,181.18,0.0,543.54,2026-07-10 14:58:43
OI00001835,ORD0000826,PROD000050,1,110.2,0.0,110.2,2026-07-18 09:37:20
OI00001836,ORD0000826,PROD000016,1,373.26,0.0,373.26,2026-07-18 09:37:20
OI00001837,ORD0000827,PROD000188,1,114.4,0.0,114.4,2026-08-05 23:04:39
OI00001838,ORD0000828,PROD000184,1,192.54,0.0,192.54,2026-07-12 14:48:45
OI00001839,ORD0000828,PROD000127,1,216.42,0.0,216.42,2026-07-12 14:48:45
OI00001840,ORD0000829,PROD000108,2,87.18,0.0,174.36,2026-06-20 14:14:05
OI00001841,ORD0000829,PROD000192,1,122.14,0.0,122.14,2026-06-20 14:14:05
OI00001842,ORD0000830,PROD000057,1,282.26,28.23,254.03,2026-07-25 12:41:34
OI00001843,ORD0000830,PROD000180,2,443.88,0.0,887.76,2026-07-25 12:41:34
OI00001844,ORD0000830,PROD000195,2,397.59,0.0,795.18,2026-07-25 12:41:34
OI00001845,ORD0000831,PROD000039,1,318.97,0.0,318.97,2026-05-06 05:01:32
OI00001846,ORD0000832,PROD000159,1,90.28,0.0,90.28,2026-02-22 20:22:31
OI00001847,ORD0000832,PROD000182,1,116.92,17.54,99.38,2026-02-22 20:22:31
OI00001848,ORD0000832,PROD000127,1,216.42,0.0,216.42,2026-02-22 20:22:31
OI00001849,ORD0000832,PROD000080,1,288.18,14.41,273.77,2026-02-22 20:22:31
OI00001850,ORD0000832,PROD000136,1,248.42,0.0,248.42,2026-02-22 20:22:31
OI00001851,ORD0000833,PROD000119,3,93.67,0.0,281.01,2026-06-10 13:56:05
OI00001852,ORD0000833,PROD000196,1,135.89,0.0,135.89,2026-06-10 13:56:05
OI00001853,ORD0000833,PROD000009,2,247.91,0.0,495.82,2026-06-10 13:56:05
OI00001854,ORD0000833,PROD000071,1,259.22,0.0,259.22,2026-06-10 13:56:05
OI00001855,ORD0000834,PROD000181,1,132.65,0.0,132.65,2026-07-10 22:39:11
OI00001856,ORD0000835,PROD000003,1,265.29,0.0,265.29,2026-05-24 10:20:13
OI00001857,ORD0000835,PROD000048,1,312.1,0.0,312.1,2026-05-24 10:20:13
OI00001858,ORD0000836,PROD000149,2,259.04,0.0,518.08,2026-06-05 04:15:05
OI00001859,ORD0000837,PROD000093,2,51.13,10.23,92.03,2026-05-12 21:25:22
OI00001860,ORD0000838,PROD000110,3,112.33,0.0,336.99,2026-04-11 21:45:16
OI00001861,ORD0000838,PROD000160,2,181.18,0.0,362.36,2026-04-11 21:45:16
OI00001862,ORD0000839,PROD000149,2,259.04,25.9,492.18,2026-04-27 03:28:18
OI00001863,ORD0000840,PROD000171,2,118.83,0.0,237.66,2026-03-31 04:14:03
OI00001864,ORD0000840,PROD000136,1,248.42,12.42,236.0,2026-03-31 04:14:03
OI00001865,ORD0000841,PROD000003,4,265.29,53.06,1008.1,2026-06-28 05:54:59
OI00001866,ORD0000842,PROD000085,1,36.94,0.0,36.94,2026-03-04 08:11:07
OI00001867,ORD0000842,PROD000147,2,359.37,0.0,718.74,2026-03-04 08:11:07
OI00001868,ORD0000843,PROD000085,1,36.94,0.0,36.94,2026-07-13 14:54:49
OI00001869,ORD0000844,PROD000038,1,84.38,0.0,84.38,2026-03-05 10:46:39
OI00001870,ORD0000844,PROD000100,2,125.62,0.0,251.24,2026-03-05 10:46:39
OI00001871,ORD0000844,PROD000029,3,12.47,3.74,33.67,2026-03-05 10:46:39
OI00001872,ORD0000845,PROD000157,1,230.53,0.0,230.53,2026-07-18 09:12:21
OI00001873,ORD0000845,PROD000120,2,200.42,0.0,400.84,2026-07-18 09:12:21
OI00001874,ORD0000845,PROD000021,1,325.45,0.0,325.45,2026-07-18 09:12:21
OI00001875,ORD0000845,PROD000161,1,310.12,0.0,310.12,2026-07-18 09:12:21
OI00001876,ORD0000845,PROD000174,1,225.67,33.85,191.82,2026-07-18 09:12:21
OI00001877,ORD0000846,PROD000190,2,270.32,0.0,540.64,2026-02-27 11:18:56
OI00001878,ORD0000847,PROD000005,2,219.89,0.0,439.78,2026-05-06 19:18:11
OI00001879,ORD0000847,PROD000085,1,36.94,0.0,36.94,2026-05-06 19:18:11
OI00001880,ORD0000847,PROD000065,2,459.64,0.0,919.28,2026-05-06 19:18:11
OI00001881,ORD0000848,PROD000079,2,315.96,94.79,537.13,2026-02-23 00:35:50
OI00001882,ORD0000848,PROD000106,1,13.25,0.66,12.59,2026-02-23 00:35:50
OI00001883,ORD0000849,PROD000010,1,238.36,11.92,226.44,2026-08-02 23:28:56
OI00001884,ORD0000850,PROD000158,2,391.88,0.0,783.76,2026-04-15 14:50:50
OI00001885,ORD0000851,PROD000148,4,111.17,0.0,444.68,2026-04-02 11:48:21
OI00001886,ORD0000852,PROD000003,1,265.29,0.0,265.29,2026-03-20 21:08:21
OI00001887,ORD0000853,PROD000102,3,157.31,0.0,471.93,2026-06-14 06:04:46
OI00001888,ORD0000853,PROD000003,1,265.29,0.0,265.29,2026-06-14 06:04:46
OI00001889,ORD0000853,PROD000123,2,410.86,0.0,821.72,2026-06-14 06:04:46
OI00001890,ORD0000854,PROD000047,3,125.52,0.0,376.56,2026-03-01 12:17:41
OI00001891,ORD0000855,PROD000035,1,197.66,0.0,197.66,2026-04-22 00:31:10
OI00001892,ORD0000856,PROD000044,2,137.29,0.0,274.58,2026-07-12 22:47:51
OI00001893,ORD0000856,PROD000188,3,114.4,0.0,343.2,2026-07-12 22:47:51
OI00001894,ORD0000857,PROD000135,2,106.79,0.0,213.58,2026-06-02 08:16:42
OI00001895,ORD0000857,PROD000183,1,239.94,0.0,239.94,2026-06-02 08:16:42
OI00001896,ORD0000857,PROD000181,2,132.65,0.0,265.3,2026-06-02 08:16:42
OI00001897,ORD0000858,PROD000123,2,410.86,0.0,821.72,2026-04-25 05:24:23
OI00001898,ORD0000858,PROD000041,1,287.98,0.0,287.98,2026-04-25 05:24:23
OI00001899,ORD0000859,PROD000151,2,220.37,44.07,396.67,2026-04-03 05:20:38
OI00001900,ORD0000859,PROD000080,2,288.18,0.0,576.36,2026-04-03 05:20:38
OI00001901,ORD0000860,PROD000022,1,302.51,0.0,302.51,2026-04-19 03:12:28
OI00001902,ORD0000861,PROD000175,3,395.9,237.54,950.16,2026-06-28 06:15:44
OI00001903,ORD0000861,PROD000013,1,286.54,28.65,257.89,2026-06-28 06:15:44
OI00001904,ORD0000861,PROD000190,3,270.32,0.0,810.96,2026-06-28 06:15:44
OI00001905,ORD0000862,PROD000176,1,395.87,0.0,395.87,2026-07-26 00:38:09
OI00001906,ORD0000862,PROD000070,3,251.87,0.0,755.61,2026-07-26 00:38:09
OI00001907,ORD0000862,PROD000197,1,191.33,0.0,191.33,2026-07-26 00:38:09
OI00001908,ORD0000862,PROD000099,3,244.63,110.08,623.81,2026-07-26 00:38:09
OI00001909,ORD0000862,PROD000048,2,312.1,0.0,624.2,2026-07-26 00:38:09
OI00001910,ORD0000863,PROD000105,1,230.76,0.0,230.76,2026-04-02 23:01:23
OI00001911,ORD0000864,PROD000001,2,240.76,0.0,481.52,2026-04-22 17:56:41
OI00001912,ORD0000864,PROD000197,1,191.33,0.0,191.33,2026-04-22 17:56:41
OI00001913,ORD0000864,PROD000153,3,46.39,6.96,132.21,2026-04-22 17:56:41
OI00001914,ORD0000865,PROD000006,2,276.33,0.0,552.66,2026-06-28 09:32:38
OI00001915,ORD0000866,PROD000089,2,270.52,0.0,541.04,2026-08-09 10:49:32
OI00001916,ORD0000866,PROD000051,1,128.31,0.0,128.31,2026-08-09 10:49:32
OI00001917,ORD0000867,PROD000050,1,110.2,0.0,110.2,2026-06-05 10:42:13
OI00001918,ORD0000868,PROD000111,1,209.32,0.0,209.32,2026-03-30 05:58:22
OI00001919,ORD0000868,PROD000098,2,188.42,0.0,376.84,2026-03-30 05:58:22
OI00001920,ORD0000869,PROD000114,1,36.68,0.0,36.68,2026-03-26 19:37:18
OI00001921,ORD0000869,PROD000060,2,313.56,0.0,627.12,2026-03-26 19:37:18
OI00001922,ORD0000869,PROD000011,1,74.18,0.0,74.18,2026-03-26 19:37:18
OI00001923,ORD0000869,PROD000040,2,202.37,20.24,384.5,2026-03-26 19:37:18
OI00001924,ORD0000870,PROD000020,2,59.38,0.0,118.76,2026-03-31 20:39:46
OI00001925,ORD0000870,PROD000094,1,170.67,0.0,170.67,2026-03-31 20:39:46
OI00001926,ORD0000871,PROD000161,1,310.12,31.01,279.11,2026-04-07 07:46:06
OI00001927,ORD0000872,PROD000047,1,125.52,12.55,112.97,2026-03-03 16:41:05
OI00001928,ORD0000872,PROD000020,1,59.38,0.0,59.38,2026-03-03 16:41:05
OI00001929,ORD0000872,PROD000104,1,219.63,0.0,219.63,2026-03-03 16:41:05
OI00001930,ORD0000872,PROD000083,1,119.55,0.0,119.55,2026-03-03 16:41:05
OI00001931,ORD0000873,PROD000152,1,68.44,0.0,68.44,2026-02-19 04:48:37
OI00001932,ORD0000874,PROD000142,3,276.94,0.0,830.82,2026-03-21 02:53:43
OI00001933,ORD0000875,PROD000080,2,288.18,28.82,547.54,2026-06-18 04:53:20
OI00001934,ORD0000875,PROD000111,1,209.32,0.0,209.32,2026-06-18 04:53:20
OI00001935,ORD0000876,PROD000048,1,312.1,0.0,312.1,2026-05-01 12:11:07
OI00001936,ORD0000876,PROD000020,1,59.38,0.0,59.38,2026-05-01 12:11:07
OI00001937,ORD0000876,PROD000052,2,289.95,0.0,579.9,2026-05-01 12:11:07
OI00001938,ORD0000877,PROD000175,1,395.9,19.8,376.1,2026-04-28 09:31:32
OI00001939,ORD0000877,PROD000125,1,169.29,0.0,169.29,2026-04-28 09:31:32
OI00001940,ORD0000878,PROD000030,1,113.9,11.39,102.51,2026-07-12 15:33:06
OI00001941,ORD0000878,PROD000155,1,67.32,0.0,67.32,2026-07-12 15:33:06
OI00001942,ORD0000878,PROD000006,2,276.33,0.0,552.66,2026-07-12 15:33:06
OI00001943,ORD0000879,PROD000154,1,57.2,5.72,51.48,2026-02-16 09:59:12
OI00001944,ORD0000880,PROD000066,1,424.54,0.0,424.54,2026-07-26 18:20:51
OI00001945,ORD0000880,PROD000155,1,67.32,3.37,63.95,2026-07-26 18:20:51
OI00001946,ORD0000880,PROD000001,1,240.76,12.04,228.72,2026-07-26 18:20:51
OI00001947,ORD0000880,PROD000099,2,244.63,0.0,489.26,2026-07-26 18:20:51
OI00001948,ORD0000881,PROD000063,3,61.43,0.0,184.29,2026-07-03 05:27:10
OI00001949,ORD0000881,PROD000048,3,312.1,0.0,936.3,2026-07-03 05:27:10
OI00001950,ORD0000881,PROD000157,3,230.53,0.0,691.59,2026-07-03 05:27:10
OI00001951,ORD0000881,PROD000056,2,23.5,0.0,47.0,2026-07-03 05:27:10
OI00001952,ORD0000882,PROD000127,1,216.42,0.0,216.42,2026-06-26 10:40:07
OI00001953,ORD0000883,PROD000062,2,129.94,0.0,259.88,2026-03-16 00:04:12
OI00001954,ORD0000884,PROD000017,1,177.67,26.65,151.02,2026-06-27 06:14:22
OI00001955,ORD0000884,PROD000150,2,121.83,0.0,243.66,2026-06-27 06:14:22
OI00001956,ORD0000884,PROD000136,1,248.42,24.84,223.58,2026-06-27 06:14:22
OI00001957,ORD0000885,PROD000181,3,132.65,0.0,397.95,2026-03-12 17:02:27
OI00001958,ORD0000886,PROD000113,1,295.97,0.0,295.97,2026-04-24 03:49:04
OI00001959,ORD0000886,PROD000031,1,62.29,9.34,52.95,2026-04-24 03:49:04
OI00001960,ORD0000887,PROD000048,4,312.1,62.42,1185.98,2026-07-02 08:15:34
OI00001961,ORD0000887,PROD000192,1,122.14,0.0,122.14,2026-07-02 08:15:34
OI00001962,ORD0000887,PROD000005,1,219.89,32.98,186.91,2026-07-02 08:15:34
OI00001963,ORD0000888,PROD000037,1,48.34,0.0,48.34,2026-05-25 17:10:39
OI00001964,ORD0000888,PROD000091,1,244.05,24.41,219.64,2026-05-25 17:10:39
OI00001965,ORD0000888,PROD000125,1,169.29,0.0,169.29,2026-05-25 17:10:39
OI00001966,ORD0000889,PROD000163,1,379.9,0.0,379.9,2026-08-06 22:40:40
OI00001967,ORD0000889,PROD000173,2,269.92,0.0,539.84,2026-08-06 22:40:40
OI00001968,ORD0000889,PROD000006,1,276.33,55.27,221.06,2026-08-06 22:40:40
OI00001969,ORD0000889,PROD000124,1,396.34,0.0,396.34,2026-08-06 22:40:40
OI00001970,ORD0000890,PROD000141,1,54.3,0.0,54.3,2026-06-20 18:35:00
OI00001971,ORD0000890,PROD000071,1,259.22,0.0,259.22,2026-06-20 18:35:00
OI00001972,ORD0000890,PROD000158,1,391.88,0.0,391.88,2026-06-20 18:35:00
OI00001973,ORD0000891,PROD000129,1,280.22,0.0,280.22,2026-06-26 08:19:07
OI00001974,ORD0000892,PROD000151,1,220.37,0.0,220.37,2026-07-14 16:51:34
OI00001975,ORD0000892,PROD000008,2,181.13,0.0,362.26,2026-07-14 16:51:34
OI00001976,ORD0000892,PROD000074,1,260.67,0.0,260.67,2026-07-14 16:51:34
OI00001977,ORD0000893,PROD000129,1,280.22,0.0,280.22,2026-03-30 05:53:56
OI00001978,ORD0000894,PROD000100,2,125.62,0.0,251.24,2026-03-02 18:53:34
OI00001979,ORD0000894,PROD000148,3,111.17,0.0,333.51,2026-03-02 18:53:34
OI00001980,ORD0000894,PROD000028,1,209.71,0.0,209.71,2026-03-02 18:53:34
OI00001981,ORD0000895,PROD000135,2,106.79,0.0,213.58,2026-06-20 10:42:52
OI00001982,ORD0000895,PROD000074,1,260.67,0.0,260.67,2026-06-20 10:42:52
OI00001983,ORD0000896,PROD000059,1,368.8,0.0,368.8,2026-02-19 09:59:28
OI00001984,ORD0000897,PROD000100,1,125.62,0.0,125.62,2026-08-08 11:06:37
OI00001985,ORD0000898,PROD000014,2,171.48,34.3,308.66,2026-07-10 00:52:28
OI00001986,ORD0000898,PROD000142,3,276.94,0.0,830.82,2026-07-10 00:52:28
OI00001987,ORD0000899,PROD000056,1,23.5,2.35,21.15,2026-03-27 18:56:41
OI00001988,ORD0000900,PROD000012,1,374.67,0.0,374.67,2026-04-15 20:58:18
OI00001989,ORD0000900,PROD000109,4,87.72,0.0,350.88,2026-04-15 20:58:18
OI00001990,ORD0000901,PROD000097,2,119.02,0.0,238.04,2026-05-21 04:19:02
OI00001991,ORD0000902,PROD000093,1,51.13,0.0,51.13,2026-05-06 13:49:11
OI00001992,ORD0000902,PROD000066,2,424.54,0.0,849.08,2026-05-06 13:49:11
OI00001993,ORD0000903,PROD000092,1,90.01,0.0,90.01,2026-06-23 02:30:57
OI00001994,ORD0000904,PROD000002,1,68.17,0.0,68.17,2026-03-30 14:54:52
OI00001995,ORD0000905,PROD000069,1,332.4,0.0,332.4,2026-05-11 16:22:13
OI00001996,ORD0000906,PROD000117,1,96.57,0.0,96.57,2026-03-04 13:49:30
OI00001997,ORD0000906,PROD000077,1,172.06,0.0,172.06,2026-03-04 13:49:30
OI00001998,ORD0000907,PROD000046,1,353.88,35.39,318.49,2026-08-06 12:35:20
OI00001999,ORD0000907,PROD000194,1,99.76,0.0,99.76,2026-08-06 12:35:20
OI00002000,ORD0000907,PROD000097,1,119.02,0.0,119.02,2026-08-06 12:35:20
OI00002001,ORD0000908,PROD000170,1,39.7,0.0,39.7,2026-06-11 04:03:21
OI00002002,ORD0000908,PROD000025,1,337.19,0.0,337.19,2026-06-11 04:03:21
OI00002003,ORD0000909,PROD000083,1,119.55,0.0,119.55,2026-04-11 21:49:09
OI00002004,ORD0000909,PROD000030,2,113.9,45.56,182.24,2026-04-11 21:49:09
OI00002005,ORD0000909,PROD000130,1,251.9,0.0,251.9,2026-04-11 21:49:09
OI00002006,ORD0000910,PROD000052,1,289.95,0.0,289.95,2026-04-10 01:21:14
OI00002007,ORD0000911,PROD000119,1,93.67,0.0,93.67,2026-03-06 13:12:15
OI00002008,ORD0000911,PROD000010,3,238.36,0.0,715.08,2026-03-06 13:12:15
OI00002009,ORD0000911,PROD000146,2,237.64,0.0,475.28,2026-03-06 13:12:15
OI00002010,ORD0000911,PROD000135,1,106.79,0.0,106.79,2026-03-06 13:12:15
OI00002011,ORD0000911,PROD000143,2,293.11,0.0,586.22,2026-03-06 13:12:15
OI00002012,ORD0000912,PROD000188,1,114.4,0.0,114.4,2026-03-04 04:11:07
OI00002013,ORD0000913,PROD000136,1,248.42,24.84,223.58,2026-06-25 21:06:32
OI00002014,ORD0000913,PROD000051,1,128.31,0.0,128.31,2026-06-25 21:06:32
OI00002015,ORD0000914,PROD000110,1,112.33,0.0,112.33,2026-05-21 18:37:51
OI00002016,ORD0000915,PROD000164,2,179.02,0.0,358.04,2026-07-26 02:27:16
OI00002017,ORD0000915,PROD000008,1,181.13,0.0,181.13,2026-07-26 02:27:16
OI00002018,ORD0000916,PROD000022,1,302.51,0.0,302.51,2026-07-13 03:34:57
OI00002019,ORD0000917,PROD000084,2,172.79,0.0,345.58,2026-04-29 21:41:18
OI00002020,ORD0000917,PROD000176,1,395.87,0.0,395.87,2026-04-29 21:41:18
OI00002021,ORD0000917,PROD000190,3,270.32,0.0,810.96,2026-04-29 21:41:18
OI00002022,ORD0000918,PROD000030,1,113.9,0.0,113.9,2026-05-12 12:45:36
OI00002023,ORD0000918,PROD000168,1,433.94,0.0,433.94,2026-05-12 12:45:36
OI00002024,ORD0000918,PROD000014,2,171.48,34.3,308.66,2026-05-12 12:45:36
OI00002025,ORD0000918,PROD000048,2,312.1,31.21,592.99,2026-05-12 12:45:36
OI00002026,ORD0000919,PROD000093,1,51.13,5.11,46.02,2026-05-04 01:34:12
OI00002027,ORD0000919,PROD000163,1,379.9,0.0,379.9,2026-05-04 01:34:12
OI00002028,ORD0000920,PROD000109,1,87.72,0.0,87.72,2026-04-26 11:59:13
OI00002029,ORD0000920,PROD000148,1,111.17,0.0,111.17,2026-04-26 11:59:13
OI00002030,ORD0000921,PROD000174,2,225.67,0.0,451.34,2026-05-13 10:27:54
OI00002031,ORD0000921,PROD000139,3,48.21,0.0,144.63,2026-05-13 10:27:54
OI00002032,ORD0000922,PROD000162,1,85.74,0.0,85.74,2026-07-23 15:58:55
OI00002033,ORD0000922,PROD000013,3,286.54,85.96,773.66,2026-07-23 15:58:55
OI00002034,ORD0000923,PROD000006,4,276.33,0.0,1105.32,2026-04-13 13:50:23
OI00002035,ORD0000923,PROD000130,2,251.9,0.0,503.8,2026-04-13 13:50:23
OI00002036,ORD0000924,PROD000164,1,179.02,0.0,179.02,2026-05-26 23:47:47
OI00002037,ORD0000925,PROD000068,2,253.43,0.0,506.86,2026-03-19 14:36:30
OI00002038,ORD0000926,PROD000011,1,74.18,0.0,74.18,2026-06-30 01:52:34
OI00002039,ORD0000926,PROD000080,1,288.18,0.0,288.18,2026-06-30 01:52:34
OI00002040,ORD0000926,PROD000092,1,90.01,9.0,81.01,2026-06-30 01:52:34
OI00002041,ORD0000927,PROD000021,1,325.45,0.0,325.45,2026-07-01 18:13:24
OI00002042,ORD0000927,PROD000060,1,313.56,0.0,313.56,2026-07-01 18:13:24
OI00002043,ORD0000927,PROD000196,1,135.89,0.0,135.89,2026-07-01 18:13:24
OI00002044,ORD0000927,PROD000098,2,188.42,0.0,376.84,2026-07-01 18:13:24
OI00002045,ORD0000928,PROD000094,3,170.67,25.6,486.41,2026-06-06 18:23:40
OI00002046,ORD0000929,PROD000069,4,332.4,0.0,1329.6,2026-06-19 07:11:22
OI00002047,ORD0000929,PROD000109,2,87.72,8.77,166.67,2026-06-19 07:11:22
OI00002048,ORD0000930,PROD000185,1,186.5,0.0,186.5,2026-06-15 11:11:29
OI00002049,ORD0000930,PROD000105,1,230.76,0.0,230.76,2026-06-15 11:11:29
OI00002050,ORD0000931,PROD000028,2,209.71,0.0,419.42,2026-04-22 16:04:52
OI00002051,ORD0000932,PROD000011,1,74.18,0.0,74.18,2026-07-28 01:21:34
OI00002052,ORD0000932,PROD000104,1,219.63,0.0,219.63,2026-07-28 01:21:34
OI00002053,ORD0000932,PROD000033,4,240.82,0.0,963.28,2026-07-28 01:21:34
OI00002054,ORD0000933,PROD000073,2,9.42,0.0,18.84,2026-06-04 04:27:08
OI00002055,ORD0000934,PROD000162,1,85.74,0.0,85.74,2026-07-13 14:37:20
OI00002056,ORD0000934,PROD000012,2,374.67,74.93,674.41,2026-07-13 14:37:20
OI00002057,ORD0000935,PROD000079,1,315.96,15.8,300.16,2026-07-25 17:58:00
OI00002058,ORD0000935,PROD000175,3,395.9,59.38,1128.32,2026-07-25 17:58:00
OI00002059,ORD0000936,PROD000127,1,216.42,0.0,216.42,2026-08-15 05:53:53
OI00002060,ORD0000936,PROD000036,1,22.66,0.0,22.66,2026-08-15 05:53:53
OI00002061,ORD0000936,PROD000139,1,48.21,0.0,48.21,2026-08-15 05:53:53
OI00002062,ORD0000937,PROD000057,1,282.26,14.11,268.15,2026-03-15 06:24:53
OI00002063,ORD0000938,PROD000061,2,85.11,0.0,170.22,2026-06-25 23:13:35
OI00002064,ORD0000938,PROD000065,2,459.64,0.0,919.28,2026-06-25 23:13:35
OI00002065,ORD0000938,PROD000059,2,368.8,0.0,737.6,2026-06-25 23:13:35
OI00002066,ORD0000938,PROD000112,2,76.78,0.0,153.56,2026-06-25 23:13:35
OI00002067,ORD0000938,PROD000080,4,288.18,0.0,1152.72,2026-06-25 23:13:35
OI00002068,ORD0000939,PROD000045,4,70.0,28.0,252.0,2026-06-03 10:11:34
OI00002069,ORD0000940,PROD000036,1,22.66,0.0,22.66,2026-03-30 01:55:14
OI00002070,ORD0000940,PROD000002,1,68.17,0.0,68.17,2026-03-30 01:55:14
OI00002071,ORD0000941,PROD000104,4,219.63,0.0,878.52,2026-07-18 21:45:17
OI00002072,ORD0000942,PROD000038,1,84.38,0.0,84.38,2026-03-06 23:39:30
OI00002073,ORD0000942,PROD000078,1,44.16,0.0,44.16,2026-03-06 23:39:30
OI00002074,ORD0000942,PROD000154,4,57.2,22.88,205.92,2026-03-06 23:39:30
OI00002075,ORD0000942,PROD000132,1,86.93,0.0,86.93,2026-03-06 23:39:30
OI00002076,ORD0000942,PROD000008,1,181.13,0.0,181.13,2026-03-06 23:39:30
OI00002077,ORD0000943,PROD000029,2,12.47,0.0,24.94,2026-03-23 13:18:00
OI00002078,ORD0000943,PROD000151,1,220.37,0.0,220.37,2026-03-23 13:18:00
OI00002079,ORD0000944,PROD000125,2,169.29,0.0,338.58,2026-08-09 15:13:03
OI00002080,ORD0000944,PROD000197,3,191.33,28.7,545.29,2026-08-09 15:13:03
OI00002081,ORD0000945,PROD000101,1,140.13,21.02,119.11,2026-05-13 01:50:15
OI00002082,ORD0000946,PROD000140,1,156.23,0.0,156.23,2026-02-18 05:29:30
OI00002083,ORD0000947,PROD000009,2,247.91,0.0,495.82,2026-02-19 19:51:29
OI00002084,ORD0000948,PROD000020,1,59.38,0.0,59.38,2026-04-07 21:52:24
OI00002085,ORD0000948,PROD000186,1,106.06,5.3,100.76,2026-04-07 21:52:24
OI00002086,ORD0000949,PROD000155,1,67.32,0.0,67.32,2026-04-29 10:26:50
OI00002087,ORD0000949,PROD000018,1,6.39,0.0,6.39,2026-04-29 10:26:50
OI00002088,ORD0000950,PROD000025,1,337.19,0.0,337.19,2026-04-13 12:19:18
OI00002089,ORD0000950,PROD000184,1,192.54,19.25,173.29,2026-04-13 12:19:18
OI00002090,ORD0000951,PROD000125,2,169.29,0.0,338.58,2026-03-07 12:46:58
OI00002091,ORD0000952,PROD000062,3,129.94,0.0,389.82,2026-07-23 13:13:43
OI00002092,ORD0000953,PROD000193,1,322.33,0.0,322.33,2026-06-16 16:52:19
OI00002093,ORD0000953,PROD000036,1,22.66,0.0,22.66,2026-06-16 16:52:19
OI00002094,ORD0000953,PROD000077,1,172.06,0.0,172.06,2026-06-16 16:52:19
OI00002095,ORD0000953,PROD000097,1,119.02,17.85,101.17,2026-06-16 16:52:19
OI00002096,ORD0000953,PROD000197,1,191.33,19.13,172.2,2026-06-16 16:52:19
OI00002097,ORD0000954,PROD000114,1,36.68,1.83,34.85,2026-06-06 04:56:25
OI00002098,ORD0000954,PROD000071,3,259.22,0.0,777.66,2026-06-06 04:56:25
OI00002099,ORD0000954,PROD000136,1,248.42,0.0,248.42,2026-06-06 04:56:25
OI00002100,ORD0000955,PROD000065,1,459.64,0.0,459.64,2026-02-19 02:33:17
OI00002101,ORD0000956,PROD000035,1,197.66,0.0,197.66,2026-07-09 22:36:02
OI00002102,ORD0000956,PROD000022,1,302.51,0.0,302.51,2026-07-09 22:36:02
OI00002103,ORD0000956,PROD000121,1,311.61,15.58,296.03,2026-07-09 22:36:02
OI00002104,ORD0000957,PROD000079,1,315.96,47.39,268.57,2026-05-26 18:46:40
OI00002105,ORD0000957,PROD000153,1,46.39,0.0,46.39,2026-05-26 18:46:40
OI00002106,ORD0000957,PROD000075,1,10.1,1.51,8.59,2026-05-26 18:46:40
OI00002107,ORD0000957,PROD000144,1,398.95,0.0,398.95,2026-05-26 18:46:40
OI00002108,ORD0000957,PROD000121,1,311.61,0.0,311.61,2026-05-26 18:46:40
OI00002109,ORD0000958,PROD000100,2,125.62,0.0,251.24,2026-03-05 00:12:47
OI00002110,ORD0000958,PROD000093,1,51.13,0.0,51.13,2026-03-05 00:12:47
OI00002111,ORD0000958,PROD000001,1,240.76,12.04,228.72,2026-03-05 00:12:47
OI00002112,ORD0000958,PROD000057,2,282.26,112.9,451.62,2026-03-05 00:12:47
OI00002113,ORD0000959,PROD000160,1,181.18,0.0,181.18,2026-07-18 03:39:00
OI00002114,ORD0000959,PROD000025,2,337.19,0.0,674.38,2026-07-18 03:39:00
OI00002115,ORD0000960,PROD000140,1,156.23,0.0,156.23,2026-05-24 12:48:47
OI00002116,ORD0000961,PROD000003,1,265.29,0.0,265.29,2026-08-08 02:49:36
OI00002117,ORD0000962,PROD000108,3,87.18,13.08,248.46,2026-03-10 03:55:58
OI00002118,ORD0000962,PROD000068,4,253.43,0.0,1013.72,2026-03-10 03:55:58
OI00002119,ORD0000962,PROD000011,2,74.18,0.0,148.36,2026-03-10 03:55:58
OI00002120,ORD0000962,PROD000013,1,286.54,0.0,286.54,2026-03-10 03:55:58
OI00002121,ORD0000962,PROD000006,2,276.33,82.9,469.76,2026-03-10 03:55:58
OI00002122,ORD0000963,PROD000093,2,51.13,15.34,86.92,2026-06-30 08:20:05
OI00002123,ORD0000963,PROD000142,1,276.94,55.39,221.55,2026-06-30 08:20:05
OI00002124,ORD0000963,PROD000038,1,84.38,0.0,84.38,2026-06-30 08:20:05
OI00002125,ORD0000964,PROD000008,1,181.13,27.17,153.96,2026-02-18 15:23:13
OI00002126,ORD0000964,PROD000125,2,169.29,0.0,338.58,2026-02-18 15:23:13
OI00002127,ORD0000965,PROD000155,1,67.32,6.73,60.59,2026-04-25 15:25:27
OI00002128,ORD0000966,PROD000186,1,106.06,5.3,100.76,2026-03-24 11:49:34
OI00002129,ORD0000966,PROD000061,4,85.11,0.0,340.44,2026-03-24 11:49:34
OI00002130,ORD0000966,PROD000146,3,237.64,0.0,712.92,2026-03-24 11:49:34
OI00002131,ORD0000966,PROD000125,1,169.29,0.0,169.29,2026-03-24 11:49:34
OI00002132,ORD0000967,PROD000100,1,125.62,0.0,125.62,2026-04-25 06:20:57
OI00002133,ORD0000967,PROD000182,3,116.92,0.0,350.76,2026-04-25 06:20:57
OI00002134,ORD0000967,PROD000052,1,289.95,0.0,289.95,2026-04-25 06:20:57
OI00002135,ORD0000968,PROD000031,2,62.29,18.69,105.89,2026-07-25 07:49:35
OI00002136,ORD0000969,PROD000009,1,247.91,0.0,247.91,2026-07-27 01:22:36
OI00002137,ORD0000970,PROD000148,1,111.17,0.0,111.17,2026-04-23 00:26:01
OI00002138,ORD0000970,PROD000038,2,84.38,0.0,168.76,2026-04-23 00:26:01
OI00002139,ORD0000971,PROD000034,2,376.06,0.0,752.12,2026-03-20 23:47:59
OI00002140,ORD0000971,PROD000008,1,181.13,0.0,181.13,2026-03-20 23:47:59
OI00002141,ORD0000972,PROD000012,2,374.67,74.93,674.41,2026-06-04 23:48:20
OI00002142,ORD0000972,PROD000086,4,216.37,0.0,865.48,2026-06-04 23:48:20
OI00002143,ORD0000973,PROD000102,1,157.31,0.0,157.31,2026-05-02 01:52:01
OI00002144,ORD0000974,PROD000116,1,33.83,0.0,33.83,2026-05-05 21:54:09
OI00002145,ORD0000974,PROD000022,1,302.51,45.38,257.13,2026-05-05 21:54:09
OI00002146,ORD0000975,PROD000001,1,240.76,0.0,240.76,2026-08-07 09:52:29
OI00002147,ORD0000975,PROD000144,2,398.95,119.69,678.21,2026-08-07 09:52:29
OI00002148,ORD0000976,PROD000113,3,295.97,0.0,887.91,2026-05-27 19:54:08
OI00002149,ORD0000976,PROD000154,2,57.2,0.0,114.4,2026-05-27 19:54:08
OI00002150,ORD0000976,PROD000124,2,396.34,0.0,792.68,2026-05-27 19:54:08
OI00002151,ORD0000976,PROD000144,1,398.95,0.0,398.95,2026-05-27 19:54:08
OI00002152,ORD0000977,PROD000137,4,16.14,0.0,64.56,2026-02-26 07:59:06
OI00002153,ORD0000977,PROD000085,1,36.94,0.0,36.94,2026-02-26 07:59:06
OI00002154,ORD0000978,PROD000030,1,113.9,0.0,113.9,2026-03-01 12:46:26
OI00002155,ORD0000979,PROD000047,1,125.52,0.0,125.52,2026-04-20 13:47:48
OI00002156,ORD0000980,PROD000174,1,225.67,0.0,225.67,2026-04-28 09:52:05
OI00002157,ORD0000980,PROD000140,1,156.23,0.0,156.23,2026-04-28 09:52:05
OI00002158,ORD0000980,PROD000053,3,381.96,0.0,1145.88,2026-04-28 09:52:05
OI00002159,ORD0000981,PROD000017,1,177.67,8.88,168.79,2026-05-14 10:37:50
OI00002160,ORD0000981,PROD000150,1,121.83,24.37,97.46,2026-05-14 10:37:50
OI00002161,ORD0000981,PROD000147,1,359.37,35.94,323.43,2026-05-14 10:37:50
OI00002162,ORD0000982,PROD000103,2,30.32,0.0,60.64,2026-03-12 08:06:02
OI00002163,ORD0000982,PROD000088,2,381.45,0.0,762.9,2026-03-12 08:06:02
OI00002164,ORD0000982,PROD000053,3,381.96,0.0,1145.88,2026-03-12 08:06:02
OI00002165,ORD0000983,PROD000027,3,174.59,0.0,523.77,2026-05-04 17:47:33
OI00002166,ORD0000983,PROD000183,4,239.94,0.0,959.76,2026-05-04 17:47:33
OI00002167,ORD0000984,PROD000078,1,44.16,0.0,44.16,2026-04-06 15:38:28
OI00002168,ORD0000985,PROD000132,1,86.93,0.0,86.93,2026-03-18 02:06:48
OI00002169,ORD0000985,PROD000185,2,186.5,37.3,335.7,2026-03-18 02:06:48
OI00002170,ORD0000986,PROD000163,2,379.9,37.99,721.81,2026-03-26 02:22:43
OI00002171,ORD0000987,PROD000123,1,410.86,0.0,410.86,2026-06-29 04:55:23
OI00002172,ORD0000988,PROD000124,1,396.34,19.82,376.52,2026-03-19 07:30:59
OI00002173,ORD0000988,PROD000148,1,111.17,0.0,111.17,2026-03-19 07:30:59
OI00002174,ORD0000988,PROD000001,1,240.76,0.0,240.76,2026-03-19 07:30:59
OI00002175,ORD0000989,PROD000041,3,287.98,0.0,863.94,2026-06-03 22:35:44
OI00002176,ORD0000989,PROD000035,3,197.66,0.0,592.98,2026-06-03 22:35:44
OI00002177,ORD0000990,PROD000063,1,61.43,6.14,55.29,2026-06-18 16:49:07
OI00002178,ORD0000991,PROD000099,3,244.63,0.0,733.89,2026-02-15 11:51:18
OI00002179,ORD0000991,PROD000132,1,86.93,0.0,86.93,2026-02-15 11:51:18
OI00002180,ORD0000992,PROD000033,1,240.82,0.0,240.82,2026-04-06 22:49:08
OI00002181,ORD0000993,PROD000133,1,7.24,0.0,7.24,2026-08-07 06:24:35
OI00002182,ORD0000993,PROD000006,2,276.33,0.0,552.66,2026-08-07 06:24:35
OI00002183,ORD0000994,PROD000031,2,62.29,12.46,112.12,2026-03-17 05:36:54
OI00002184,ORD0000995,PROD000185,2,186.5,37.3,335.7,2026-05-25 12:00:30
OI00002185,ORD0000995,PROD000148,1,111.17,5.56,105.61,2026-05-25 12:00:30
OI00002186,ORD0000996,PROD000153,3,46.39,0.0,139.17,2026-08-11 13:39:34
OI00002187,ORD0000997,PROD000020,3,59.38,0.0,178.14,2026-02-18 18:58:06
OI00002188,ORD0000997,PROD000004,1,71.87,7.19,64.68,2026-02-18 18:58:06
OI00002189,ORD0000997,PROD000089,1,270.52,0.0,270.52,2026-02-18 18:58:06
OI00002190,ORD0000998,PROD000175,1,395.9,0.0,395.9,2026-07-05 21:44:18
OI00002191,ORD0000998,PROD000093,1,51.13,0.0,51.13,2026-07-05 21:44:18
OI00002192,ORD0000998,PROD000065,1,459.64,22.98,436.66,2026-07-05 21:44:18
OI00002193,ORD0000999,PROD000033,1,240.82,0.0,240.82,2026-06-04 04:49:09
OI00002194,ORD0000999,PROD000090,2,82.64,16.53,148.75,2026-06-04 04:49:09
OI00002195,ORD0000999,PROD000133,1,7.24,0.0,7.24,2026-06-04 04:49:09
OI00002196,ORD0001000,PROD000159,1,90.28,0.0,90.28,2026-06-21 18:51:06
OI00002197,ORD0001000,PROD000141,1,54.3,0.0,54.3,2026-06-21 18:51:06
OI00002198,ORD0001001,PROD000107,1,128.32,0.0,128.32,2026-02-28 07:42:51
OI00002199,ORD0001002,PROD000100,1,125.62,0.0,125.62,2026-05-22 07:17:27
OI00002200,ORD0001003,PROD000185,4,186.5,37.3,708.7,2026-03-03 19:32:29
OI00002201,ORD0001003,PROD000137,1,16.14,0.0,16.14,2026-03-03 19:32:29
OI00002202,ORD0001003,PROD000151,1,220.37,0.0,220.37,2026-03-03 19:32:29
OI00002203,ORD0001004,PROD000142,2,276.94,0.0,553.88,2026-06-30 21:49:11
OI00002204,ORD0001004,PROD000092,1,90.01,0.0,90.01,2026-06-30 21:49:11
OI00002205,ORD0001004,PROD000129,1,280.22,14.01,266.21,2026-06-30 21:49:11
OI00002206,ORD0001005,PROD000012,1,374.67,0.0,374.67,2026-05-31 09:57:28
OI00002207,ORD0001005,PROD000125,1,169.29,16.93,152.36,2026-05-31 09:57:28
OI00002208,ORD0001005,PROD000115,2,66.23,0.0,132.46,2026-05-31 09:57:28
OI00002209,ORD0001006,PROD000197,1,191.33,0.0,191.33,2026-08-16 09:21:13
OI00002210,ORD0001006,PROD000037,3,48.34,0.0,145.02,2026-08-16 09:21:13
OI00002211,ORD0001007,PROD000148,1,111.17,0.0,111.17,2026-07-19 11:26:57
OI00002212,ORD0001007,PROD000109,1,87.72,0.0,87.72,2026-07-19 11:26:57
OI00002213,ORD0001008,PROD000171,1,118.83,0.0,118.83,2026-04-15 15:00:22
OI00002214,ORD0001008,PROD000039,4,318.97,0.0,1275.88,2026-04-15 15:00:22
OI00002215,ORD0001008,PROD000135,3,106.79,0.0,320.37,2026-04-15 15:00:22
OI00002216,ORD0001008,PROD000055,1,324.24,0.0,324.24,2026-04-15 15:00:22
OI00002217,ORD0001009,PROD000130,2,251.9,0.0,503.8,2026-08-01 02:20:26
OI00002218,ORD0001009,PROD000141,1,54.3,5.43,48.87,2026-08-01 02:20:26
OI00002219,ORD0001010,PROD000136,2,248.42,0.0,496.84,2026-02-22 20:53:50
OI00002220,ORD0001010,PROD000057,2,282.26,0.0,564.52,2026-02-22 20:53:50
OI00002221,ORD0001010,PROD000112,2,76.78,0.0,153.56,2026-02-22 20:53:50
OI00002222,ORD0001011,PROD000139,1,48.21,0.0,48.21,2026-06-19 20:06:48
OI00002223,ORD0001011,PROD000119,1,93.67,0.0,93.67,2026-06-19 20:06:48
OI00002224,ORD0001011,PROD000173,1,269.92,0.0,269.92,2026-06-19 20:06:48
OI00002225,ORD0001012,PROD000009,1,247.91,0.0,247.91,2026-03-17 15:17:53
OI00002226,ORD0001012,PROD000104,1,219.63,0.0,219.63,2026-03-17 15:17:53
OI00002227,ORD0001013,PROD000004,1,71.87,0.0,71.87,2026-04-02 14:01:57
OI00002228,ORD0001013,PROD000026,1,165.8,0.0,165.8,2026-04-02 14:01:57
OI00002229,ORD0001013,PROD000075,1,10.1,0.0,10.1,2026-04-02 14:01:57
OI00002230,ORD0001014,PROD000125,1,169.29,0.0,169.29,2026-06-13 06:01:58
OI00002231,ORD0001014,PROD000011,1,74.18,0.0,74.18,2026-06-13 06:01:58
OI00002232,ORD0001014,PROD000096,1,151.87,0.0,151.87,2026-06-13 06:01:58
OI00002233,ORD0001014,PROD000195,1,397.59,0.0,397.59,2026-06-13 06:01:58
OI00002234,ORD0001015,PROD000120,1,200.42,0.0,200.42,2026-03-17 21:51:28
OI00002235,ORD0001015,PROD000067,1,181.48,0.0,181.48,2026-03-17 21:51:28
OI00002236,ORD0001015,PROD000157,2,230.53,0.0,461.06,2026-03-17 21:51:28
OI00002237,ORD0001016,PROD000171,1,118.83,0.0,118.83,2026-05-17 15:46:39
OI00002238,ORD0001017,PROD000161,1,310.12,0.0,310.12,2026-08-15 07:48:31
OI00002239,ORD0001018,PROD000120,2,200.42,0.0,400.84,2026-02-28 18:49:36
OI00002240,ORD0001019,PROD000165,1,95.13,0.0,95.13,2026-03-31 05:55:10
OI00002241,ORD0001019,PROD000139,2,48.21,0.0,96.42,2026-03-31 05:55:10
OI00002242,ORD0001019,PROD000074,1,260.67,0.0,260.67,2026-03-31 05:55:10
OI00002243,ORD0001019,PROD000177,1,200.82,0.0,200.82,2026-03-31 05:55:10
OI00002244,ORD0001019,PROD000179,4,100.96,20.19,383.65,2026-03-31 05:55:10
OI00002245,ORD0001020,PROD000046,2,353.88,70.78,636.98,2026-03-29 21:34:00
OI00002246,ORD0001020,PROD000169,2,53.52,16.06,90.98,2026-03-29 21:34:00
OI00002247,ORD0001020,PROD000012,3,374.67,0.0,1124.01,2026-03-29 21:34:00
OI00002248,ORD0001020,PROD000045,1,70.0,0.0,70.0,2026-03-29 21:34:00
OI00002249,ORD0001020,PROD000050,1,110.2,0.0,110.2,2026-03-29 21:34:00
OI00002250,ORD0001021,PROD000068,2,253.43,50.69,456.17,2026-03-27 11:12:15
OI00002251,ORD0001021,PROD000100,2,125.62,0.0,251.24,2026-03-27 11:12:15
OI00002252,ORD0001021,PROD000018,4,6.39,0.0,25.56,2026-03-27 11:12:15
OI00002253,ORD0001021,PROD000011,3,74.18,0.0,222.54,2026-03-27 11:12:15
OI00002254,ORD0001021,PROD000041,1,287.98,0.0,287.98,2026-03-27 11:12:15
OI00002255,ORD0001022,PROD000080,2,288.18,28.82,547.54,2026-02-25 03:54:25
OI00002256,ORD0001022,PROD000197,1,191.33,19.13,172.2,2026-02-25 03:54:25
OI00002257,ORD0001022,PROD000057,1,282.26,0.0,282.26,2026-02-25 03:54:25
OI00002258,ORD0001023,PROD000152,4,68.44,0.0,273.76,2026-07-18 10:08:00
OI00002259,ORD0001024,PROD000170,3,39.7,0.0,119.1,2026-04-24 03:17:05
OI00002260,ORD0001024,PROD000109,2,87.72,26.32,149.12,2026-04-24 03:17:05
OI00002261,ORD0001024,PROD000089,1,270.52,0.0,270.52,2026-04-24 03:17:05
OI00002262,ORD0001025,PROD000004,1,71.87,0.0,71.87,2026-04-07 08:30:29
OI00002263,ORD0001026,PROD000027,1,174.59,0.0,174.59,2026-07-30 04:36:13
OI00002264,ORD0001026,PROD000165,1,95.13,0.0,95.13,2026-07-30 04:36:13
OI00002265,ORD0001026,PROD000035,2,197.66,0.0,395.32,2026-07-30 04:36:13
OI00002266,ORD0001026,PROD000049,1,343.12,51.47,291.65,2026-07-30 04:36:13
OI00002267,ORD0001026,PROD000110,1,112.33,0.0,112.33,2026-07-30 04:36:13
OI00002268,ORD0001027,PROD000117,1,96.57,0.0,96.57,2026-07-26 08:16:24
OI00002269,ORD0001027,PROD000032,1,305.5,0.0,305.5,2026-07-26 08:16:24
OI00002270,ORD0001027,PROD000125,1,169.29,0.0,169.29,2026-07-26 08:16:24
OI00002271,ORD0001027,PROD000063,3,61.43,0.0,184.29,2026-07-26 08:16:24
OI00002272,ORD0001028,PROD000090,1,82.64,0.0,82.64,2026-08-14 14:04:22
OI00002273,ORD0001028,PROD000026,1,165.8,0.0,165.8,2026-08-14 14:04:22
OI00002274,ORD0001029,PROD000130,1,251.9,50.38,201.52,2026-04-18 02:53:03
OI00002275,ORD0001029,PROD000182,1,116.92,0.0,116.92,2026-04-18 02:53:03
OI00002276,ORD0001029,PROD000037,3,48.34,0.0,145.02,2026-04-18 02:53:03
OI00002277,ORD0001029,PROD000073,1,9.42,0.0,9.42,2026-04-18 02:53:03
OI00002278,ORD0001030,PROD000002,2,68.17,0.0,136.34,2026-07-27 17:43:20
OI00002279,ORD0001030,PROD000085,1,36.94,0.0,36.94,2026-07-27 17:43:20
OI00002280,ORD0001031,PROD000157,1,230.53,0.0,230.53,2026-04-06 08:56:15
OI00002281,ORD0001031,PROD000120,2,200.42,0.0,400.84,2026-04-06 08:56:15
OI00002282,ORD0001032,PROD000142,2,276.94,0.0,553.88,2026-07-03 01:18:27
OI00002283,ORD0001033,PROD000136,2,248.42,0.0,496.84,2026-04-06 14:47:34
OI00002284,ORD0001033,PROD000036,1,22.66,0.0,22.66,2026-04-06 14:47:34
OI00002285,ORD0001033,PROD000112,1,76.78,0.0,76.78,2026-04-06 14:47:34
OI00002286,ORD0001034,PROD000164,1,179.02,0.0,179.02,2026-05-05 03:55:49
OI00002287,ORD0001035,PROD000188,1,114.4,11.44,102.96,2026-05-15 07:48:06
OI00002288,ORD0001035,PROD000181,1,132.65,0.0,132.65,2026-05-15 07:48:06
OI00002289,ORD0001035,PROD000112,1,76.78,0.0,76.78,2026-05-15 07:48:06
OI00002290,ORD0001036,PROD000023,1,69.84,0.0,69.84,2026-07-30 04:05:54
OI00002291,ORD0001036,PROD000081,1,267.87,0.0,267.87,2026-07-30 04:05:54
OI00002292,ORD0001036,PROD000160,1,181.18,0.0,181.18,2026-07-30 04:05:54
OI00002293,ORD0001036,PROD000161,2,310.12,0.0,620.24,2026-07-30 04:05:54
OI00002294,ORD0001037,PROD000052,1,289.95,14.5,275.45,2026-02-14 18:58:53
OI00002295,ORD0001037,PROD000050,2,110.2,0.0,220.4,2026-02-14 18:58:53
OI00002296,ORD0001038,PROD000055,2,324.24,0.0,648.48,2026-03-06 12:47:48
OI00002297,ORD0001038,PROD000152,1,68.44,0.0,68.44,2026-03-06 12:47:48
OI00002298,ORD0001039,PROD000150,1,121.83,0.0,121.83,2026-04-11 19:54:00
OI00002299,ORD0001039,PROD000038,1,84.38,8.44,75.94,2026-04-11 19:54:00
OI00002300,ORD0001039,PROD000130,2,251.9,25.19,478.61,2026-04-11 19:54:00
OI00002301,ORD0001039,PROD000138,1,154.12,30.82,123.3,2026-04-11 19:54:00
OI00002302,ORD0001039,PROD000187,3,260.32,0.0,780.96,2026-04-11 19:54:00
OI00002303,ORD0001040,PROD000055,1,324.24,0.0,324.24,2026-06-30 12:22:00
OI00002304,ORD0001040,PROD000077,1,172.06,0.0,172.06,2026-06-30 12:22:00
OI00002305,ORD0001041,PROD000176,1,395.87,0.0,395.87,2026-03-16 15:55:56
OI00002306,ORD0001042,PROD000081,1,267.87,0.0,267.87,2026-05-03 11:12:45
OI00002307,ORD0001043,PROD000116,1,33.83,0.0,33.83,2026-06-15 09:42:57
OI00002308,ORD0001043,PROD000009,2,247.91,0.0,495.82,2026-06-15 09:42:57
OI00002309,ORD0001044,PROD000096,1,151.87,0.0,151.87,2026-02-26 05:17:56
OI00002310,ORD0001045,PROD000011,1,74.18,0.0,74.18,2026-06-21 15:39:36
OI00002311,ORD0001045,PROD000046,1,353.88,0.0,353.88,2026-06-21 15:39:36
OI00002312,ORD0001045,PROD000081,2,267.87,0.0,535.74,2026-06-21 15:39:36
OI00002313,ORD0001046,PROD000125,2,169.29,0.0,338.58,2026-06-06 12:21:50
OI00002314,ORD0001046,PROD000160,1,181.18,0.0,181.18,2026-06-06 12:21:50
OI00002315,ORD0001047,PROD000079,1,315.96,0.0,315.96,2026-04-14 19:53:48
OI00002316,ORD0001047,PROD000196,1,135.89,0.0,135.89,2026-04-14 19:53:48
OI00002317,ORD0001048,PROD000089,2,270.52,0.0,541.04,2026-02-20 00:38:21
OI00002318,ORD0001048,PROD000137,1,16.14,0.0,16.14,2026-02-20 00:38:21
OI00002319,ORD0001049,PROD000136,1,248.42,0.0,248.42,2026-07-15 21:01:53
OI00002320,ORD0001049,PROD000151,1,220.37,11.02,209.35,2026-07-15 21:01:53
OI00002321,ORD0001049,PROD000020,2,59.38,0.0,118.76,2026-07-15 21:01:53
OI00002322,ORD0001050,PROD000110,1,112.33,5.62,106.71,2026-06-12 03:58:33
OI00002323,ORD0001050,PROD000105,2,230.76,69.23,392.29,2026-06-12 03:58:33
OI00002324,ORD0001051,PROD000018,2,6.39,1.28,11.5,2026-04-22 15:54:29
OI00002325,ORD0001051,PROD000103,1,30.32,0.0,30.32,2026-04-22 15:54:29
OI00002326,ORD0001052,PROD000045,2,70.0,0.0,140.0,2026-07-22 02:02:03
OI00002327,ORD0001052,PROD000162,1,85.74,0.0,85.74,2026-07-22 02:02:03
OI00002328,ORD0001052,PROD000030,2,113.9,0.0,227.8,2026-07-22 02:02:03
OI00002329,ORD0001052,PROD000003,1,265.29,53.06,212.23,2026-07-22 02:02:03
OI00002330,ORD0001053,PROD000117,1,96.57,0.0,96.57,2026-06-04 13:21:57
OI00002331,ORD0001053,PROD000168,1,433.94,0.0,433.94,2026-06-04 13:21:57
OI00002332,ORD0001054,PROD000049,3,343.12,0.0,1029.36,2026-02-20 12:25:30
OI00002333,ORD0001054,PROD000116,2,33.83,0.0,67.66,2026-02-20 12:25:30
OI00002334,ORD0001054,PROD000114,2,36.68,0.0,73.36,2026-02-20 12:25:30
OI00002335,ORD0001054,PROD000135,2,106.79,0.0,213.58,2026-02-20 12:25:30
OI00002336,ORD0001055,PROD000056,1,23.5,0.0,23.5,2026-05-09 23:38:51
OI00002337,ORD0001055,PROD000161,2,310.12,0.0,620.24,2026-05-09 23:38:51
OI00002338,ORD0001056,PROD000190,1,270.32,0.0,270.32,2026-06-24 12:30:25
OI00002339,ORD0001056,PROD000182,1,116.92,0.0,116.92,2026-06-24 12:30:25
OI00002340,ORD0001056,PROD000085,1,36.94,3.69,33.25,2026-06-24 12:30:25
OI00002341,ORD0001057,PROD000109,1,87.72,4.39,83.33,2026-08-14 23:04:34
OI00002342,ORD0001058,PROD000163,1,379.9,19.0,360.9,2026-05-27 21:10:36
OI00002343,ORD0001059,PROD000041,1,287.98,0.0,287.98,2026-03-07 14:36:52
OI00002344,ORD0001060,PROD000002,2,68.17,0.0,136.34,2026-04-08 07:51:14
OI00002345,ORD0001060,PROD000151,1,220.37,0.0,220.37,2026-04-08 07:51:14
OI00002346,ORD0001060,PROD000117,1,96.57,0.0,96.57,2026-04-08 07:51:14
OI00002347,ORD0001061,PROD000085,1,36.94,0.0,36.94,2026-07-16 03:43:42
OI00002348,ORD0001061,PROD000195,2,397.59,0.0,795.18,2026-07-16 03:43:42
OI00002349,ORD0001061,PROD000182,1,116.92,0.0,116.92,2026-07-16 03:43:42
OI00002350,ORD0001061,PROD000170,1,39.7,0.0,39.7,2026-07-16 03:43:42
OI00002351,ORD0001061,PROD000197,2,191.33,19.13,363.53,2026-07-16 03:43:42
OI00002352,ORD0001062,PROD000146,2,237.64,0.0,475.28,2026-02-15 09:16:38
OI00002353,ORD0001063,PROD000030,1,113.9,11.39,102.51,2026-02-28 04:09:50
OI00002354,ORD0001063,PROD000115,1,66.23,0.0,66.23,2026-02-28 04:09:50
OI00002355,ORD0001063,PROD000133,2,7.24,0.0,14.48,2026-02-28 04:09:50
OI00002356,ORD0001064,PROD000070,3,251.87,0.0,755.61,2026-05-13 00:33:37
OI00002357,ORD0001064,PROD000163,3,379.9,0.0,1139.7,2026-05-13 00:33:37
OI00002358,ORD0001065,PROD000170,4,39.7,0.0,158.8,2026-02-15 01:28:49
OI00002359,ORD0001066,PROD000017,1,177.67,0.0,177.67,2026-06-11 05:13:01
OI00002360,ORD0001066,PROD000127,1,216.42,32.46,183.96,2026-06-11 05:13:01
OI00002361,ORD0001067,PROD000008,2,181.13,0.0,362.26,2026-08-01 11:49:18
OI00002362,ORD0001068,PROD000023,1,69.84,0.0,69.84,2026-06-24 17:37:21
OI00002363,ORD0001068,PROD000020,3,59.38,0.0,178.14,2026-06-24 17:37:21
OI00002364,ORD0001069,PROD000004,1,71.87,0.0,71.87,2026-05-26 09:07:10
OI00002365,ORD0001069,PROD000157,1,230.53,0.0,230.53,2026-05-26 09:07:10
OI00002366,ORD0001070,PROD000060,1,313.56,0.0,313.56,2026-07-27 20:51:11
OI00002367,ORD0001071,PROD000003,2,265.29,0.0,530.58,2026-04-05 08:16:21
OI00002368,ORD0001072,PROD000164,3,179.02,0.0,537.06,2026-03-23 15:10:42
OI00002369,ORD0001072,PROD000025,1,337.19,0.0,337.19,2026-03-23 15:10:42
OI00002370,ORD0001073,PROD000185,1,186.5,18.65,167.85,2026-07-05 19:36:28
OI00002371,ORD0001073,PROD000125,1,169.29,0.0,169.29,2026-07-05 19:36:28
OI00002372,ORD0001074,PROD000021,2,325.45,32.55,618.35,2026-08-10 16:02:22
OI00002373,ORD0001075,PROD000144,1,398.95,39.9,359.05,2026-04-28 21:01:15
OI00002374,ORD0001075,PROD000154,1,57.2,11.44,45.76,2026-04-28 21:01:15
OI00002375,ORD0001075,PROD000039,1,318.97,0.0,318.97,2026-04-28 21:01:15
OI00002376,ORD0001076,PROD000112,2,76.78,0.0,153.56,2026-05-28 19:09:12
OI00002377,ORD0001077,PROD000138,4,154.12,61.65,554.83,2026-05-31 11:37:04
OI00002378,ORD0001078,PROD000114,1,36.68,0.0,36.68,2026-03-23 14:03:16
OI00002379,ORD0001079,PROD000097,1,119.02,23.8,95.22,2026-05-28 13:29:59
OI00002380,ORD0001080,PROD000156,2,208.16,41.63,374.69,2026-08-04 19:09:37
OI00002381,ORD0001081,PROD000121,1,311.61,0.0,311.61,2026-06-26 14:45:31
OI00002382,ORD0001081,PROD000004,1,71.87,10.78,61.09,2026-06-26 14:45:31
OI00002383,ORD0001081,PROD000085,2,36.94,7.39,66.49,2026-06-26 14:45:31
OI00002384,ORD0001081,PROD000033,2,240.82,0.0,481.64,2026-06-26 14:45:31
OI00002385,ORD0001082,PROD000112,1,76.78,0.0,76.78,2026-06-30 05:12:48
OI00002386,ORD0001082,PROD000003,4,265.29,0.0,1061.16,2026-06-30 05:12:48
OI00002387,ORD0001082,PROD000008,3,181.13,0.0,543.39,2026-06-30 05:12:48
OI00002388,ORD0001082,PROD000002,2,68.17,0.0,136.34,2026-06-30 05:12:48
OI00002389,ORD0001082,PROD000018,1,6.39,0.32,6.07,2026-06-30 05:12:48
OI00002390,ORD0001083,PROD000084,1,172.79,0.0,172.79,2026-08-03 23:54:02
OI00002391,ORD0001084,PROD000168,2,433.94,0.0,867.88,2026-06-23 10:09:57
OI00002392,ORD0001085,PROD000093,1,51.13,0.0,51.13,2026-05-24 05:10:47
OI00002393,ORD0001085,PROD000176,1,395.87,0.0,395.87,2026-05-24 05:10:47
OI00002394,ORD0001085,PROD000185,1,186.5,0.0,186.5,2026-05-24 05:10:47
OI00002395,ORD0001085,PROD000040,1,202.37,0.0,202.37,2026-05-24 05:10:47
OI00002396,ORD0001086,PROD000160,4,181.18,0.0,724.72,2026-07-25 15:35:57
OI00002397,ORD0001086,PROD000154,1,57.2,5.72,51.48,2026-07-25 15:35:57
OI00002398,ORD0001086,PROD000009,1,247.91,0.0,247.91,2026-07-25 15:35:57
OI00002399,ORD0001086,PROD000185,1,186.5,27.98,158.52,2026-07-25 15:35:57
OI00002400,ORD0001087,PROD000136,1,248.42,12.42,236.0,2026-05-31 21:06:59
OI00002401,ORD0001088,PROD000086,1,216.37,0.0,216.37,2026-07-28 20:18:54
OI00002402,ORD0001089,PROD000014,1,171.48,0.0,171.48,2026-04-14 01:42:12
OI00002403,ORD0001090,PROD000188,1,114.4,0.0,114.4,2026-03-06 20:22:03
OI00002404,ORD0001090,PROD000048,2,312.1,31.21,592.99,2026-03-06 20:22:03
OI00002405,ORD0001090,PROD000012,1,374.67,0.0,374.67,2026-03-06 20:22:03
OI00002406,ORD0001091,PROD000083,2,119.55,0.0,239.1,2026-06-18 11:13:29
OI00002407,ORD0001091,PROD000088,2,381.45,38.15,724.75,2026-06-18 11:13:29
OI00002408,ORD0001091,PROD000078,1,44.16,0.0,44.16,2026-06-18 11:13:29
OI00002409,ORD0001092,PROD000002,1,68.17,3.41,64.76,2026-06-02 13:08:49
OI00002410,ORD0001092,PROD000197,2,191.33,19.13,363.53,2026-06-02 13:08:49
OI00002411,ORD0001092,PROD000133,2,7.24,2.9,11.58,2026-06-02 13:08:49
OI00002412,ORD0001092,PROD000114,2,36.68,7.34,66.02,2026-06-02 13:08:49
OI00002413,ORD0001093,PROD000021,1,325.45,0.0,325.45,2026-03-09 12:44:15
OI00002414,ORD0001093,PROD000075,1,10.1,0.0,10.1,2026-03-09 12:44:15
OI00002415,ORD0001094,PROD000026,1,165.8,0.0,165.8,2026-05-18 13:00:22
OI00002416,ORD0001094,PROD000091,2,244.05,0.0,488.1,2026-05-18 13:00:22
OI00002417,ORD0001094,PROD000126,1,5.66,0.0,5.66,2026-05-18 13:00:22
OI00002418,ORD0001095,PROD000165,1,95.13,4.76,90.37,2026-02-26 18:31:52
OI00002419,ORD0001096,PROD000069,1,332.4,0.0,332.4,2026-05-07 10:57:19
OI00002420,ORD0001096,PROD000171,2,118.83,0.0,237.66,2026-05-07 10:57:19
OI00002421,ORD0001096,PROD000154,1,57.2,0.0,57.2,2026-05-07 10:57:19
OI00002422,ORD0001096,PROD000040,3,202.37,0.0,607.11,2026-05-07 10:57:19
OI00002423,ORD0001096,PROD000048,1,312.1,0.0,312.1,2026-05-07 10:57:19
OI00002424,ORD0001097,PROD000004,1,71.87,0.0,71.87,2026-07-05 16:43:17
OI00002425,ORD0001097,PROD000040,2,202.37,0.0,404.74,2026-07-05 16:43:17
OI00002426,ORD0001098,PROD000096,1,151.87,22.78,129.09,2026-04-28 21:27:45
OI00002427,ORD0001098,PROD000115,2,66.23,0.0,132.46,2026-04-28 21:27:45
OI00002428,ORD0001098,PROD000035,1,197.66,0.0,197.66,2026-04-28 21:27:45
OI00002429,ORD0001099,PROD000171,1,118.83,17.82,101.01,2026-03-02 10:49:53
OI00002430,ORD0001099,PROD000157,1,230.53,0.0,230.53,2026-03-02 10:49:53
OI00002431,ORD0001100,PROD000021,3,325.45,0.0,976.35,2026-03-19 14:44:39
OI00002432,ORD0001100,PROD000025,1,337.19,0.0,337.19,2026-03-19 14:44:39
OI00002433,ORD0001100,PROD000055,1,324.24,0.0,324.24,2026-03-19 14:44:39
OI00002434,ORD0001100,PROD000194,1,99.76,0.0,99.76,2026-03-19 14:44:39
OI00002435,ORD0001101,PROD000009,2,247.91,0.0,495.82,2026-05-28 01:11:42
OI00002436,ORD0001101,PROD000083,1,119.55,0.0,119.55,2026-05-28 01:11:42
OI00002437,ORD0001101,PROD000127,1,216.42,21.64,194.78,2026-05-28 01:11:42
OI00002438,ORD0001102,PROD000198,3,307.49,0.0,922.47,2026-06-17 02:17:23
OI00002439,ORD0001102,PROD000015,2,74.75,0.0,149.5,2026-06-17 02:17:23
OI00002440,ORD0001103,PROD000161,1,310.12,0.0,310.12,2026-03-08 16:48:04
OI00002441,ORD0001103,PROD000095,2,317.49,31.75,603.23,2026-03-08 16:48:04
OI00002442,ORD0001103,PROD000068,4,253.43,0.0,1013.72,2026-03-08 16:48:04
OI00002443,ORD0001104,PROD000004,2,71.87,0.0,143.74,2026-04-20 13:44:48
OI00002444,ORD0001104,PROD000037,1,48.34,0.0,48.34,2026-04-20 13:44:48
OI00002445,ORD0001105,PROD000014,1,171.48,0.0,171.48,2026-07-09 09:00:13
OI00002446,ORD0001106,PROD000023,1,69.84,0.0,69.84,2026-06-06 13:00:23
OI00002447,ORD0001106,PROD000184,1,192.54,0.0,192.54,2026-06-06 13:00:23
OI00002448,ORD0001106,PROD000181,3,132.65,0.0,397.95,2026-06-06 13:00:23
OI00002449,ORD0001106,PROD000119,1,93.67,18.73,74.94,2026-06-06 13:00:23
OI00002450,ORD0001107,PROD000095,2,317.49,31.75,603.23,2026-04-16 11:01:09
OI00002451,ORD0001107,PROD000042,1,358.03,0.0,358.03,2026-04-16 11:01:09
OI00002452,ORD0001108,PROD000177,2,200.82,0.0,401.64,2026-07-17 12:14:54
OI00002453,ORD0001109,PROD000180,1,443.88,0.0,443.88,2026-05-16 14:31:59
OI00002454,ORD0001109,PROD000168,1,433.94,0.0,433.94,2026-05-16 14:31:59
OI00002455,ORD0001109,PROD000037,2,48.34,9.67,87.01,2026-05-16 14:31:59
OI00002456,ORD0001110,PROD000169,2,53.52,0.0,107.04,2026-03-12 08:35:01
OI00002457,ORD0001110,PROD000108,1,87.18,4.36,82.82,2026-03-12 08:35:01
OI00002458,ORD0001110,PROD000098,1,188.42,0.0,188.42,2026-03-12 08:35:01
OI00002459,ORD0001111,PROD000140,1,156.23,0.0,156.23,2026-03-29 12:50:43
OI00002460,ORD0001111,PROD000014,1,171.48,25.72,145.76,2026-03-29 12:50:43
OI00002461,ORD0001112,PROD000083,3,119.55,0.0,358.65,2026-06-04 03:08:19
OI00002462,ORD0001112,PROD000125,1,169.29,16.93,152.36,2026-06-04 03:08:19
OI00002463,ORD0001113,PROD000104,4,219.63,0.0,878.52,2026-04-08 05:51:04
OI00002464,ORD0001114,PROD000089,1,270.52,0.0,270.52,2026-04-16 00:46:40
OI00002465,ORD0001114,PROD000117,1,96.57,0.0,96.57,2026-04-16 00:46:40
OI00002466,ORD0001114,PROD000014,1,171.48,0.0,171.48,2026-04-16 00:46:40
OI00002467,ORD0001115,PROD000102,2,157.31,62.92,251.7,2026-05-08 19:28:36
OI00002468,ORD0001115,PROD000059,1,368.8,0.0,368.8,2026-05-08 19:28:36
OI00002469,ORD0001115,PROD000026,2,165.8,0.0,331.6,2026-05-08 19:28:36
OI00002470,ORD0001115,PROD000194,3,99.76,0.0,299.28,2026-05-08 19:28:36
OI00002471,ORD0001115,PROD000090,2,82.64,0.0,165.28,2026-05-08 19:28:36
OI00002472,ORD0001116,PROD000093,1,51.13,0.0,51.13,2026-05-28 17:47:59
OI00002473,ORD0001117,PROD000002,2,68.17,0.0,136.34,2026-05-10 18:38:31
OI00002474,ORD0001117,PROD000104,1,219.63,0.0,219.63,2026-05-10 18:38:31
OI00002475,ORD0001118,PROD000002,2,68.17,0.0,136.34,2026-06-17 08:30:51
OI00002476,ORD0001119,PROD000038,2,84.38,0.0,168.76,2026-02-21 23:23:27
OI00002477,ORD0001120,PROD000050,3,110.2,33.06,297.54,2026-08-09 13:13:36
OI00002478,ORD0001121,PROD000168,1,433.94,0.0,433.94,2026-03-30 07:25:59
OI00002479,ORD0001121,PROD000186,1,106.06,0.0,106.06,2026-03-30 07:25:59
OI00002480,ORD0001122,PROD000067,2,181.48,0.0,362.96,2026-03-28 06:46:34
OI00002481,ORD0001123,PROD000047,1,125.52,0.0,125.52,2026-08-10 08:04:27
OI00002482,ORD0001123,PROD000147,1,359.37,0.0,359.37,2026-08-10 08:04:27
OI00002483,ORD0001123,PROD000079,2,315.96,0.0,631.92,2026-08-10 08:04:27
OI00002484,ORD0001124,PROD000075,2,10.1,0.0,20.2,2026-02-18 13:43:30
OI00002485,ORD0001125,PROD000061,1,85.11,0.0,85.11,2026-06-07 21:27:36
OI00002486,ORD0001125,PROD000033,1,240.82,0.0,240.82,2026-06-07 21:27:36
OI00002487,ORD0001126,PROD000140,1,156.23,0.0,156.23,2026-08-07 17:11:49
OI00002488,ORD0001126,PROD000126,3,5.66,0.0,16.98,2026-08-07 17:11:49
OI00002489,ORD0001126,PROD000132,4,86.93,52.16,295.56,2026-08-07 17:11:49
OI00002490,ORD0001126,PROD000060,1,313.56,0.0,313.56,2026-08-07 17:11:49
OI00002491,ORD0001127,PROD000009,2,247.91,0.0,495.82,2026-06-07 14:13:35
OI00002492,ORD0001127,PROD000094,1,170.67,0.0,170.67,2026-06-07 14:13:35
OI00002493,ORD0001128,PROD000035,1,197.66,0.0,197.66,2026-03-10 07:52:02
OI00002494,ORD0001128,PROD000140,1,156.23,7.81,148.42,2026-03-10 07:52:02
OI00002495,ORD0001128,PROD000077,1,172.06,0.0,172.06,2026-03-10 07:52:02
OI00002496,ORD0001129,PROD000011,1,74.18,0.0,74.18,2026-03-23 20:36:59
OI00002497,ORD0001130,PROD000019,1,64.3,0.0,64.3,2026-08-04 16:40:54
OI00002498,ORD0001130,PROD000080,2,288.18,0.0,576.36,2026-08-04 16:40:54
OI00002499,ORD0001130,PROD000161,1,310.12,0.0,310.12,2026-08-04 16:40:54
OI00002500,ORD0001130,PROD000125,1,169.29,8.46,160.83,2026-08-04 16:40:54
OI00002501,ORD0001131,PROD000143,1,293.11,0.0,293.11,2026-07-12 06:34:45
OI00002502,ORD0001131,PROD000119,3,93.67,14.05,266.96,2026-07-12 06:34:45
OI00002503,ORD0001132,PROD000121,1,311.61,0.0,311.61,2026-07-17 13:51:42
OI00002504,ORD0001132,PROD000083,4,119.55,0.0,478.2,2026-07-17 13:51:42
OI00002505,ORD0001132,PROD000060,1,313.56,0.0,313.56,2026-07-17 13:51:42
OI00002506,ORD0001133,PROD000081,1,267.87,0.0,267.87,2026-07-05 02:45:59
OI00002507,ORD0001134,PROD000044,2,137.29,54.92,219.66,2026-02-18 04:04:11
OI00002508,ORD0001134,PROD000037,2,48.34,0.0,96.68,2026-02-18 04:04:11
OI00002509,ORD0001134,PROD000052,1,289.95,0.0,289.95,2026-02-18 04:04:11
OI00002510,ORD0001135,PROD000146,2,237.64,0.0,475.28,2026-03-30 05:25:45
OI00002511,ORD0001136,PROD000154,4,57.2,0.0,228.8,2026-04-10 04:33:41
OI00002512,ORD0001137,PROD000103,1,30.32,0.0,30.32,2026-02-27 15:44:04
OI00002513,ORD0001137,PROD000111,1,209.32,0.0,209.32,2026-02-27 15:44:04
OI00002514,ORD0001138,PROD000177,2,200.82,0.0,401.64,2026-05-28 01:48:43
OI00002515,ORD0001138,PROD000075,3,10.1,0.0,30.3,2026-05-28 01:48:43
OI00002516,ORD0001138,PROD000160,4,181.18,72.47,652.25,2026-05-28 01:48:43
OI00002517,ORD0001139,PROD000038,1,84.38,0.0,84.38,2026-03-25 17:25:51
OI00002518,ORD0001140,PROD000079,1,315.96,31.6,284.36,2026-03-13 23:20:22
OI00002519,ORD0001140,PROD000093,3,51.13,0.0,153.39,2026-03-13 23:20:22
OI00002520,ORD0001141,PROD000002,1,68.17,0.0,68.17,2026-05-17 23:22:06
OI00002521,ORD0001141,PROD000014,1,171.48,8.57,162.91,2026-05-17 23:22:06
OI00002522,ORD0001142,PROD000071,1,259.22,0.0,259.22,2026-03-19 21:43:03
OI00002523,ORD0001142,PROD000092,1,90.01,0.0,90.01,2026-03-19 21:43:03
OI00002524,ORD0001143,PROD000055,3,324.24,194.54,778.18,2026-06-25 17:39:30
OI00002525,ORD0001143,PROD000150,1,121.83,6.09,115.74,2026-06-25 17:39:30
OI00002526,ORD0001143,PROD000113,2,295.97,29.6,562.34,2026-06-25 17:39:30
OI00002527,ORD0001144,PROD000084,1,172.79,0.0,172.79,2026-03-03 15:01:15
OI00002528,ORD0001144,PROD000075,1,10.1,0.51,9.59,2026-03-03 15:01:15
OI00002529,ORD0001144,PROD000041,1,287.98,0.0,287.98,2026-03-03 15:01:15
OI00002530,ORD0001144,PROD000059,2,368.8,0.0,737.6,2026-03-03 15:01:15
OI00002531,ORD0001145,PROD000182,1,116.92,0.0,116.92,2026-04-26 20:04:13
OI00002532,ORD0001145,PROD000017,2,177.67,17.77,337.57,2026-04-26 20:04:13
OI00002533,ORD0001145,PROD000173,1,269.92,0.0,269.92,2026-04-26 20:04:13
OI00002534,ORD0001146,PROD000077,1,172.06,0.0,172.06,2026-05-12 12:35:17
OI00002535,ORD0001146,PROD000149,1,259.04,0.0,259.04,2026-05-12 12:35:17
OI00002536,ORD0001147,PROD000141,2,54.3,0.0,108.6,2026-05-24 13:44:31
OI00002537,ORD0001147,PROD000182,1,116.92,0.0,116.92,2026-05-24 13:44:31
OI00002538,ORD0001148,PROD000175,1,395.9,0.0,395.9,2026-07-27 03:35:02
OI00002539,ORD0001149,PROD000037,2,48.34,0.0,96.68,2026-02-28 15:14:05
OI00002540,ORD0001149,PROD000094,1,170.67,0.0,170.67,2026-02-28 15:14:05
OI00002541,ORD0001149,PROD000148,1,111.17,0.0,111.17,2026-02-28 15:14:05
OI00002542,ORD0001149,PROD000079,2,315.96,0.0,631.92,2026-02-28 15:14:05
OI00002543,ORD0001149,PROD000174,1,225.67,0.0,225.67,2026-02-28 15:14:05
OI00002544,ORD0001150,PROD000075,1,10.1,0.0,10.1,2026-07-20 21:07:42
OI00002545,ORD0001150,PROD000195,2,397.59,0.0,795.18,2026-07-20 21:07:42
OI00002546,ORD0001150,PROD000148,2,111.17,11.12,211.22,2026-07-20 21:07:42
OI00002547,ORD0001150,PROD000042,1,358.03,0.0,358.03,2026-07-20 21:07:42
OI00002548,ORD0001151,PROD000119,1,93.67,0.0,93.67,2026-04-26 16:36:26
OI00002549,ORD0001152,PROD000137,3,16.14,0.0,48.42,2026-05-22 16:39:48
OI00002550,ORD0001152,PROD000082,2,49.54,0.0,99.08,2026-05-22 16:39:48
OI00002551,ORD0001153,PROD000150,1,121.83,0.0,121.83,2026-05-24 17:11:53
OI00002552,ORD0001153,PROD000025,1,337.19,0.0,337.19,2026-05-24 17:11:53
OI00002553,ORD0001154,PROD000116,1,33.83,0.0,33.83,2026-05-15 15:19:26
OI00002554,ORD0001154,PROD000041,1,287.98,0.0,287.98,2026-05-15 15:19:26
OI00002555,ORD0001154,PROD000066,1,424.54,0.0,424.54,2026-05-15 15:19:26
OI00002556,ORD0001155,PROD000119,3,93.67,0.0,281.01,2026-03-24 17:14:30
OI00002557,ORD0001155,PROD000089,2,270.52,0.0,541.04,2026-03-24 17:14:30
OI00002558,ORD0001155,PROD000077,2,172.06,0.0,344.12,2026-03-24 17:14:30
OI00002559,ORD0001156,PROD000089,1,270.52,0.0,270.52,2026-06-09 02:20:45
OI00002560,ORD0001156,PROD000055,2,324.24,64.85,583.63,2026-06-09 02:20:45
OI00002561,ORD0001157,PROD000099,1,244.63,0.0,244.63,2026-08-09 10:53:28
OI00002562,ORD0001157,PROD000164,1,179.02,0.0,179.02,2026-08-09 10:53:28
OI00002563,ORD0001158,PROD000057,1,282.26,0.0,282.26,2026-07-20 17:45:40
OI00002564,ORD0001158,PROD000143,1,293.11,0.0,293.11,2026-07-20 17:45:40
OI00002565,ORD0001158,PROD000074,1,260.67,0.0,260.67,2026-07-20 17:45:40
OI00002566,ORD0001159,PROD000180,2,443.88,0.0,887.76,2026-03-06 23:15:37
OI00002567,ORD0001160,PROD000184,1,192.54,0.0,192.54,2026-03-09 04:56:51
OI00002568,ORD0001160,PROD000153,2,46.39,0.0,92.78,2026-03-09 04:56:51
OI00002569,ORD0001160,PROD000148,1,111.17,5.56,105.61,2026-03-09 04:56:51
OI00002570,ORD0001160,PROD000183,2,239.94,0.0,479.88,2026-03-09 04:56:51
OI00002571,ORD0001161,PROD000165,1,95.13,0.0,95.13,2026-05-24 23:48:54
OI00002572,ORD0001162,PROD000144,2,398.95,39.9,758.0,2026-07-07 15:24:35
OI00002573,ORD0001163,PROD000092,1,90.01,0.0,90.01,2026-07-21 07:58:02
OI00002574,ORD0001163,PROD000129,1,280.22,0.0,280.22,2026-07-21 07:58:02
OI00002575,ORD0001164,PROD000027,2,174.59,17.46,331.72,2026-05-14 03:44:28
OI00002576,ORD0001165,PROD000009,1,247.91,0.0,247.91,2026-03-11 18:21:21
OI00002577,ORD0001165,PROD000100,1,125.62,0.0,125.62,2026-03-11 18:21:21
OI00002578,ORD0001166,PROD000103,4,30.32,0.0,121.28,2026-04-13 03:17:45
OI00002579,ORD0001167,PROD000063,3,61.43,0.0,184.29,2026-05-04 15:19:56
OI00002580,ORD0001167,PROD000184,1,192.54,0.0,192.54,2026-05-04 15:19:56
OI00002581,ORD0001167,PROD000091,1,244.05,12.2,231.85,2026-05-04 15:19:56
OI00002582,ORD0001168,PROD000152,3,68.44,0.0,205.32,2026-07-03 01:04:47
OI00002583,ORD0001168,PROD000014,2,171.48,0.0,342.96,2026-07-03 01:04:47
OI00002584,ORD0001169,PROD000162,2,85.74,0.0,171.48,2026-04-24 22:27:32
OI00002585,ORD0001169,PROD000083,1,119.55,0.0,119.55,2026-04-24 22:27:32
OI00002586,ORD0001169,PROD000007,1,255.16,38.27,216.89,2026-04-24 22:27:32
OI00002587,ORD0001169,PROD000065,2,459.64,0.0,919.28,2026-04-24 22:27:32
OI00002588,ORD0001169,PROD000117,2,96.57,0.0,193.14,2026-04-24 22:27:32
OI00002589,ORD0001170,PROD000190,1,270.32,0.0,270.32,2026-05-16 13:31:23
OI00002590,ORD0001170,PROD000039,4,318.97,63.79,1212.09,2026-05-16 13:31:23
OI00002591,ORD0001170,PROD000188,1,114.4,0.0,114.4,2026-05-16 13:31:23
OI00002592,ORD0001170,PROD000123,1,410.86,0.0,410.86,2026-05-16 13:31:23
OI00002593,ORD0001171,PROD000025,1,337.19,67.44,269.75,2026-08-14 23:19:41
OI00002594,ORD0001172,PROD000108,3,87.18,26.15,235.39,2026-07-07 09:40:47
OI00002595,ORD0001172,PROD000007,1,255.16,12.76,242.4,2026-07-07 09:40:47
OI00002596,ORD0001173,PROD000080,1,288.18,0.0,288.18,2026-04-22 10:11:46
OI00002597,ORD0001173,PROD000185,1,186.5,27.98,158.52,2026-04-22 10:11:46
OI00002598,ORD0001174,PROD000045,1,70.0,0.0,70.0,2026-03-17 09:04:28
OI00002599,ORD0001174,PROD000020,1,59.38,2.97,56.41,2026-03-17 09:04:28
OI00002600,ORD0001174,PROD000146,1,237.64,47.53,190.11,2026-03-17 09:04:28
OI00002601,ORD0001174,PROD000189,1,184.49,9.22,175.27,2026-03-17 09:04:28
OI00002602,ORD0001175,PROD000138,2,154.12,0.0,308.24,2026-08-04 23:24:44
OI00002603,ORD0001176,PROD000182,4,116.92,93.54,374.14,2026-07-18 16:46:55
OI00002604,ORD0001177,PROD000164,1,179.02,17.9,161.12,2026-03-24 17:54:40
OI00002605,ORD0001177,PROD000107,1,128.32,0.0,128.32,2026-03-24 17:54:40
OI00002606,ORD0001177,PROD000050,1,110.2,0.0,110.2,2026-03-24 17:54:40
OI00002607,ORD0001178,PROD000009,1,247.91,12.4,235.51,2026-06-07 11:00:08
OI00002608,ORD0001179,PROD000057,2,282.26,112.9,451.62,2026-08-10 16:14:17
OI00002609,ORD0001180,PROD000126,1,5.66,0.0,5.66,2026-06-01 17:22:39
OI00002610,ORD0001180,PROD000175,1,395.9,19.8,376.1,2026-06-01 17:22:39
OI00002611,ORD0001181,PROD000085,3,36.94,11.08,99.74,2026-05-01 15:39:10
OI00002612,ORD0001182,PROD000069,2,332.4,0.0,664.8,2026-03-22 03:51:24
OI00002613,ORD0001182,PROD000139,1,48.21,0.0,48.21,2026-03-22 03:51:24
OI00002614,ORD0001183,PROD000042,1,358.03,0.0,358.03,2026-07-30 08:57:39
OI00002615,ORD0001183,PROD000182,1,116.92,11.69,105.23,2026-07-30 08:57:39
OI00002616,ORD0001184,PROD000048,2,312.1,0.0,624.2,2026-05-04 15:02:01
OI00002617,ORD0001185,PROD000111,1,209.32,0.0,209.32,2026-04-10 09:59:50
OI00002618,ORD0001185,PROD000137,1,16.14,0.0,16.14,2026-04-10 09:59:50
OI00002619,ORD0001185,PROD000038,2,84.38,25.31,143.45,2026-04-10 09:59:50
OI00002620,ORD0001185,PROD000049,1,343.12,34.31,308.81,2026-04-10 09:59:50
OI00002621,ORD0001186,PROD000040,1,202.37,0.0,202.37,2026-08-12 22:23:43
OI00002622,ORD0001186,PROD000100,1,125.62,0.0,125.62,2026-08-12 22:23:43
OI00002623,ORD0001186,PROD000025,1,337.19,16.86,320.33,2026-08-12 22:23:43
OI00002624,ORD0001187,PROD000068,1,253.43,0.0,253.43,2026-03-20 22:44:00
OI00002625,ORD0001188,PROD000027,2,174.59,0.0,349.18,2026-06-27 10:03:44
OI00002626,ORD0001189,PROD000070,1,251.87,0.0,251.87,2026-03-09 05:13:37
OI00002627,ORD0001189,PROD000063,1,61.43,3.07,58.36,2026-03-09 05:13:37
OI00002628,ORD0001189,PROD000120,1,200.42,0.0,200.42,2026-03-09 05:13:37
OI00002629,ORD0001189,PROD000137,1,16.14,0.0,16.14,2026-03-09 05:13:37
OI00002630,ORD0001190,PROD000127,2,216.42,0.0,432.84,2026-05-30 08:33:20
OI00002631,ORD0001191,PROD000019,2,64.3,0.0,128.6,2026-02-15 11:55:27
OI00002632,ORD0001191,PROD000104,1,219.63,0.0,219.63,2026-02-15 11:55:27
OI00002633,ORD0001191,PROD000074,1,260.67,0.0,260.67,2026-02-15 11:55:27
OI00002634,ORD0001191,PROD000048,1,312.1,31.21,280.89,2026-02-15 11:55:27
OI00002635,ORD0001192,PROD000026,1,165.8,8.29,157.51,2026-05-11 12:01:43
OI00002636,ORD0001193,PROD000165,1,95.13,0.0,95.13,2026-05-30 00:02:06
OI00002637,ORD0001194,PROD000036,1,22.66,0.0,22.66,2026-06-05 05:13:54
OI00002638,ORD0001195,PROD000186,1,106.06,0.0,106.06,2026-07-14 16:11:42
OI00002639,ORD0001195,PROD000008,2,181.13,0.0,362.26,2026-07-14 16:11:42
OI00002640,ORD0001196,PROD000063,2,61.43,0.0,122.86,2026-04-09 16:34:19
OI00002641,ORD0001197,PROD000114,1,36.68,0.0,36.68,2026-03-17 04:13:10
OI00002642,ORD0001197,PROD000193,1,322.33,0.0,322.33,2026-03-17 04:13:10
OI00002643,ORD0001197,PROD000080,2,288.18,0.0,576.36,2026-03-17 04:13:10
OI00002644,ORD0001198,PROD000047,2,125.52,0.0,251.04,2026-02-17 17:16:37
OI00002645,ORD0001199,PROD000161,1,310.12,0.0,310.12,2026-04-21 02:48:29
OI00002646,ORD0001200,PROD000107,2,128.32,0.0,256.64,2026-06-15 08:14:22
OI00002647,ORD0001200,PROD000112,1,76.78,0.0,76.78,2026-06-15 08:14:22
OI00002648,ORD0001200,PROD000103,3,30.32,13.64,77.32,2026-06-15 08:14:22
OI00002649,ORD0001201,PROD000075,1,10.1,2.02,8.08,2026-04-21 02:40:32
OI00002650,ORD0001202,PROD000077,2,172.06,0.0,344.12,2026-05-29 17:37:44
OI00002651,ORD0001202,PROD000109,1,87.72,0.0,87.72,2026-05-29 17:37:44
OI00002652,ORD0001202,PROD000121,2,311.61,0.0,623.22,2026-05-29 17:37:44
OI00002653,ORD0001202,PROD000090,2,82.64,16.53,148.75,2026-05-29 17:37:44
OI00002654,ORD0001203,PROD000168,1,433.94,0.0,433.94,2026-05-12 20:15:09
OI00002655,ORD0001203,PROD000040,1,202.37,0.0,202.37,2026-05-12 20:15:09
OI00002656,ORD0001204,PROD000059,3,368.8,0.0,1106.4,2026-08-14 12:12:47
OI00002657,ORD0001205,PROD000109,1,87.72,0.0,87.72,2026-06-22 22:27:15
OI00002658,ORD0001205,PROD000152,2,68.44,0.0,136.88,2026-06-22 22:27:15
OI00002659,ORD0001205,PROD000039,2,318.97,31.9,606.04,2026-06-22 22:27:15
OI00002660,ORD0001206,PROD000109,3,87.72,0.0,263.16,2026-03-06 18:06:22
OI00002661,ORD0001207,PROD000106,1,13.25,0.0,13.25,2026-06-15 00:01:15
OI00002662,ORD0001207,PROD000016,2,373.26,0.0,746.52,2026-06-15 00:01:15
OI00002663,ORD0001208,PROD000037,2,48.34,0.0,96.68,2026-07-04 15:27:52
OI00002664,ORD0001208,PROD000107,1,128.32,25.66,102.66,2026-07-04 15:27:52
OI00002665,ORD0001209,PROD000183,1,239.94,0.0,239.94,2026-04-08 01:49:19
OI00002666,ORD0001210,PROD000051,1,128.31,0.0,128.31,2026-03-30 10:53:44
OI00002667,ORD0001211,PROD000074,1,260.67,0.0,260.67,2026-07-15 21:57:19
OI00002668,ORD0001211,PROD000143,1,293.11,0.0,293.11,2026-07-15 21:57:19
OI00002669,ORD0001211,PROD000189,3,184.49,0.0,553.47,2026-07-15 21:57:19
OI00002670,ORD0001212,PROD000155,1,67.32,0.0,67.32,2026-03-08 20:26:28
OI00002671,ORD0001212,PROD000062,1,129.94,19.49,110.45,2026-03-08 20:26:28
OI00002672,ORD0001212,PROD000060,1,313.56,0.0,313.56,2026-03-08 20:26:28
OI00002673,ORD0001213,PROD000164,2,179.02,0.0,358.04,2026-02-22 16:25:49
OI00002674,ORD0001213,PROD000009,1,247.91,0.0,247.91,2026-02-22 16:25:49
OI00002675,ORD0001214,PROD000027,1,174.59,0.0,174.59,2026-06-16 20:26:53
OI00002676,ORD0001214,PROD000080,2,288.18,0.0,576.36,2026-06-16 20:26:53
OI00002677,ORD0001215,PROD000070,3,251.87,0.0,755.61,2026-03-06 00:27:31
OI00002678,ORD0001216,PROD000088,2,381.45,76.29,686.61,2026-04-28 03:41:45
OI00002679,ORD0001217,PROD000154,2,57.2,0.0,114.4,2026-03-26 21:35:53
OI00002680,ORD0001217,PROD000009,2,247.91,0.0,495.82,2026-03-26 21:35:53
OI00002681,ORD0001218,PROD000073,3,9.42,5.65,22.61,2026-03-20 13:49:12
OI00002682,ORD0001219,PROD000026,3,165.8,0.0,497.4,2026-04-07 22:27:03
OI00002683,ORD0001219,PROD000138,1,154.12,7.71,146.41,2026-04-07 22:27:03
OI00002684,ORD0001219,PROD000168,1,433.94,0.0,433.94,2026-04-07 22:27:03
OI00002685,ORD0001219,PROD000027,1,174.59,0.0,174.59,2026-04-07 22:27:03
OI00002686,ORD0001219,PROD000056,1,23.5,0.0,23.5,2026-04-07 22:27:03
OI00002687,ORD0001220,PROD000130,2,251.9,0.0,503.8,2026-07-13 20:19:59
OI00002688,ORD0001221,PROD000151,1,220.37,0.0,220.37,2026-07-07 07:41:05
OI00002689,ORD0001222,PROD000144,1,398.95,0.0,398.95,2026-06-19 22:04:49
OI00002690,ORD0001222,PROD000103,1,30.32,0.0,30.32,2026-06-19 22:04:49
OI00002691,ORD0001223,PROD000187,1,260.32,0.0,260.32,2026-03-07 22:58:40
OI00002692,ORD0001223,PROD000106,1,13.25,0.0,13.25,2026-03-07 22:58:40
OI00002693,ORD0001223,PROD000033,1,240.82,0.0,240.82,2026-03-07 22:58:40
OI00002694,ORD0001223,PROD000162,1,85.74,0.0,85.74,2026-03-07 22:58:40
OI00002695,ORD0001223,PROD000081,1,267.87,0.0,267.87,2026-03-07 22:58:40
OI00002696,ORD0001224,PROD000095,1,317.49,0.0,317.49,2026-08-05 08:24:04
OI00002697,ORD0001224,PROD000045,2,70.0,14.0,126.0,2026-08-05 08:24:04
OI00002698,ORD0001224,PROD000091,1,244.05,0.0,244.05,2026-08-05 08:24:04
OI00002699,ORD0001225,PROD000100,1,125.62,0.0,125.62,2026-03-04 06:29:37
OI00002700,ORD0001225,PROD000119,1,93.67,14.05,79.62,2026-03-04 06:29:37
OI00002701,ORD0001226,PROD000188,1,114.4,0.0,114.4,2026-02-23 08:06:37
OI00002702,ORD0001226,PROD000111,1,209.32,20.93,188.39,2026-02-23 08:06:37
OI00002703,ORD0001227,PROD000186,1,106.06,0.0,106.06,2026-06-09 13:46:05
OI00002704,ORD0001227,PROD000101,1,140.13,0.0,140.13,2026-06-09 13:46:05
OI00002705,ORD0001228,PROD000002,2,68.17,20.45,115.89,2026-02-25 20:18:54
OI00002706,ORD0001228,PROD000105,3,230.76,0.0,692.28,2026-02-25 20:18:54
OI00002707,ORD0001228,PROD000144,2,398.95,0.0,797.9,2026-02-25 20:18:54
OI00002708,ORD0001229,PROD000016,1,373.26,74.65,298.61,2026-03-14 12:00:40
OI00002709,ORD0001229,PROD000192,2,122.14,0.0,244.28,2026-03-14 12:00:40
OI00002710,ORD0001230,PROD000187,1,260.32,0.0,260.32,2026-02-18 07:26:10
OI00002711,ORD0001231,PROD000092,3,90.01,0.0,270.03,2026-04-01 11:35:09
OI00002712,ORD0001232,PROD000156,1,208.16,0.0,208.16,2026-07-17 03:19:02
OI00002713,ORD0001233,PROD000089,4,270.52,162.31,919.77,2026-05-22 03:06:45
OI00002714,ORD0001233,PROD000052,3,289.95,0.0,869.85,2026-05-22 03:06:45
OI00002715,ORD0001233,PROD000090,2,82.64,0.0,165.28,2026-05-22 03:06:45
OI00002716,ORD0001234,PROD000011,2,74.18,0.0,148.36,2026-06-07 10:07:40
OI00002717,ORD0001234,PROD000170,1,39.7,3.97,35.73,2026-06-07 10:07:40
OI00002718,ORD0001235,PROD000174,1,225.67,11.28,214.39,2026-02-22 06:06:39
OI00002719,ORD0001236,PROD000113,1,295.97,29.6,266.37,2026-06-26 05:58:06
OI00002720,ORD0001236,PROD000127,1,216.42,0.0,216.42,2026-06-26 05:58:06
OI00002721,ORD0001237,PROD000097,4,119.02,0.0,476.08,2026-06-25 22:35:59
OI00002722,ORD0001237,PROD000141,2,54.3,0.0,108.6,2026-06-25 22:35:59
OI00002723,ORD0001238,PROD000188,2,114.4,22.88,205.92,2026-07-07 11:49:07
OI00002724,ORD0001239,PROD000156,3,208.16,31.22,593.26,2026-04-16 22:46:25
OI00002725,ORD0001239,PROD000091,1,244.05,0.0,244.05,2026-04-16 22:46:25
OI00002726,ORD0001239,PROD000097,2,119.02,0.0,238.04,2026-04-16 22:46:25
OI00002727,ORD0001240,PROD000196,1,135.89,0.0,135.89,2026-07-14 02:00:53
OI00002728,ORD0001240,PROD000084,2,172.79,0.0,345.58,2026-07-14 02:00:53
OI00002729,ORD0001241,PROD000126,2,5.66,0.0,11.32,2026-03-06 00:03:24
OI00002730,ORD0001242,PROD000116,1,33.83,3.38,30.45,2026-03-09 19:20:09
OI00002731,ORD0001242,PROD000188,1,114.4,0.0,114.4,2026-03-09 19:20:09
OI00002732,ORD0001242,PROD000158,2,391.88,0.0,783.76,2026-03-09 19:20:09
OI00002733,ORD0001242,PROD000018,1,6.39,0.0,6.39,2026-03-09 19:20:09
OI00002734,ORD0001243,PROD000141,3,54.3,0.0,162.9,2026-03-29 07:39:54
OI00002735,ORD0001244,PROD000047,1,125.52,0.0,125.52,2026-02-17 22:18:43
OI00002736,ORD0001244,PROD000059,1,368.8,0.0,368.8,2026-02-17 22:18:43
OI00002737,ORD0001244,PROD000085,1,36.94,0.0,36.94,2026-02-17 22:18:43
OI00002738,ORD0001244,PROD000146,1,237.64,35.65,201.99,2026-02-17 22:18:43
OI00002739,ORD0001245,PROD000164,1,179.02,0.0,179.02,2026-03-15 23:34:21
OI00002740,ORD0001245,PROD000008,2,181.13,0.0,362.26,2026-03-15 23:34:21
OI00002741,ORD0001245,PROD000107,1,128.32,0.0,128.32,2026-03-15 23:34:21
OI00002742,ORD0001246,PROD000049,3,343.12,51.47,977.89,2026-04-11 06:42:09
OI00002743,ORD0001247,PROD000037,2,48.34,0.0,96.68,2026-07-03 00:08:33
OI00002744,ORD0001248,PROD000042,2,358.03,35.8,680.26,2026-07-23 05:05:28
OI00002745,ORD0001249,PROD000067,1,181.48,0.0,181.48,2026-03-09 12:29:34
OI00002746,ORD0001249,PROD000168,2,433.94,0.0,867.88,2026-03-09 12:29:34
OI00002747,ORD0001250,PROD000065,1,459.64,0.0,459.64,2026-05-26 15:08:52
OI00002748,ORD0001251,PROD000013,1,286.54,0.0,286.54,2026-05-18 13:11:09
OI00002749,ORD0001251,PROD000029,1,12.47,0.0,12.47,2026-05-18 13:11:09
OI00002750,ORD0001251,PROD000162,2,85.74,0.0,171.48,2026-05-18 13:11:09
OI00002751,ORD0001252,PROD000039,1,318.97,0.0,318.97,2026-03-02 13:01:11
OI00002752,ORD0001253,PROD000170,1,39.7,0.0,39.7,2026-08-09 05:44:31
OI00002753,ORD0001253,PROD000088,4,381.45,76.29,1449.51,2026-08-09 05:44:31
OI00002754,ORD0001254,PROD000022,2,302.51,0.0,605.02,2026-02-15 15:50:49
OI00002755,ORD0001254,PROD000107,2,128.32,12.83,243.81,2026-02-15 15:50:49
OI00002756,ORD0001254,PROD000185,1,186.5,0.0,186.5,2026-02-15 15:50:49
OI00002757,ORD0001255,PROD000099,1,244.63,0.0,244.63,2026-04-29 12:15:28
OI00002758,ORD0001256,PROD000097,1,119.02,0.0,119.02,2026-03-08 23:28:31
OI00002759,ORD0001257,PROD000200,2,107.97,0.0,215.94,2026-06-02 05:08:01
OI00002760,ORD0001258,PROD000018,2,6.39,0.0,12.78,2026-08-02 16:51:46
OI00002761,ORD0001259,PROD000068,1,253.43,0.0,253.43,2026-08-10 04:01:24
OI00002762,ORD0001260,PROD000147,1,359.37,0.0,359.37,2026-07-03 06:37:09
OI00002763,ORD0001260,PROD000080,3,288.18,0.0,864.54,2026-07-03 06:37:09
OI00002764,ORD0001260,PROD000184,1,192.54,0.0,192.54,2026-07-03 06:37:09
OI00002765,ORD0001261,PROD000068,1,253.43,0.0,253.43,2026-02-21 18:01:47
OI00002766,ORD0001261,PROD000160,3,181.18,0.0,543.54,2026-02-21 18:01:47
OI00002767,ORD0001261,PROD000152,1,68.44,0.0,68.44,2026-02-21 18:01:47
OI00002768,ORD0001262,PROD000034,2,376.06,0.0,752.12,2026-07-19 18:40:32
OI00002769,ORD0001262,PROD000136,1,248.42,0.0,248.42,2026-07-19 18:40:32
OI00002770,ORD0001263,PROD000149,1,259.04,0.0,259.04,2026-08-08 00:26:21
OI00002771,ORD0001263,PROD000037,3,48.34,7.25,137.77,2026-08-08 00:26:21
OI00002772,ORD0001263,PROD000011,2,74.18,0.0,148.36,2026-08-08 00:26:21
OI00002773,ORD0001263,PROD000026,1,165.8,0.0,165.8,2026-08-08 00:26:21
OI00002774,ORD0001264,PROD000079,1,315.96,0.0,315.96,2026-04-12 15:56:23
OI00002775,ORD0001265,PROD000107,1,128.32,0.0,128.32,2026-04-20 17:53:23
OI00002776,ORD0001265,PROD000175,1,395.9,0.0,395.9,2026-04-20 17:53:23
OI00002777,ORD0001265,PROD000133,1,7.24,0.36,6.88,2026-04-20 17:53:23
OI00002778,ORD0001265,PROD000114,1,36.68,0.0,36.68,2026-04-20 17:53:23
OI00002779,ORD0001266,PROD000163,1,379.9,37.99,341.91,2026-02-21 04:26:40
OI00002780,ORD0001266,PROD000035,3,197.66,0.0,592.98,2026-02-21 04:26:40
OI00002781,ORD0001266,PROD000160,2,181.18,36.24,326.12,2026-02-21 04:26:40
OI00002782,ORD0001266,PROD000116,2,33.83,3.38,64.28,2026-02-21 04:26:40
OI00002783,ORD0001266,PROD000092,3,90.01,0.0,270.03,2026-02-21 04:26:40
OI00002784,ORD0001267,PROD000071,3,259.22,0.0,777.66,2026-04-17 03:20:44
OI00002785,ORD0001267,PROD000195,1,397.59,0.0,397.59,2026-04-17 03:20:44
OI00002786,ORD0001267,PROD000075,3,10.1,0.0,30.3,2026-04-17 03:20:44
OI00002787,ORD0001268,PROD000196,2,135.89,0.0,271.78,2026-04-05 01:50:12
OI00002788,ORD0001268,PROD000200,1,107.97,0.0,107.97,2026-04-05 01:50:12
OI00002789,ORD0001269,PROD000082,1,49.54,0.0,49.54,2026-07-11 14:54:56
OI00002790,ORD0001269,PROD000198,2,307.49,0.0,614.98,2026-07-11 14:54:56
OI00002791,ORD0001269,PROD000186,1,106.06,0.0,106.06,2026-07-11 14:54:56
OI00002792,ORD0001269,PROD000014,2,171.48,51.44,291.52,2026-07-11 14:54:56
OI00002793,ORD0001270,PROD000198,2,307.49,0.0,614.98,2026-04-18 06:28:41
OI00002794,ORD0001270,PROD000077,1,172.06,0.0,172.06,2026-04-18 06:28:41
OI00002795,ORD0001270,PROD000090,1,82.64,0.0,82.64,2026-04-18 06:28:41
OI00002796,ORD0001270,PROD000017,2,177.67,0.0,355.34,2026-04-18 06:28:41
OI00002797,ORD0001271,PROD000040,1,202.37,0.0,202.37,2026-06-27 22:12:00
OI00002798,ORD0001271,PROD000007,1,255.16,0.0,255.16,2026-06-27 22:12:00
OI00002799,ORD0001271,PROD000013,1,286.54,42.98,243.56,2026-06-27 22:12:00
OI00002800,ORD0001271,PROD000193,1,322.33,0.0,322.33,2026-06-27 22:12:00
OI00002801,ORD0001272,PROD000144,2,398.95,0.0,797.9,2026-06-04 21:28:43
OI00002802,ORD0001272,PROD000045,2,70.0,0.0,140.0,2026-06-04 21:28:43
OI00002803,ORD0001272,PROD000196,1,135.89,0.0,135.89,2026-06-04 21:28:43
OI00002804,ORD0001272,PROD000153,1,46.39,0.0,46.39,2026-06-04 21:28:43
OI00002805,ORD0001273,PROD000014,1,171.48,0.0,171.48,2026-06-07 16:08:01
OI00002806,ORD0001274,PROD000186,4,106.06,42.42,381.82,2026-05-20 23:55:05
OI00002807,ORD0001275,PROD000183,3,239.94,0.0,719.82,2026-05-11 08:25:07
OI00002808,ORD0001275,PROD000016,1,373.26,0.0,373.26,2026-05-11 08:25:07
OI00002809,ORD0001275,PROD000153,2,46.39,0.0,92.78,2026-05-11 08:25:07
OI00002810,ORD0001276,PROD000098,1,188.42,18.84,169.58,2026-04-21 01:04:03
OI00002811,ORD0001277,PROD000184,1,192.54,0.0,192.54,2026-08-11 05:53:21
OI00002812,ORD0001278,PROD000147,1,359.37,0.0,359.37,2026-06-23 09:12:02
OI00002813,ORD0001278,PROD000090,2,82.64,0.0,165.28,2026-06-23 09:12:02
OI00002814,ORD0001278,PROD000106,1,13.25,1.99,11.26,2026-06-23 09:12:02
OI00002815,ORD0001278,PROD000080,2,288.18,0.0,576.36,2026-06-23 09:12:02
OI00002816,ORD0001279,PROD000056,2,23.5,0.0,47.0,2026-08-04 04:25:57
OI00002817,ORD0001279,PROD000137,1,16.14,0.0,16.14,2026-08-04 04:25:57
OI00002818,ORD0001280,PROD000163,1,379.9,0.0,379.9,2026-06-29 02:07:05
OI00002819,ORD0001280,PROD000148,1,111.17,0.0,111.17,2026-06-29 02:07:05
OI00002820,ORD0001281,PROD000100,2,125.62,0.0,251.24,2026-05-08 23:01:21
OI00002821,ORD0001282,PROD000067,1,181.48,0.0,181.48,2026-05-10 14:45:09
OI00002822,ORD0001282,PROD000069,2,332.4,0.0,664.8,2026-05-10 14:45:09
OI00002823,ORD0001283,PROD000018,1,6.39,0.32,6.07,2026-05-30 07:09:06
OI00002824,ORD0001283,PROD000194,3,99.76,0.0,299.28,2026-05-30 07:09:06
OI00002825,ORD0001284,PROD000146,1,237.64,0.0,237.64,2026-04-09 09:52:55
OI00002826,ORD0001285,PROD000018,2,6.39,0.64,12.14,2026-04-03 14:48:24
OI00002827,ORD0001286,PROD000067,2,181.48,0.0,362.96,2026-03-30 12:08:55
OI00002828,ORD0001286,PROD000002,1,68.17,6.82,61.35,2026-03-30 12:08:55
OI00002829,ORD0001287,PROD000062,4,129.94,25.99,493.77,2026-06-14 11:56:46
OI00002830,ORD0001287,PROD000157,1,230.53,23.05,207.48,2026-06-14 11:56:46
OI00002831,ORD0001287,PROD000045,4,70.0,0.0,280.0,2026-06-14 11:56:46
OI00002832,ORD0001288,PROD000053,1,381.96,38.2,343.76,2026-06-25 01:08:20
OI00002833,ORD0001288,PROD000001,1,240.76,0.0,240.76,2026-06-25 01:08:20
OI00002834,ORD0001288,PROD000171,1,118.83,11.88,106.95,2026-06-25 01:08:20
OI00002835,ORD0001288,PROD000016,1,373.26,0.0,373.26,2026-06-25 01:08:20
OI00002836,ORD0001289,PROD000026,1,165.8,0.0,165.8,2026-04-13 07:03:22
OI00002837,ORD0001289,PROD000176,1,395.87,0.0,395.87,2026-04-13 07:03:22
OI00002838,ORD0001289,PROD000119,2,93.67,0.0,187.34,2026-04-13 07:03:22
OI00002839,ORD0001289,PROD000032,1,305.5,15.28,290.22,2026-04-13 07:03:22
OI00002840,ORD0001289,PROD000193,1,322.33,0.0,322.33,2026-04-13 07:03:22
OI00002841,ORD0001290,PROD000005,1,219.89,32.98,186.91,2026-08-08 14:33:54
OI00002842,ORD0001290,PROD000175,2,395.9,118.77,673.03,2026-08-08 14:33:54
OI00002843,ORD0001290,PROD000102,4,157.31,0.0,629.24,2026-08-08 14:33:54
OI00002844,ORD0001291,PROD000163,1,379.9,0.0,379.9,2026-04-06 19:29:39
OI00002845,ORD0001291,PROD000020,1,59.38,0.0,59.38,2026-04-06 19:29:39
OI00002846,ORD0001291,PROD000073,2,9.42,0.0,18.84,2026-04-06 19:29:39
OI00002847,ORD0001292,PROD000093,1,51.13,0.0,51.13,2026-02-27 10:07:21
OI00002848,ORD0001292,PROD000010,2,238.36,0.0,476.72,2026-02-27 10:07:21
OI00002849,ORD0001292,PROD000200,1,107.97,0.0,107.97,2026-02-27 10:07:21
OI00002850,ORD0001292,PROD000026,1,165.8,0.0,165.8,2026-02-27 10:07:21
OI00002851,ORD0001293,PROD000157,1,230.53,0.0,230.53,2026-04-10 13:16:54
OI00002852,ORD0001293,PROD000056,1,23.5,0.0,23.5,2026-04-10 13:16:54
OI00002853,ORD0001294,PROD000070,1,251.87,25.19,226.68,2026-07-19 13:06:18
OI00002854,ORD0001294,PROD000107,1,128.32,0.0,128.32,2026-07-19 13:06:18
OI00002855,ORD0001295,PROD000025,2,337.19,0.0,674.38,2026-04-28 13:53:15
OI00002856,ORD0001295,PROD000140,1,156.23,7.81,148.42,2026-04-28 13:53:15
OI00002857,ORD0001295,PROD000197,1,191.33,0.0,191.33,2026-04-28 13:53:15
OI00002858,ORD0001295,PROD000037,1,48.34,4.83,43.51,2026-04-28 13:53:15
OI00002859,ORD0001296,PROD000192,1,122.14,0.0,122.14,2026-06-21 23:08:18
OI00002860,ORD0001296,PROD000187,1,260.32,0.0,260.32,2026-06-21 23:08:18
OI00002861,ORD0001296,PROD000038,2,84.38,8.44,160.32,2026-06-21 23:08:18
OI00002862,ORD0001297,PROD000140,4,156.23,0.0,624.92,2026-07-15 19:35:49
OI00002863,ORD0001297,PROD000031,1,62.29,0.0,62.29,2026-07-15 19:35:49
OI00002864,ORD0001297,PROD000111,2,209.32,83.73,334.91,2026-07-15 19:35:49
OI00002865,ORD0001298,PROD000015,1,74.75,0.0,74.75,2026-08-01 12:24:38
OI00002866,ORD0001299,PROD000001,2,240.76,0.0,481.52,2026-07-19 01:15:04
OI00002867,ORD0001300,PROD000154,3,57.2,0.0,171.6,2026-02-27 04:33:41
OI00002868,ORD0001301,PROD000181,1,132.65,0.0,132.65,2026-08-07 14:39:47
OI00002869,ORD0001301,PROD000124,1,396.34,0.0,396.34,2026-08-07 14:39:47
OI00002870,ORD0001301,PROD000115,3,66.23,0.0,198.69,2026-08-07 14:39:47
OI00002871,ORD0001302,PROD000161,1,310.12,0.0,310.12,2026-03-09 16:08:43
OI00002872,ORD0001303,PROD000023,3,69.84,0.0,209.52,2026-06-13 01:00:55
OI00002873,ORD0001303,PROD000010,2,238.36,0.0,476.72,2026-06-13 01:00:55
OI00002874,ORD0001303,PROD000098,2,188.42,0.0,376.84,2026-06-13 01:00:55
OI00002875,ORD0001303,PROD000194,1,99.76,0.0,99.76,2026-06-13 01:00:55
OI00002876,ORD0001303,PROD000155,1,67.32,13.46,53.86,2026-06-13 01:00:55
OI00002877,ORD0001304,PROD000113,2,295.97,0.0,591.94,2026-07-15 15:47:19
OI00002878,ORD0001305,PROD000136,3,248.42,0.0,745.26,2026-03-15 03:51:31
OI00002879,ORD0001305,PROD000110,1,112.33,5.62,106.71,2026-03-15 03:51:31
OI00002880,ORD0001306,PROD000186,1,106.06,5.3,100.76,2026-04-17 11:34:33
OI00002881,ORD0001307,PROD000124,2,396.34,0.0,792.68,2026-06-12 13:11:37
OI00002882,ORD0001307,PROD000146,1,237.64,0.0,237.64,2026-06-12 13:11:37
OI00002883,ORD0001308,PROD000183,2,239.94,0.0,479.88,2026-05-27 06:25:52
OI00002884,ORD0001308,PROD000171,4,118.83,0.0,475.32,2026-05-27 06:25:52
OI00002885,ORD0001309,PROD000096,2,151.87,0.0,303.74,2026-07-16 07:51:20
OI00002886,ORD0001310,PROD000051,1,128.31,0.0,128.31,2026-05-09 06:53:31
OI00002887,ORD0001310,PROD000157,1,230.53,0.0,230.53,2026-05-09 06:53:31
OI00002888,ORD0001311,PROD000164,1,179.02,26.85,152.17,2026-05-01 10:49:28
OI00002889,ORD0001311,PROD000051,1,128.31,19.25,109.06,2026-05-01 10:49:28
OI00002890,ORD0001312,PROD000031,2,62.29,0.0,124.58,2026-05-29 09:51:05
OI00002891,ORD0001313,PROD000050,1,110.2,0.0,110.2,2026-03-01 02:41:23
OI00002892,ORD0001313,PROD000074,1,260.67,0.0,260.67,2026-03-01 02:41:23
OI00002893,ORD0001313,PROD000077,2,172.06,0.0,344.12,2026-03-01 02:41:23
OI00002894,ORD0001314,PROD000033,1,240.82,24.08,216.74,2026-02-27 12:14:41
OI00002895,ORD0001315,PROD000161,2,310.12,0.0,620.24,2026-02-17 13:41:32
OI00002896,ORD0001316,PROD000057,2,282.26,0.0,564.52,2026-07-18 18:09:11
OI00002897,ORD0001316,PROD000032,1,305.5,0.0,305.5,2026-07-18 18:09:11
OI00002898,ORD0001317,PROD000185,2,186.5,0.0,373.0,2026-07-28 20:01:08
OI00002899,ORD0001317,PROD000117,1,96.57,0.0,96.57,2026-07-28 20:01:08
OI00002900,ORD0001317,PROD000037,2,48.34,0.0,96.68,2026-07-28 20:01:08
OI00002901,ORD0001317,PROD000073,4,9.42,0.0,37.68,2026-07-28 20:01:08
OI00002902,ORD0001318,PROD000188,1,114.4,0.0,114.4,2026-08-10 20:51:41
OI00002903,ORD0001318,PROD000169,2,53.52,0.0,107.04,2026-08-10 20:51:41
OI00002904,ORD0001319,PROD000070,1,251.87,0.0,251.87,2026-05-23 18:57:31
OI00002905,ORD0001319,PROD000104,1,219.63,0.0,219.63,2026-05-23 18:57:31
OI00002906,ORD0001320,PROD000075,2,10.1,0.0,20.2,2026-07-04 11:52:26
OI00002907,ORD0001320,PROD000143,3,293.11,0.0,879.33,2026-07-04 11:52:26
OI00002908,ORD0001320,PROD000053,3,381.96,0.0,1145.88,2026-07-04 11:52:26
OI00002909,ORD0001321,PROD000109,1,87.72,0.0,87.72,2026-07-28 01:54:26
OI00002910,ORD0001321,PROD000084,1,172.79,0.0,172.79,2026-07-28 01:54:26
OI00002911,ORD0001322,PROD000185,1,186.5,9.32,177.18,2026-05-20 05:30:00
OI00002912,ORD0001323,PROD000196,1,135.89,0.0,135.89,2026-08-03 04:41:16
OI00002913,ORD0001323,PROD000095,1,317.49,15.87,301.62,2026-08-03 04:41:16
OI00002914,ORD0001323,PROD000152,1,68.44,0.0,68.44,2026-08-03 04:41:16
OI00002915,ORD0001323,PROD000009,1,247.91,0.0,247.91,2026-08-03 04:41:16
OI00002916,ORD0001323,PROD000100,1,125.62,0.0,125.62,2026-08-03 04:41:16
OI00002917,ORD0001324,PROD000132,1,86.93,8.69,78.24,2026-02-28 16:12:17
OI00002918,ORD0001325,PROD000008,1,181.13,0.0,181.13,2026-07-17 09:17:40
OI00002919,ORD0001326,PROD000006,1,276.33,0.0,276.33,2026-03-14 13:02:43
OI00002920,ORD0001326,PROD000187,3,260.32,0.0,780.96,2026-03-14 13:02:43
OI00002921,ORD0001326,PROD000050,1,110.2,0.0,110.2,2026-03-14 13:02:43
OI00002922,ORD0001326,PROD000158,2,391.88,0.0,783.76,2026-03-14 13:02:43
OI00002923,ORD0001326,PROD000026,1,165.8,0.0,165.8,2026-03-14 13:02:43
OI00002924,ORD0001327,PROD000187,1,260.32,0.0,260.32,2026-05-09 23:05:51
OI00002925,ORD0001328,PROD000192,3,122.14,18.32,348.1,2026-05-28 22:11:56
OI00002926,ORD0001328,PROD000106,1,13.25,0.0,13.25,2026-05-28 22:11:56
OI00002927,ORD0001329,PROD000021,1,325.45,16.27,309.18,2026-06-22 07:33:12
OI00002928,ORD0001330,PROD000136,2,248.42,49.68,447.16,2026-07-20 02:58:40
OI00002929,ORD0001331,PROD000115,1,66.23,0.0,66.23,2026-05-08 06:43:14
OI00002930,ORD0001331,PROD000036,1,22.66,0.0,22.66,2026-05-08 06:43:14
OI00002931,ORD0001331,PROD000135,1,106.79,0.0,106.79,2026-05-08 06:43:14
OI00002932,ORD0001331,PROD000050,2,110.2,11.02,209.38,2026-05-08 06:43:14
OI00002933,ORD0001332,PROD000027,1,174.59,0.0,174.59,2026-06-16 10:27:46
OI00002934,ORD0001333,PROD000165,2,95.13,0.0,190.26,2026-06-30 17:32:50
OI00002935,ORD0001334,PROD000170,2,39.7,11.91,67.49,2026-03-07 19:53:27
OI00002936,ORD0001334,PROD000095,1,317.49,0.0,317.49,2026-03-07 19:53:27
OI00002937,ORD0001334,PROD000019,1,64.3,0.0,64.3,2026-03-07 19:53:27
OI00002938,ORD0001334,PROD000121,1,311.61,0.0,311.61,2026-03-07 19:53:27
OI00002939,ORD0001335,PROD000060,3,313.56,0.0,940.68,2026-08-08 00:46:26
OI00002940,ORD0001335,PROD000079,1,315.96,0.0,315.96,2026-08-08 00:46:26
OI00002941,ORD0001335,PROD000063,3,61.43,0.0,184.29,2026-08-08 00:46:26
OI00002942,ORD0001335,PROD000150,1,121.83,0.0,121.83,2026-08-08 00:46:26
OI00002943,ORD0001336,PROD000039,1,318.97,0.0,318.97,2026-07-21 19:15:25
OI00002944,ORD0001336,PROD000156,1,208.16,10.41,197.75,2026-07-21 19:15:25
OI00002945,ORD0001336,PROD000047,1,125.52,0.0,125.52,2026-07-21 19:15:25
OI00002946,ORD0001336,PROD000066,2,424.54,0.0,849.08,2026-07-21 19:15:25
OI00002947,ORD0001337,PROD000148,1,111.17,11.12,100.05,2026-05-01 02:01:47
OI00002948,ORD0001337,PROD000055,1,324.24,32.42,291.82,2026-05-01 02:01:47
OI00002949,ORD0001337,PROD000184,1,192.54,0.0,192.54,2026-05-01 02:01:47
OI00002950,ORD0001337,PROD000084,2,172.79,0.0,345.58,2026-05-01 02:01:47
OI00002951,ORD0001338,PROD000194,1,99.76,0.0,99.76,2026-06-19 02:43:41
OI00002952,ORD0001338,PROD000164,1,179.02,0.0,179.02,2026-06-19 02:43:41
OI00002953,ORD0001339,PROD000119,2,93.67,0.0,187.34,2026-05-12 23:04:58
OI00002954,ORD0001339,PROD000038,1,84.38,0.0,84.38,2026-05-12 23:04:58
OI00002955,ORD0001340,PROD000020,1,59.38,0.0,59.38,2026-03-26 17:06:37
OI00002956,ORD0001340,PROD000091,1,244.05,0.0,244.05,2026-03-26 17:06:37
OI00002957,ORD0001341,PROD000183,1,239.94,23.99,215.95,2026-05-18 19:36:32
OI00002958,ORD0001342,PROD000003,2,265.29,0.0,530.58,2026-03-07 21:55:12
OI00002959,ORD0001343,PROD000174,3,225.67,0.0,677.01,2026-07-30 21:47:51
OI00002960,ORD0001343,PROD000009,1,247.91,0.0,247.91,2026-07-30 21:47:51
OI00002961,ORD0001344,PROD000013,1,286.54,0.0,286.54,2026-07-18 15:32:25
OI00002962,ORD0001345,PROD000018,1,6.39,0.0,6.39,2026-04-09 22:26:43
OI00002963,ORD0001346,PROD000189,1,184.49,0.0,184.49,2026-06-03 01:32:06
OI00002964,ORD0001346,PROD000035,2,197.66,0.0,395.32,2026-06-03 01:32:06
OI00002965,ORD0001346,PROD000125,1,169.29,0.0,169.29,2026-06-03 01:32:06
OI00002966,ORD0001347,PROD000046,1,353.88,17.69,336.19,2026-05-05 16:09:00
OI00002967,ORD0001347,PROD000101,2,140.13,0.0,280.26,2026-05-05 16:09:00
OI00002968,ORD0001347,PROD000066,1,424.54,21.23,403.31,2026-05-05 16:09:00
OI00002969,ORD0001348,PROD000066,2,424.54,0.0,849.08,2026-03-18 23:49:40
OI00002970,ORD0001348,PROD000152,2,68.44,0.0,136.88,2026-03-18 23:49:40
OI00002971,ORD0001348,PROD000159,4,90.28,0.0,361.12,2026-03-18 23:49:40
OI00002972,ORD0001349,PROD000050,1,110.2,0.0,110.2,2026-06-15 10:32:37
OI00002973,ORD0001349,PROD000012,1,374.67,0.0,374.67,2026-06-15 10:32:37
OI00002974,ORD0001350,PROD000158,1,391.88,19.59,372.29,2026-02-27 05:58:00
OI00002975,ORD0001351,PROD000002,1,68.17,0.0,68.17,2026-08-05 05:53:38
OI00002976,ORD0001352,PROD000102,1,157.31,0.0,157.31,2026-07-15 10:05:39
OI00002977,ORD0001353,PROD000021,1,325.45,0.0,325.45,2026-05-14 12:24:52
OI00002978,ORD0001353,PROD000066,2,424.54,0.0,849.08,2026-05-14 12:24:52
OI00002979,ORD0001354,PROD000111,1,209.32,0.0,209.32,2026-06-24 20:48:09
OI00002980,ORD0001354,PROD000029,2,12.47,2.49,22.45,2026-06-24 20:48:09
OI00002981,ORD0001355,PROD000154,2,57.2,0.0,114.4,2026-04-12 10:23:23
OI00002982,ORD0001356,PROD000085,1,36.94,0.0,36.94,2026-02-26 22:46:08
OI00002983,ORD0001356,PROD000084,1,172.79,0.0,172.79,2026-02-26 22:46:08
OI00002984,ORD0001356,PROD000109,2,87.72,0.0,175.44,2026-02-26 22:46:08
OI00002985,ORD0001356,PROD000106,1,13.25,0.66,12.59,2026-02-26 22:46:08
OI00002986,ORD0001356,PROD000048,2,312.1,0.0,624.2,2026-02-26 22:46:08
OI00002987,ORD0001357,PROD000151,1,220.37,22.04,198.33,2026-05-21 00:18:32
OI00002988,ORD0001357,PROD000116,1,33.83,0.0,33.83,2026-05-21 00:18:32
OI00002989,ORD0001358,PROD000060,2,313.56,0.0,627.12,2026-05-08 07:34:36
OI00002990,ORD0001358,PROD000105,1,230.76,0.0,230.76,2026-05-08 07:34:36
OI00002991,ORD0001358,PROD000156,1,208.16,0.0,208.16,2026-05-08 07:34:36
OI00002992,ORD0001358,PROD000158,2,391.88,0.0,783.76,2026-05-08 07:34:36
OI00002993,ORD0001359,PROD000183,1,239.94,35.99,203.95,2026-03-07 14:22:36
OI00002994,ORD0001360,PROD000195,1,397.59,0.0,397.59,2026-07-18 20:17:04
OI00002995,ORD0001360,PROD000039,1,318.97,0.0,318.97,2026-07-18 20:17:04
OI00002996,ORD0001361,PROD000198,1,307.49,61.5,245.99,2026-06-16 20:33:12
OI00002997,ORD0001362,PROD000148,1,111.17,0.0,111.17,2026-03-02 06:52:30
OI00002998,ORD0001362,PROD000186,3,106.06,0.0,318.18,2026-03-02 06:52:30
OI00002999,ORD0001363,PROD000030,1,113.9,0.0,113.9,2026-07-18 01:20:10
OI00003000,ORD0001363,PROD000079,1,315.96,0.0,315.96,2026-07-18 01:20:10
OI00003001,ORD0001364,PROD000140,2,156.23,0.0,312.46,2026-03-11 05:39:34
OI00003002,ORD0001364,PROD000059,4,368.8,0.0,1475.2,2026-03-11 05:39:34
OI00003003,ORD0001365,PROD000102,1,157.31,0.0,157.31,2026-03-11 11:12:53
OI00003004,ORD0001365,PROD000099,3,244.63,0.0,733.89,2026-03-11 11:12:53
OI00003005,ORD0001366,PROD000161,2,310.12,0.0,620.24,2026-05-06 16:26:13
OI00003006,ORD0001367,PROD000045,1,70.0,3.5,66.5,2026-07-16 00:37:56
OI00003007,ORD0001367,PROD000198,2,307.49,0.0,614.98,2026-07-16 00:37:56
OI00003008,ORD0001368,PROD000196,1,135.89,0.0,135.89,2026-06-21 10:12:50
OI00003009,ORD0001368,PROD000052,2,289.95,0.0,579.9,2026-06-21 10:12:50
OI00003010,ORD0001369,PROD000015,2,74.75,0.0,149.5,2026-05-09 17:37:02
OI00003011,ORD0001369,PROD000068,2,253.43,0.0,506.86,2026-05-09 17:37:02
OI00003012,ORD0001369,PROD000135,2,106.79,0.0,213.58,2026-05-09 17:37:02
OI00003013,ORD0001370,PROD000079,4,315.96,0.0,1263.84,2026-06-04 19:55:15
OI00003014,ORD0001371,PROD000018,2,6.39,0.0,12.78,2026-03-24 02:49:57
OI00003015,ORD0001371,PROD000170,3,39.7,0.0,119.1,2026-03-24 02:49:57
OI00003016,ORD0001371,PROD000200,2,107.97,43.19,172.75,2026-03-24 02:49:57
OI00003017,ORD0001372,PROD000112,2,76.78,0.0,153.56,2026-06-21 10:26:57
OI00003018,ORD0001372,PROD000010,1,238.36,0.0,238.36,2026-06-21 10:26:57
OI00003019,ORD0001372,PROD000033,1,240.82,12.04,228.78,2026-06-21 10:26:57
OI00003020,ORD0001373,PROD000014,2,171.48,0.0,342.96,2026-07-08 04:20:14
OI00003021,ORD0001374,PROD000165,1,95.13,0.0,95.13,2026-06-16 12:25:33
OI00003022,ORD0001375,PROD000174,3,225.67,0.0,677.01,2026-07-14 03:29:08
OI00003023,ORD0001375,PROD000171,1,118.83,0.0,118.83,2026-07-14 03:29:08
OI00003024,ORD0001376,PROD000018,1,6.39,0.0,6.39,2026-05-11 23:48:59
OI00003025,ORD0001376,PROD000056,1,23.5,0.0,23.5,2026-05-11 23:48:59
OI00003026,ORD0001377,PROD000049,2,343.12,0.0,686.24,2026-08-11 14:07:30
OI00003027,ORD0001377,PROD000086,3,216.37,0.0,649.11,2026-08-11 14:07:30
OI00003028,ORD0001377,PROD000035,2,197.66,39.53,355.79,2026-08-11 14:07:30
OI00003029,ORD0001377,PROD000185,2,186.5,0.0,373.0,2026-08-11 14:07:30
OI00003030,ORD0001377,PROD000046,2,353.88,0.0,707.76,2026-08-11 14:07:30
OI00003031,ORD0001378,PROD000154,1,57.2,2.86,54.34,2026-04-04 10:15:27
OI00003032,ORD0001379,PROD000190,2,270.32,0.0,540.64,2026-03-30 22:48:35
OI00003033,ORD0001379,PROD000008,2,181.13,0.0,362.26,2026-03-30 22:48:35
OI00003034,ORD0001379,PROD000042,2,358.03,0.0,716.06,2026-03-30 22:48:35
OI00003035,ORD0001380,PROD000095,1,317.49,15.87,301.62,2026-08-15 02:07:42
OI00003036,ORD0001380,PROD000115,1,66.23,0.0,66.23,2026-08-15 02:07:42
OI00003037,ORD0001380,PROD000078,1,44.16,0.0,44.16,2026-08-15 02:07:42
OI00003038,ORD0001381,PROD000092,4,90.01,0.0,360.04,2026-03-04 02:29:02
OI00003039,ORD0001382,PROD000055,1,324.24,0.0,324.24,2026-06-25 06:11:24
OI00003040,ORD0001383,PROD000106,1,13.25,1.99,11.26,2026-07-12 15:11:02
OI00003041,ORD0001383,PROD000120,1,200.42,0.0,200.42,2026-07-12 15:11:02
OI00003042,ORD0001384,PROD000017,2,177.67,0.0,355.34,2026-05-13 22:14:34
OI00003043,ORD0001385,PROD000186,2,106.06,0.0,212.12,2026-07-20 23:01:53
OI00003044,ORD0001386,PROD000055,2,324.24,0.0,648.48,2026-06-03 18:11:32
OI00003045,ORD0001386,PROD000084,1,172.79,0.0,172.79,2026-06-03 18:11:32
OI00003046,ORD0001387,PROD000010,1,238.36,11.92,226.44,2026-05-21 16:47:33
OI00003047,ORD0001388,PROD000176,1,395.87,0.0,395.87,2026-05-01 09:18:15
OI00003048,ORD0001388,PROD000036,1,22.66,0.0,22.66,2026-05-01 09:18:15
OI00003049,ORD0001389,PROD000104,3,219.63,65.89,593.0,2026-07-14 20:22:10
OI00003050,ORD0001389,PROD000173,2,269.92,53.98,485.86,2026-07-14 20:22:10
OI00003051,ORD0001389,PROD000077,1,172.06,0.0,172.06,2026-07-14 20:22:10
OI00003052,ORD0001390,PROD000012,1,374.67,18.73,355.94,2026-06-03 00:20:13
OI00003053,ORD0001390,PROD000073,1,9.42,0.0,9.42,2026-06-03 00:20:13
OI00003054,ORD0001391,PROD000078,4,44.16,0.0,176.64,2026-07-17 06:17:08
OI00003055,ORD0001392,PROD000174,1,225.67,0.0,225.67,2026-05-30 01:24:33
OI00003056,ORD0001392,PROD000163,2,379.9,0.0,759.8,2026-05-30 01:24:33
OI00003057,ORD0001393,PROD000073,2,9.42,1.88,16.96,2026-02-22 04:55:55
OI00003058,ORD0001394,PROD000136,2,248.42,0.0,496.84,2026-04-13 05:33:16
OI00003059,ORD0001395,PROD000195,2,397.59,0.0,795.18,2026-02-17 10:21:04
OI00003060,ORD0001395,PROD000026,3,165.8,0.0,497.4,2026-02-17 10:21:04
OI00003061,ORD0001395,PROD000107,1,128.32,0.0,128.32,2026-02-17 10:21:04
OI00003062,ORD0001395,PROD000139,4,48.21,0.0,192.84,2026-02-17 10:21:04
OI00003063,ORD0001396,PROD000005,2,219.89,0.0,439.78,2026-06-07 04:33:20
OI00003064,ORD0001396,PROD000184,2,192.54,19.25,365.83,2026-06-07 04:33:20
OI00003065,ORD0001396,PROD000094,1,170.67,0.0,170.67,2026-06-07 04:33:20
OI00003066,ORD0001397,PROD000152,3,68.44,10.27,195.05,2026-04-22 19:50:35
OI00003067,ORD0001397,PROD000165,1,95.13,14.27,80.86,2026-04-22 19:50:35
OI00003068,ORD0001397,PROD000045,2,70.0,0.0,140.0,2026-04-22 19:50:35
OI00003069,ORD0001398,PROD000105,4,230.76,0.0,923.04,2026-04-19 06:20:55
OI00003070,ORD0001398,PROD000085,1,36.94,1.85,35.09,2026-04-19 06:20:55
OI00003071,ORD0001398,PROD000146,1,237.64,0.0,237.64,2026-04-19 06:20:55
OI00003072,ORD0001399,PROD000098,1,188.42,0.0,188.42,2026-05-31 22:35:55
OI00003073,ORD0001400,PROD000094,4,170.67,0.0,682.68,2026-03-09 19:48:09
OI00003074,ORD0001400,PROD000022,1,302.51,15.13,287.38,2026-03-09 19:48:09
OI00003075,ORD0001401,PROD000105,1,230.76,0.0,230.76,2026-05-22 00:58:55
OI00003076,ORD0001401,PROD000135,1,106.79,0.0,106.79,2026-05-22 00:58:55
OI00003077,ORD0001402,PROD000073,1,9.42,0.0,9.42,2026-06-03 23:16:19
OI00003078,ORD0001402,PROD000112,2,76.78,0.0,153.56,2026-06-03 23:16:19
OI00003079,ORD0001403,PROD000116,1,33.83,1.69,32.14,2026-07-02 13:43:09
OI00003080,ORD0001403,PROD000023,3,69.84,0.0,209.52,2026-07-02 13:43:09
OI00003081,ORD0001404,PROD000047,1,125.52,18.83,106.69,2026-06-10 23:17:55
OI00003082,ORD0001404,PROD000192,1,122.14,0.0,122.14,2026-06-10 23:17:55
OI00003083,ORD0001404,PROD000114,1,36.68,0.0,36.68,2026-06-10 23:17:55
OI00003084,ORD0001404,PROD000036,3,22.66,6.8,61.18,2026-06-10 23:17:55
OI00003085,ORD0001405,PROD000081,2,267.87,80.36,455.38,2026-06-22 11:50:31
OI00003086,ORD0001406,PROD000070,1,251.87,0.0,251.87,2026-05-11 10:37:22
OI00003087,ORD0001406,PROD000008,1,181.13,0.0,181.13,2026-05-11 10:37:22
OI00003088,ORD0001406,PROD000067,1,181.48,0.0,181.48,2026-05-11 10:37:22
OI00003089,ORD0001407,PROD000023,1,69.84,3.49,66.35,2026-06-03 23:22:05
OI00003090,ORD0001408,PROD000012,3,374.67,0.0,1124.01,2026-07-31 03:13:03
OI00003091,ORD0001408,PROD000161,2,310.12,0.0,620.24,2026-07-31 03:13:03
OI00003092,ORD0001409,PROD000094,2,170.67,0.0,341.34,2026-06-24 19:15:47
OI00003093,ORD0001410,PROD000180,1,443.88,0.0,443.88,2026-04-03 15:55:43
OI00003094,ORD0001410,PROD000194,4,99.76,0.0,399.04,2026-04-03 15:55:43
OI00003095,ORD0001410,PROD000190,1,270.32,0.0,270.32,2026-04-03 15:55:43
OI00003096,ORD0001410,PROD000004,2,71.87,0.0,143.74,2026-04-03 15:55:43
OI00003097,ORD0001410,PROD000010,2,238.36,0.0,476.72,2026-04-03 15:55:43
OI00003098,ORD0001411,PROD000111,4,209.32,0.0,837.28,2026-03-09 09:44:48
OI00003099,ORD0001411,PROD000089,1,270.52,27.05,243.47,2026-03-09 09:44:48
OI00003100,ORD0001412,PROD000086,1,216.37,0.0,216.37,2026-06-11 02:59:17
OI00003101,ORD0001413,PROD000130,2,251.9,0.0,503.8,2026-07-31 10:41:26
OI00003102,ORD0001414,PROD000103,4,30.32,0.0,121.28,2026-05-23 18:56:09
OI00003103,ORD0001414,PROD000112,1,76.78,0.0,76.78,2026-05-23 18:56:09
OI00003104,ORD0001414,PROD000096,1,151.87,0.0,151.87,2026-05-23 18:56:09
OI00003105,ORD0001415,PROD000081,1,267.87,13.39,254.48,2026-08-11 10:00:46
OI00003106,ORD0001415,PROD000005,2,219.89,0.0,439.78,2026-08-11 10:00:46
OI00003107,ORD0001416,PROD000151,1,220.37,0.0,220.37,2026-03-25 17:16:03
OI00003108,ORD0001416,PROD000108,3,87.18,0.0,261.54,2026-03-25 17:16:03
OI00003109,ORD0001416,PROD000105,1,230.76,0.0,230.76,2026-03-25 17:16:03
OI00003110,ORD0001416,PROD000009,1,247.91,0.0,247.91,2026-03-25 17:16:03
OI00003111,ORD0001417,PROD000173,1,269.92,0.0,269.92,2026-04-22 07:19:55
OI00003112,ORD0001418,PROD000100,1,125.62,0.0,125.62,2026-08-08 02:58:46
OI00003113,ORD0001418,PROD000022,2,302.51,60.5,544.52,2026-08-08 02:58:46
OI00003114,ORD0001419,PROD000020,1,59.38,0.0,59.38,2026-06-22 02:19:06
OI00003115,ORD0001419,PROD000143,1,293.11,0.0,293.11,2026-06-22 02:19:06
OI00003116,ORD0001419,PROD000192,3,122.14,0.0,366.42,2026-06-22 02:19:06
OI00003117,ORD0001419,PROD000051,1,128.31,6.42,121.89,2026-06-22 02:19:06
OI00003118,ORD0001420,PROD000171,1,118.83,0.0,118.83,2026-07-24 13:49:34
OI00003119,ORD0001420,PROD000092,2,90.01,9.0,171.02,2026-07-24 13:49:34
OI00003120,ORD0001421,PROD000147,2,359.37,143.75,574.99,2026-08-16 16:50:04
OI00003121,ORD0001422,PROD000026,1,165.8,0.0,165.8,2026-06-12 16:48:39
OI00003122,ORD0001423,PROD000151,1,220.37,0.0,220.37,2026-03-09 21:57:45
OI00003123,ORD0001423,PROD000017,4,177.67,0.0,710.68,2026-03-09 21:57:45
OI00003124,ORD0001423,PROD000073,3,9.42,0.0,28.26,2026-03-09 21:57:45
OI00003125,ORD0001423,PROD000107,2,128.32,0.0,256.64,2026-03-09 21:57:45
OI00003126,ORD0001423,PROD000051,1,128.31,6.42,121.89,2026-03-09 21:57:45
OI00003127,ORD0001424,PROD000133,3,7.24,0.0,21.72,2026-07-15 03:59:06
OI00003128,ORD0001425,PROD000014,1,171.48,0.0,171.48,2026-05-29 03:12:15
OI00003129,ORD0001425,PROD000017,1,177.67,0.0,177.67,2026-05-29 03:12:15
OI00003130,ORD0001426,PROD000113,2,295.97,0.0,591.94,2026-06-07 04:05:42
OI00003131,ORD0001426,PROD000101,2,140.13,0.0,280.26,2026-06-07 04:05:42
OI00003132,ORD0001427,PROD000157,2,230.53,0.0,461.06,2026-06-06 04:47:51
OI00003133,ORD0001428,PROD000115,1,66.23,0.0,66.23,2026-03-24 00:39:54
OI00003134,ORD0001429,PROD000025,3,337.19,101.16,910.41,2026-03-14 08:26:06
OI00003135,ORD0001429,PROD000005,2,219.89,0.0,439.78,2026-03-14 08:26:06
OI00003136,ORD0001429,PROD000016,2,373.26,0.0,746.52,2026-03-14 08:26:06
OI00003137,ORD0001430,PROD000022,2,302.51,0.0,605.02,2026-03-20 06:34:09
OI00003138,ORD0001431,PROD000008,1,181.13,9.06,172.07,2026-05-30 10:41:50
OI00003139,ORD0001431,PROD000150,2,121.83,0.0,243.66,2026-05-30 10:41:50
OI00003140,ORD0001431,PROD000052,1,289.95,0.0,289.95,2026-05-30 10:41:50
OI00003141,ORD0001431,PROD000180,1,443.88,22.19,421.69,2026-05-30 10:41:50
OI00003142,ORD0001431,PROD000077,2,172.06,51.62,292.5,2026-05-30 10:41:50
OI00003143,ORD0001432,PROD000042,1,358.03,0.0,358.03,2026-06-22 20:48:08
OI00003144,ORD0001432,PROD000039,1,318.97,15.95,303.02,2026-06-22 20:48:08
OI00003145,ORD0001432,PROD000008,1,181.13,0.0,181.13,2026-06-22 20:48:08
OI00003146,ORD0001433,PROD000023,1,69.84,6.98,62.86,2026-04-21 11:12:35
OI00003147,ORD0001433,PROD000083,2,119.55,0.0,239.1,2026-04-21 11:12:35
OI00003148,ORD0001434,PROD000106,1,13.25,0.0,13.25,2026-07-31 02:45:59
OI00003149,ORD0001435,PROD000074,4,260.67,156.4,886.28,2026-04-03 09:00:26
OI00003150,ORD0001435,PROD000126,1,5.66,0.0,5.66,2026-04-03 09:00:26
OI00003151,ORD0001435,PROD000111,1,209.32,0.0,209.32,2026-04-03 09:00:26
OI00003152,ORD0001435,PROD000197,1,191.33,0.0,191.33,2026-04-03 09:00:26
OI00003153,ORD0001436,PROD000093,2,51.13,0.0,102.26,2026-06-05 18:44:16
OI00003154,ORD0001436,PROD000179,1,100.96,0.0,100.96,2026-06-05 18:44:16
OI00003155,ORD0001436,PROD000099,3,244.63,0.0,733.89,2026-06-05 18:44:16
OI00003156,ORD0001436,PROD000120,3,200.42,0.0,601.26,2026-06-05 18:44:16
OI00003157,ORD0001437,PROD000034,2,376.06,0.0,752.12,2026-07-25 22:15:04
OI00003158,ORD0001437,PROD000037,1,48.34,0.0,48.34,2026-07-25 22:15:04
OI00003159,ORD0001438,PROD000125,3,169.29,0.0,507.87,2026-07-09 03:00:59
OI00003160,ORD0001439,PROD000071,2,259.22,25.92,492.52,2026-02-19 05:32:01
OI00003161,ORD0001439,PROD000148,2,111.17,0.0,222.34,2026-02-19 05:32:01
OI00003162,ORD0001439,PROD000165,4,95.13,0.0,380.52,2026-02-19 05:32:01
OI00003163,ORD0001440,PROD000101,1,140.13,0.0,140.13,2026-07-17 05:48:07
OI00003164,ORD0001440,PROD000065,1,459.64,45.96,413.68,2026-07-17 05:48:07
OI00003165,ORD0001440,PROD000086,4,216.37,0.0,865.48,2026-07-17 05:48:07
OI00003166,ORD0001441,PROD000109,2,87.72,0.0,175.44,2026-03-02 01:36:21
OI00003167,ORD0001441,PROD000140,1,156.23,0.0,156.23,2026-03-02 01:36:21
OI00003168,ORD0001441,PROD000003,2,265.29,0.0,530.58,2026-03-02 01:36:21
OI00003169,ORD0001442,PROD000188,3,114.4,0.0,343.2,2026-05-10 11:44:42
OI00003170,ORD0001442,PROD000151,3,220.37,0.0,661.11,2026-05-10 11:44:42
OI00003171,ORD0001442,PROD000050,3,110.2,16.53,314.07,2026-05-10 11:44:42
OI00003172,ORD0001443,PROD000146,2,237.64,0.0,475.28,2026-04-10 15:15:23
OI00003173,ORD0001443,PROD000096,2,151.87,0.0,303.74,2026-04-10 15:15:23
OI00003174,ORD0001443,PROD000119,1,93.67,0.0,93.67,2026-04-10 15:15:23
OI00003175,ORD0001443,PROD000152,1,68.44,10.27,58.17,2026-04-10 15:15:23
OI00003176,ORD0001444,PROD000162,1,85.74,0.0,85.74,2026-07-06 22:30:17
OI00003177,ORD0001445,PROD000042,2,358.03,0.0,716.06,2026-07-28 07:05:30
OI00003178,ORD0001445,PROD000142,1,276.94,0.0,276.94,2026-07-28 07:05:30
OI00003179,ORD0001446,PROD000042,1,358.03,0.0,358.03,2026-08-11 04:45:40
OI00003180,ORD0001446,PROD000119,2,93.67,0.0,187.34,2026-08-11 04:45:40
OI00003181,ORD0001446,PROD000124,2,396.34,0.0,792.68,2026-08-11 04:45:40
OI00003182,ORD0001447,PROD000183,3,239.94,0.0,719.82,2026-04-14 04:39:26
OI00003183,ORD0001447,PROD000121,1,311.61,0.0,311.61,2026-04-14 04:39:26
OI00003184,ORD0001447,PROD000088,1,381.45,0.0,381.45,2026-04-14 04:39:26
OI00003185,ORD0001448,PROD000030,1,113.9,0.0,113.9,2026-03-01 09:13:22
OI00003186,ORD0001449,PROD000039,2,318.97,31.9,606.04,2026-05-09 12:30:41
OI00003187,ORD0001449,PROD000034,1,376.06,18.8,357.26,2026-05-09 12:30:41
OI00003188,ORD0001449,PROD000149,2,259.04,0.0,518.08,2026-05-09 12:30:41
OI00003189,ORD0001449,PROD000079,1,315.96,0.0,315.96,2026-05-09 12:30:41
OI00003190,ORD0001450,PROD000078,1,44.16,0.0,44.16,2026-04-21 00:41:44
OI00003191,ORD0001450,PROD000003,3,265.29,79.59,716.28,2026-04-21 00:41:44
OI00003192,ORD0001450,PROD000056,1,23.5,0.0,23.5,2026-04-21 00:41:44
OI00003193,ORD0001450,PROD000053,2,381.96,0.0,763.92,2026-04-21 00:41:44
OI00003194,ORD0001450,PROD000084,1,172.79,0.0,172.79,2026-04-21 00:41:44
OI00003195,ORD0001451,PROD000109,2,87.72,0.0,175.44,2026-05-10 08:17:26
OI00003196,ORD0001451,PROD000011,3,74.18,33.38,189.16,2026-05-10 08:17:26
OI00003197,ORD0001452,PROD000110,2,112.33,0.0,224.66,2026-07-27 01:08:31
OI00003198,ORD0001452,PROD000198,1,307.49,0.0,307.49,2026-07-27 01:08:31
OI00003199,ORD0001452,PROD000084,1,172.79,34.56,138.23,2026-07-27 01:08:31
OI00003200,ORD0001453,PROD000022,3,302.51,136.13,771.4,2026-07-26 16:09:51
OI00003201,ORD0001454,PROD000127,1,216.42,0.0,216.42,2026-08-01 04:42:13
OI00003202,ORD0001454,PROD000096,1,151.87,0.0,151.87,2026-08-01 04:42:13
OI00003203,ORD0001454,PROD000090,1,82.64,12.4,70.24,2026-08-01 04:42:13
OI00003204,ORD0001455,PROD000174,2,225.67,22.57,428.77,2026-06-18 20:32:17
OI00003205,ORD0001455,PROD000006,1,276.33,13.82,262.51,2026-06-18 20:32:17
OI00003206,ORD0001456,PROD000018,1,6.39,0.0,6.39,2026-07-11 19:38:32
OI00003207,ORD0001456,PROD000041,1,287.98,14.4,273.58,2026-07-11 19:38:32
OI00003208,ORD0001457,PROD000048,2,312.1,31.21,592.99,2026-03-30 19:13:43
OI00003209,ORD0001457,PROD000148,1,111.17,0.0,111.17,2026-03-30 19:13:43
OI00003210,ORD0001458,PROD000164,1,179.02,0.0,179.02,2026-06-17 08:28:28
OI00003211,ORD0001458,PROD000010,2,238.36,0.0,476.72,2026-06-17 08:28:28
OI00003212,ORD0001458,PROD000137,2,16.14,0.0,32.28,2026-06-17 08:28:28
OI00003213,ORD0001459,PROD000114,2,36.68,0.0,73.36,2026-04-14 11:27:34
OI00003214,ORD0001460,PROD000197,1,191.33,0.0,191.33,2026-02-15 03:37:17
OI00003215,ORD0001460,PROD000067,1,181.48,0.0,181.48,2026-02-15 03:37:17
OI00003216,ORD0001461,PROD000063,2,61.43,0.0,122.86,2026-03-01 12:03:07
OI00003217,ORD0001461,PROD000081,2,267.87,26.79,508.95,2026-03-01 12:03:07
OI00003218,ORD0001462,PROD000142,1,276.94,0.0,276.94,2026-08-12 13:30:08
OI00003219,ORD0001462,PROD000095,1,317.49,0.0,317.49,2026-08-12 13:30:08
OI00003220,ORD0001463,PROD000176,1,395.87,0.0,395.87,2026-06-20 06:06:25
OI00003221,ORD0001463,PROD000189,1,184.49,0.0,184.49,2026-06-20 06:06:25
OI00003222,ORD0001464,PROD000085,3,36.94,0.0,110.82,2026-07-07 04:53:49
OI00003223,ORD0001464,PROD000138,1,154.12,0.0,154.12,2026-07-07 04:53:49
OI00003224,ORD0001464,PROD000101,2,140.13,28.03,252.23,2026-07-07 04:53:49
OI00003225,ORD0001465,PROD000186,2,106.06,0.0,212.12,2026-07-26 22:07:49
OI00003226,ORD0001466,PROD000124,2,396.34,0.0,792.68,2026-05-03 11:29:06
OI00003227,ORD0001466,PROD000181,2,132.65,13.27,252.03,2026-05-03 11:29:06
OI00003228,ORD0001466,PROD000026,1,165.8,0.0,165.8,2026-05-03 11:29:06
OI00003229,ORD0001466,PROD000071,1,259.22,0.0,259.22,2026-05-03 11:29:06
OI00003230,ORD0001466,PROD000140,1,156.23,31.25,124.98,2026-05-03 11:29:06
OI00003231,ORD0001467,PROD000007,1,255.16,12.76,242.4,2026-04-12 18:18:23
OI00003232,ORD0001468,PROD000123,1,410.86,20.54,390.32,2026-03-05 18:22:39
OI00003233,ORD0001468,PROD000010,1,238.36,0.0,238.36,2026-03-05 18:22:39
OI00003234,ORD0001468,PROD000107,1,128.32,0.0,128.32,2026-03-05 18:22:39
OI00003235,ORD0001469,PROD000102,2,157.31,15.73,298.89,2026-05-06 08:43:06
OI00003236,ORD0001469,PROD000163,3,379.9,0.0,1139.7,2026-05-06 08:43:06
OI00003237,ORD0001469,PROD000066,1,424.54,0.0,424.54,2026-05-06 08:43:06
OI00003238,ORD0001470,PROD000012,1,374.67,0.0,374.67,2026-06-05 12:15:23
OI00003239,ORD0001470,PROD000139,1,48.21,0.0,48.21,2026-06-05 12:15:23
OI00003240,ORD0001471,PROD000020,1,59.38,0.0,59.38,2026-04-10 00:51:22
OI00003241,ORD0001471,PROD000077,3,172.06,0.0,516.18,2026-04-10 00:51:22
OI00003242,ORD0001472,PROD000160,1,181.18,9.06,172.12,2026-05-05 21:14:27
OI00003243,ORD0001472,PROD000114,1,36.68,0.0,36.68,2026-05-05 21:14:27
OI00003244,ORD0001473,PROD000192,1,122.14,0.0,122.14,2026-04-05 20:49:54
OI00003245,ORD0001473,PROD000063,2,61.43,0.0,122.86,2026-04-05 20:49:54
OI00003246,ORD0001473,PROD000102,1,157.31,0.0,157.31,2026-04-05 20:49:54
OI00003247,ORD0001473,PROD000179,2,100.96,0.0,201.92,2026-04-05 20:49:54
OI00003248,ORD0001474,PROD000143,3,293.11,0.0,879.33,2026-04-17 04:30:51
OI00003249,ORD0001475,PROD000045,2,70.0,0.0,140.0,2026-03-13 01:51:08
OI00003250,ORD0001475,PROD000020,3,59.38,8.91,169.23,2026-03-13 01:51:08
OI00003251,ORD0001475,PROD000074,1,260.67,0.0,260.67,2026-03-13 01:51:08
OI00003252,ORD0001476,PROD000109,2,87.72,0.0,175.44,2026-07-30 10:36:51
OI00003253,ORD0001476,PROD000090,3,82.64,0.0,247.92,2026-07-30 10:36:51
OI00003254,ORD0001476,PROD000126,1,5.66,0.0,5.66,2026-07-30 10:36:51
OI00003255,ORD0001476,PROD000074,1,260.67,0.0,260.67,2026-07-30 10:36:51
OI00003256,ORD0001477,PROD000106,3,13.25,0.0,39.75,2026-06-30 05:51:49
OI00003257,ORD0001478,PROD000168,1,433.94,21.7,412.24,2026-08-11 11:09:03
OI00003258,ORD0001479,PROD000073,1,9.42,1.41,8.01,2026-06-26 23:49:06
OI00003259,ORD0001479,PROD000106,1,13.25,0.0,13.25,2026-06-26 23:49:06
OI00003260,ORD0001479,PROD000190,1,270.32,0.0,270.32,2026-06-26 23:49:06
OI00003261,ORD0001479,PROD000036,4,22.66,9.06,81.58,2026-06-26 23:49:06
OI00003262,ORD0001480,PROD000137,3,16.14,0.0,48.42,2026-06-07 11:34:13
OI00003263,ORD0001481,PROD000154,2,57.2,0.0,114.4,2026-06-19 13:46:36
OI00003264,ORD0001481,PROD000066,2,424.54,0.0,849.08,2026-06-19 13:46:36
OI00003265,ORD0001482,PROD000141,1,54.3,0.0,54.3,2026-08-02 20:44:53
OI00003266,ORD0001482,PROD000039,1,318.97,0.0,318.97,2026-08-02 20:44:53
OI00003267,ORD0001482,PROD000011,1,74.18,0.0,74.18,2026-08-02 20:44:53
OI00003268,ORD0001482,PROD000080,1,288.18,0.0,288.18,2026-08-02 20:44:53
OI00003269,ORD0001482,PROD000154,3,57.2,0.0,171.6,2026-08-02 20:44:53
OI00003270,ORD0001483,PROD000165,2,95.13,0.0,190.26,2026-08-02 19:50:25
OI00003271,ORD0001484,PROD000070,4,251.87,0.0,1007.48,2026-08-08 22:14:38
OI00003272,ORD0001484,PROD000160,2,181.18,0.0,362.36,2026-08-08 22:14:38
OI00003273,ORD0001484,PROD000009,1,247.91,0.0,247.91,2026-08-08 22:14:38
OI00003274,ORD0001485,PROD000104,1,219.63,0.0,219.63,2026-03-16 01:38:28
OI00003275,ORD0001485,PROD000158,4,391.88,0.0,1567.52,2026-03-16 01:38:28
OI00003276,ORD0001486,PROD000069,2,332.4,0.0,664.8,2026-02-18 09:17:11
OI00003277,ORD0001487,PROD000161,2,310.12,31.01,589.23,2026-05-13 03:25:50
OI00003278,ORD0001488,PROD000171,1,118.83,5.94,112.89,2026-06-27 08:23:50
OI00003279,ORD0001489,PROD000002,1,68.17,0.0,68.17,2026-04-15 20:32:52
OI00003280,ORD0001489,PROD000113,2,295.97,59.19,532.75,2026-04-15 20:32:52
OI00003281,ORD0001490,PROD000044,2,137.29,0.0,274.58,2026-05-13 08:24:36
OI00003282,ORD0001491,PROD000103,4,30.32,0.0,121.28,2026-03-09 10:58:34
OI00003283,ORD0001491,PROD000146,1,237.64,0.0,237.64,2026-03-09 10:58:34
OI00003284,ORD0001492,PROD000140,3,156.23,0.0,468.69,2026-05-14 06:48:55
OI00003285,ORD0001492,PROD000021,1,325.45,0.0,325.45,2026-05-14 06:48:55
OI00003286,ORD0001493,PROD000025,4,337.19,0.0,1348.76,2026-03-02 01:19:04
OI00003287,ORD0001494,PROD000158,1,391.88,0.0,391.88,2026-07-27 20:35:37
OI00003288,ORD0001494,PROD000073,2,9.42,0.0,18.84,2026-07-27 20:35:37
OI00003289,ORD0001495,PROD000186,2,106.06,31.82,180.3,2026-06-07 08:03:00
OI00003290,ORD0001496,PROD000133,1,7.24,0.0,7.24,2026-06-11 23:40:42
OI00003291,ORD0001496,PROD000066,1,424.54,21.23,403.31,2026-06-11 23:40:42
OI00003292,ORD0001497,PROD000001,1,240.76,0.0,240.76,2026-06-10 22:58:48
OI00003293,ORD0001498,PROD000097,1,119.02,0.0,119.02,2026-07-15 15:44:55
OI00003294,ORD0001498,PROD000108,1,87.18,0.0,87.18,2026-07-15 15:44:55
OI00003295,ORD0001499,PROD000032,1,305.5,0.0,305.5,2026-07-15 03:52:37
OI00003296,ORD0001499,PROD000028,4,209.71,0.0,838.84,2026-07-15 03:52:37
OI00003297,ORD0001500,PROD000146,2,237.64,0.0,475.28,2026-05-19 17:43:47
OI00003298,ORD0001500,PROD000159,1,90.28,0.0,90.28,2026-05-19 17:43:47
OI00003299,ORD0001501,PROD000143,1,293.11,0.0,293.11,2026-05-12 14:43:01
OI00003300,ORD0001502,PROD000147,1,359.37,0.0,359.37,2026-06-01 07:53:27
OI00003301,ORD0001503,PROD000104,1,219.63,0.0,219.63,2026-02-25 01:49:55
OI00003302,ORD0001503,PROD000132,1,86.93,8.69,78.24,2026-02-25 01:49:55
OI00003303,ORD0001504,PROD000022,1,302.51,0.0,302.51,2026-05-22 10:31:29
OI00003304,ORD0001505,PROD000009,4,247.91,0.0,991.64,2026-03-18 08:35:38
OI00003305,ORD0001505,PROD000113,1,295.97,0.0,295.97,2026-03-18 08:35:38
OI00003306,ORD0001505,PROD000153,1,46.39,0.0,46.39,2026-03-18 08:35:38
OI00003307,ORD0001506,PROD000006,2,276.33,27.63,525.03,2026-03-01 01:09:13
OI00003308,ORD0001507,PROD000186,1,106.06,0.0,106.06,2026-05-21 17:16:45
OI00003309,ORD0001507,PROD000035,3,197.66,0.0,592.98,2026-05-21 17:16:45
OI00003310,ORD0001508,PROD000013,3,286.54,0.0,859.62,2026-05-04 16:08:32
OI00003311,ORD0001508,PROD000009,1,247.91,12.4,235.51,2026-05-04 16:08:32
OI00003312,ORD0001508,PROD000106,1,13.25,0.0,13.25,2026-05-04 16:08:32
OI00003313,ORD0001509,PROD000101,1,140.13,0.0,140.13,2026-04-20 03:07:37
OI00003314,ORD0001510,PROD000008,1,181.13,36.23,144.9,2026-02-17 03:15:28
OI00003315,ORD0001510,PROD000136,1,248.42,0.0,248.42,2026-02-17 03:15:28
OI00003316,ORD0001511,PROD000035,1,197.66,0.0,197.66,2026-07-03 19:01:43
OI00003317,ORD0001511,PROD000046,1,353.88,35.39,318.49,2026-07-03 19:01:43
OI00003318,ORD0001511,PROD000033,1,240.82,36.12,204.7,2026-07-03 19:01:43
OI00003319,ORD0001512,PROD000159,1,90.28,9.03,81.25,2026-07-08 06:26:59
OI00003320,ORD0001512,PROD000149,1,259.04,12.95,246.09,2026-07-08 06:26:59
OI00003321,ORD0001512,PROD000137,2,16.14,0.0,32.28,2026-07-08 06:26:59
OI00003322,ORD0001513,PROD000135,1,106.79,0.0,106.79,2026-05-05 15:23:51
OI00003323,ORD0001513,PROD000189,1,184.49,0.0,184.49,2026-05-05 15:23:51
OI00003324,ORD0001513,PROD000162,2,85.74,0.0,171.48,2026-05-05 15:23:51
OI00003325,ORD0001514,PROD000088,2,381.45,0.0,762.9,2026-06-14 13:01:20
OI00003326,ORD0001514,PROD000095,1,317.49,0.0,317.49,2026-06-14 13:01:20
OI00003327,ORD0001515,PROD000077,1,172.06,0.0,172.06,2026-08-03 10:00:05
OI00003328,ORD0001516,PROD000035,1,197.66,0.0,197.66,2026-03-22 01:55:44
OI00003329,ORD0001516,PROD000132,2,86.93,0.0,173.86,2026-03-22 01:55:44
OI00003330,ORD0001517,PROD000110,1,112.33,0.0,112.33,2026-08-08 14:28:16
OI00003331,ORD0001518,PROD000104,1,219.63,0.0,219.63,2026-04-30 19:34:59
OI00003332,ORD0001519,PROD000023,3,69.84,0.0,209.52,2026-08-09 17:13:25
OI00003333,ORD0001520,PROD000027,2,174.59,0.0,349.18,2026-04-14 20:25:31
OI00003334,ORD0001521,PROD000137,1,16.14,0.0,16.14,2026-02-28 10:06:36
OI00003335,ORD0001521,PROD000190,1,270.32,0.0,270.32,2026-02-28 10:06:36
OI00003336,ORD0001521,PROD000035,1,197.66,0.0,197.66,2026-02-28 10:06:36
OI00003337,ORD0001521,PROD000008,2,181.13,0.0,362.26,2026-02-28 10:06:36
OI00003338,ORD0001521,PROD000176,1,395.87,0.0,395.87,2026-02-28 10:06:36
OI00003339,ORD0001522,PROD000143,1,293.11,0.0,293.11,2026-02-15 22:17:36
OI00003340,ORD0001522,PROD000044,1,137.29,20.59,116.7,2026-02-15 22:17:36
OI00003341,ORD0001523,PROD000022,2,302.51,121.0,484.02,2026-05-08 23:07:04
OI00003342,ORD0001523,PROD000080,3,288.18,0.0,864.54,2026-05-08 23:07:04
OI00003343,ORD0001524,PROD000132,2,86.93,0.0,173.86,2026-05-04 10:54:07
OI00003344,ORD0001525,PROD000048,1,312.1,62.42,249.68,2026-03-22 10:38:05
OI00003345,ORD0001525,PROD000084,2,172.79,0.0,345.58,2026-03-22 10:38:05
OI00003346,ORD0001525,PROD000186,1,106.06,5.3,100.76,2026-03-22 10:38:05
OI00003347,ORD0001526,PROD000086,1,216.37,21.64,194.73,2026-06-14 00:10:56
OI00003348,ORD0001527,PROD000095,2,317.49,63.5,571.48,2026-07-25 15:33:31
OI00003349,ORD0001527,PROD000112,1,76.78,0.0,76.78,2026-07-25 15:33:31
OI00003350,ORD0001528,PROD000151,2,220.37,0.0,440.74,2026-02-26 03:10:39
OI00003351,ORD0001529,PROD000003,1,265.29,0.0,265.29,2026-06-14 20:55:26
OI00003352,ORD0001529,PROD000170,1,39.7,0.0,39.7,2026-06-14 20:55:26
OI00003353,ORD0001530,PROD000169,3,53.52,0.0,160.56,2026-03-29 07:24:44
OI00003354,ORD0001530,PROD000041,2,287.98,0.0,575.96,2026-03-29 07:24:44
OI00003355,ORD0001531,PROD000039,1,318.97,0.0,318.97,2026-03-08 02:17:59
OI00003356,ORD0001531,PROD000132,2,86.93,0.0,173.86,2026-03-08 02:17:59
OI00003357,ORD0001531,PROD000067,1,181.48,0.0,181.48,2026-03-08 02:17:59
OI00003358,ORD0001532,PROD000148,1,111.17,0.0,111.17,2026-06-19 22:21:26
OI00003359,ORD0001532,PROD000075,1,10.1,2.02,8.08,2026-06-19 22:21:26
OI00003360,ORD0001533,PROD000068,2,253.43,0.0,506.86,2026-04-25 11:51:19
OI00003361,ORD0001533,PROD000184,2,192.54,38.51,346.57,2026-04-25 11:51:19
OI00003362,ORD0001534,PROD000046,1,353.88,17.69,336.19,2026-06-18 03:59:05
OI00003363,ORD0001535,PROD000055,1,324.24,0.0,324.24,2026-05-04 18:46:49
OI00003364,ORD0001536,PROD000184,1,192.54,0.0,192.54,2026-08-16 04:03:27
OI00003365,ORD0001537,PROD000014,2,171.48,0.0,342.96,2026-04-20 13:47:45
OI00003366,ORD0001537,PROD000080,2,288.18,0.0,576.36,2026-04-20 13:47:45
OI00003367,ORD0001537,PROD000048,2,312.1,0.0,624.2,2026-04-20 13:47:45
OI00003368,ORD0001538,PROD000065,2,459.64,0.0,919.28,2026-06-08 17:51:55
OI00003369,ORD0001539,PROD000133,1,7.24,0.0,7.24,2026-05-07 20:13:47
OI00003370,ORD0001540,PROD000137,1,16.14,0.0,16.14,2026-04-19 09:51:52
OI00003371,ORD0001541,PROD000041,3,287.98,0.0,863.94,2026-04-09 23:11:14
OI00003372,ORD0001541,PROD000083,1,119.55,0.0,119.55,2026-04-09 23:11:14
OI00003373,ORD0001541,PROD000135,2,106.79,0.0,213.58,2026-04-09 23:11:14
OI00003374,ORD0001542,PROD000035,1,197.66,9.88,187.78,2026-04-15 16:02:20
OI00003375,ORD0001543,PROD000075,1,10.1,0.0,10.1,2026-03-11 04:22:20
OI00003376,ORD0001543,PROD000181,3,132.65,19.9,378.05,2026-03-11 04:22:20
OI00003377,ORD0001543,PROD000198,2,307.49,92.25,522.73,2026-03-11 04:22:20
OI00003378,ORD0001544,PROD000035,2,197.66,0.0,395.32,2026-03-06 08:37:39
OI00003379,ORD0001544,PROD000091,1,244.05,0.0,244.05,2026-03-06 08:37:39
OI00003380,ORD0001544,PROD000065,1,459.64,22.98,436.66,2026-03-06 08:37:39
OI00003381,ORD0001544,PROD000144,2,398.95,0.0,797.9,2026-03-06 08:37:39
OI00003382,ORD0001545,PROD000018,2,6.39,1.28,11.5,2026-02-21 04:45:47
OI00003383,ORD0001545,PROD000175,1,395.9,0.0,395.9,2026-02-21 04:45:47
OI00003384,ORD0001545,PROD000133,1,7.24,1.09,6.15,2026-02-21 04:45:47
OI00003385,ORD0001545,PROD000030,1,113.9,0.0,113.9,2026-02-21 04:45:47
OI00003386,ORD0001545,PROD000094,4,170.67,0.0,682.68,2026-02-21 04:45:47
OI00003387,ORD0001546,PROD000036,2,22.66,0.0,45.32,2026-05-31 18:01:53
OI00003388,ORD0001546,PROD000020,1,59.38,8.91,50.47,2026-05-31 18:01:53
OI00003389,ORD0001546,PROD000190,1,270.32,0.0,270.32,2026-05-31 18:01:53
OI00003390,ORD0001547,PROD000089,2,270.52,0.0,541.04,2026-02-14 20:27:04
OI00003391,ORD0001548,PROD000086,2,216.37,0.0,432.74,2026-05-19 03:41:26
OI00003392,ORD0001548,PROD000051,3,128.31,0.0,384.93,2026-05-19 03:41:26
OI00003393,ORD0001548,PROD000195,2,397.59,0.0,795.18,2026-05-19 03:41:26
OI00003394,ORD0001548,PROD000060,1,313.56,0.0,313.56,2026-05-19 03:41:26
OI00003395,ORD0001549,PROD000146,1,237.64,0.0,237.64,2026-06-01 22:06:54
OI00003396,ORD0001550,PROD000157,4,230.53,0.0,922.12,2026-04-08 22:17:51
OI00003397,ORD0001550,PROD000148,1,111.17,0.0,111.17,2026-04-08 22:17:51
OI00003398,ORD0001550,PROD000031,1,62.29,0.0,62.29,2026-04-08 22:17:51
OI00003399,ORD0001550,PROD000113,3,295.97,133.19,754.72,2026-04-08 22:17:51
OI00003400,ORD0001551,PROD000152,1,68.44,0.0,68.44,2026-07-26 02:42:37
OI00003401,ORD0001551,PROD000044,1,137.29,20.59,116.7,2026-07-26 02:42:37
OI00003402,ORD0001551,PROD000106,2,13.25,0.0,26.5,2026-07-26 02:42:37
OI00003403,ORD0001552,PROD000052,1,289.95,0.0,289.95,2026-07-29 05:07:43
OI00003404,ORD0001553,PROD000111,2,209.32,62.8,355.84,2026-06-13 19:14:46
OI00003405,ORD0001554,PROD000080,2,288.18,0.0,576.36,2026-07-18 06:40:36
OI00003406,ORD0001555,PROD000146,1,237.64,0.0,237.64,2026-04-21 18:30:16
OI00003407,ORD0001555,PROD000115,1,66.23,3.31,62.92,2026-04-21 18:30:16
OI00003408,ORD0001556,PROD000102,4,157.31,0.0,629.24,2026-03-07 19:19:22
OI00003409,ORD0001556,PROD000111,2,209.32,0.0,418.64,2026-03-07 19:19:22
OI00003410,ORD0001556,PROD000057,3,282.26,0.0,846.78,2026-03-07 19:19:22
OI00003411,ORD0001557,PROD000097,2,119.02,0.0,238.04,2026-03-25 04:46:02
OI00003412,ORD0001557,PROD000119,2,93.67,0.0,187.34,2026-03-25 04:46:02
OI00003413,ORD0001557,PROD000093,1,51.13,0.0,51.13,2026-03-25 04:46:02
OI00003414,ORD0001558,PROD000044,1,137.29,0.0,137.29,2026-03-14 03:31:44
OI00003415,ORD0001558,PROD000115,1,66.23,0.0,66.23,2026-03-14 03:31:44
OI00003416,ORD0001559,PROD000007,2,255.16,102.06,408.26,2026-03-24 11:42:03
OI00003417,ORD0001560,PROD000057,2,282.26,0.0,564.52,2026-02-25 16:47:46
OI00003418,ORD0001560,PROD000160,1,181.18,0.0,181.18,2026-02-25 16:47:46
OI00003419,ORD0001560,PROD000140,1,156.23,0.0,156.23,2026-02-25 16:47:46
OI00003420,ORD0001560,PROD000111,1,209.32,10.47,198.85,2026-02-25 16:47:46
OI00003421,ORD0001561,PROD000021,1,325.45,0.0,325.45,2026-04-18 23:14:49
OI00003422,ORD0001562,PROD000160,4,181.18,0.0,724.72,2026-07-23 22:01:31
OI00003423,ORD0001562,PROD000159,4,90.28,0.0,361.12,2026-07-23 22:01:31
OI00003424,ORD0001563,PROD000105,1,230.76,0.0,230.76,2026-06-27 14:31:44
OI00003425,ORD0001563,PROD000042,2,358.03,0.0,716.06,2026-06-27 14:31:44
OI00003426,ORD0001564,PROD000106,2,13.25,0.0,26.5,2026-03-29 14:15:02
OI00003427,ORD0001565,PROD000074,3,260.67,0.0,782.01,2026-04-05 07:05:42
OI00003428,ORD0001565,PROD000028,3,209.71,62.91,566.22,2026-04-05 07:05:42
OI00003429,ORD0001565,PROD000147,1,359.37,0.0,359.37,2026-04-05 07:05:42
OI00003430,ORD0001566,PROD000138,1,154.12,7.71,146.41,2026-02-26 18:34:51
OI00003431,ORD0001566,PROD000149,1,259.04,0.0,259.04,2026-02-26 18:34:51
OI00003432,ORD0001567,PROD000174,2,225.67,22.57,428.77,2026-05-24 13:12:26
OI00003433,ORD0001567,PROD000091,3,244.05,0.0,732.15,2026-05-24 13:12:26
OI00003434,ORD0001568,PROD000154,2,57.2,0.0,114.4,2026-02-20 09:10:51
OI00003435,ORD0001569,PROD000019,2,64.3,12.86,115.74,2026-06-14 09:29:04
OI00003436,ORD0001570,PROD000074,2,260.67,0.0,521.34,2026-02-24 19:09:24
OI00003437,ORD0001570,PROD000033,1,240.82,0.0,240.82,2026-02-24 19:09:24
OI00003438,ORD0001570,PROD000171,1,118.83,0.0,118.83,2026-02-24 19:09:24
OI00003439,ORD0001571,PROD000175,2,395.9,0.0,791.8,2026-03-10 12:32:36
OI00003440,ORD0001571,PROD000034,2,376.06,0.0,752.12,2026-03-10 12:32:36
OI00003441,ORD0001571,PROD000089,3,270.52,0.0,811.56,2026-03-10 12:32:36
OI00003442,ORD0001572,PROD000021,1,325.45,0.0,325.45,2026-07-06 02:49:13
OI00003443,ORD0001573,PROD000096,3,151.87,0.0,455.61,2026-03-12 22:54:54
OI00003444,ORD0001574,PROD000010,1,238.36,0.0,238.36,2026-05-05 18:07:28
OI00003445,ORD0001575,PROD000142,1,276.94,0.0,276.94,2026-04-28 06:03:51
OI00003446,ORD0001576,PROD000034,3,376.06,0.0,1128.18,2026-03-14 13:51:51
OI00003447,ORD0001577,PROD000059,3,368.8,165.96,940.44,2026-06-17 03:17:50
OI00003448,ORD0001578,PROD000063,2,61.43,0.0,122.86,2026-07-25 03:37:39
OI00003449,ORD0001578,PROD000069,1,332.4,49.86,282.54,2026-07-25 03:37:39
OI00003450,ORD0001579,PROD000107,1,128.32,0.0,128.32,2026-03-10 00:52:40
OI00003451,ORD0001580,PROD000110,1,112.33,0.0,112.33,2026-06-12 12:14:04
OI00003452,ORD0001581,PROD000026,1,165.8,0.0,165.8,2026-02-22 10:38:25
OI00003453,ORD0001581,PROD000045,1,70.0,0.0,70.0,2026-02-22 10:38:25
OI00003454,ORD0001582,PROD000181,2,132.65,0.0,265.3,2026-06-08 02:33:25
OI00003455,ORD0001582,PROD000164,1,179.02,0.0,179.02,2026-06-08 02:33:25
OI00003456,ORD0001583,PROD000127,1,216.42,32.46,183.96,2026-07-30 14:25:51
OI00003457,ORD0001583,PROD000132,2,86.93,0.0,173.86,2026-07-30 14:25:51
OI00003458,ORD0001583,PROD000002,1,68.17,0.0,68.17,2026-07-30 14:25:51
OI00003459,ORD0001583,PROD000019,1,64.3,0.0,64.3,2026-07-30 14:25:51
OI00003460,ORD0001584,PROD000117,4,96.57,0.0,386.28,2026-06-10 00:06:07
OI00003461,ORD0001584,PROD000014,1,171.48,17.15,154.33,2026-06-10 00:06:07
OI00003462,ORD0001585,PROD000065,1,459.64,0.0,459.64,2026-05-02 15:51:22
OI00003463,ORD0001586,PROD000029,1,12.47,0.0,12.47,2026-07-10 18:26:44
OI00003464,ORD0001587,PROD000164,1,179.02,0.0,179.02,2026-04-14 20:15:58
OI00003465,ORD0001587,PROD000049,1,343.12,0.0,343.12,2026-04-14 20:15:58
OI00003466,ORD0001588,PROD000060,3,313.56,0.0,940.68,2026-07-22 21:41:53
OI00003467,ORD0001588,PROD000160,1,181.18,0.0,181.18,2026-07-22 21:41:53
OI00003468,ORD0001588,PROD000085,3,36.94,0.0,110.82,2026-07-22 21:41:53
OI00003469,ORD0001588,PROD000119,2,93.67,0.0,187.34,2026-07-22 21:41:53
OI00003470,ORD0001588,PROD000197,1,191.33,0.0,191.33,2026-07-22 21:41:53
OI00003471,ORD0001589,PROD000188,1,114.4,0.0,114.4,2026-08-05 00:53:39
OI00003472,ORD0001589,PROD000025,3,337.19,0.0,1011.57,2026-08-05 00:53:39
OI00003473,ORD0001590,PROD000120,2,200.42,0.0,400.84,2026-03-19 21:30:58
OI00003474,ORD0001590,PROD000002,1,68.17,0.0,68.17,2026-03-19 21:30:58
OI00003475,ORD0001590,PROD000102,2,157.31,0.0,314.62,2026-03-19 21:30:58
OI00003476,ORD0001590,PROD000158,2,391.88,0.0,783.76,2026-03-19 21:30:58
OI00003477,ORD0001591,PROD000109,1,87.72,0.0,87.72,2026-05-26 19:51:37
OI00003478,ORD0001591,PROD000085,2,36.94,0.0,73.88,2026-05-26 19:51:37
OI00003479,ORD0001591,PROD000111,1,209.32,0.0,209.32,2026-05-26 19:51:37
OI00003480,ORD0001592,PROD000070,1,251.87,12.59,239.28,2026-05-09 18:31:00
OI00003481,ORD0001592,PROD000188,1,114.4,0.0,114.4,2026-05-09 18:31:00
OI00003482,ORD0001592,PROD000035,1,197.66,29.65,168.01,2026-05-09 18:31:00
OI00003483,ORD0001593,PROD000047,1,125.52,0.0,125.52,2026-05-17 20:08:38
OI00003484,ORD0001594,PROD000117,1,96.57,0.0,96.57,2026-03-07 03:50:52
OI00003485,ORD0001594,PROD000019,1,64.3,0.0,64.3,2026-03-07 03:50:52
OI00003486,ORD0001594,PROD000115,1,66.23,3.31,62.92,2026-03-07 03:50:52
OI00003487,ORD0001595,PROD000157,1,230.53,0.0,230.53,2026-06-26 14:08:05
OI00003488,ORD0001596,PROD000136,3,248.42,0.0,745.26,2026-05-03 00:24:53
OI00003489,ORD0001596,PROD000034,1,376.06,0.0,376.06,2026-05-03 00:24:53
OI00003490,ORD0001596,PROD000053,1,381.96,0.0,381.96,2026-05-03 00:24:53
OI00003491,ORD0001596,PROD000192,3,122.14,0.0,366.42,2026-05-03 00:24:53
OI00003492,ORD0001597,PROD000037,1,48.34,0.0,48.34,2026-07-26 06:54:57
OI00003493,ORD0001598,PROD000110,1,112.33,0.0,112.33,2026-03-20 20:01:26
OI00003494,ORD0001598,PROD000081,2,267.87,107.15,428.59,2026-03-20 20:01:26
OI00003495,ORD0001598,PROD000033,1,240.82,0.0,240.82,2026-03-20 20:01:26
OI00003496,ORD0001599,PROD000143,1,293.11,29.31,263.8,2026-04-25 03:07:44
OI00003497,ORD0001600,PROD000039,2,318.97,0.0,637.94,2026-03-04 01:54:29
OI00003498,ORD0001600,PROD000062,2,129.94,0.0,259.88,2026-03-04 01:54:29
OI00003499,ORD0001600,PROD000162,4,85.74,0.0,342.96,2026-03-04 01:54:29
OI00003500,ORD0001601,PROD000171,1,118.83,0.0,118.83,2026-03-27 04:51:25
OI00003501,ORD0001602,PROD000175,1,395.9,0.0,395.9,2026-07-10 12:54:55
OI00003502,ORD0001603,PROD000030,1,113.9,5.7,108.2,2026-06-29 18:48:15
OI00003503,ORD0001603,PROD000031,1,62.29,0.0,62.29,2026-06-29 18:48:15
OI00003504,ORD0001604,PROD000094,2,170.67,0.0,341.34,2026-07-21 18:33:01
OI00003505,ORD0001604,PROD000090,2,82.64,0.0,165.28,2026-07-21 18:33:01
OI00003506,ORD0001605,PROD000174,1,225.67,0.0,225.67,2026-05-27 08:56:10
OI00003507,ORD0001605,PROD000014,1,171.48,0.0,171.48,2026-05-27 08:56:10
OI00003508,ORD0001606,PROD000110,1,112.33,0.0,112.33,2026-04-24 04:15:29
OI00003509,ORD0001607,PROD000097,2,119.02,0.0,238.04,2026-05-07 16:19:04
OI00003510,ORD0001607,PROD000187,1,260.32,13.02,247.3,2026-05-07 16:19:04
OI00003511,ORD0001608,PROD000097,1,119.02,17.85,101.17,2026-07-13 01:38:53
OI00003512,ORD0001609,PROD000192,1,122.14,0.0,122.14,2026-04-21 05:28:17
OI00003513,ORD0001610,PROD000186,3,106.06,0.0,318.18,2026-02-18 05:45:33
OI00003514,ORD0001610,PROD000130,1,251.9,37.78,214.12,2026-02-18 05:45:33
OI00003515,ORD0001611,PROD000110,4,112.33,0.0,449.32,2026-03-27 12:13:01
OI00003516,ORD0001612,PROD000132,1,86.93,8.69,78.24,2026-08-13 18:36:10
OI00003517,ORD0001613,PROD000046,2,353.88,0.0,707.76,2026-03-17 02:56:30
OI00003518,ORD0001614,PROD000017,2,177.67,17.77,337.57,2026-04-29 16:22:09
OI00003519,ORD0001615,PROD000044,2,137.29,13.73,260.85,2026-03-22 00:30:16
OI00003520,ORD0001615,PROD000139,1,48.21,0.0,48.21,2026-03-22 00:30:16
OI00003521,ORD0001615,PROD000174,1,225.67,0.0,225.67,2026-03-22 00:30:16
OI00003522,ORD0001616,PROD000021,1,325.45,0.0,325.45,2026-05-15 15:05:43
OI00003523,ORD0001616,PROD000009,1,247.91,0.0,247.91,2026-05-15 15:05:43
OI00003524,ORD0001616,PROD000146,1,237.64,0.0,237.64,2026-05-15 15:05:43
OI00003525,ORD0001616,PROD000031,2,62.29,0.0,124.58,2026-05-15 15:05:43
OI00003526,ORD0001616,PROD000176,1,395.87,79.17,316.7,2026-05-15 15:05:43
OI00003527,ORD0001617,PROD000051,2,128.31,0.0,256.62,2026-04-19 08:02:09
OI00003528,ORD0001618,PROD000121,2,311.61,0.0,623.22,2026-04-26 13:29:21
OI00003529,ORD0001619,PROD000117,2,96.57,9.66,183.48,2026-02-24 02:38:07
OI00003530,ORD0001620,PROD000001,1,240.76,0.0,240.76,2026-07-06 16:46:43
OI00003531,ORD0001621,PROD000008,1,181.13,0.0,181.13,2026-02-19 23:06:27
OI00003532,ORD0001621,PROD000195,2,397.59,0.0,795.18,2026-02-19 23:06:27
OI00003533,ORD0001622,PROD000197,1,191.33,0.0,191.33,2026-08-01 03:31:26
OI00003534,ORD0001622,PROD000046,1,353.88,0.0,353.88,2026-08-01 03:31:26
OI00003535,ORD0001622,PROD000147,2,359.37,0.0,718.74,2026-08-01 03:31:26
OI00003536,ORD0001622,PROD000001,4,240.76,0.0,963.04,2026-08-01 03:31:26
OI00003537,ORD0001623,PROD000044,2,137.29,0.0,274.58,2026-06-01 09:46:46
OI00003538,ORD0001624,PROD000155,1,67.32,0.0,67.32,2026-08-14 08:08:42
OI00003539,ORD0001625,PROD000112,3,76.78,0.0,230.34,2026-05-02 18:22:58
OI00003540,ORD0001625,PROD000047,2,125.52,0.0,251.04,2026-05-02 18:22:58
OI00003541,ORD0001626,PROD000195,1,397.59,0.0,397.59,2026-03-14 05:07:58
OI00003542,ORD0001627,PROD000124,1,396.34,0.0,396.34,2026-07-03 21:34:11
OI00003543,ORD0001628,PROD000168,1,433.94,21.7,412.24,2026-02-22 08:58:22
OI00003544,ORD0001629,PROD000093,1,51.13,0.0,51.13,2026-05-06 01:57:08
OI00003545,ORD0001629,PROD000197,1,191.33,9.57,181.76,2026-05-06 01:57:08
OI00003546,ORD0001629,PROD000083,1,119.55,0.0,119.55,2026-05-06 01:57:08
OI00003547,ORD0001629,PROD000188,1,114.4,0.0,114.4,2026-05-06 01:57:08
OI00003548,ORD0001629,PROD000102,4,157.31,0.0,629.24,2026-05-06 01:57:08
OI00003549,ORD0001630,PROD000132,1,86.93,0.0,86.93,2026-06-08 19:51:35
OI00003550,ORD0001630,PROD000114,2,36.68,0.0,73.36,2026-06-08 19:51:35
OI00003551,ORD0001630,PROD000038,1,84.38,0.0,84.38,2026-06-08 19:51:35
OI00003552,ORD0001631,PROD000045,2,70.0,0.0,140.0,2026-05-17 05:36:29
OI00003553,ORD0001631,PROD000049,2,343.12,0.0,686.24,2026-05-17 05:36:29
OI00003554,ORD0001631,PROD000031,1,62.29,0.0,62.29,2026-05-17 05:36:29
OI00003555,ORD0001632,PROD000181,1,132.65,0.0,132.65,2026-04-25 00:27:43
OI00003556,ORD0001632,PROD000162,1,85.74,17.15,68.59,2026-04-25 00:27:43
OI00003557,ORD0001632,PROD000147,1,359.37,0.0,359.37,2026-04-25 00:27:43
OI00003558,ORD0001633,PROD000169,2,53.52,10.7,96.34,2026-03-18 08:15:46
OI00003559,ORD0001633,PROD000034,2,376.06,112.82,639.3,2026-03-18 08:15:46
OI00003560,ORD0001633,PROD000132,3,86.93,26.08,234.71,2026-03-18 08:15:46
OI00003561,ORD0001633,PROD000028,1,209.71,0.0,209.71,2026-03-18 08:15:46
OI00003562,ORD0001634,PROD000183,3,239.94,0.0,719.82,2026-07-03 10:43:22
OI00003563,ORD0001634,PROD000158,1,391.88,0.0,391.88,2026-07-03 10:43:22
OI00003564,ORD0001635,PROD000160,1,181.18,0.0,181.18,2026-04-23 22:15:36
OI00003565,ORD0001636,PROD000195,3,397.59,0.0,1192.77,2026-07-16 02:39:37
OI00003566,ORD0001637,PROD000046,1,353.88,0.0,353.88,2026-05-06 21:07:54
OI00003567,ORD0001637,PROD000119,3,93.67,0.0,281.01,2026-05-06 21:07:54
OI00003568,ORD0001638,PROD000073,2,9.42,0.0,18.84,2026-06-11 23:22:36
OI00003569,ORD0001638,PROD000069,3,332.4,0.0,997.2,2026-06-11 23:22:36
OI00003570,ORD0001638,PROD000096,4,151.87,0.0,607.48,2026-06-11 23:22:36
OI00003571,ORD0001638,PROD000163,3,379.9,0.0,1139.7,2026-06-11 23:22:36
OI00003572,ORD0001639,PROD000126,1,5.66,0.0,5.66,2026-07-21 17:50:36
OI00003573,ORD0001639,PROD000143,4,293.11,0.0,1172.44,2026-07-21 17:50:36
OI00003574,ORD0001639,PROD000062,1,129.94,0.0,129.94,2026-07-21 17:50:36
OI00003575,ORD0001639,PROD000192,4,122.14,0.0,488.56,2026-07-21 17:50:36
OI00003576,ORD0001640,PROD000027,1,174.59,0.0,174.59,2026-02-23 22:53:44
OI00003577,ORD0001640,PROD000195,3,397.59,0.0,1192.77,2026-02-23 22:53:44
OI00003578,ORD0001640,PROD000132,3,86.93,0.0,260.79,2026-02-23 22:53:44
OI00003579,ORD0001641,PROD000040,1,202.37,0.0,202.37,2026-07-25 11:31:32
OI00003580,ORD0001641,PROD000051,1,128.31,0.0,128.31,2026-07-25 11:31:32
OI00003581,ORD0001642,PROD000012,2,374.67,0.0,749.34,2026-05-30 09:37:38
OI00003582,ORD0001643,PROD000197,2,191.33,0.0,382.66,2026-08-08 16:25:20
OI00003583,ORD0001644,PROD000034,1,376.06,0.0,376.06,2026-07-23 21:09:16
OI00003584,ORD0001645,PROD000097,2,119.02,47.61,190.43,2026-06-04 03:39:21
OI00003585,ORD0001646,PROD000088,1,381.45,57.22,324.23,2026-02-24 16:26:07
OI00003586,ORD0001647,PROD000159,1,90.28,0.0,90.28,2026-04-26 10:30:51
OI00003587,ORD0001648,PROD000123,2,410.86,0.0,821.72,2026-03-23 16:43:46
OI00003588,ORD0001649,PROD000080,1,288.18,0.0,288.18,2026-03-24 19:41:15
OI00003589,ORD0001649,PROD000116,2,33.83,10.15,57.51,2026-03-24 19:41:15
OI00003590,ORD0001650,PROD000059,1,368.8,18.44,350.36,2026-05-08 02:21:37
OI00003591,ORD0001650,PROD000094,2,170.67,0.0,341.34,2026-05-08 02:21:37
OI00003592,ORD0001650,PROD000119,3,93.67,0.0,281.01,2026-05-08 02:21:37
OI00003593,ORD0001650,PROD000002,2,68.17,0.0,136.34,2026-05-08 02:21:37
OI00003594,ORD0001650,PROD000141,3,54.3,0.0,162.9,2026-05-08 02:21:37
OI00003595,ORD0001651,PROD000197,1,191.33,0.0,191.33,2026-03-01 16:43:52
OI00003596,ORD0001651,PROD000068,2,253.43,25.34,481.52,2026-03-01 16:43:52
OI00003597,ORD0001652,PROD000104,2,219.63,0.0,439.26,2026-07-09 03:11:43
OI00003598,ORD0001652,PROD000095,1,317.49,0.0,317.49,2026-07-09 03:11:43
OI00003599,ORD0001653,PROD000015,1,74.75,3.74,71.01,2026-06-14 03:58:46
OI00003600,ORD0001654,PROD000106,2,13.25,0.0,26.5,2026-07-22 20:29:27
OI00003601,ORD0001654,PROD000049,2,343.12,34.31,651.93,2026-07-22 20:29:27
OI00003602,ORD0001654,PROD000019,1,64.3,0.0,64.3,2026-07-22 20:29:27
OI00003603,ORD0001654,PROD000156,2,208.16,0.0,416.32,2026-07-22 20:29:27
OI00003604,ORD0001655,PROD000062,1,129.94,12.99,116.95,2026-05-22 10:41:39
OI00003605,ORD0001655,PROD000007,1,255.16,0.0,255.16,2026-05-22 10:41:39
OI00003606,ORD0001655,PROD000136,1,248.42,24.84,223.58,2026-05-22 10:41:39
OI00003607,ORD0001655,PROD000022,1,302.51,0.0,302.51,2026-05-22 10:41:39
OI00003608,ORD0001656,PROD000091,2,244.05,0.0,488.1,2026-04-28 02:29:49
OI00003609,ORD0001656,PROD000139,1,48.21,0.0,48.21,2026-04-28 02:29:49
OI00003610,ORD0001657,PROD000045,3,70.0,0.0,210.0,2026-03-04 08:12:09
OI00003611,ORD0001657,PROD000116,2,33.83,0.0,67.66,2026-03-04 08:12:09
OI00003612,ORD0001657,PROD000162,1,85.74,0.0,85.74,2026-03-04 08:12:09
OI00003613,ORD0001657,PROD000156,3,208.16,0.0,624.48,2026-03-04 08:12:09
OI00003614,ORD0001657,PROD000014,1,171.48,0.0,171.48,2026-03-04 08:12:09
OI00003615,ORD0001658,PROD000179,1,100.96,5.05,95.91,2026-02-20 03:27:56
OI00003616,ORD0001659,PROD000155,1,67.32,0.0,67.32,2026-05-20 02:13:28
OI00003617,ORD0001659,PROD000152,2,68.44,0.0,136.88,2026-05-20 02:13:28
OI00003618,ORD0001660,PROD000175,1,395.9,0.0,395.9,2026-05-06 21:29:29
OI00003619,ORD0001661,PROD000039,3,318.97,0.0,956.91,2026-07-03 19:09:25
OI00003620,ORD0001662,PROD000053,3,381.96,0.0,1145.88,2026-07-31 04:24:16
OI00003621,ORD0001663,PROD000055,2,324.24,97.27,551.21,2026-02-24 15:24:46
OI00003622,ORD0001663,PROD000020,1,59.38,0.0,59.38,2026-02-24 15:24:46
OI00003623,ORD0001664,PROD000047,2,125.52,0.0,251.04,2026-05-22 13:04:09
OI00003624,ORD0001664,PROD000074,1,260.67,0.0,260.67,2026-05-22 13:04:09
OI00003625,ORD0001664,PROD000036,1,22.66,0.0,22.66,2026-05-22 13:04:09
OI00003626,ORD0001664,PROD000157,1,230.53,0.0,230.53,2026-05-22 13:04:09
OI00003627,ORD0001665,PROD000200,1,107.97,0.0,107.97,2026-07-09 12:16:35
OI00003628,ORD0001666,PROD000132,2,86.93,0.0,173.86,2026-08-10 12:31:55
OI00003629,ORD0001667,PROD000124,1,396.34,0.0,396.34,2026-04-30 14:18:14
OI00003630,ORD0001667,PROD000169,2,53.52,0.0,107.04,2026-04-30 14:18:14
OI00003631,ORD0001668,PROD000014,1,171.48,0.0,171.48,2026-02-27 13:04:05
OI00003632,ORD0001668,PROD000029,2,12.47,0.0,24.94,2026-02-27 13:04:05
OI00003633,ORD0001668,PROD000141,1,54.3,0.0,54.3,2026-02-27 13:04:05
OI00003634,ORD0001669,PROD000021,1,325.45,0.0,325.45,2026-06-16 15:43:48
OI00003635,ORD0001670,PROD000186,2,106.06,21.21,190.91,2026-05-20 03:50:38
OI00003636,ORD0001670,PROD000188,1,114.4,0.0,114.4,2026-05-20 03:50:38
OI00003637,ORD0001670,PROD000094,2,170.67,0.0,341.34,2026-05-20 03:50:38
OI00003638,ORD0001671,PROD000022,1,302.51,0.0,302.51,2026-03-29 22:09:24
OI00003639,ORD0001672,PROD000051,2,128.31,25.66,230.96,2026-04-11 13:18:02
OI00003640,ORD0001672,PROD000067,2,181.48,18.15,344.81,2026-04-11 13:18:02
OI00003641,ORD0001672,PROD000129,1,280.22,0.0,280.22,2026-04-11 13:18:02
OI00003642,ORD0001672,PROD000174,2,225.67,0.0,451.34,2026-04-11 13:18:02
OI00003643,ORD0001673,PROD000141,2,54.3,5.43,103.17,2026-03-15 19:43:57
OI00003644,ORD0001674,PROD000109,1,87.72,0.0,87.72,2026-07-20 12:02:51
OI00003645,ORD0001674,PROD000147,1,359.37,0.0,359.37,2026-07-20 12:02:51
OI00003646,ORD0001675,PROD000074,1,260.67,0.0,260.67,2026-05-11 21:25:10
OI00003647,ORD0001675,PROD000093,1,51.13,0.0,51.13,2026-05-11 21:25:10
OI00003648,ORD0001676,PROD000025,1,337.19,16.86,320.33,2026-04-18 02:09:28
OI00003649,ORD0001676,PROD000197,3,191.33,86.1,487.89,2026-04-18 02:09:28
OI00003650,ORD0001676,PROD000015,1,74.75,0.0,74.75,2026-04-18 02:09:28
OI00003651,ORD0001676,PROD000200,3,107.97,0.0,323.91,2026-04-18 02:09:28
OI00003652,ORD0001677,PROD000162,1,85.74,0.0,85.74,2026-05-08 02:14:52
OI00003653,ORD0001677,PROD000114,1,36.68,0.0,36.68,2026-05-08 02:14:52
OI00003654,ORD0001678,PROD000011,3,74.18,0.0,222.54,2026-04-08 14:17:44
OI00003655,ORD0001678,PROD000041,1,287.98,43.2,244.78,2026-04-08 14:17:44
OI00003656,ORD0001678,PROD000039,1,318.97,47.85,271.12,2026-04-08 14:17:44
OI00003657,ORD0001678,PROD000187,1,260.32,26.03,234.29,2026-04-08 14:17:44
OI00003658,ORD0001679,PROD000174,1,225.67,0.0,225.67,2026-03-30 10:36:33
OI00003659,ORD0001679,PROD000038,2,84.38,0.0,168.76,2026-03-30 10:36:33
OI00003660,ORD0001679,PROD000017,1,177.67,0.0,177.67,2026-03-30 10:36:33
OI00003661,ORD0001679,PROD000080,1,288.18,0.0,288.18,2026-03-30 10:36:33
OI00003662,ORD0001680,PROD000120,1,200.42,0.0,200.42,2026-03-15 03:46:35
OI00003663,ORD0001681,PROD000049,3,343.12,51.47,977.89,2026-02-27 14:17:22
OI00003664,ORD0001681,PROD000117,2,96.57,0.0,193.14,2026-02-27 14:17:22
OI00003665,ORD0001681,PROD000125,2,169.29,0.0,338.58,2026-02-27 14:17:22
OI00003666,ORD0001682,PROD000126,2,5.66,1.7,9.62,2026-06-14 09:21:18
OI00003667,ORD0001683,PROD000001,1,240.76,0.0,240.76,2026-02-16 12:58:39
OI00003668,ORD0001683,PROD000196,2,135.89,0.0,271.78,2026-02-16 12:58:39
OI00003669,ORD0001683,PROD000093,2,51.13,0.0,102.26,2026-02-16 12:58:39
OI00003670,ORD0001683,PROD000171,1,118.83,0.0,118.83,2026-02-16 12:58:39
OI00003671,ORD0001683,PROD000121,2,311.61,0.0,623.22,2026-02-16 12:58:39
OI00003672,ORD0001684,PROD000190,1,270.32,27.03,243.29,2026-06-30 19:50:18
OI00003673,ORD0001684,PROD000098,4,188.42,0.0,753.68,2026-06-30 19:50:18
OI00003674,ORD0001684,PROD000113,2,295.97,0.0,591.94,2026-06-30 19:50:18
OI00003675,ORD0001685,PROD000094,1,170.67,17.07,153.6,2026-04-19 08:57:03
OI00003676,ORD0001685,PROD000175,4,395.9,0.0,1583.6,2026-04-19 08:57:03
OI00003677,ORD0001685,PROD000070,1,251.87,0.0,251.87,2026-04-19 08:57:03
OI00003678,ORD0001686,PROD000185,1,186.5,0.0,186.5,2026-05-03 19:15:03
OI00003679,ORD0001686,PROD000139,1,48.21,0.0,48.21,2026-05-03 19:15:03
OI00003680,ORD0001686,PROD000018,3,6.39,0.0,19.17,2026-05-03 19:15:03
OI00003681,ORD0001687,PROD000050,3,110.2,0.0,330.6,2026-03-15 07:40:04
OI00003682,ORD0001687,PROD000157,2,230.53,46.11,414.95,2026-03-15 07:40:04
OI00003683,ORD0001688,PROD000105,1,230.76,0.0,230.76,2026-05-09 12:56:19
OI00003684,ORD0001688,PROD000065,2,459.64,0.0,919.28,2026-05-09 12:56:19
OI00003685,ORD0001689,PROD000020,3,59.38,17.81,160.33,2026-03-31 12:54:35
OI00003686,ORD0001690,PROD000165,3,95.13,0.0,285.39,2026-07-04 06:27:37
OI00003687,ORD0001691,PROD000010,1,238.36,0.0,238.36,2026-04-02 12:32:56
OI00003688,ORD0001691,PROD000093,2,51.13,5.11,97.15,2026-04-02 12:32:56
OI00003689,ORD0001692,PROD000042,3,358.03,0.0,1074.09,2026-07-03 03:55:57
OI00003690,ORD0001693,PROD000036,3,22.66,0.0,67.98,2026-06-29 22:18:08
OI00003691,ORD0001693,PROD000119,2,93.67,0.0,187.34,2026-06-29 22:18:08
OI00003692,ORD0001694,PROD000137,1,16.14,0.0,16.14,2026-06-14 02:24:01
OI00003693,ORD0001695,PROD000075,1,10.1,1.01,9.09,2026-03-09 15:00:26
OI00003694,ORD0001695,PROD000182,2,116.92,35.08,198.76,2026-03-09 15:00:26
OI00003695,ORD0001695,PROD000181,2,132.65,0.0,265.3,2026-03-09 15:00:26
OI00003696,ORD0001696,PROD000010,1,238.36,0.0,238.36,2026-04-01 20:41:08
OI00003697,ORD0001696,PROD000015,1,74.75,0.0,74.75,2026-04-01 20:41:08
OI00003698,ORD0001697,PROD000125,1,169.29,0.0,169.29,2026-03-02 02:49:29
OI00003699,ORD0001697,PROD000006,1,276.33,13.82,262.51,2026-03-02 02:49:29
OI00003700,ORD0001698,PROD000200,4,107.97,21.59,410.29,2026-05-12 07:21:18
OI00003701,ORD0001698,PROD000195,3,397.59,238.55,954.22,2026-05-12 07:21:18
OI00003702,ORD0001698,PROD000062,2,129.94,0.0,259.88,2026-05-12 07:21:18
OI00003703,ORD0001699,PROD000081,3,267.87,0.0,803.61,2026-06-18 14:34:54
OI00003704,ORD0001699,PROD000111,1,209.32,10.47,198.85,2026-06-18 14:34:54
OI00003705,ORD0001700,PROD000120,1,200.42,0.0,200.42,2026-05-25 10:00:19
OI00003706,ORD0001700,PROD000141,2,54.3,0.0,108.6,2026-05-25 10:00:19
OI00003707,ORD0001700,PROD000063,2,61.43,0.0,122.86,2026-05-25 10:00:19
OI00003708,ORD0001701,PROD000117,3,96.57,0.0,289.71,2026-05-18 00:29:58
OI00003709,ORD0001702,PROD000009,1,247.91,0.0,247.91,2026-05-07 04:53:37
OI00003710,ORD0001702,PROD000138,1,154.12,0.0,154.12,2026-05-07 04:53:37
OI00003711,ORD0001703,PROD000067,1,181.48,9.07,172.41,2026-03-01 04:55:15
OI00003712,ORD0001703,PROD000143,1,293.11,0.0,293.11,2026-03-01 04:55:15
OI00003713,ORD0001703,PROD000141,1,54.3,0.0,54.3,2026-03-01 04:55:15
OI00003714,ORD0001704,PROD000060,1,313.56,15.68,297.88,2026-07-04 22:04:02
OI00003715,ORD0001704,PROD000056,1,23.5,0.0,23.5,2026-07-04 22:04:02
OI00003716,ORD0001705,PROD000090,3,82.64,0.0,247.92,2026-07-29 11:28:31
OI00003717,ORD0001706,PROD000096,3,151.87,0.0,455.61,2026-07-24 02:29:44
OI00003718,ORD0001706,PROD000160,2,181.18,0.0,362.36,2026-07-24 02:29:44
OI00003719,ORD0001706,PROD000174,1,225.67,0.0,225.67,2026-07-24 02:29:44
OI00003720,ORD0001706,PROD000103,2,30.32,0.0,60.64,2026-07-24 02:29:44
OI00003721,ORD0001706,PROD000007,1,255.16,0.0,255.16,2026-07-24 02:29:44
OI00003722,ORD0001707,PROD000188,3,114.4,0.0,343.2,2026-03-06 12:14:39
OI00003723,ORD0001708,PROD000020,1,59.38,5.94,53.44,2026-06-13 10:49:33
OI00003724,ORD0001708,PROD000109,2,87.72,0.0,175.44,2026-06-13 10:49:33
OI00003725,ORD0001708,PROD000185,1,186.5,9.32,177.18,2026-06-13 10:49:33
OI00003726,ORD0001709,PROD000189,1,184.49,0.0,184.49,2026-05-01 02:18:20
OI00003727,ORD0001710,PROD000015,1,74.75,0.0,74.75,2026-04-25 13:12:01
OI00003728,ORD0001711,PROD000081,1,267.87,53.57,214.3,2026-03-31 16:59:05
OI00003729,ORD0001711,PROD000003,1,265.29,0.0,265.29,2026-03-31 16:59:05
OI00003730,ORD0001711,PROD000200,2,107.97,10.8,205.14,2026-03-31 16:59:05
OI00003731,ORD0001711,PROD000047,1,125.52,0.0,125.52,2026-03-31 16:59:05
OI00003732,ORD0001712,PROD000161,1,310.12,0.0,310.12,2026-03-10 19:35:57
OI00003733,ORD0001712,PROD000090,1,82.64,8.26,74.38,2026-03-10 19:35:57
OI00003734,ORD0001713,PROD000113,1,295.97,0.0,295.97,2026-04-20 15:08:51
OI00003735,ORD0001714,PROD000102,1,157.31,0.0,157.31,2026-03-16 16:51:19
OI00003736,ORD0001714,PROD000135,2,106.79,0.0,213.58,2026-03-16 16:51:19
OI00003737,ORD0001714,PROD000018,1,6.39,0.0,6.39,2026-03-16 16:51:19
OI00003738,ORD0001715,PROD000040,2,202.37,40.47,364.27,2026-03-09 02:31:15
OI00003739,ORD0001715,PROD000007,2,255.16,0.0,510.32,2026-03-09 02:31:15
OI00003740,ORD0001715,PROD000045,4,70.0,0.0,280.0,2026-03-09 02:31:15
OI00003741,ORD0001716,PROD000154,2,57.2,0.0,114.4,2026-05-06 11:02:10
OI00003742,ORD0001717,PROD000161,1,310.12,0.0,310.12,2026-08-07 10:19:51
OI00003743,ORD0001718,PROD000158,1,391.88,0.0,391.88,2026-06-26 10:04:42
OI00003744,ORD0001718,PROD000198,1,307.49,15.37,292.12,2026-06-26 10:04:42
OI00003745,ORD0001719,PROD000186,1,106.06,0.0,106.06,2026-05-27 23:03:19
OI00003746,ORD0001720,PROD000008,1,181.13,0.0,181.13,2026-07-24 22:56:32
OI00003747,ORD0001721,PROD000008,1,181.13,18.11,163.02,2026-02-21 05:56:15
OI00003748,ORD0001721,PROD000140,1,156.23,0.0,156.23,2026-02-21 05:56:15
OI00003749,ORD0001722,PROD000186,1,106.06,5.3,100.76,2026-06-21 10:22:48
OI00003750,ORD0001722,PROD000129,2,280.22,0.0,560.44,2026-06-21 10:22:48
OI00003751,ORD0001722,PROD000040,1,202.37,10.12,192.25,2026-06-21 10:22:48
OI00003752,ORD0001723,PROD000196,4,135.89,27.18,516.38,2026-07-28 23:46:04
OI00003753,ORD0001723,PROD000123,1,410.86,0.0,410.86,2026-07-28 23:46:04
OI00003754,ORD0001723,PROD000008,2,181.13,0.0,362.26,2026-07-28 23:46:04
OI00003755,ORD0001724,PROD000110,3,112.33,0.0,336.99,2026-02-20 19:22:38
OI00003756,ORD0001724,PROD000195,2,397.59,0.0,795.18,2026-02-20 19:22:38
OI00003757,ORD0001724,PROD000171,1,118.83,0.0,118.83,2026-02-20 19:22:38
OI00003758,ORD0001724,PROD000068,1,253.43,0.0,253.43,2026-02-20 19:22:38
OI00003759,ORD0001725,PROD000053,1,381.96,0.0,381.96,2026-02-22 04:31:55
OI00003760,ORD0001725,PROD000069,2,332.4,33.24,631.56,2026-02-22 04:31:55
OI00003761,ORD0001726,PROD000177,1,200.82,0.0,200.82,2026-07-03 17:31:18
OI00003762,ORD0001726,PROD000185,1,186.5,0.0,186.5,2026-07-03 17:31:18
OI00003763,ORD0001727,PROD000155,1,67.32,13.46,53.86,2026-04-05 07:33:54
OI00003764,ORD0001727,PROD000095,1,317.49,0.0,317.49,2026-04-05 07:33:54
OI00003765,ORD0001727,PROD000078,1,44.16,0.0,44.16,2026-04-05 07:33:54
OI00003766,ORD0001728,PROD000153,3,46.39,0.0,139.17,2026-02-21 08:58:19
OI00003767,ORD0001728,PROD000158,1,391.88,0.0,391.88,2026-02-21 08:58:19
OI00003768,ORD0001729,PROD000114,1,36.68,0.0,36.68,2026-04-04 14:15:34
OI00003769,ORD0001729,PROD000071,1,259.22,12.96,246.26,2026-04-04 14:15:34
OI00003770,ORD0001729,PROD000123,1,410.86,0.0,410.86,2026-04-04 14:15:34
OI00003771,ORD0001730,PROD000063,1,61.43,0.0,61.43,2026-04-23 20:25:14
OI00003772,ORD0001731,PROD000085,1,36.94,0.0,36.94,2026-07-12 06:30:25
OI00003773,ORD0001731,PROD000002,2,68.17,0.0,136.34,2026-07-12 06:30:25
OI00003774,ORD0001732,PROD000018,1,6.39,0.0,6.39,2026-06-08 01:34:07
OI00003775,ORD0001732,PROD000019,1,64.3,6.43,57.87,2026-06-08 01:34:07
OI00003776,ORD0001732,PROD000115,3,66.23,19.87,178.82,2026-06-08 01:34:07
OI00003777,ORD0001733,PROD000180,1,443.88,88.78,355.1,2026-06-26 19:10:25
OI00003778,ORD0001734,PROD000065,1,459.64,0.0,459.64,2026-04-01 19:25:32
OI00003779,ORD0001734,PROD000141,1,54.3,0.0,54.3,2026-04-01 19:25:32
OI00003780,ORD0001734,PROD000126,2,5.66,0.0,11.32,2026-04-01 19:25:32
OI00003781,ORD0001735,PROD000065,4,459.64,183.86,1654.7,2026-04-28 17:54:36
OI00003782,ORD0001736,PROD000105,1,230.76,0.0,230.76,2026-05-31 13:08:09
OI00003783,ORD0001736,PROD000165,3,95.13,42.81,242.58,2026-05-31 13:08:09
OI00003784,ORD0001736,PROD000133,1,7.24,0.72,6.52,2026-05-31 13:08:09
OI00003785,ORD0001736,PROD000075,1,10.1,0.51,9.59,2026-05-31 13:08:09
OI00003786,ORD0001736,PROD000195,1,397.59,0.0,397.59,2026-05-31 13:08:09
OI00003787,ORD0001737,PROD000164,1,179.02,0.0,179.02,2026-07-14 22:53:43
OI00003788,ORD0001737,PROD000052,3,289.95,0.0,869.85,2026-07-14 22:53:43
OI00003789,ORD0001737,PROD000073,1,9.42,0.0,9.42,2026-07-14 22:53:43
OI00003790,ORD0001737,PROD000008,1,181.13,0.0,181.13,2026-07-14 22:53:43
OI00003791,ORD0001737,PROD000171,1,118.83,11.88,106.95,2026-07-14 22:53:43
OI00003792,ORD0001738,PROD000135,2,106.79,0.0,213.58,2026-04-17 20:52:33
OI00003793,ORD0001739,PROD000033,1,240.82,0.0,240.82,2026-04-01 14:31:59
OI00003794,ORD0001740,PROD000037,2,48.34,19.34,77.34,2026-04-22 18:39:47
OI00003795,ORD0001741,PROD000046,1,353.88,0.0,353.88,2026-06-18 04:44:44
OI00003796,ORD0001741,PROD000142,1,276.94,41.54,235.4,2026-06-18 04:44:44
OI00003797,ORD0001742,PROD000080,2,288.18,0.0,576.36,2026-03-05 09:28:13
OI00003798,ORD0001742,PROD000198,1,307.49,0.0,307.49,2026-03-05 09:28:13
OI00003799,ORD0001743,PROD000146,2,237.64,0.0,475.28,2026-04-11 22:14:52
OI00003800,ORD0001743,PROD000173,1,269.92,0.0,269.92,2026-04-11 22:14:52
OI00003801,ORD0001743,PROD000138,1,154.12,0.0,154.12,2026-04-11 22:14:52
OI00003802,ORD0001743,PROD000025,3,337.19,0.0,1011.57,2026-04-11 22:14:52
OI00003803,ORD0001744,PROD000067,3,181.48,27.22,517.22,2026-04-29 21:41:21
OI00003804,ORD0001744,PROD000011,3,74.18,0.0,222.54,2026-04-29 21:41:21
OI00003805,ORD0001744,PROD000077,1,172.06,0.0,172.06,2026-04-29 21:41:21
OI00003806,ORD0001745,PROD000040,2,202.37,0.0,404.74,2026-04-01 01:45:57
OI00003807,ORD0001745,PROD000153,2,46.39,4.64,88.14,2026-04-01 01:45:57
OI00003808,ORD0001745,PROD000055,2,324.24,64.85,583.63,2026-04-01 01:45:57
OI00003809,ORD0001746,PROD000092,1,90.01,0.0,90.01,2026-07-10 22:07:42
OI00003810,ORD0001746,PROD000105,2,230.76,0.0,461.52,2026-07-10 22:07:42
OI00003811,ORD0001747,PROD000132,2,86.93,0.0,173.86,2026-06-27 00:08:56
OI00003812,ORD0001747,PROD000010,3,238.36,107.26,607.82,2026-06-27 00:08:56
OI00003813,ORD0001747,PROD000192,1,122.14,0.0,122.14,2026-06-27 00:08:56
OI00003814,ORD0001747,PROD000148,1,111.17,0.0,111.17,2026-06-27 00:08:56
OI00003815,ORD0001748,PROD000143,1,293.11,0.0,293.11,2026-05-27 22:16:24
OI00003816,ORD0001748,PROD000067,2,181.48,0.0,362.96,2026-05-27 22:16:24
OI00003817,ORD0001748,PROD000016,3,373.26,0.0,1119.78,2026-05-27 22:16:24
OI00003818,ORD0001748,PROD000162,2,85.74,8.57,162.91,2026-05-27 22:16:24
OI00003819,ORD0001748,PROD000129,1,280.22,0.0,280.22,2026-05-27 22:16:24
OI00003820,ORD0001749,PROD000140,1,156.23,0.0,156.23,2026-05-14 08:11:15
OI00003821,ORD0001749,PROD000129,1,280.22,0.0,280.22,2026-05-14 08:11:15
OI00003822,ORD0001750,PROD000157,4,230.53,46.11,876.01,2026-04-18 06:21:59
OI00003823,ORD0001750,PROD000008,1,181.13,0.0,181.13,2026-04-18 06:21:59
OI00003824,ORD0001750,PROD000155,1,67.32,0.0,67.32,2026-04-18 06:21:59
OI00003825,ORD0001751,PROD000056,2,23.5,0.0,47.0,2026-06-02 02:01:09
OI00003826,ORD0001751,PROD000155,1,67.32,0.0,67.32,2026-06-02 02:01:09
OI00003827,ORD0001751,PROD000060,2,313.56,0.0,627.12,2026-06-02 02:01:09
OI00003828,ORD0001751,PROD000161,1,310.12,0.0,310.12,2026-06-02 02:01:09
OI00003829,ORD0001752,PROD000006,2,276.33,0.0,552.66,2026-02-17 12:43:47
OI00003830,ORD0001752,PROD000125,2,169.29,0.0,338.58,2026-02-17 12:43:47
OI00003831,ORD0001752,PROD000012,1,374.67,0.0,374.67,2026-02-17 12:43:47
OI00003832,ORD0001753,PROD000009,1,247.91,24.79,223.12,2026-08-15 00:27:48
OI00003833,ORD0001754,PROD000153,3,46.39,0.0,139.17,2026-04-26 23:17:38
OI00003834,ORD0001754,PROD000123,1,410.86,0.0,410.86,2026-04-26 23:17:38
OI00003835,ORD0001754,PROD000113,1,295.97,0.0,295.97,2026-04-26 23:17:38
OI00003836,ORD0001755,PROD000193,1,322.33,0.0,322.33,2026-05-14 20:20:28
OI00003837,ORD0001755,PROD000078,1,44.16,0.0,44.16,2026-05-14 20:20:28
OI00003838,ORD0001756,PROD000035,2,197.66,0.0,395.32,2026-06-21 20:36:22
OI00003839,ORD0001757,PROD000071,4,259.22,0.0,1036.88,2026-05-27 09:14:03
OI00003840,ORD0001757,PROD000097,1,119.02,0.0,119.02,2026-05-27 09:14:03
OI00003841,ORD0001757,PROD000046,2,353.88,0.0,707.76,2026-05-27 09:14:03
OI00003842,ORD0001758,PROD000120,1,200.42,0.0,200.42,2026-04-23 20:48:02
OI00003843,ORD0001759,PROD000157,1,230.53,11.53,219.0,2026-06-14 05:47:30
OI00003844,ORD0001760,PROD000113,1,295.97,0.0,295.97,2026-02-21 10:46:51
OI00003845,ORD0001760,PROD000170,1,39.7,7.94,31.76,2026-02-21 10:46:51
OI00003846,ORD0001760,PROD000057,1,282.26,0.0,282.26,2026-02-21 10:46:51
OI00003847,ORD0001761,PROD000061,1,85.11,0.0,85.11,2026-05-28 15:49:49
OI00003848,ORD0001762,PROD000198,1,307.49,0.0,307.49,2026-07-13 16:06:02
OI00003849,ORD0001762,PROD000014,1,171.48,0.0,171.48,2026-07-13 16:06:02
OI00003850,ORD0001762,PROD000002,3,68.17,0.0,204.51,2026-07-13 16:06:02
OI00003851,ORD0001763,PROD000152,1,68.44,0.0,68.44,2026-02-17 13:12:12
OI00003852,ORD0001763,PROD000146,1,237.64,11.88,225.76,2026-02-17 13:12:12
OI00003853,ORD0001764,PROD000123,1,410.86,20.54,390.32,2026-05-17 19:31:57
OI00003854,ORD0001764,PROD000027,2,174.59,0.0,349.18,2026-05-17 19:31:57
OI00003855,ORD0001765,PROD000186,2,106.06,0.0,212.12,2026-08-08 10:30:26
OI00003856,ORD0001766,PROD000189,1,184.49,0.0,184.49,2026-05-17 06:19:46
OI00003857,ORD0001766,PROD000198,2,307.49,0.0,614.98,2026-05-17 06:19:46
OI00003858,ORD0001767,PROD000171,1,118.83,0.0,118.83,2026-05-09 20:45:09
OI00003859,ORD0001767,PROD000119,1,93.67,0.0,93.67,2026-05-09 20:45:09
OI00003860,ORD0001768,PROD000175,1,395.9,39.59,356.31,2026-07-06 15:40:51
OI00003861,ORD0001768,PROD000173,2,269.92,53.98,485.86,2026-07-06 15:40:51
OI00003862,ORD0001769,PROD000104,2,219.63,0.0,439.26,2026-03-07 16:23:01
OI00003863,ORD0001769,PROD000163,1,379.9,0.0,379.9,2026-03-07 16:23:01
OI00003864,ORD0001770,PROD000185,1,186.5,0.0,186.5,2026-08-08 20:01:08
OI00003865,ORD0001770,PROD000149,1,259.04,0.0,259.04,2026-08-08 20:01:08
OI00003866,ORD0001771,PROD000151,1,220.37,0.0,220.37,2026-06-22 04:30:05
OI00003867,ORD0001771,PROD000119,1,93.67,0.0,93.67,2026-06-22 04:30:05
OI00003868,ORD0001772,PROD000106,1,13.25,0.0,13.25,2026-02-16 02:33:21
OI00003869,ORD0001772,PROD000046,1,353.88,35.39,318.49,2026-02-16 02:33:21
OI00003870,ORD0001772,PROD000041,1,287.98,0.0,287.98,2026-02-16 02:33:21
OI00003871,ORD0001772,PROD000028,2,209.71,0.0,419.42,2026-02-16 02:33:21
OI00003872,ORD0001773,PROD000159,1,90.28,4.51,85.77,2026-04-22 05:21:58
OI00003873,ORD0001774,PROD000015,1,74.75,0.0,74.75,2026-05-19 13:49:42
OI00003874,ORD0001775,PROD000105,2,230.76,92.3,369.22,2026-03-11 19:42:09
OI00003875,ORD0001775,PROD000061,1,85.11,0.0,85.11,2026-03-11 19:42:09
OI00003876,ORD0001776,PROD000143,1,293.11,0.0,293.11,2026-04-08 16:45:52
OI00003877,ORD0001777,PROD000171,1,118.83,0.0,118.83,2026-06-04 06:25:00
OI00003878,ORD0001778,PROD000125,2,169.29,0.0,338.58,2026-02-20 14:28:13
OI00003879,ORD0001779,PROD000079,1,315.96,0.0,315.96,2026-08-11 08:42:30
OI00003880,ORD0001779,PROD000025,1,337.19,16.86,320.33,2026-08-11 08:42:30
OI00003881,ORD0001780,PROD000158,1,391.88,0.0,391.88,2026-07-19 00:31:06
OI00003882,ORD0001780,PROD000029,1,12.47,0.0,12.47,2026-07-19 00:31:06
OI00003883,ORD0001781,PROD000065,2,459.64,91.93,827.35,2026-06-08 08:53:19
OI00003884,ORD0001781,PROD000153,2,46.39,4.64,88.14,2026-06-08 08:53:19
OI00003885,ORD0001781,PROD000123,3,410.86,0.0,1232.58,2026-06-08 08:53:19
OI00003886,ORD0001782,PROD000124,2,396.34,0.0,792.68,2026-02-23 14:21:24
OI00003887,ORD0001782,PROD000153,1,46.39,0.0,46.39,2026-02-23 14:21:24
OI00003888,ORD0001783,PROD000173,1,269.92,0.0,269.92,2026-07-03 23:15:28
OI00003889,ORD0001783,PROD000112,1,76.78,0.0,76.78,2026-07-03 23:15:28
OI00003890,ORD0001784,PROD000173,1,269.92,40.49,229.43,2026-03-02 11:15:02
OI00003891,ORD0001784,PROD000182,1,116.92,11.69,105.23,2026-03-02 11:15:02
OI00003892,ORD0001785,PROD000195,1,397.59,0.0,397.59,2026-06-30 04:38:21
OI00003893,ORD0001785,PROD000100,1,125.62,0.0,125.62,2026-06-30 04:38:21
OI00003894,ORD0001785,PROD000108,1,87.18,0.0,87.18,2026-06-30 04:38:21
OI00003895,ORD0001786,PROD000016,1,373.26,0.0,373.26,2026-06-01 17:18:24
OI00003896,ORD0001786,PROD000059,1,368.8,0.0,368.8,2026-06-01 17:18:24
OI00003897,ORD0001787,PROD000031,2,62.29,0.0,124.58,2026-03-20 00:47:56
OI00003898,ORD0001788,PROD000113,2,295.97,0.0,591.94,2026-07-13 13:43:25
OI00003899,ORD0001788,PROD000142,2,276.94,55.39,498.49,2026-07-13 13:43:25
OI00003900,ORD0001789,PROD000035,2,197.66,0.0,395.32,2026-05-03 13:20:33
OI00003901,ORD0001790,PROD000001,2,240.76,0.0,481.52,2026-05-30 01:06:52
OI00003902,ORD0001791,PROD000083,2,119.55,23.91,215.19,2026-06-18 00:50:33
OI00003903,ORD0001792,PROD000160,2,181.18,0.0,362.36,2026-03-10 00:35:03
OI00003904,ORD0001793,PROD000026,2,165.8,0.0,331.6,2026-07-26 17:46:23
OI00003905,ORD0001794,PROD000140,1,156.23,0.0,156.23,2026-07-14 06:34:28
OI00003906,ORD0001794,PROD000020,1,59.38,8.91,50.47,2026-07-14 06:34:28
OI00003907,ORD0001794,PROD000137,1,16.14,0.0,16.14,2026-07-14 06:34:28
OI00003908,ORD0001795,PROD000200,1,107.97,16.2,91.77,2026-07-06 21:50:54
OI00003909,ORD0001795,PROD000027,1,174.59,8.73,165.86,2026-07-06 21:50:54
OI00003910,ORD0001795,PROD000170,1,39.7,0.0,39.7,2026-07-06 21:50:54
OI00003911,ORD0001795,PROD000117,1,96.57,0.0,96.57,2026-07-06 21:50:54
OI00003912,ORD0001796,PROD000059,1,368.8,36.88,331.92,2026-07-10 06:55:49
OI00003913,ORD0001796,PROD000136,1,248.42,0.0,248.42,2026-07-10 06:55:49
OI00003914,ORD0001796,PROD000193,1,322.33,0.0,322.33,2026-07-10 06:55:49
OI00003915,ORD0001797,PROD000035,3,197.66,118.6,474.38,2026-07-02 16:24:25
OI00003916,ORD0001797,PROD000009,1,247.91,12.4,235.51,2026-07-02 16:24:25
OI00003917,ORD0001797,PROD000185,3,186.5,0.0,559.5,2026-07-02 16:24:25
OI00003918,ORD0001797,PROD000063,1,61.43,0.0,61.43,2026-07-02 16:24:25
OI00003919,ORD0001798,PROD000033,2,240.82,0.0,481.64,2026-07-05 22:03:53
OI00003920,ORD0001799,PROD000092,1,90.01,9.0,81.01,2026-07-31 00:14:55
OI00003921,ORD0001800,PROD000061,2,85.11,0.0,170.22,2026-06-21 00:46:58
OI00003922,ORD0001800,PROD000031,1,62.29,0.0,62.29,2026-06-21 00:46:58
OI00003923,ORD0001800,PROD000080,1,288.18,0.0,288.18,2026-06-21 00:46:58
OI00003924,ORD0001801,PROD000155,1,67.32,0.0,67.32,2026-02-20 06:45:24
OI00003925,ORD0001801,PROD000013,1,286.54,0.0,286.54,2026-02-20 06:45:24
OI00003926,ORD0001801,PROD000081,1,267.87,0.0,267.87,2026-02-20 06:45:24
OI00003927,ORD0001802,PROD000070,2,251.87,50.37,453.37,2026-06-26 22:25:50
OI00003928,ORD0001802,PROD000071,2,259.22,0.0,518.44,2026-06-26 22:25:50
OI00003929,ORD0001802,PROD000113,1,295.97,0.0,295.97,2026-06-26 22:25:50
OI00003930,ORD0001803,PROD000159,3,90.28,0.0,270.84,2026-07-08 21:15:17
OI00003931,ORD0001804,PROD000035,2,197.66,0.0,395.32,2026-07-17 12:51:54
OI00003932,ORD0001805,PROD000011,1,74.18,0.0,74.18,2026-06-07 14:35:14
OI00003933,ORD0001805,PROD000138,1,154.12,0.0,154.12,2026-06-07 14:35:14
OI00003934,ORD0001806,PROD000048,2,312.1,0.0,624.2,2026-08-03 18:18:39
OI00003935,ORD0001806,PROD000089,1,270.52,13.53,256.99,2026-08-03 18:18:39
OI00003936,ORD0001806,PROD000051,2,128.31,25.66,230.96,2026-08-03 18:18:39
OI00003937,ORD0001806,PROD000192,2,122.14,0.0,244.28,2026-08-03 18:18:39
OI00003938,ORD0001807,PROD000083,2,119.55,23.91,215.19,2026-04-30 18:08:33
OI00003939,ORD0001807,PROD000192,1,122.14,12.21,109.93,2026-04-30 18:08:33
OI00003940,ORD0001808,PROD000108,1,87.18,4.36,82.82,2026-08-10 23:08:38
OI00003941,ORD0001809,PROD000111,3,209.32,0.0,627.96,2026-06-08 02:49:12
OI00003942,ORD0001810,PROD000042,2,358.03,35.8,680.26,2026-08-06 05:30:41
OI00003943,ORD0001810,PROD000141,1,54.3,0.0,54.3,2026-08-06 05:30:41
OI00003944,ORD0001811,PROD000048,4,312.1,0.0,1248.4,2026-06-22 04:13:05
OI00003945,ORD0001812,PROD000088,3,381.45,0.0,1144.35,2026-05-26 14:02:00
OI00003946,ORD0001812,PROD000170,1,39.7,5.96,33.74,2026-05-26 14:02:00
OI00003947,ORD0001812,PROD000108,1,87.18,4.36,82.82,2026-05-26 14:02:00
OI00003948,ORD0001813,PROD000032,1,305.5,0.0,305.5,2026-05-18 20:57:14
OI00003949,ORD0001814,PROD000034,2,376.06,0.0,752.12,2026-05-11 05:53:39
OI00003950,ORD0001815,PROD000062,2,129.94,0.0,259.88,2026-03-08 20:58:56
OI00003951,ORD0001815,PROD000029,3,12.47,1.87,35.54,2026-03-08 20:58:56
OI00003952,ORD0001815,PROD000078,1,44.16,2.21,41.95,2026-03-08 20:58:56
OI00003953,ORD0001815,PROD000198,1,307.49,0.0,307.49,2026-03-08 20:58:56
OI00003954,ORD0001816,PROD000040,1,202.37,0.0,202.37,2026-04-08 07:53:40
OI00003955,ORD0001816,PROD000196,3,135.89,0.0,407.67,2026-04-08 07:53:40
OI00003956,ORD0001816,PROD000085,1,36.94,0.0,36.94,2026-04-08 07:53:40
OI00003957,ORD0001817,PROD000186,4,106.06,21.21,403.03,2026-07-26 11:55:43
OI00003958,ORD0001817,PROD000004,1,71.87,0.0,71.87,2026-07-26 11:55:43
OI00003959,ORD0001818,PROD000101,1,140.13,0.0,140.13,2026-05-31 20:29:33
OI00003960,ORD0001818,PROD000143,3,293.11,0.0,879.33,2026-05-31 20:29:33
OI00003961,ORD0001818,PROD000135,1,106.79,0.0,106.79,2026-05-31 20:29:33
OI00003962,ORD0001819,PROD000083,2,119.55,0.0,239.1,2026-06-25 07:34:09
OI00003963,ORD0001820,PROD000156,1,208.16,0.0,208.16,2026-05-11 04:04:57
OI00003964,ORD0001820,PROD000007,1,255.16,0.0,255.16,2026-05-11 04:04:57
OI00003965,ORD0001820,PROD000093,2,51.13,0.0,102.26,2026-05-11 04:04:57
OI00003966,ORD0001821,PROD000105,1,230.76,0.0,230.76,2026-03-28 20:16:28
OI00003967,ORD0001821,PROD000012,4,374.67,0.0,1498.68,2026-03-28 20:16:28
OI00003968,ORD0001822,PROD000089,1,270.52,13.53,256.99,2026-06-23 07:05:46
OI00003969,ORD0001822,PROD000057,1,282.26,28.23,254.03,2026-06-23 07:05:46
OI00003970,ORD0001823,PROD000187,2,260.32,0.0,520.64,2026-07-19 04:06:23
OI00003971,ORD0001824,PROD000108,1,87.18,8.72,78.46,2026-03-07 12:50:16
OI00003972,ORD0001825,PROD000088,1,381.45,0.0,381.45,2026-07-17 11:55:38
OI00003973,ORD0001825,PROD000077,2,172.06,0.0,344.12,2026-07-17 11:55:38
OI00003974,ORD0001825,PROD000056,2,23.5,0.0,47.0,2026-07-17 11:55:38
OI00003975,ORD0001826,PROD000175,1,395.9,0.0,395.9,2026-04-16 06:15:56
OI00003976,ORD0001826,PROD000132,1,86.93,0.0,86.93,2026-04-16 06:15:56
OI00003977,ORD0001827,PROD000153,2,46.39,0.0,92.78,2026-04-15 03:19:38
OI00003978,ORD0001827,PROD000200,2,107.97,0.0,215.94,2026-04-15 03:19:38
OI00003979,ORD0001827,PROD000100,1,125.62,0.0,125.62,2026-04-15 03:19:38
OI00003980,ORD0001828,PROD000168,1,433.94,0.0,433.94,2026-06-26 06:03:45
OI00003981,ORD0001828,PROD000041,1,287.98,57.6,230.38,2026-06-26 06:03:45
OI00003982,ORD0001829,PROD000044,1,137.29,0.0,137.29,2026-03-18 20:57:18
OI00003983,ORD0001830,PROD000195,4,397.59,0.0,1590.36,2026-04-22 17:02:59
OI00003984,ORD0001830,PROD000032,3,305.5,91.65,824.85,2026-04-22 17:02:59
OI00003985,ORD0001831,PROD000129,1,280.22,0.0,280.22,2026-05-29 04:29:19
OI00003986,ORD0001832,PROD000037,3,48.34,0.0,145.02,2026-05-17 23:00:00
OI00003987,ORD0001832,PROD000044,2,137.29,0.0,274.58,2026-05-17 23:00:00
OI00003988,ORD0001832,PROD000155,1,67.32,3.37,63.95,2026-05-17 23:00:00
OI00003989,ORD0001832,PROD000041,1,287.98,28.8,259.18,2026-05-17 23:00:00
OI00003990,ORD0001832,PROD000032,1,305.5,45.83,259.67,2026-05-17 23:00:00
OI00003991,ORD0001833,PROD000060,1,313.56,0.0,313.56,2026-07-07 13:16:48
OI00003992,ORD0001834,PROD000010,4,238.36,0.0,953.44,2026-05-20 18:37:53
OI00003993,ORD0001834,PROD000111,1,209.32,0.0,209.32,2026-05-20 18:37:53
OI00003994,ORD0001834,PROD000187,1,260.32,0.0,260.32,2026-05-20 18:37:53
OI00003995,ORD0001835,PROD000158,2,391.88,156.75,627.01,2026-04-23 22:21:33
OI00003996,ORD0001835,PROD000025,2,337.19,0.0,674.38,2026-04-23 22:21:33
OI00003997,ORD0001835,PROD000030,1,113.9,0.0,113.9,2026-04-23 22:21:33
OI00003998,ORD0001835,PROD000148,1,111.17,11.12,100.05,2026-04-23 22:21:33
OI00003999,ORD0001836,PROD000062,1,129.94,19.49,110.45,2026-06-13 18:43:05
OI00004000,ORD0001836,PROD000105,1,230.76,0.0,230.76,2026-06-13 18:43:05
OI00004001,ORD0001837,PROD000073,1,9.42,0.0,9.42,2026-07-15 11:59:23
OI00004002,ORD0001837,PROD000045,1,70.0,0.0,70.0,2026-07-15 11:59:23
OI00004003,ORD0001838,PROD000139,1,48.21,0.0,48.21,2026-05-31 06:58:44
OI00004004,ORD0001838,PROD000111,1,209.32,0.0,209.32,2026-05-31 06:58:44
OI00004005,ORD0001839,PROD000169,1,53.52,0.0,53.52,2026-07-09 05:04:13
OI00004006,ORD0001839,PROD000019,2,64.3,0.0,128.6,2026-07-09 05:04:13
OI00004007,ORD0001840,PROD000052,2,289.95,0.0,579.9,2026-08-02 23:51:19
OI00004008,ORD0001840,PROD000055,1,324.24,0.0,324.24,2026-08-02 23:51:19
OI00004009,ORD0001840,PROD000173,1,269.92,0.0,269.92,2026-08-02 23:51:19
OI00004010,ORD0001840,PROD000004,1,71.87,0.0,71.87,2026-08-02 23:51:19
OI00004011,ORD0001841,PROD000141,4,54.3,0.0,217.2,2026-06-29 09:19:18
OI00004012,ORD0001841,PROD000176,1,395.87,39.59,356.28,2026-06-29 09:19:18
OI00004013,ORD0001841,PROD000042,1,358.03,0.0,358.03,2026-06-29 09:19:18
OI00004014,ORD0001841,PROD000020,2,59.38,0.0,118.76,2026-06-29 09:19:18
OI00004015,ORD0001841,PROD000073,2,9.42,0.94,17.9,2026-06-29 09:19:18
OI00004016,ORD0001842,PROD000137,1,16.14,0.0,16.14,2026-08-14 04:01:19
OI00004017,ORD0001842,PROD000062,1,129.94,0.0,129.94,2026-08-14 04:01:19
OI00004018,ORD0001842,PROD000150,1,121.83,0.0,121.83,2026-08-14 04:01:19
OI00004019,ORD0001842,PROD000188,4,114.4,0.0,457.6,2026-08-14 04:01:19
OI00004020,ORD0001842,PROD000007,1,255.16,0.0,255.16,2026-08-14 04:01:19
OI00004021,ORD0001843,PROD000144,2,398.95,0.0,797.9,2026-04-05 19:11:27
OI00004022,ORD0001844,PROD000124,2,396.34,0.0,792.68,2026-04-25 11:39:30
OI00004023,ORD0001844,PROD000176,1,395.87,0.0,395.87,2026-04-25 11:39:30
OI00004024,ORD0001844,PROD000053,1,381.96,0.0,381.96,2026-04-25 11:39:30
OI00004025,ORD0001844,PROD000042,1,358.03,53.7,304.33,2026-04-25 11:39:30
OI00004026,ORD0001845,PROD000165,1,95.13,0.0,95.13,2026-04-09 22:51:11
OI00004027,ORD0001845,PROD000117,2,96.57,19.31,173.83,2026-04-09 22:51:11
OI00004028,ORD0001845,PROD000144,2,398.95,0.0,797.9,2026-04-09 22:51:11
OI00004029,ORD0001846,PROD000136,1,248.42,0.0,248.42,2026-06-29 14:43:38
OI00004030,ORD0001846,PROD000168,2,433.94,0.0,867.88,2026-06-29 14:43:38
OI00004031,ORD0001847,PROD000139,1,48.21,0.0,48.21,2026-04-26 09:56:31
OI00004032,ORD0001848,PROD000186,1,106.06,0.0,106.06,2026-05-16 02:25:51
OI00004033,ORD0001848,PROD000108,1,87.18,0.0,87.18,2026-05-16 02:25:51
OI00004034,ORD0001849,PROD000070,2,251.87,0.0,503.74,2026-03-07 19:22:53
OI00004035,ORD0001849,PROD000090,1,82.64,0.0,82.64,2026-03-07 19:22:53
OI00004036,ORD0001849,PROD000184,1,192.54,0.0,192.54,2026-03-07 19:22:53
OI00004037,ORD0001849,PROD000010,2,238.36,0.0,476.72,2026-03-07 19:22:53
OI00004038,ORD0001850,PROD000066,1,424.54,63.68,360.86,2026-06-30 02:25:20
OI00004039,ORD0001850,PROD000123,2,410.86,0.0,821.72,2026-06-30 02:25:20
OI00004040,ORD0001850,PROD000098,1,188.42,0.0,188.42,2026-06-30 02:25:20
OI00004041,ORD0001850,PROD000079,1,315.96,0.0,315.96,2026-06-30 02:25:20
OI00004042,ORD0001851,PROD000106,4,13.25,0.0,53.0,2026-07-13 02:11:46
OI00004043,ORD0001851,PROD000085,2,36.94,0.0,73.88,2026-07-13 02:11:46
OI00004044,ORD0001852,PROD000107,1,128.32,25.66,102.66,2026-06-16 22:29:13
OI00004045,ORD0001852,PROD000060,1,313.56,0.0,313.56,2026-06-16 22:29:13
OI00004046,ORD0001853,PROD000120,1,200.42,0.0,200.42,2026-03-25 10:23:33
OI00004047,ORD0001853,PROD000056,1,23.5,0.0,23.5,2026-03-25 10:23:33
OI00004048,ORD0001854,PROD000036,3,22.66,0.0,67.98,2026-08-13 03:57:25
OI00004049,ORD0001855,PROD000162,1,85.74,0.0,85.74,2026-07-23 09:16:07
OI00004050,ORD0001855,PROD000080,1,288.18,0.0,288.18,2026-07-23 09:16:07
OI00004051,ORD0001855,PROD000018,1,6.39,0.32,6.07,2026-07-23 09:16:07
OI00004052,ORD0001856,PROD000130,1,251.9,0.0,251.9,2026-07-19 07:07:25
OI00004053,ORD0001856,PROD000135,1,106.79,21.36,85.43,2026-07-19 07:07:25
OI00004054,ORD0001857,PROD000104,1,219.63,21.96,197.67,2026-06-05 02:16:16
OI00004055,ORD0001857,PROD000077,1,172.06,8.6,163.46,2026-06-05 02:16:16
OI00004056,ORD0001857,PROD000135,1,106.79,5.34,101.45,2026-06-05 02:16:16
OI00004057,ORD0001857,PROD000150,2,121.83,0.0,243.66,2026-06-05 02:16:16
OI00004058,ORD0001858,PROD000133,1,7.24,0.0,7.24,2026-06-16 03:46:25
OI00004059,ORD0001859,PROD000111,1,209.32,0.0,209.32,2026-07-03 17:07:10
OI00004060,ORD0001859,PROD000026,1,165.8,0.0,165.8,2026-07-03 17:07:10
OI00004061,ORD0001859,PROD000060,2,313.56,0.0,627.12,2026-07-03 17:07:10
OI00004062,ORD0001859,PROD000160,1,181.18,0.0,181.18,2026-07-03 17:07:10
OI00004063,ORD0001860,PROD000197,1,191.33,38.27,153.06,2026-04-10 20:31:26
OI00004064,ORD0001861,PROD000008,2,181.13,0.0,362.26,2026-03-04 23:02:40
OI00004065,ORD0001862,PROD000075,4,10.1,2.02,38.38,2026-06-12 06:13:48
OI00004066,ORD0001862,PROD000146,1,237.64,0.0,237.64,2026-06-12 06:13:48
OI00004067,ORD0001863,PROD000002,2,68.17,0.0,136.34,2026-06-14 05:27:59
OI00004068,ORD0001863,PROD000082,1,49.54,0.0,49.54,2026-06-14 05:27:59
OI00004069,ORD0001863,PROD000074,1,260.67,26.07,234.6,2026-06-14 05:27:59
OI00004070,ORD0001864,PROD000022,2,302.51,0.0,605.02,2026-04-19 04:42:50
OI00004071,ORD0001864,PROD000119,2,93.67,9.37,177.97,2026-04-19 04:42:50
OI00004072,ORD0001864,PROD000140,3,156.23,93.74,374.95,2026-04-19 04:42:50
OI00004073,ORD0001865,PROD000050,4,110.2,0.0,440.8,2026-07-06 19:42:36
OI00004074,ORD0001866,PROD000177,1,200.82,0.0,200.82,2026-06-07 03:54:45
OI00004075,ORD0001866,PROD000014,1,171.48,17.15,154.33,2026-06-07 03:54:45
OI00004076,ORD0001867,PROD000170,2,39.7,0.0,79.4,2026-07-21 17:42:39
OI00004077,ORD0001868,PROD000168,2,433.94,0.0,867.88,2026-05-27 16:16:00
OI00004078,ORD0001868,PROD000032,2,305.5,0.0,611.0,2026-05-27 16:16:00
OI00004079,ORD0001869,PROD000179,1,100.96,20.19,80.77,2026-06-13 02:59:10
OI00004080,ORD0001869,PROD000173,1,269.92,0.0,269.92,2026-06-13 02:59:10
OI00004081,ORD0001869,PROD000100,1,125.62,0.0,125.62,2026-06-13 02:59:10
OI00004082,ORD0001869,PROD000060,3,313.56,0.0,940.68,2026-06-13 02:59:10
OI00004083,ORD0001870,PROD000033,2,240.82,0.0,481.64,2026-08-11 13:24:59
OI00004084,ORD0001871,PROD000100,1,125.62,0.0,125.62,2026-05-15 21:33:18
OI00004085,ORD0001871,PROD000124,2,396.34,118.9,673.78,2026-05-15 21:33:18
OI00004086,ORD0001871,PROD000138,1,154.12,7.71,146.41,2026-05-15 21:33:18
OI00004087,ORD0001871,PROD000170,1,39.7,0.0,39.7,2026-05-15 21:33:18
OI00004088,ORD0001872,PROD000193,1,322.33,0.0,322.33,2026-03-13 09:54:05
OI00004089,ORD0001873,PROD000101,1,140.13,0.0,140.13,2026-04-26 09:08:37
OI00004090,ORD0001874,PROD000168,3,433.94,0.0,1301.82,2026-06-30 06:33:42
OI00004091,ORD0001874,PROD000011,1,74.18,0.0,74.18,2026-06-30 06:33:42
OI00004092,ORD0001874,PROD000068,2,253.43,0.0,506.86,2026-06-30 06:33:42
OI00004093,ORD0001874,PROD000014,1,171.48,0.0,171.48,2026-06-30 06:33:42
OI00004094,ORD0001875,PROD000164,3,179.02,26.85,510.21,2026-03-14 07:51:21
OI00004095,ORD0001875,PROD000031,2,62.29,0.0,124.58,2026-03-14 07:51:21
OI00004096,ORD0001876,PROD000007,3,255.16,0.0,765.48,2026-04-20 17:26:45
OI00004097,ORD0001876,PROD000124,1,396.34,0.0,396.34,2026-04-20 17:26:45
OI00004098,ORD0001876,PROD000114,2,36.68,0.0,73.36,2026-04-20 17:26:45
OI00004099,ORD0001876,PROD000169,3,53.52,0.0,160.56,2026-04-20 17:26:45
OI00004100,ORD0001877,PROD000093,1,51.13,2.56,48.57,2026-06-24 15:45:08
OI00004101,ORD0001877,PROD000084,2,172.79,51.84,293.74,2026-06-24 15:45:08
OI00004102,ORD0001878,PROD000125,1,169.29,0.0,169.29,2026-07-12 12:11:23
OI00004103,ORD0001879,PROD000080,3,288.18,0.0,864.54,2026-04-18 19:38:30
OI00004104,ORD0001879,PROD000093,1,51.13,2.56,48.57,2026-04-18 19:38:30
OI00004105,ORD0001880,PROD000053,1,381.96,19.1,362.86,2026-06-01 04:57:16
OI00004106,ORD0001880,PROD000193,2,322.33,0.0,644.66,2026-06-01 04:57:16
OI00004107,ORD0001881,PROD000074,2,260.67,0.0,521.34,2026-05-19 14:14:21
OI00004108,ORD0001881,PROD000177,1,200.82,10.04,190.78,2026-05-19 14:14:21
OI00004109,ORD0001882,PROD000017,3,177.67,26.65,506.36,2026-03-27 17:09:43
OI00004110,ORD0001883,PROD000080,4,288.18,0.0,1152.72,2026-08-13 09:12:17
OI00004111,ORD0001884,PROD000033,4,240.82,0.0,963.28,2026-05-01 11:22:39
OI00004112,ORD0001884,PROD000117,1,96.57,4.83,91.74,2026-05-01 11:22:39
OI00004113,ORD0001884,PROD000157,3,230.53,0.0,691.59,2026-05-01 11:22:39
OI00004114,ORD0001885,PROD000163,1,379.9,0.0,379.9,2026-06-02 11:32:03
OI00004115,ORD0001886,PROD000194,2,99.76,0.0,199.52,2026-02-27 23:12:05
OI00004116,ORD0001886,PROD000133,2,7.24,0.0,14.48,2026-02-27 23:12:05
OI00004117,ORD0001886,PROD000158,1,391.88,0.0,391.88,2026-02-27 23:12:05
OI00004118,ORD0001886,PROD000091,1,244.05,0.0,244.05,2026-02-27 23:12:05
OI00004119,ORD0001887,PROD000147,1,359.37,0.0,359.37,2026-08-09 16:55:04
OI00004120,ORD0001887,PROD000143,1,293.11,0.0,293.11,2026-08-09 16:55:04
OI00004121,ORD0001888,PROD000047,1,125.52,0.0,125.52,2026-07-06 00:38:05
OI00004122,ORD0001888,PROD000012,2,374.67,0.0,749.34,2026-07-06 00:38:05
OI00004123,ORD0001888,PROD000044,2,137.29,0.0,274.58,2026-07-06 00:38:05
OI00004124,ORD0001889,PROD000066,2,424.54,0.0,849.08,2026-06-05 10:31:37
OI00004125,ORD0001889,PROD000154,3,57.2,34.32,137.28,2026-06-05 10:31:37
OI00004126,ORD0001889,PROD000158,1,391.88,0.0,391.88,2026-06-05 10:31:37
OI00004127,ORD0001890,PROD000069,3,332.4,49.86,947.34,2026-05-03 16:28:33
OI00004128,ORD0001890,PROD000077,2,172.06,0.0,344.12,2026-05-03 16:28:33
OI00004129,ORD0001891,PROD000079,1,315.96,15.8,300.16,2026-08-14 12:11:18
OI00004130,ORD0001892,PROD000170,1,39.7,0.0,39.7,2026-02-22 12:29:41
OI00004131,ORD0001892,PROD000121,2,311.61,0.0,623.22,2026-02-22 12:29:41
OI00004132,ORD0001892,PROD000113,2,295.97,0.0,591.94,2026-02-22 12:29:41
OI00004133,ORD0001893,PROD000023,3,69.84,0.0,209.52,2026-04-26 18:36:10
OI00004134,ORD0001893,PROD000086,2,216.37,0.0,432.74,2026-04-26 18:36:10
OI00004135,ORD0001894,PROD000112,1,76.78,0.0,76.78,2026-07-23 12:21:15
OI00004136,ORD0001894,PROD000088,1,381.45,0.0,381.45,2026-07-23 12:21:15
OI00004137,ORD0001894,PROD000186,1,106.06,5.3,100.76,2026-07-23 12:21:15
OI00004138,ORD0001895,PROD000147,4,359.37,0.0,1437.48,2026-07-08 18:51:24
OI00004139,ORD0001895,PROD000017,4,177.67,0.0,710.68,2026-07-08 18:51:24
OI00004140,ORD0001896,PROD000139,1,48.21,0.0,48.21,2026-03-24 04:42:49
OI00004141,ORD0001896,PROD000037,1,48.34,0.0,48.34,2026-03-24 04:42:49
OI00004142,ORD0001897,PROD000139,2,48.21,19.28,77.14,2026-04-24 16:24:43
OI00004143,ORD0001897,PROD000085,4,36.94,0.0,147.76,2026-04-24 16:24:43
OI00004144,ORD0001898,PROD000126,2,5.66,0.0,11.32,2026-04-24 21:21:20
OI00004145,ORD0001898,PROD000188,2,114.4,0.0,228.8,2026-04-24 21:21:20
OI00004146,ORD0001898,PROD000111,2,209.32,0.0,418.64,2026-04-24 21:21:20
OI00004147,ORD0001899,PROD000182,1,116.92,0.0,116.92,2026-02-14 16:56:22
OI00004148,ORD0001899,PROD000136,2,248.42,0.0,496.84,2026-02-14 16:56:22
OI00004149,ORD0001899,PROD000185,1,186.5,0.0,186.5,2026-02-14 16:56:22
OI00004150,ORD0001899,PROD000117,1,96.57,0.0,96.57,2026-02-14 16:56:22
OI00004151,ORD0001900,PROD000082,1,49.54,9.91,39.63,2026-06-06 21:12:56
OI00004152,ORD0001901,PROD000092,1,90.01,0.0,90.01,2026-06-09 11:29:45
OI00004153,ORD0001902,PROD000027,1,174.59,17.46,157.13,2026-05-15 13:42:01
OI00004154,ORD0001902,PROD000066,1,424.54,0.0,424.54,2026-05-15 13:42:01
OI00004155,ORD0001903,PROD000135,1,106.79,21.36,85.43,2026-04-23 10:58:11
OI00004156,ORD0001903,PROD000117,1,96.57,0.0,96.57,2026-04-23 10:58:11
OI00004157,ORD0001904,PROD000111,1,209.32,41.86,167.46,2026-02-27 22:17:08
OI00004158,ORD0001905,PROD000034,1,376.06,0.0,376.06,2026-07-21 14:47:52
OI00004159,ORD0001905,PROD000171,1,118.83,5.94,112.89,2026-07-21 14:47:52
OI00004160,ORD0001906,PROD000135,1,106.79,0.0,106.79,2026-07-12 23:49:26
OI00004161,ORD0001906,PROD000005,1,219.89,0.0,219.89,2026-07-12 23:49:26
OI00004162,ORD0001906,PROD000049,1,343.12,0.0,343.12,2026-07-12 23:49:26
OI00004163,ORD0001907,PROD000102,1,157.31,0.0,157.31,2026-02-28 01:55:00
OI00004164,ORD0001907,PROD000033,1,240.82,0.0,240.82,2026-02-28 01:55:00
OI00004165,ORD0001907,PROD000061,3,85.11,0.0,255.33,2026-02-28 01:55:00
OI00004166,ORD0001908,PROD000125,1,169.29,8.46,160.83,2026-07-15 16:18:21
OI00004167,ORD0001909,PROD000048,1,312.1,0.0,312.1,2026-04-18 21:39:08
OI00004168,ORD0001909,PROD000114,1,36.68,0.0,36.68,2026-04-18 21:39:08
OI00004169,ORD0001909,PROD000117,1,96.57,9.66,86.91,2026-04-18 21:39:08
OI00004170,ORD0001910,PROD000093,1,51.13,0.0,51.13,2026-05-12 10:01:26
OI00004171,ORD0001910,PROD000095,1,317.49,0.0,317.49,2026-05-12 10:01:26
OI00004172,ORD0001911,PROD000002,3,68.17,0.0,204.51,2026-07-28 01:47:03
OI00004173,ORD0001912,PROD000020,4,59.38,0.0,237.52,2026-06-05 16:31:02
OI00004174,ORD0001912,PROD000019,1,64.3,3.21,61.09,2026-06-05 16:31:02
OI00004175,ORD0001913,PROD000063,3,61.43,0.0,184.29,2026-07-19 09:51:11
OI00004176,ORD0001913,PROD000198,3,307.49,0.0,922.47,2026-07-19 09:51:11
OI00004177,ORD0001914,PROD000015,1,74.75,0.0,74.75,2026-07-16 00:20:05
OI00004178,ORD0001914,PROD000124,3,396.34,0.0,1189.02,2026-07-16 00:20:05
OI00004179,ORD0001915,PROD000094,1,170.67,0.0,170.67,2026-03-24 21:11:25
OI00004180,ORD0001915,PROD000179,1,100.96,0.0,100.96,2026-03-24 21:11:25
OI00004181,ORD0001915,PROD000195,1,397.59,39.76,357.83,2026-03-24 21:11:25
OI00004182,ORD0001916,PROD000173,1,269.92,0.0,269.92,2026-05-07 23:19:34
OI00004183,ORD0001917,PROD000103,2,30.32,0.0,60.64,2026-04-19 17:26:12
OI00004184,ORD0001918,PROD000074,3,260.67,0.0,782.01,2026-02-15 08:52:34
OI00004185,ORD0001918,PROD000065,2,459.64,0.0,919.28,2026-02-15 08:52:34
OI00004186,ORD0001918,PROD000126,1,5.66,0.28,5.38,2026-02-15 08:52:34
OI00004187,ORD0001919,PROD000194,2,99.76,0.0,199.52,2026-06-08 03:07:52
OI00004188,ORD0001920,PROD000029,1,12.47,0.0,12.47,2026-07-11 16:30:05
OI00004189,ORD0001920,PROD000127,1,216.42,0.0,216.42,2026-07-11 16:30:05
OI00004190,ORD0001921,PROD000195,2,397.59,0.0,795.18,2026-04-15 22:49:36
OI00004191,ORD0001921,PROD000097,1,119.02,0.0,119.02,2026-04-15 22:49:36
OI00004192,ORD0001921,PROD000101,2,140.13,0.0,280.26,2026-04-15 22:49:36
OI00004193,ORD0001921,PROD000165,1,95.13,9.51,85.62,2026-04-15 22:49:36
OI00004194,ORD0001921,PROD000022,1,302.51,0.0,302.51,2026-04-15 22:49:36
OI00004195,ORD0001922,PROD000099,1,244.63,12.23,232.4,2026-04-22 15:19:02
OI00004196,ORD0001922,PROD000040,1,202.37,0.0,202.37,2026-04-22 15:19:02
OI00004197,ORD0001922,PROD000094,3,170.67,102.4,409.61,2026-04-22 15:19:02
OI00004198,ORD0001922,PROD000161,3,310.12,0.0,930.36,2026-04-22 15:19:02
OI00004199,ORD0001923,PROD000049,1,343.12,0.0,343.12,2026-04-03 14:00:30
OI00004200,ORD0001924,PROD000121,1,311.61,31.16,280.45,2026-06-01 09:48:08
OI00004201,ORD0001925,PROD000018,1,6.39,0.0,6.39,2026-02-23 00:56:50
OI00004202,ORD0001925,PROD000165,2,95.13,0.0,190.26,2026-02-23 00:56:50
OI00004203,ORD0001926,PROD000097,2,119.02,0.0,238.04,2026-03-01 00:12:08
OI00004204,ORD0001926,PROD000190,1,270.32,0.0,270.32,2026-03-01 00:12:08
OI00004205,ORD0001927,PROD000143,1,293.11,0.0,293.11,2026-02-28 20:17:42
OI00004206,ORD0001927,PROD000035,2,197.66,19.77,375.55,2026-02-28 20:17:42
OI00004207,ORD0001927,PROD000027,1,174.59,0.0,174.59,2026-02-28 20:17:42
OI00004208,ORD0001928,PROD000159,4,90.28,18.06,343.06,2026-06-21 13:12:40
OI00004209,ORD0001928,PROD000195,1,397.59,0.0,397.59,2026-06-21 13:12:40
OI00004210,ORD0001928,PROD000030,2,113.9,11.39,216.41,2026-06-21 13:12:40
OI00004211,ORD0001929,PROD000150,1,121.83,0.0,121.83,2026-05-22 14:15:54
OI00004212,ORD0001929,PROD000190,1,270.32,0.0,270.32,2026-05-22 14:15:54
OI00004213,ORD0001929,PROD000174,1,225.67,0.0,225.67,2026-05-22 14:15:54
OI00004214,ORD0001930,PROD000035,2,197.66,0.0,395.32,2026-06-30 12:40:30
OI00004215,ORD0001931,PROD000175,3,395.9,0.0,1187.7,2026-06-25 21:18:31
OI00004216,ORD0001931,PROD000177,1,200.82,0.0,200.82,2026-06-25 21:18:31
OI00004217,ORD0001931,PROD000189,1,184.49,0.0,184.49,2026-06-25 21:18:31
OI00004218,ORD0001931,PROD000193,1,322.33,16.12,306.21,2026-06-25 21:18:31
OI00004219,ORD0001932,PROD000071,1,259.22,0.0,259.22,2026-03-24 21:02:53
OI00004220,ORD0001932,PROD000119,2,93.67,0.0,187.34,2026-03-24 21:02:53
OI00004221,ORD0001932,PROD000182,1,116.92,0.0,116.92,2026-03-24 21:02:53
OI00004222,ORD0001933,PROD000068,1,253.43,0.0,253.43,2026-04-03 15:23:15
OI00004223,ORD0001933,PROD000157,1,230.53,0.0,230.53,2026-04-03 15:23:15
OI00004224,ORD0001934,PROD000046,1,353.88,0.0,353.88,2026-06-18 07:14:15
OI00004225,ORD0001934,PROD000014,2,171.48,51.44,291.52,2026-06-18 07:14:15
OI00004226,ORD0001935,PROD000189,1,184.49,0.0,184.49,2026-06-24 05:07:11
OI00004227,ORD0001935,PROD000165,1,95.13,0.0,95.13,2026-06-24 05:07:11
OI00004228,ORD0001936,PROD000094,2,170.67,0.0,341.34,2026-03-20 18:37:14
OI00004229,ORD0001936,PROD000003,1,265.29,0.0,265.29,2026-03-20 18:37:14
OI00004230,ORD0001937,PROD000137,2,16.14,0.0,32.28,2026-05-21 04:48:41
OI00004231,ORD0001938,PROD000059,1,368.8,0.0,368.8,2026-07-08 18:29:19
OI00004232,ORD0001938,PROD000085,1,36.94,0.0,36.94,2026-07-08 18:29:19
OI00004233,ORD0001938,PROD000183,1,239.94,0.0,239.94,2026-07-08 18:29:19
OI00004234,ORD0001939,PROD000009,2,247.91,0.0,495.82,2026-07-14 16:57:29
OI00004235,ORD0001940,PROD000055,1,324.24,0.0,324.24,2026-05-21 14:41:22
OI00004236,ORD0001941,PROD000161,2,310.12,0.0,620.24,2026-06-13 00:51:33
OI00004237,ORD0001942,PROD000039,3,318.97,47.85,909.06,2026-07-28 19:17:51
OI00004238,ORD0001943,PROD000001,1,240.76,24.08,216.68,2026-04-22 12:12:22
OI00004239,ORD0001943,PROD000029,2,12.47,0.0,24.94,2026-04-22 12:12:22
OI00004240,ORD0001943,PROD000149,3,259.04,0.0,777.12,2026-04-22 12:12:22
OI00004241,ORD0001943,PROD000019,1,64.3,0.0,64.3,2026-04-22 12:12:22
OI00004242,ORD0001944,PROD000142,3,276.94,0.0,830.82,2026-07-15 13:23:28
OI00004243,ORD0001945,PROD000183,3,239.94,35.99,683.83,2026-06-23 18:54:12
OI00004244,ORD0001945,PROD000025,1,337.19,50.58,286.61,2026-06-23 18:54:12
OI00004245,ORD0001946,PROD000044,3,137.29,61.78,350.09,2026-05-25 03:19:53
OI00004246,ORD0001946,PROD000001,2,240.76,0.0,481.52,2026-05-25 03:19:53
OI00004247,ORD0001947,PROD000002,2,68.17,0.0,136.34,2026-05-25 11:45:44
OI00004248,ORD0001947,PROD000139,1,48.21,0.0,48.21,2026-05-25 11:45:44
OI00004249,ORD0001948,PROD000013,1,286.54,0.0,286.54,2026-05-25 09:58:03
OI00004250,ORD0001948,PROD000188,2,114.4,22.88,205.92,2026-05-25 09:58:03
OI00004251,ORD0001949,PROD000036,1,22.66,0.0,22.66,2026-02-28 04:36:49
OI00004252,ORD0001950,PROD000111,1,209.32,0.0,209.32,2026-04-01 21:58:10
OI00004253,ORD0001950,PROD000018,2,6.39,0.0,12.78,2026-04-01 21:58:10
OI00004254,ORD0001951,PROD000053,1,381.96,0.0,381.96,2026-06-30 10:58:21
OI00004255,ORD0001952,PROD000198,1,307.49,0.0,307.49,2026-03-22 00:21:38
OI00004256,ORD0001952,PROD000090,2,82.64,0.0,165.28,2026-03-22 00:21:38
OI00004257,ORD0001952,PROD000156,1,208.16,0.0,208.16,2026-03-22 00:21:38
OI00004258,ORD0001952,PROD000031,2,62.29,0.0,124.58,2026-03-22 00:21:38
OI00004259,ORD0001953,PROD000042,3,358.03,0.0,1074.09,2026-07-16 00:10:05
OI00004260,ORD0001953,PROD000161,1,310.12,0.0,310.12,2026-07-16 00:10:05
OI00004261,ORD0001953,PROD000164,1,179.02,0.0,179.02,2026-07-16 00:10:05
OI00004262,ORD0001954,PROD000046,1,353.88,0.0,353.88,2026-05-18 19:45:25
OI00004263,ORD0001955,PROD000040,2,202.37,0.0,404.74,2026-03-30 06:45:01
OI00004264,ORD0001955,PROD000014,1,171.48,34.3,137.18,2026-03-30 06:45:01
OI00004265,ORD0001955,PROD000176,1,395.87,0.0,395.87,2026-03-30 06:45:01
OI00004266,ORD0001955,PROD000143,1,293.11,0.0,293.11,2026-03-30 06:45:01
OI00004267,ORD0001956,PROD000129,3,280.22,126.1,714.56,2026-08-10 07:09:29
OI00004268,ORD0001956,PROD000190,3,270.32,0.0,810.96,2026-08-10 07:09:29
OI00004269,ORD0001956,PROD000092,1,90.01,0.0,90.01,2026-08-10 07:09:29
OI00004270,ORD0001957,PROD000027,1,174.59,0.0,174.59,2026-04-06 19:09:46
OI00004271,ORD0001957,PROD000051,1,128.31,0.0,128.31,2026-04-06 19:09:46
OI00004272,ORD0001957,PROD000016,3,373.26,55.99,1063.79,2026-04-06 19:09:46
OI00004273,ORD0001957,PROD000147,3,359.37,0.0,1078.11,2026-04-06 19:09:46
OI00004274,ORD0001958,PROD000109,2,87.72,0.0,175.44,2026-04-20 13:00:46
OI00004275,ORD0001958,PROD000136,4,248.42,0.0,993.68,2026-04-20 13:00:46
OI00004276,ORD0001959,PROD000123,2,410.86,0.0,821.72,2026-04-19 17:48:56
OI00004277,ORD0001959,PROD000011,1,74.18,3.71,70.47,2026-04-19 17:48:56
OI00004278,ORD0001960,PROD000119,3,93.67,0.0,281.01,2026-04-08 14:40:59
OI00004279,ORD0001960,PROD000110,4,112.33,0.0,449.32,2026-04-08 14:40:59
OI00004280,ORD0001961,PROD000082,2,49.54,0.0,99.08,2026-06-21 06:08:04
OI00004281,ORD0001962,PROD000170,1,39.7,0.0,39.7,2026-08-11 17:56:50
OI00004282,ORD0001962,PROD000140,4,156.23,0.0,624.92,2026-08-11 17:56:50
OI00004283,ORD0001962,PROD000039,1,318.97,0.0,318.97,2026-08-11 17:56:50
OI00004284,ORD0001963,PROD000121,2,311.61,93.48,529.74,2026-06-06 21:51:42
OI00004285,ORD0001964,PROD000028,1,209.71,20.97,188.74,2026-04-15 16:35:20
OI00004286,ORD0001964,PROD000156,1,208.16,20.82,187.34,2026-04-15 16:35:20
OI00004287,ORD0001965,PROD000147,3,359.37,0.0,1078.11,2026-08-07 04:10:49
OI00004288,ORD0001965,PROD000006,1,276.33,0.0,276.33,2026-08-07 04:10:49
OI00004289,ORD0001965,PROD000136,3,248.42,0.0,745.26,2026-08-07 04:10:49
OI00004290,ORD0001966,PROD000021,2,325.45,0.0,650.9,2026-08-01 10:05:33
OI00004291,ORD0001967,PROD000015,2,74.75,29.9,119.6,2026-08-06 16:41:12
OI00004292,ORD0001967,PROD000097,4,119.02,0.0,476.08,2026-08-06 16:41:12
OI00004293,ORD0001967,PROD000002,1,68.17,0.0,68.17,2026-08-06 16:41:12
OI00004294,ORD0001968,PROD000127,1,216.42,32.46,183.96,2026-05-03 20:18:42
OI00004295,ORD0001968,PROD000105,1,230.76,0.0,230.76,2026-05-03 20:18:42
OI00004296,ORD0001968,PROD000143,1,293.11,0.0,293.11,2026-05-03 20:18:42
OI00004297,ORD0001969,PROD000100,1,125.62,0.0,125.62,2026-05-17 17:39:49
OI00004298,ORD0001970,PROD000174,1,225.67,0.0,225.67,2026-07-14 13:21:06
OI00004299,ORD0001970,PROD000018,1,6.39,0.0,6.39,2026-07-14 13:21:06
OI00004300,ORD0001970,PROD000098,1,188.42,0.0,188.42,2026-07-14 13:21:06
OI00004301,ORD0001971,PROD000119,2,93.67,0.0,187.34,2026-02-22 12:26:31
OI00004302,ORD0001971,PROD000063,1,61.43,6.14,55.29,2026-02-22 12:26:31
OI00004303,ORD0001971,PROD000111,2,209.32,0.0,418.64,2026-02-22 12:26:31
OI00004304,ORD0001972,PROD000138,4,154.12,0.0,616.48,2026-06-22 03:09:15
OI00004305,ORD0001972,PROD000142,4,276.94,0.0,1107.76,2026-06-22 03:09:15
OI00004306,ORD0001972,PROD000132,1,86.93,4.35,82.58,2026-06-22 03:09:15
OI00004307,ORD0001972,PROD000011,1,74.18,0.0,74.18,2026-06-22 03:09:15
OI00004308,ORD0001973,PROD000086,1,216.37,0.0,216.37,2026-07-01 21:39:41
OI00004309,ORD0001973,PROD000192,2,122.14,24.43,219.85,2026-07-01 21:39:41
OI00004310,ORD0001974,PROD000141,1,54.3,0.0,54.3,2026-03-06 16:28:47
OI00004311,ORD0001974,PROD000060,4,313.56,0.0,1254.24,2026-03-06 16:28:47
OI00004312,ORD0001974,PROD000019,4,64.3,25.72,231.48,2026-03-06 16:28:47
OI00004313,ORD0001975,PROD000163,2,379.9,0.0,759.8,2026-05-30 17:15:03
OI00004314,ORD0001975,PROD000073,2,9.42,0.0,18.84,2026-05-30 17:15:03
OI00004315,ORD0001975,PROD000192,1,122.14,0.0,122.14,2026-05-30 17:15:03
OI00004316,ORD0001976,PROD000142,1,276.94,0.0,276.94,2026-05-01 20:23:45
OI00004317,ORD0001977,PROD000017,1,177.67,0.0,177.67,2026-07-06 03:28:02
OI00004318,ORD0001977,PROD000117,2,96.57,0.0,193.14,2026-07-06 03:28:02
OI00004319,ORD0001977,PROD000181,1,132.65,0.0,132.65,2026-07-06 03:28:02
OI00004320,ORD0001977,PROD000155,1,67.32,6.73,60.59,2026-07-06 03:28:02
OI00004321,ORD0001977,PROD000133,3,7.24,0.0,21.72,2026-07-06 03:28:02
OI00004322,ORD0001978,PROD000056,1,23.5,0.0,23.5,2026-04-29 02:41:19
OI00004323,ORD0001979,PROD000001,2,240.76,0.0,481.52,2026-05-17 11:55:02
OI00004324,ORD0001979,PROD000017,1,177.67,0.0,177.67,2026-05-17 11:55:02
OI00004325,ORD0001979,PROD000004,1,71.87,0.0,71.87,2026-05-17 11:55:02
OI00004326,ORD0001980,PROD000169,2,53.52,21.41,85.63,2026-03-21 02:46:30
OI00004327,ORD0001980,PROD000100,1,125.62,0.0,125.62,2026-03-21 02:46:30
OI00004328,ORD0001980,PROD000117,1,96.57,4.83,91.74,2026-03-21 02:46:30
OI00004329,ORD0001981,PROD000156,1,208.16,0.0,208.16,2026-06-30 19:48:38
OI00004330,ORD0001981,PROD000127,1,216.42,0.0,216.42,2026-06-30 19:48:38
OI00004331,ORD0001982,PROD000022,4,302.51,0.0,1210.04,2026-06-23 07:29:42
OI00004332,ORD0001982,PROD000151,1,220.37,0.0,220.37,2026-06-23 07:29:42
OI00004333,ORD0001983,PROD000070,1,251.87,0.0,251.87,2026-04-28 03:30:14
OI00004334,ORD0001984,PROD000157,3,230.53,0.0,691.59,2026-03-08 22:47:50
OI00004335,ORD0001985,PROD000029,3,12.47,1.87,35.54,2026-08-01 19:49:19
OI00004336,ORD0001985,PROD000098,1,188.42,0.0,188.42,2026-08-01 19:49:19
OI00004337,ORD0001986,PROD000009,2,247.91,0.0,495.82,2026-03-15 02:34:40
OI00004338,ORD0001986,PROD000101,2,140.13,0.0,280.26,2026-03-15 02:34:40
OI00004339,ORD0001986,PROD000079,1,315.96,0.0,315.96,2026-03-15 02:34:40
OI00004340,ORD0001987,PROD000014,2,171.48,51.44,291.52,2026-02-23 19:14:33
OI00004341,ORD0001988,PROD000097,1,119.02,0.0,119.02,2026-05-16 22:29:35
OI00004342,ORD0001989,PROD000147,1,359.37,0.0,359.37,2026-04-11 22:20:17
OI00004343,ORD0001989,PROD000168,4,433.94,173.58,1562.18,2026-04-11 22:20:17
OI00004344,ORD0001989,PROD000193,1,322.33,16.12,306.21,2026-04-11 22:20:17
OI00004345,ORD0001990,PROD000127,2,216.42,43.28,389.56,2026-07-29 08:57:46
OI00004346,ORD0001990,PROD000037,1,48.34,2.42,45.92,2026-07-29 08:57:46
OI00004347,ORD0001990,PROD000193,1,322.33,16.12,306.21,2026-07-29 08:57:46
OI00004348,ORD0001991,PROD000152,3,68.44,0.0,205.32,2026-04-01 20:25:06
OI00004349,ORD0001991,PROD000197,3,191.33,0.0,573.99,2026-04-01 20:25:06
OI00004350,ORD0001991,PROD000004,2,71.87,0.0,143.74,2026-04-01 20:25:06
OI00004351,ORD0001992,PROD000034,2,376.06,0.0,752.12,2026-06-18 19:33:26
OI00004352,ORD0001992,PROD000082,1,49.54,0.0,49.54,2026-06-18 19:33:26
OI00004353,ORD0001992,PROD000084,2,172.79,69.12,276.46,2026-06-18 19:33:26
OI00004354,ORD0001992,PROD000141,1,54.3,0.0,54.3,2026-06-18 19:33:26
OI00004355,ORD0001992,PROD000016,1,373.26,0.0,373.26,2026-06-18 19:33:26
OI00004356,ORD0001993,PROD000036,2,22.66,0.0,45.32,2026-02-27 23:18:42
OI00004357,ORD0001993,PROD000086,2,216.37,0.0,432.74,2026-02-27 23:18:42
OI00004358,ORD0001994,PROD000015,2,74.75,0.0,149.5,2026-08-01 19:38:51
OI00004359,ORD0001994,PROD000073,4,9.42,1.88,35.8,2026-08-01 19:38:51
OI00004360,ORD0001995,PROD000161,1,310.12,0.0,310.12,2026-07-17 13:32:59
OI00004361,ORD0001995,PROD000044,3,137.29,0.0,411.87,2026-07-17 13:32:59
OI00004362,ORD0001996,PROD000022,2,302.51,60.5,544.52,2026-04-05 20:05:32
OI00004363,ORD0001997,PROD000021,1,325.45,0.0,325.45,2026-05-21 06:32:50
OI00004364,ORD0001997,PROD000135,1,106.79,5.34,101.45,2026-05-21 06:32:50
OI00004365,ORD0001998,PROD000196,1,135.89,0.0,135.89,2026-03-28 01:56:24
OI00004366,ORD0001999,PROD000182,1,116.92,0.0,116.92,2026-07-31 03:09:13
OI00004367,ORD0002000,PROD000111,2,209.32,0.0,418.64,2026-07-30 00:01:24
OI00004368,ORD0002001,PROD000117,2,96.57,0.0,193.14,2026-05-19 12:08:11
OI00004369,ORD0002002,PROD000032,1,305.5,0.0,305.5,2026-05-19 14:12:35
OI00004370,ORD0002002,PROD000033,2,240.82,0.0,481.64,2026-05-19 14:12:35
OI00004371,ORD0002002,PROD000113,2,295.97,0.0,591.94,2026-05-19 14:12:35
OI00004372,ORD0002003,PROD000123,2,410.86,164.34,657.38,2026-06-01 07:44:05
OI00004373,ORD0002004,PROD000077,1,172.06,17.21,154.85,2026-03-27 13:33:08
OI00004374,ORD0002004,PROD000174,1,225.67,0.0,225.67,2026-03-27 13:33:08
OI00004375,ORD0002005,PROD000197,3,191.33,0.0,573.99,2026-03-21 16:22:35
OI00004376,ORD0002005,PROD000056,2,23.5,4.7,42.3,2026-03-21 16:22:35
OI00004377,ORD0002006,PROD000141,2,54.3,0.0,108.6,2026-06-28 23:21:01
OI00004378,ORD0002007,PROD000083,1,119.55,0.0,119.55,2026-07-27 19:28:51
OI00004379,ORD0002007,PROD000035,1,197.66,0.0,197.66,2026-07-27 19:28:51
OI00004380,ORD0002007,PROD000100,1,125.62,6.28,119.34,2026-07-27 19:28:51
OI00004381,ORD0002008,PROD000014,1,171.48,0.0,171.48,2026-05-24 16:50:37
OI00004382,ORD0002008,PROD000013,1,286.54,0.0,286.54,2026-05-24 16:50:37
OI00004383,ORD0002009,PROD000057,1,282.26,14.11,268.15,2026-05-04 02:27:08
OI00004384,ORD0002009,PROD000141,2,54.3,0.0,108.6,2026-05-04 02:27:08
OI00004385,ORD0002009,PROD000130,3,251.9,75.57,680.13,2026-05-04 02:27:08
OI00004386,ORD0002010,PROD000071,3,259.22,0.0,777.66,2026-05-22 23:37:06
OI00004387,ORD0002010,PROD000007,4,255.16,0.0,1020.64,2026-05-22 23:37:06
OI00004388,ORD0002010,PROD000132,2,86.93,0.0,173.86,2026-05-22 23:37:06
OI00004389,ORD0002010,PROD000042,2,358.03,0.0,716.06,2026-05-22 23:37:06
OI00004390,ORD0002011,PROD000159,1,90.28,13.54,76.74,2026-04-12 18:53:40
OI00004391,ORD0002012,PROD000060,1,313.56,15.68,297.88,2026-03-13 10:30:18
OI00004392,ORD0002012,PROD000035,2,197.66,79.06,316.26,2026-03-13 10:30:18
OI00004393,ORD0002012,PROD000104,2,219.63,0.0,439.26,2026-03-13 10:30:18
OI00004394,ORD0002013,PROD000161,1,310.12,31.01,279.11,2026-07-18 02:59:33
OI00004395,ORD0002013,PROD000100,1,125.62,6.28,119.34,2026-07-18 02:59:33
OI00004396,ORD0002014,PROD000099,1,244.63,0.0,244.63,2026-04-24 12:26:46
OI00004397,ORD0002014,PROD000177,1,200.82,0.0,200.82,2026-04-24 12:26:46
OI00004398,ORD0002015,PROD000029,1,12.47,1.25,11.22,2026-04-06 07:06:31
OI00004399,ORD0002015,PROD000150,3,121.83,0.0,365.49,2026-04-06 07:06:31
OI00004400,ORD0002016,PROD000130,3,251.9,0.0,755.7,2026-04-10 09:13:25
OI00004401,ORD0002016,PROD000113,1,295.97,0.0,295.97,2026-04-10 09:13:25
OI00004402,ORD0002017,PROD000065,1,459.64,0.0,459.64,2026-05-24 23:42:23
OI00004403,ORD0002017,PROD000143,1,293.11,0.0,293.11,2026-05-24 23:42:23
OI00004404,ORD0002018,PROD000082,1,49.54,0.0,49.54,2026-03-19 20:45:38
OI00004405,ORD0002018,PROD000193,2,322.33,96.7,547.96,2026-03-19 20:45:38
OI00004406,ORD0002018,PROD000181,4,132.65,79.59,451.01,2026-03-19 20:45:38
OI00004407,ORD0002019,PROD000090,1,82.64,8.26,74.38,2026-06-02 14:30:50
OI00004408,ORD0002019,PROD000198,1,307.49,0.0,307.49,2026-06-02 14:30:50
OI00004409,ORD0002020,PROD000173,2,269.92,0.0,539.84,2026-04-07 03:50:08
OI00004410,ORD0002020,PROD000116,1,33.83,0.0,33.83,2026-04-07 03:50:08
OI00004411,ORD0002020,PROD000163,1,379.9,0.0,379.9,2026-04-07 03:50:08
OI00004412,ORD0002020,PROD000050,1,110.2,0.0,110.2,2026-04-07 03:50:08
OI00004413,ORD0002020,PROD000021,3,325.45,0.0,976.35,2026-04-07 03:50:08
OI00004414,ORD0002021,PROD000141,1,54.3,5.43,48.87,2026-06-29 14:56:36
OI00004415,ORD0002022,PROD000017,1,177.67,0.0,177.67,2026-03-17 07:22:11
OI00004416,ORD0002022,PROD000157,2,230.53,92.21,368.85,2026-03-17 07:22:11
OI00004417,ORD0002023,PROD000035,2,197.66,79.06,316.26,2026-07-25 20:53:14
OI00004418,ORD0002024,PROD000127,2,216.42,21.64,411.2,2026-03-08 01:19:33
OI00004419,ORD0002024,PROD000190,2,270.32,0.0,540.64,2026-03-08 01:19:33
OI00004420,ORD0002024,PROD000104,1,219.63,0.0,219.63,2026-03-08 01:19:33
OI00004421,ORD0002025,PROD000042,3,358.03,0.0,1074.09,2026-03-04 14:09:11
OI00004422,ORD0002026,PROD000010,1,238.36,0.0,238.36,2026-04-28 06:11:15
OI00004423,ORD0002026,PROD000035,1,197.66,0.0,197.66,2026-04-28 06:11:15
OI00004424,ORD0002027,PROD000176,1,395.87,0.0,395.87,2026-06-29 05:29:22
OI00004425,ORD0002027,PROD000008,2,181.13,0.0,362.26,2026-06-29 05:29:22
OI00004426,ORD0002028,PROD000004,4,71.87,0.0,287.48,2026-06-07 09:00:56
OI00004427,ORD0002028,PROD000046,1,353.88,0.0,353.88,2026-06-07 09:00:56
OI00004428,ORD0002029,PROD000138,1,154.12,0.0,154.12,2026-06-10 07:40:34
OI00004429,ORD0002029,PROD000092,3,90.01,0.0,270.03,2026-06-10 07:40:34
OI00004430,ORD0002030,PROD000109,2,87.72,0.0,175.44,2026-03-12 20:21:02
OI00004431,ORD0002030,PROD000114,1,36.68,0.0,36.68,2026-03-12 20:21:02
OI00004432,ORD0002030,PROD000177,1,200.82,0.0,200.82,2026-03-12 20:21:02
OI00004433,ORD0002030,PROD000082,1,49.54,2.48,47.06,2026-03-12 20:21:02
OI00004434,ORD0002031,PROD000091,4,244.05,0.0,976.2,2026-05-06 18:58:14
OI00004435,ORD0002031,PROD000012,1,374.67,0.0,374.67,2026-05-06 18:58:14
OI00004436,ORD0002031,PROD000194,3,99.76,0.0,299.28,2026-05-06 18:58:14
OI00004437,ORD0002032,PROD000105,1,230.76,0.0,230.76,2026-07-20 09:12:54
OI00004438,ORD0002032,PROD000125,1,169.29,0.0,169.29,2026-07-20 09:12:54
OI00004439,ORD0002033,PROD000077,2,172.06,51.62,292.5,2026-06-03 15:32:47
OI00004440,ORD0002034,PROD000082,1,49.54,0.0,49.54,2026-05-29 04:51:59
OI00004441,ORD0002034,PROD000025,1,337.19,33.72,303.47,2026-05-29 04:51:59
OI00004442,ORD0002034,PROD000143,1,293.11,0.0,293.11,2026-05-29 04:51:59
OI00004443,ORD0002034,PROD000125,1,169.29,0.0,169.29,2026-05-29 04:51:59
OI00004444,ORD0002034,PROD000177,1,200.82,20.08,180.74,2026-05-29 04:51:59
OI00004445,ORD0002035,PROD000073,1,9.42,0.0,9.42,2026-04-26 07:43:42
OI00004446,ORD0002035,PROD000069,1,332.4,0.0,332.4,2026-04-26 07:43:42
OI00004447,ORD0002035,PROD000123,1,410.86,0.0,410.86,2026-04-26 07:43:42
OI00004448,ORD0002035,PROD000154,1,57.2,0.0,57.2,2026-04-26 07:43:42
OI00004449,ORD0002036,PROD000061,1,85.11,0.0,85.11,2026-05-26 13:37:11
OI00004450,ORD0002036,PROD000190,1,270.32,0.0,270.32,2026-05-26 13:37:11
OI00004451,ORD0002036,PROD000042,1,358.03,0.0,358.03,2026-05-26 13:37:11
OI00004452,ORD0002037,PROD000129,3,280.22,0.0,840.66,2026-03-04 13:54:15
OI00004453,ORD0002037,PROD000187,1,260.32,0.0,260.32,2026-03-04 13:54:15
OI00004454,ORD0002037,PROD000143,1,293.11,0.0,293.11,2026-03-04 13:54:15
OI00004455,ORD0002038,PROD000094,1,170.67,0.0,170.67,2026-05-27 11:01:00
OI00004456,ORD0002038,PROD000139,2,48.21,0.0,96.42,2026-05-27 11:01:00
OI00004457,ORD0002038,PROD000152,1,68.44,6.84,61.6,2026-05-27 11:01:00
OI00004458,ORD0002038,PROD000059,1,368.8,36.88,331.92,2026-05-27 11:01:00
OI00004459,ORD0002039,PROD000152,2,68.44,0.0,136.88,2026-05-31 06:41:12
OI00004460,ORD0002039,PROD000075,4,10.1,0.0,40.4,2026-05-31 06:41:12
OI00004461,ORD0002040,PROD000141,1,54.3,0.0,54.3,2026-06-07 02:01:47
OI00004462,ORD0002041,PROD000021,4,325.45,130.18,1171.62,2026-04-16 17:55:28
OI00004463,ORD0002041,PROD000188,1,114.4,0.0,114.4,2026-04-16 17:55:28
OI00004464,ORD0002041,PROD000138,1,154.12,0.0,154.12,2026-04-16 17:55:28
OI00004465,ORD0002042,PROD000100,2,125.62,0.0,251.24,2026-04-18 23:58:44
OI00004466,ORD0002042,PROD000136,1,248.42,0.0,248.42,2026-04-18 23:58:44
OI00004467,ORD0002042,PROD000139,1,48.21,0.0,48.21,2026-04-18 23:58:44
OI00004468,ORD0002042,PROD000085,1,36.94,0.0,36.94,2026-04-18 23:58:44
OI00004469,ORD0002043,PROD000065,1,459.64,0.0,459.64,2026-06-24 02:04:17
OI00004470,ORD0002043,PROD000179,2,100.96,0.0,201.92,2026-06-24 02:04:17
OI00004471,ORD0002044,PROD000036,2,22.66,0.0,45.32,2026-06-02 09:45:16
OI00004472,ORD0002044,PROD000056,1,23.5,1.18,22.32,2026-06-02 09:45:16
OI00004473,ORD0002045,PROD000033,2,240.82,0.0,481.64,2026-03-17 14:36:50
OI00004474,ORD0002045,PROD000059,2,368.8,110.64,626.96,2026-03-17 14:36:50
OI00004475,ORD0002045,PROD000037,1,48.34,2.42,45.92,2026-03-17 14:36:50
OI00004476,ORD0002046,PROD000130,1,251.9,0.0,251.9,2026-06-18 19:23:53
OI00004477,ORD0002046,PROD000185,1,186.5,0.0,186.5,2026-06-18 19:23:53
OI00004478,ORD0002046,PROD000198,2,307.49,0.0,614.98,2026-06-18 19:23:53
OI00004479,ORD0002047,PROD000139,2,48.21,0.0,96.42,2026-05-29 17:52:47
OI00004480,ORD0002047,PROD000189,1,184.49,0.0,184.49,2026-05-29 17:52:47
OI00004481,ORD0002047,PROD000126,1,5.66,0.0,5.66,2026-05-29 17:52:47
OI00004482,ORD0002048,PROD000096,1,151.87,0.0,151.87,2026-05-25 09:35:22
OI00004483,ORD0002048,PROD000183,3,239.94,71.98,647.84,2026-05-25 09:35:22
OI00004484,ORD0002048,PROD000037,1,48.34,0.0,48.34,2026-05-25 09:35:22
OI00004485,ORD0002049,PROD000138,1,154.12,0.0,154.12,2026-07-24 09:33:31
OI00004486,ORD0002049,PROD000038,1,84.38,0.0,84.38,2026-07-24 09:33:31
OI00004487,ORD0002050,PROD000046,2,353.88,0.0,707.76,2026-08-09 00:35:23
OI00004488,ORD0002050,PROD000169,1,53.52,2.68,50.84,2026-08-09 00:35:23
OI00004489,ORD0002050,PROD000152,1,68.44,0.0,68.44,2026-08-09 00:35:23
OI00004490,ORD0002050,PROD000132,2,86.93,0.0,173.86,2026-08-09 00:35:23
OI00004491,ORD0002051,PROD000052,1,289.95,0.0,289.95,2026-04-07 04:02:15
OI00004492,ORD0002052,PROD000144,1,398.95,0.0,398.95,2026-04-17 10:01:57
OI00004493,ORD0002052,PROD000074,1,260.67,0.0,260.67,2026-04-17 10:01:57
OI00004494,ORD0002052,PROD000190,1,270.32,0.0,270.32,2026-04-17 10:01:57
OI00004495,ORD0002053,PROD000052,1,289.95,0.0,289.95,2026-04-30 02:09:36
OI00004496,ORD0002054,PROD000154,2,57.2,0.0,114.4,2026-06-11 04:33:13
OI00004497,ORD0002054,PROD000055,1,324.24,0.0,324.24,2026-06-11 04:33:13
OI00004498,ORD0002054,PROD000185,1,186.5,0.0,186.5,2026-06-11 04:33:13
OI00004499,ORD0002054,PROD000142,2,276.94,110.78,443.1,2026-06-11 04:33:13
OI00004500,ORD0002054,PROD000127,1,216.42,43.28,173.14,2026-06-11 04:33:13
OI00004501,ORD0002055,PROD000018,1,6.39,0.0,6.39,2026-07-14 09:45:56
OI00004502,ORD0002055,PROD000130,3,251.9,0.0,755.7,2026-07-14 09:45:56
OI00004503,ORD0002055,PROD000186,1,106.06,0.0,106.06,2026-07-14 09:45:56
OI00004504,ORD0002056,PROD000117,3,96.57,0.0,289.71,2026-07-15 16:49:52
OI00004505,ORD0002057,PROD000149,3,259.04,38.86,738.26,2026-08-16 06:37:12
OI00004506,ORD0002058,PROD000002,4,68.17,13.63,259.05,2026-06-11 17:27:30
OI00004507,ORD0002058,PROD000035,1,197.66,0.0,197.66,2026-06-11 17:27:30
OI00004508,ORD0002058,PROD000186,2,106.06,0.0,212.12,2026-06-11 17:27:30
OI00004509,ORD0002059,PROD000127,2,216.42,21.64,411.2,2026-08-07 21:08:53
OI00004510,ORD0002059,PROD000042,2,358.03,0.0,716.06,2026-08-07 21:08:53
OI00004511,ORD0002059,PROD000027,2,174.59,34.92,314.26,2026-08-07 21:08:53
OI00004512,ORD0002059,PROD000034,2,376.06,0.0,752.12,2026-08-07 21:08:53
OI00004513,ORD0002059,PROD000033,2,240.82,24.08,457.56,2026-08-07 21:08:53
OI00004514,ORD0002060,PROD000113,1,295.97,14.8,281.17,2026-06-01 07:11:09
OI00004515,ORD0002061,PROD000107,1,128.32,0.0,128.32,2026-08-08 01:02:33
OI00004516,ORD0002061,PROD000034,4,376.06,0.0,1504.24,2026-08-08 01:02:33
OI00004517,ORD0002061,PROD000091,1,244.05,0.0,244.05,2026-08-08 01:02:33
OI00004518,ORD0002062,PROD000080,1,288.18,0.0,288.18,2026-06-30 08:18:04
OI00004519,ORD0002063,PROD000146,3,237.64,0.0,712.92,2026-02-27 18:17:23
OI00004520,ORD0002063,PROD000014,2,171.48,0.0,342.96,2026-02-27 18:17:23
OI00004521,ORD0002063,PROD000164,1,179.02,0.0,179.02,2026-02-27 18:17:23
OI00004522,ORD0002063,PROD000182,3,116.92,0.0,350.76,2026-02-27 18:17:23
OI00004523,ORD0002064,PROD000093,2,51.13,0.0,102.26,2026-02-20 14:30:06
OI00004524,ORD0002065,PROD000071,1,259.22,0.0,259.22,2026-06-22 05:40:41
OI00004525,ORD0002065,PROD000123,1,410.86,0.0,410.86,2026-06-22 05:40:41
OI00004526,ORD0002066,PROD000049,1,343.12,34.31,308.81,2026-05-09 00:35:59
OI00004527,ORD0002066,PROD000108,1,87.18,0.0,87.18,2026-05-09 00:35:59
OI00004528,ORD0002066,PROD000113,2,295.97,0.0,591.94,2026-05-09 00:35:59
OI00004529,ORD0002066,PROD000119,1,93.67,0.0,93.67,2026-05-09 00:35:59
OI00004530,ORD0002067,PROD000071,2,259.22,0.0,518.44,2026-02-28 04:08:04
OI00004531,ORD0002068,PROD000093,1,51.13,0.0,51.13,2026-03-01 11:10:30
OI00004532,ORD0002068,PROD000143,1,293.11,0.0,293.11,2026-03-01 11:10:30
OI00004533,ORD0002069,PROD000030,2,113.9,0.0,227.8,2026-03-04 02:08:38
OI00004534,ORD0002069,PROD000196,1,135.89,0.0,135.89,2026-03-04 02:08:38
OI00004535,ORD0002070,PROD000023,1,69.84,0.0,69.84,2026-05-19 01:29:42
OI00004536,ORD0002071,PROD000001,2,240.76,24.08,457.44,2026-08-15 07:54:41
OI00004537,ORD0002072,PROD000159,1,90.28,0.0,90.28,2026-04-20 19:25:17
OI00004538,ORD0002072,PROD000116,2,33.83,13.53,54.13,2026-04-20 19:25:17
OI00004539,ORD0002072,PROD000165,2,95.13,0.0,190.26,2026-04-20 19:25:17
OI00004540,ORD0002073,PROD000042,1,358.03,0.0,358.03,2026-03-26 12:58:56
OI00004541,ORD0002074,PROD000060,1,313.56,0.0,313.56,2026-06-09 05:20:42
OI00004542,ORD0002074,PROD000051,1,128.31,0.0,128.31,2026-06-09 05:20:42
OI00004543,ORD0002075,PROD000117,3,96.57,28.97,260.74,2026-08-05 09:13:40
OI00004544,ORD0002075,PROD000184,1,192.54,0.0,192.54,2026-08-05 09:13:40
OI00004545,ORD0002075,PROD000135,1,106.79,0.0,106.79,2026-08-05 09:13:40
OI00004546,ORD0002076,PROD000182,1,116.92,0.0,116.92,2026-05-06 04:41:01
OI00004547,ORD0002076,PROD000060,1,313.56,0.0,313.56,2026-05-06 04:41:01
OI00004548,ORD0002076,PROD000061,4,85.11,0.0,340.44,2026-05-06 04:41:01
OI00004549,ORD0002077,PROD000094,1,170.67,0.0,170.67,2026-04-29 10:49:04
OI00004550,ORD0002077,PROD000032,4,305.5,61.1,1160.9,2026-04-29 10:49:04
OI00004551,ORD0002077,PROD000132,2,86.93,0.0,173.86,2026-04-29 10:49:04
OI00004552,ORD0002078,PROD000163,1,379.9,0.0,379.9,2026-06-23 11:36:43
OI00004553,ORD0002078,PROD000113,1,295.97,29.6,266.37,2026-06-23 11:36:43
OI00004554,ORD0002079,PROD000110,2,112.33,0.0,224.66,2026-04-15 11:14:28
OI00004555,ORD0002080,PROD000074,1,260.67,0.0,260.67,2026-03-09 00:36:10
OI00004556,ORD0002081,PROD000114,1,36.68,0.0,36.68,2026-05-20 13:46:12
OI00004557,ORD0002081,PROD000012,3,374.67,0.0,1124.01,2026-05-20 13:46:12
OI00004558,ORD0002082,PROD000041,1,287.98,0.0,287.98,2026-07-23 06:30:02
OI00004559,ORD0002082,PROD000048,2,312.1,0.0,624.2,2026-07-23 06:30:02
OI00004560,ORD0002082,PROD000168,2,433.94,0.0,867.88,2026-07-23 06:30:02
OI00004561,ORD0002083,PROD000192,2,122.14,36.64,207.64,2026-04-05 16:09:10
OI00004562,ORD0002084,PROD000053,3,381.96,0.0,1145.88,2026-03-22 23:16:01
OI00004563,ORD0002084,PROD000171,3,118.83,0.0,356.49,2026-03-22 23:16:01
OI00004564,ORD0002084,PROD000014,2,171.48,17.15,325.81,2026-03-22 23:16:01
OI00004565,ORD0002085,PROD000111,1,209.32,0.0,209.32,2026-08-11 09:01:03
OI00004566,ORD0002086,PROD000057,1,282.26,0.0,282.26,2026-08-09 16:14:27
OI00004567,ORD0002086,PROD000147,2,359.37,0.0,718.74,2026-08-09 16:14:27
OI00004568,ORD0002087,PROD000136,2,248.42,0.0,496.84,2026-07-01 07:21:37
OI00004569,ORD0002088,PROD000042,1,358.03,53.7,304.33,2026-03-24 05:51:58
OI00004570,ORD0002088,PROD000138,2,154.12,30.82,277.42,2026-03-24 05:51:58
OI00004571,ORD0002089,PROD000192,2,122.14,0.0,244.28,2026-07-21 05:10:30
OI00004572,ORD0002090,PROD000107,1,128.32,25.66,102.66,2026-06-01 02:06:02
OI00004573,ORD0002090,PROD000023,3,69.84,0.0,209.52,2026-06-01 02:06:02
OI00004574,ORD0002091,PROD000175,2,395.9,158.36,633.44,2026-05-26 14:47:47
OI00004575,ORD0002091,PROD000046,3,353.88,53.08,1008.56,2026-05-26 14:47:47
OI00004576,ORD0002091,PROD000077,2,172.06,17.21,326.91,2026-05-26 14:47:47
OI00004577,ORD0002091,PROD000070,2,251.87,50.37,453.37,2026-05-26 14:47:47
OI00004578,ORD0002092,PROD000084,1,172.79,17.28,155.51,2026-06-29 19:39:45
OI00004579,ORD0002093,PROD000008,1,181.13,0.0,181.13,2026-04-14 07:41:15
OI00004580,ORD0002094,PROD000140,4,156.23,0.0,624.92,2026-06-15 07:37:04
OI00004581,ORD0002094,PROD000171,4,118.83,0.0,475.32,2026-06-15 07:37:04
OI00004582,ORD0002095,PROD000026,2,165.8,0.0,331.6,2026-08-05 13:10:59
OI00004583,ORD0002095,PROD000142,1,276.94,0.0,276.94,2026-08-05 13:10:59
OI00004584,ORD0002096,PROD000195,2,397.59,0.0,795.18,2026-05-19 17:13:04
OI00004585,ORD0002096,PROD000060,1,313.56,0.0,313.56,2026-05-19 17:13:04
OI00004586,ORD0002097,PROD000137,1,16.14,0.0,16.14,2026-06-21 06:11:15
OI00004587,ORD0002097,PROD000050,1,110.2,5.51,104.69,2026-06-21 06:11:15
OI00004588,ORD0002097,PROD000009,1,247.91,0.0,247.91,2026-06-21 06:11:15
OI00004589,ORD0002097,PROD000030,1,113.9,0.0,113.9,2026-06-21 06:11:15
OI00004590,ORD0002098,PROD000182,1,116.92,0.0,116.92,2026-08-11 19:00:00
OI00004591,ORD0002098,PROD000021,4,325.45,0.0,1301.8,2026-08-11 19:00:00
OI00004592,ORD0002098,PROD000130,2,251.9,75.57,428.23,2026-08-11 19:00:00
OI00004593,ORD0002099,PROD000019,1,64.3,0.0,64.3,2026-07-02 04:16:13
OI00004594,ORD0002100,PROD000036,1,22.66,3.4,19.26,2026-07-22 16:07:29
OI00004595,ORD0002100,PROD000137,3,16.14,2.42,46.0,2026-07-22 16:07:29
OI00004596,ORD0002101,PROD000154,2,57.2,0.0,114.4,2026-07-26 05:42:46
OI00004597,ORD0002101,PROD000055,1,324.24,0.0,324.24,2026-07-26 05:42:46
OI00004598,ORD0002101,PROD000080,1,288.18,0.0,288.18,2026-07-26 05:42:46
OI00004599,ORD0002101,PROD000179,1,100.96,0.0,100.96,2026-07-26 05:42:46
OI00004600,ORD0002102,PROD000098,1,188.42,0.0,188.42,2026-04-12 07:16:44
OI00004601,ORD0002103,PROD000121,1,311.61,0.0,311.61,2026-03-24 05:55:02
OI00004602,ORD0002104,PROD000022,1,302.51,0.0,302.51,2026-07-02 10:13:10
OI00004603,ORD0002105,PROD000170,1,39.7,0.0,39.7,2026-06-07 11:50:53
OI00004604,ORD0002105,PROD000002,1,68.17,6.82,61.35,2026-06-07 11:50:53
OI00004605,ORD0002105,PROD000048,2,312.1,0.0,624.2,2026-06-07 11:50:53
OI00004606,ORD0002106,PROD000095,2,317.49,0.0,634.98,2026-02-20 00:10:02
OI00004607,ORD0002106,PROD000057,3,282.26,0.0,846.78,2026-02-20 00:10:02
OI00004608,ORD0002107,PROD000008,2,181.13,0.0,362.26,2026-03-06 02:33:17
OI00004609,ORD0002107,PROD000125,1,169.29,0.0,169.29,2026-03-06 02:33:17
OI00004610,ORD0002107,PROD000091,1,244.05,0.0,244.05,2026-03-06 02:33:17
OI00004611,ORD0002108,PROD000139,2,48.21,0.0,96.42,2026-03-02 19:50:31
OI00004612,ORD0002108,PROD000013,2,286.54,114.62,458.46,2026-03-02 19:50:31
OI00004613,ORD0002109,PROD000065,1,459.64,45.96,413.68,2026-05-25 17:42:18
OI00004614,ORD0002109,PROD000091,1,244.05,0.0,244.05,2026-05-25 17:42:18
OI00004615,ORD0002109,PROD000092,1,90.01,0.0,90.01,2026-05-25 17:42:18
OI00004616,ORD0002109,PROD000002,3,68.17,0.0,204.51,2026-05-25 17:42:18
OI00004617,ORD0002110,PROD000029,1,12.47,0.0,12.47,2026-02-21 15:54:44
OI00004618,ORD0002111,PROD000176,1,395.87,0.0,395.87,2026-04-22 09:27:57
OI00004619,ORD0002112,PROD000135,1,106.79,0.0,106.79,2026-02-27 02:20:04
OI00004620,ORD0002112,PROD000020,1,59.38,8.91,50.47,2026-02-27 02:20:04
OI00004621,ORD0002112,PROD000023,3,69.84,0.0,209.52,2026-02-27 02:20:04
OI00004622,ORD0002112,PROD000129,3,280.22,0.0,840.66,2026-02-27 02:20:04
OI00004623,ORD0002113,PROD000188,1,114.4,0.0,114.4,2026-07-27 02:05:10
OI00004624,ORD0002113,PROD000171,1,118.83,0.0,118.83,2026-07-27 02:05:10
OI00004625,ORD0002114,PROD000078,2,44.16,0.0,88.32,2026-08-02 07:07:36
OI00004626,ORD0002114,PROD000094,1,170.67,17.07,153.6,2026-08-02 07:07:36
OI00004627,ORD0002114,PROD000198,1,307.49,0.0,307.49,2026-08-02 07:07:36
OI00004628,ORD0002114,PROD000113,1,295.97,0.0,295.97,2026-08-02 07:07:36
OI00004629,ORD0002114,PROD000141,1,54.3,0.0,54.3,2026-08-02 07:07:36
OI00004630,ORD0002115,PROD000132,2,86.93,0.0,173.86,2026-03-11 00:27:19
OI00004631,ORD0002115,PROD000011,1,74.18,14.84,59.34,2026-03-11 00:27:19
OI00004632,ORD0002115,PROD000035,4,197.66,0.0,790.64,2026-03-11 00:27:19
OI00004633,ORD0002115,PROD000041,1,287.98,0.0,287.98,2026-03-11 00:27:19
OI00004634,ORD0002116,PROD000099,1,244.63,0.0,244.63,2026-03-21 08:55:12
OI00004635,ORD0002116,PROD000181,1,132.65,0.0,132.65,2026-03-21 08:55:12
OI00004636,ORD0002117,PROD000176,2,395.87,0.0,791.74,2026-04-16 11:45:32
OI00004637,ORD0002117,PROD000173,3,269.92,0.0,809.76,2026-04-16 11:45:32
OI00004638,ORD0002117,PROD000051,1,128.31,12.83,115.48,2026-04-16 11:45:32
OI00004639,ORD0002117,PROD000060,1,313.56,15.68,297.88,2026-04-16 11:45:32
OI00004640,ORD0002117,PROD000179,1,100.96,0.0,100.96,2026-04-16 11:45:32
OI00004641,ORD0002118,PROD000081,1,267.87,0.0,267.87,2026-04-07 10:38:51
OI00004642,ORD0002119,PROD000067,2,181.48,0.0,362.96,2026-07-08 13:20:46
OI00004643,ORD0002120,PROD000062,2,129.94,25.99,233.89,2026-08-03 10:25:10
OI00004644,ORD0002121,PROD000068,2,253.43,0.0,506.86,2026-05-25 07:10:03
OI00004645,ORD0002121,PROD000077,2,172.06,0.0,344.12,2026-05-25 07:10:03
OI00004646,ORD0002122,PROD000115,1,66.23,0.0,66.23,2026-08-11 06:16:56
OI00004647,ORD0002122,PROD000059,1,368.8,0.0,368.8,2026-08-11 06:16:56
OI00004648,ORD0002122,PROD000111,1,209.32,0.0,209.32,2026-08-11 06:16:56
OI00004649,ORD0002122,PROD000046,1,353.88,17.69,336.19,2026-08-11 06:16:56
OI00004650,ORD0002122,PROD000150,1,121.83,12.18,109.65,2026-08-11 06:16:56
OI00004651,ORD0002123,PROD000095,1,317.49,0.0,317.49,2026-04-07 22:55:18
OI00004652,ORD0002124,PROD000084,3,172.79,25.92,492.45,2026-05-11 01:41:18
OI00004653,ORD0002124,PROD000048,1,312.1,0.0,312.1,2026-05-11 01:41:18
OI00004654,ORD0002125,PROD000183,3,239.94,0.0,719.82,2026-03-07 14:39:07
OI00004655,ORD0002125,PROD000174,1,225.67,0.0,225.67,2026-03-07 14:39:07
OI00004656,ORD0002125,PROD000047,3,125.52,75.31,301.25,2026-03-07 14:39:07
OI00004657,ORD0002126,PROD000184,2,192.54,0.0,385.08,2026-06-09 14:13:20
OI00004658,ORD0002126,PROD000160,3,181.18,0.0,543.54,2026-06-09 14:13:20
OI00004659,ORD0002127,PROD000136,3,248.42,0.0,745.26,2026-03-19 07:23:41
OI00004660,ORD0002127,PROD000160,4,181.18,36.24,688.48,2026-03-19 07:23:41
OI00004661,ORD0002127,PROD000048,1,312.1,0.0,312.1,2026-03-19 07:23:41
OI00004662,ORD0002127,PROD000195,2,397.59,159.04,636.14,2026-03-19 07:23:41
OI00004663,ORD0002128,PROD000151,2,220.37,0.0,440.74,2026-06-23 23:08:16
OI00004664,ORD0002128,PROD000182,1,116.92,0.0,116.92,2026-06-23 23:08:16
OI00004665,ORD0002128,PROD000194,1,99.76,4.99,94.77,2026-06-23 23:08:16
OI00004666,ORD0002129,PROD000105,1,230.76,0.0,230.76,2026-07-27 15:00:27
OI00004667,ORD0002129,PROD000169,3,53.52,0.0,160.56,2026-07-27 15:00:27
OI00004668,ORD0002129,PROD000179,3,100.96,0.0,302.88,2026-07-27 15:00:27
OI00004669,ORD0002130,PROD000117,1,96.57,4.83,91.74,2026-03-02 20:58:31
OI00004670,ORD0002131,PROD000051,1,128.31,0.0,128.31,2026-05-15 14:00:06
OI00004671,ORD0002132,PROD000144,2,398.95,0.0,797.9,2026-03-02 09:58:30
OI00004672,ORD0002132,PROD000063,1,61.43,0.0,61.43,2026-03-02 09:58:30
OI00004673,ORD0002133,PROD000130,1,251.9,0.0,251.9,2026-04-24 08:44:39
OI00004674,ORD0002133,PROD000176,2,395.87,0.0,791.74,2026-04-24 08:44:39
OI00004675,ORD0002134,PROD000077,1,172.06,0.0,172.06,2026-06-23 20:10:02
OI00004676,ORD0002135,PROD000099,1,244.63,0.0,244.63,2026-04-15 17:31:10
OI00004677,ORD0002136,PROD000198,3,307.49,92.25,830.22,2026-07-20 05:55:38
OI00004678,ORD0002136,PROD000121,2,311.61,0.0,623.22,2026-07-20 05:55:38
OI00004679,ORD0002136,PROD000059,1,368.8,0.0,368.8,2026-07-20 05:55:38
OI00004680,ORD0002137,PROD000121,1,311.61,0.0,311.61,2026-06-24 11:36:30
OI00004681,ORD0002137,PROD000005,1,219.89,0.0,219.89,2026-06-24 11:36:30
OI00004682,ORD0002138,PROD000063,4,61.43,0.0,245.72,2026-04-26 11:43:34
OI00004683,ORD0002138,PROD000160,2,181.18,0.0,362.36,2026-04-26 11:43:34
OI00004684,ORD0002138,PROD000015,3,74.75,0.0,224.25,2026-04-26 11:43:34
OI00004685,ORD0002139,PROD000116,2,33.83,6.77,60.89,2026-07-27 20:39:40
OI00004686,ORD0002139,PROD000059,1,368.8,36.88,331.92,2026-07-27 20:39:40
OI00004687,ORD0002139,PROD000100,1,125.62,0.0,125.62,2026-07-27 20:39:40
OI00004688,ORD0002139,PROD000086,1,216.37,0.0,216.37,2026-07-27 20:39:40
OI00004689,ORD0002140,PROD000081,1,267.87,13.39,254.48,2026-03-21 14:10:42
OI00004690,ORD0002140,PROD000028,3,209.71,0.0,629.13,2026-03-21 14:10:42
OI00004691,ORD0002140,PROD000149,1,259.04,0.0,259.04,2026-03-21 14:10:42
OI00004692,ORD0002141,PROD000078,2,44.16,0.0,88.32,2026-07-27 17:20:25
OI00004693,ORD0002142,PROD000091,1,244.05,24.41,219.64,2026-07-17 18:02:52
OI00004694,ORD0002142,PROD000129,1,280.22,0.0,280.22,2026-07-17 18:02:52
OI00004695,ORD0002142,PROD000062,2,129.94,0.0,259.88,2026-07-17 18:02:52
OI00004696,ORD0002143,PROD000168,1,433.94,0.0,433.94,2026-05-12 07:10:10
OI00004697,ORD0002143,PROD000182,2,116.92,11.69,222.15,2026-05-12 07:10:10
OI00004698,ORD0002144,PROD000119,1,93.67,0.0,93.67,2026-06-18 04:48:40
OI00004699,ORD0002144,PROD000092,1,90.01,0.0,90.01,2026-06-18 04:48:40
OI00004700,ORD0002144,PROD000044,1,137.29,20.59,116.7,2026-06-18 04:48:40
OI00004701,ORD0002145,PROD000123,1,410.86,0.0,410.86,2026-03-25 02:52:14
OI00004702,ORD0002146,PROD000090,3,82.64,0.0,247.92,2026-05-14 05:45:05
OI00004703,ORD0002146,PROD000133,2,7.24,0.0,14.48,2026-05-14 05:45:05
OI00004704,ORD0002147,PROD000080,1,288.18,0.0,288.18,2026-08-07 00:55:30
OI00004705,ORD0002148,PROD000068,1,253.43,25.34,228.09,2026-03-30 05:17:03
OI00004706,ORD0002149,PROD000048,2,312.1,62.42,561.78,2026-06-29 17:31:33
OI00004707,ORD0002150,PROD000174,1,225.67,22.57,203.1,2026-08-02 23:44:32
OI00004708,ORD0002150,PROD000017,1,177.67,35.53,142.14,2026-08-02 23:44:32
OI00004709,ORD0002150,PROD000137,1,16.14,0.81,15.33,2026-08-02 23:44:32
OI00004710,ORD0002151,PROD000185,1,186.5,0.0,186.5,2026-04-15 21:32:52
OI00004711,ORD0002152,PROD000156,1,208.16,0.0,208.16,2026-02-28 19:11:43
OI00004712,ORD0002153,PROD000129,1,280.22,28.02,252.2,2026-02-25 07:15:59
OI00004713,ORD0002153,PROD000130,1,251.9,37.78,214.12,2026-02-25 07:15:59
OI00004714,ORD0002154,PROD000143,1,293.11,0.0,293.11,2026-05-16 20:19:21
OI00004715,ORD0002155,PROD000037,1,48.34,0.0,48.34,2026-04-20 01:22:49
OI00004716,ORD0002155,PROD000106,1,13.25,0.0,13.25,2026-04-20 01:22:49
OI00004717,ORD0002155,PROD000177,2,200.82,20.08,381.56,2026-04-20 01:22:49
OI00004718,ORD0002155,PROD000056,1,23.5,0.0,23.5,2026-04-20 01:22:49
OI00004719,ORD0002156,PROD000008,1,181.13,0.0,181.13,2026-04-09 04:43:47
OI00004720,ORD0002157,PROD000029,2,12.47,0.0,24.94,2026-06-04 11:51:50
OI00004721,ORD0002157,PROD000090,2,82.64,0.0,165.28,2026-06-04 11:51:50
OI00004722,ORD0002158,PROD000071,3,259.22,77.77,699.89,2026-06-06 22:06:59
OI00004723,ORD0002158,PROD000188,1,114.4,0.0,114.4,2026-06-06 22:06:59
OI00004724,ORD0002158,PROD000036,1,22.66,0.0,22.66,2026-06-06 22:06:59
OI00004725,ORD0002158,PROD000127,1,216.42,10.82,205.6,2026-06-06 22:06:59
OI00004726,ORD0002158,PROD000198,3,307.49,0.0,922.47,2026-06-06 22:06:59
OI00004727,ORD0002159,PROD000127,2,216.42,0.0,432.84,2026-03-28 09:47:51
OI00004728,ORD0002159,PROD000130,1,251.9,0.0,251.9,2026-03-28 09:47:51
OI00004729,ORD0002160,PROD000022,2,302.51,0.0,605.02,2026-07-09 07:57:05
OI00004730,ORD0002160,PROD000107,1,128.32,0.0,128.32,2026-07-09 07:57:05
OI00004731,ORD0002161,PROD000091,1,244.05,0.0,244.05,2026-04-27 02:53:52
OI00004732,ORD0002161,PROD000038,1,84.38,0.0,84.38,2026-04-27 02:53:52
OI00004733,ORD0002162,PROD000102,1,157.31,15.73,141.58,2026-05-05 16:09:56
OI00004734,ORD0002162,PROD000093,2,51.13,0.0,102.26,2026-05-05 16:09:56
OI00004735,ORD0002163,PROD000085,2,36.94,0.0,73.88,2026-06-18 22:43:22
OI00004736,ORD0002163,PROD000105,2,230.76,0.0,461.52,2026-06-18 22:43:22
OI00004737,ORD0002163,PROD000126,1,5.66,0.0,5.66,2026-06-18 22:43:22
OI00004738,ORD0002163,PROD000012,1,374.67,0.0,374.67,2026-06-18 22:43:22
OI00004739,ORD0002164,PROD000009,1,247.91,0.0,247.91,2026-08-12 23:03:51
OI00004740,ORD0002164,PROD000181,3,132.65,0.0,397.95,2026-08-12 23:03:51
OI00004741,ORD0002165,PROD000034,2,376.06,0.0,752.12,2026-05-30 10:14:42
OI00004742,ORD0002165,PROD000195,1,397.59,0.0,397.59,2026-05-30 10:14:42
OI00004743,ORD0002166,PROD000158,3,391.88,0.0,1175.64,2026-06-21 05:18:41
OI00004744,ORD0002166,PROD000111,1,209.32,0.0,209.32,2026-06-21 05:18:41
OI00004745,ORD0002166,PROD000139,1,48.21,4.82,43.39,2026-06-21 05:18:41
OI00004746,ORD0002166,PROD000195,1,397.59,59.64,337.95,2026-06-21 05:18:41
OI00004747,ORD0002167,PROD000193,3,322.33,0.0,966.99,2026-05-18 12:29:07
OI00004748,ORD0002167,PROD000115,4,66.23,26.49,238.43,2026-05-18 12:29:07
OI00004749,ORD0002167,PROD000021,4,325.45,0.0,1301.8,2026-05-18 12:29:07
OI00004750,ORD0002168,PROD000103,1,30.32,0.0,30.32,2026-04-16 15:16:26
OI00004751,ORD0002168,PROD000089,3,270.52,0.0,811.56,2026-04-16 15:16:26
OI00004752,ORD0002169,PROD000144,2,398.95,0.0,797.9,2026-05-11 23:12:11
OI00004753,ORD0002169,PROD000040,1,202.37,30.36,172.01,2026-05-11 23:12:11
OI00004754,ORD0002169,PROD000104,2,219.63,0.0,439.26,2026-05-11 23:12:11
OI00004755,ORD0002169,PROD000110,1,112.33,5.62,106.71,2026-05-11 23:12:11
OI00004756,ORD0002170,PROD000137,1,16.14,0.81,15.33,2026-07-09 11:48:44
OI00004757,ORD0002171,PROD000044,1,137.29,0.0,137.29,2026-06-01 01:12:05
OI00004758,ORD0002172,PROD000021,1,325.45,0.0,325.45,2026-05-25 16:56:53
OI00004759,ORD0002172,PROD000117,1,96.57,0.0,96.57,2026-05-25 16:56:53
OI00004760,ORD0002172,PROD000070,1,251.87,25.19,226.68,2026-05-25 16:56:53
OI00004761,ORD0002173,PROD000117,4,96.57,0.0,386.28,2026-03-15 02:24:13
OI00004762,ORD0002173,PROD000068,2,253.43,0.0,506.86,2026-03-15 02:24:13
OI00004763,ORD0002173,PROD000132,1,86.93,4.35,82.58,2026-03-15 02:24:13
OI00004764,ORD0002174,PROD000056,2,23.5,0.0,47.0,2026-03-25 10:12:00
OI00004765,ORD0002174,PROD000183,1,239.94,0.0,239.94,2026-03-25 10:12:00
OI00004766,ORD0002175,PROD000010,1,238.36,0.0,238.36,2026-07-19 16:19:51
OI00004767,ORD0002175,PROD000060,1,313.56,15.68,297.88,2026-07-19 16:19:51
OI00004768,ORD0002175,PROD000042,1,358.03,0.0,358.03,2026-07-19 16:19:51
OI00004769,ORD0002175,PROD000133,3,7.24,4.34,17.38,2026-07-19 16:19:51
OI00004770,ORD0002176,PROD000157,1,230.53,11.53,219.0,2026-05-10 05:43:46
OI00004771,ORD0002177,PROD000114,1,36.68,0.0,36.68,2026-07-04 02:43:53
OI00004772,ORD0002177,PROD000037,3,48.34,21.75,123.27,2026-07-04 02:43:53
OI00004773,ORD0002177,PROD000188,3,114.4,0.0,343.2,2026-07-04 02:43:53
OI00004774,ORD0002178,PROD000057,2,282.26,0.0,564.52,2026-03-30 06:48:05
OI00004775,ORD0002179,PROD000185,1,186.5,27.98,158.52,2026-05-28 07:46:39
OI00004776,ORD0002179,PROD000069,1,332.4,0.0,332.4,2026-05-28 07:46:39
OI00004777,ORD0002180,PROD000170,2,39.7,0.0,79.4,2026-04-04 17:43:31
OI00004778,ORD0002180,PROD000079,1,315.96,0.0,315.96,2026-04-04 17:43:31
OI00004779,ORD0002180,PROD000008,1,181.13,0.0,181.13,2026-04-04 17:43:31
OI00004780,ORD0002181,PROD000093,2,51.13,0.0,102.26,2026-03-26 11:16:47
OI00004781,ORD0002181,PROD000115,2,66.23,6.62,125.84,2026-03-26 11:16:47
OI00004782,ORD0002181,PROD000126,1,5.66,0.0,5.66,2026-03-26 11:16:47
OI00004783,ORD0002181,PROD000027,1,174.59,0.0,174.59,2026-03-26 11:16:47
OI00004784,ORD0002181,PROD000164,1,179.02,0.0,179.02,2026-03-26 11:16:47
OI00004785,ORD0002182,PROD000142,1,276.94,0.0,276.94,2026-05-28 02:09:18
OI00004786,ORD0002182,PROD000100,4,125.62,0.0,502.48,2026-05-28 02:09:18
OI00004787,ORD0002183,PROD000141,1,54.3,0.0,54.3,2026-02-17 06:04:20
OI00004788,ORD0002183,PROD000114,1,36.68,0.0,36.68,2026-02-17 06:04:20
OI00004789,ORD0002184,PROD000108,2,87.18,0.0,174.36,2026-06-09 07:53:22
OI00004790,ORD0002184,PROD000029,1,12.47,0.62,11.85,2026-06-09 07:53:22
OI00004791,ORD0002184,PROD000160,3,181.18,81.53,462.01,2026-06-09 07:53:22
OI00004792,ORD0002184,PROD000186,1,106.06,0.0,106.06,2026-06-09 07:53:22
OI00004793,ORD0002184,PROD000092,1,90.01,4.5,85.51,2026-06-09 07:53:22
OI00004794,ORD0002185,PROD000020,2,59.38,0.0,118.76,2026-04-23 08:54:20
OI00004795,ORD0002185,PROD000066,1,424.54,21.23,403.31,2026-04-23 08:54:20
OI00004796,ORD0002185,PROD000153,4,46.39,18.56,167.0,2026-04-23 08:54:20
OI00004797,ORD0002185,PROD000152,2,68.44,0.0,136.88,2026-04-23 08:54:20
OI00004798,ORD0002186,PROD000057,1,282.26,0.0,282.26,2026-05-22 01:22:46
OI00004799,ORD0002187,PROD000163,2,379.9,0.0,759.8,2026-05-20 21:37:48
OI00004800,ORD0002187,PROD000080,1,288.18,0.0,288.18,2026-05-20 21:37:48
OI00004801,ORD0002187,PROD000023,1,69.84,0.0,69.84,2026-05-20 21:37:48
OI00004802,ORD0002187,PROD000041,1,287.98,0.0,287.98,2026-05-20 21:37:48
OI00004803,ORD0002188,PROD000059,1,368.8,18.44,350.36,2026-06-06 13:00:42
OI00004804,ORD0002188,PROD000155,1,67.32,0.0,67.32,2026-06-06 13:00:42
OI00004805,ORD0002188,PROD000027,3,174.59,0.0,523.77,2026-06-06 13:00:42
OI00004806,ORD0002188,PROD000018,1,6.39,0.0,6.39,2026-06-06 13:00:42
OI00004807,ORD0002189,PROD000105,1,230.76,0.0,230.76,2026-07-30 23:14:18
OI00004808,ORD0002190,PROD000092,2,90.01,9.0,171.02,2026-03-13 13:40:44
OI00004809,ORD0002190,PROD000139,1,48.21,0.0,48.21,2026-03-13 13:40:44
OI00004810,ORD0002190,PROD000081,1,267.87,0.0,267.87,2026-03-13 13:40:44
OI00004811,ORD0002191,PROD000096,1,151.87,0.0,151.87,2026-04-08 01:15:04
OI00004812,ORD0002192,PROD000142,1,276.94,0.0,276.94,2026-06-30 21:47:15
OI00004813,ORD0002192,PROD000119,1,93.67,0.0,93.67,2026-06-30 21:47:15
OI00004814,ORD0002193,PROD000140,2,156.23,31.25,281.21,2026-07-17 01:11:27
OI00004815,ORD0002194,PROD000107,2,128.32,0.0,256.64,2026-07-08 14:33:03
OI00004816,ORD0002194,PROD000033,2,240.82,0.0,481.64,2026-07-08 14:33:03
OI00004817,ORD0002194,PROD000089,1,270.52,0.0,270.52,2026-07-08 14:33:03
OI00004818,ORD0002195,PROD000065,1,459.64,0.0,459.64,2026-06-10 19:33:32
OI00004819,ORD0002195,PROD000180,1,443.88,0.0,443.88,2026-06-10 19:33:32
OI00004820,ORD0002196,PROD000162,1,85.74,12.86,72.88,2026-07-12 05:02:35
OI00004821,ORD0002197,PROD000034,1,376.06,0.0,376.06,2026-03-04 17:14:09
OI00004822,ORD0002197,PROD000188,2,114.4,0.0,228.8,2026-03-04 17:14:09
OI00004823,ORD0002198,PROD000170,1,39.7,0.0,39.7,2026-03-12 14:57:37
OI00004824,ORD0002198,PROD000084,1,172.79,0.0,172.79,2026-03-12 14:57:37
OI00004825,ORD0002198,PROD000004,1,71.87,0.0,71.87,2026-03-12 14:57:37
OI00004826,ORD0002199,PROD000125,1,169.29,0.0,169.29,2026-07-15 01:46:43
OI00004827,ORD0002199,PROD000193,3,322.33,0.0,966.99,2026-07-15 01:46:43
OI00004828,ORD0002200,PROD000088,1,381.45,19.07,362.38,2026-03-30 13:46:33
OI00004829,ORD0002200,PROD000005,1,219.89,0.0,219.89,2026-03-30 13:46:33
OI00004830,ORD0002200,PROD000184,1,192.54,0.0,192.54,2026-03-30 13:46:33
OI00004831,ORD0002200,PROD000059,2,368.8,0.0,737.6,2026-03-30 13:46:33
OI00004832,ORD0002201,PROD000195,2,397.59,0.0,795.18,2026-06-27 11:26:15
OI00004833,ORD0002201,PROD000125,2,169.29,0.0,338.58,2026-06-27 11:26:15
OI00004834,ORD0002202,PROD000032,1,305.5,30.55,274.95,2026-06-17 08:22:59
OI00004835,ORD0002202,PROD000061,1,85.11,0.0,85.11,2026-06-17 08:22:59
OI00004836,ORD0002203,PROD000036,4,22.66,4.53,86.11,2026-05-15 00:53:28
OI00004837,ORD0002204,PROD000041,1,287.98,57.6,230.38,2026-07-07 20:38:08
OI00004838,ORD0002205,PROD000004,1,71.87,0.0,71.87,2026-06-07 11:02:22
OI00004839,ORD0002205,PROD000057,1,282.26,0.0,282.26,2026-06-07 11:02:22
OI00004840,ORD0002205,PROD000115,3,66.23,0.0,198.69,2026-06-07 11:02:22
OI00004841,ORD0002206,PROD000132,3,86.93,0.0,260.79,2026-06-16 11:59:11
OI00004842,ORD0002206,PROD000017,2,177.67,0.0,355.34,2026-06-16 11:59:11
OI00004843,ORD0002206,PROD000051,1,128.31,0.0,128.31,2026-06-16 11:59:11
OI00004844,ORD0002207,PROD000084,2,172.79,17.28,328.3,2026-05-05 11:14:28
OI00004845,ORD0002207,PROD000193,1,322.33,64.47,257.86,2026-05-05 11:14:28
OI00004846,ORD0002208,PROD000102,1,157.31,0.0,157.31,2026-06-02 00:53:38
OI00004847,ORD0002208,PROD000028,3,209.71,31.46,597.67,2026-06-02 00:53:38
OI00004848,ORD0002208,PROD000030,1,113.9,0.0,113.9,2026-06-02 00:53:38
OI00004849,ORD0002209,PROD000114,2,36.68,3.67,69.69,2026-06-03 16:47:26
OI00004850,ORD0002210,PROD000062,2,129.94,0.0,259.88,2026-07-20 18:12:32
OI00004851,ORD0002210,PROD000073,1,9.42,0.0,9.42,2026-07-20 18:12:32
OI00004852,ORD0002210,PROD000121,1,311.61,0.0,311.61,2026-07-20 18:12:32
OI00004853,ORD0002210,PROD000091,2,244.05,0.0,488.1,2026-07-20 18:12:32
OI00004854,ORD0002211,PROD000068,2,253.43,50.69,456.17,2026-05-22 13:44:15
OI00004855,ORD0002211,PROD000084,1,172.79,8.64,164.15,2026-05-22 13:44:15
OI00004856,ORD0002212,PROD000182,1,116.92,0.0,116.92,2026-05-13 04:20:55
OI00004857,ORD0002212,PROD000036,2,22.66,2.27,43.05,2026-05-13 04:20:55
OI00004858,ORD0002212,PROD000112,4,76.78,61.42,245.7,2026-05-13 04:20:55
OI00004859,ORD0002212,PROD000052,2,289.95,57.99,521.91,2026-05-13 04:20:55
OI00004860,ORD0002213,PROD000196,1,135.89,20.38,115.51,2026-05-23 10:42:33
OI00004861,ORD0002213,PROD000144,4,398.95,0.0,1595.8,2026-05-23 10:42:33
OI00004862,ORD0002213,PROD000180,1,443.88,22.19,421.69,2026-05-23 10:42:33
OI00004863,ORD0002214,PROD000079,2,315.96,31.6,600.32,2026-07-28 14:01:13
OI00004864,ORD0002214,PROD000133,2,7.24,0.0,14.48,2026-07-28 14:01:13
OI00004865,ORD0002214,PROD000158,1,391.88,78.38,313.5,2026-07-28 14:01:13
OI00004866,ORD0002215,PROD000047,1,125.52,6.28,119.24,2026-07-21 21:11:46
OI00004867,ORD0002215,PROD000200,1,107.97,16.2,91.77,2026-07-21 21:11:46
OI00004868,ORD0002215,PROD000062,4,129.94,0.0,519.76,2026-07-21 21:11:46
OI00004869,ORD0002216,PROD000096,1,151.87,7.59,144.28,2026-08-09 05:16:55
OI00004870,ORD0002216,PROD000103,2,30.32,0.0,60.64,2026-08-09 05:16:55
OI00004871,ORD0002217,PROD000062,1,129.94,12.99,116.95,2026-04-16 15:16:49
OI00004872,ORD0002218,PROD000125,1,169.29,8.46,160.83,2026-03-26 04:30:12
OI00004873,ORD0002219,PROD000186,1,106.06,5.3,100.76,2026-05-20 07:06:27
OI00004874,ORD0002219,PROD000037,2,48.34,0.0,96.68,2026-05-20 07:06:27
OI00004875,ORD0002219,PROD000025,1,337.19,33.72,303.47,2026-05-20 07:06:27
OI00004876,ORD0002220,PROD000195,1,397.59,39.76,357.83,2026-05-07 04:18:40
OI00004877,ORD0002220,PROD000194,1,99.76,0.0,99.76,2026-05-07 04:18:40
OI00004878,ORD0002221,PROD000189,1,184.49,0.0,184.49,2026-05-19 05:28:11
OI00004879,ORD0002221,PROD000059,1,368.8,0.0,368.8,2026-05-19 05:28:11
OI00004880,ORD0002222,PROD000004,3,71.87,0.0,215.61,2026-05-26 10:06:30
OI00004881,ORD0002222,PROD000066,1,424.54,0.0,424.54,2026-05-26 10:06:30
OI00004882,ORD0002223,PROD000025,1,337.19,67.44,269.75,2026-04-29 08:56:42
OI00004883,ORD0002224,PROD000196,1,135.89,6.79,129.1,2026-04-12 09:43:02
OI00004884,ORD0002224,PROD000027,1,174.59,34.92,139.67,2026-04-12 09:43:02
OI00004885,ORD0002224,PROD000108,4,87.18,0.0,348.72,2026-04-12 09:43:02
OI00004886,ORD0002225,PROD000105,1,230.76,0.0,230.76,2026-05-06 05:18:48
OI00004887,ORD0002225,PROD000040,1,202.37,10.12,192.25,2026-05-06 05:18:48
OI00004888,ORD0002226,PROD000115,2,66.23,0.0,132.46,2026-06-24 16:33:27
OI00004889,ORD0002226,PROD000012,1,374.67,0.0,374.67,2026-06-24 16:33:27
OI00004890,ORD0002226,PROD000187,1,260.32,0.0,260.32,2026-06-24 16:33:27
OI00004891,ORD0002227,PROD000106,3,13.25,0.0,39.75,2026-04-25 10:42:21
OI00004892,ORD0002228,PROD000090,3,82.64,0.0,247.92,2026-03-06 22:26:24
OI00004893,ORD0002228,PROD000133,2,7.24,1.45,13.03,2026-03-06 22:26:24
OI00004894,ORD0002229,PROD000149,1,259.04,0.0,259.04,2026-03-02 08:11:58
OI00004895,ORD0002229,PROD000161,2,310.12,0.0,620.24,2026-03-02 08:11:58
OI00004896,ORD0002229,PROD000052,2,289.95,0.0,579.9,2026-03-02 08:11:58
OI00004897,ORD0002229,PROD000097,1,119.02,0.0,119.02,2026-03-02 08:11:58
OI00004898,ORD0002230,PROD000008,1,181.13,0.0,181.13,2026-06-26 16:01:10
OI00004899,ORD0002230,PROD000117,1,96.57,0.0,96.57,2026-06-26 16:01:10
OI00004900,ORD0002231,PROD000090,1,82.64,4.13,78.51,2026-04-06 06:07:31
OI00004901,ORD0002231,PROD000100,1,125.62,12.56,113.06,2026-04-06 06:07:31
OI00004902,ORD0002232,PROD000049,1,343.12,0.0,343.12,2026-08-11 08:18:48
OI00004903,ORD0002233,PROD000194,2,99.76,19.95,179.57,2026-05-19 13:41:11
OI00004904,ORD0002233,PROD000099,1,244.63,0.0,244.63,2026-05-19 13:41:11
OI00004905,ORD0002233,PROD000037,2,48.34,0.0,96.68,2026-05-19 13:41:11
OI00004906,ORD0002233,PROD000030,1,113.9,0.0,113.9,2026-05-19 13:41:11
OI00004907,ORD0002234,PROD000170,3,39.7,0.0,119.1,2026-03-01 08:47:14
OI00004908,ORD0002234,PROD000017,1,177.67,8.88,168.79,2026-03-01 08:47:14
OI00004909,ORD0002234,PROD000065,2,459.64,0.0,919.28,2026-03-01 08:47:14
OI00004910,ORD0002235,PROD000143,1,293.11,14.66,278.45,2026-03-30 10:16:38
OI00004911,ORD0002235,PROD000080,3,288.18,172.91,691.63,2026-03-30 10:16:38
OI00004912,ORD0002236,PROD000075,2,10.1,0.0,20.2,2026-06-18 20:25:22
OI00004913,ORD0002236,PROD000041,1,287.98,0.0,287.98,2026-06-18 20:25:22
OI00004914,ORD0002237,PROD000186,2,106.06,0.0,212.12,2026-02-21 04:26:40
OI00004915,ORD0002237,PROD000068,1,253.43,0.0,253.43,2026-02-21 04:26:40
OI00004916,ORD0002238,PROD000094,2,170.67,0.0,341.34,2026-03-03 13:53:17
OI00004917,ORD0002238,PROD000164,1,179.02,0.0,179.02,2026-03-03 13:53:17
OI00004918,ORD0002238,PROD000008,1,181.13,0.0,181.13,2026-03-03 13:53:17
OI00004919,ORD0002239,PROD000019,1,64.3,0.0,64.3,2026-06-18 17:18:16
OI00004920,ORD0002240,PROD000143,1,293.11,43.97,249.14,2026-02-18 05:12:45
OI00004921,ORD0002240,PROD000196,1,135.89,0.0,135.89,2026-02-18 05:12:45
OI00004922,ORD0002241,PROD000002,1,68.17,0.0,68.17,2026-04-10 15:18:49
OI00004923,ORD0002241,PROD000124,2,396.34,39.63,753.05,2026-04-10 15:18:49
OI00004924,ORD0002242,PROD000052,1,289.95,0.0,289.95,2026-06-17 11:06:09
OI00004925,ORD0002242,PROD000121,2,311.61,0.0,623.22,2026-06-17 11:06:09
OI00004926,ORD0002243,PROD000069,2,332.4,0.0,664.8,2026-06-30 18:37:40
OI00004927,ORD0002244,PROD000196,1,135.89,0.0,135.89,2026-05-29 06:49:45
OI00004928,ORD0002244,PROD000120,1,200.42,0.0,200.42,2026-05-29 06:49:45
OI00004929,ORD0002245,PROD000040,2,202.37,0.0,404.74,2026-03-14 08:12:25
OI00004930,ORD0002245,PROD000073,1,9.42,0.0,9.42,2026-03-14 08:12:25
OI00004931,ORD0002246,PROD000057,4,282.26,56.45,1072.59,2026-03-27 22:53:56
OI00004932,ORD0002247,PROD000152,1,68.44,0.0,68.44,2026-07-19 15:08:47
OI00004933,ORD0002247,PROD000097,1,119.02,0.0,119.02,2026-07-19 15:08:47
OI00004934,ORD0002248,PROD000139,4,48.21,0.0,192.84,2026-08-15 05:01:05
OI00004935,ORD0002248,PROD000085,1,36.94,0.0,36.94,2026-08-15 05:01:05
OI00004936,ORD0002248,PROD000127,2,216.42,43.28,389.56,2026-08-15 05:01:05
OI00004937,ORD0002249,PROD000088,1,381.45,19.07,362.38,2026-07-17 03:02:36
OI00004938,ORD0002250,PROD000009,2,247.91,0.0,495.82,2026-07-13 16:28:14
OI00004939,ORD0002250,PROD000188,1,114.4,0.0,114.4,2026-07-13 16:28:14
OI00004940,ORD0002250,PROD000055,3,324.24,0.0,972.72,2026-07-13 16:28:14
OI00004941,ORD0002251,PROD000192,1,122.14,0.0,122.14,2026-07-12 11:59:03
OI00004942,ORD0002251,PROD000141,3,54.3,0.0,162.9,2026-07-12 11:59:03
OI00004943,ORD0002251,PROD000089,3,270.52,81.16,730.4,2026-07-12 11:59:03
OI00004944,ORD0002252,PROD000193,1,322.33,0.0,322.33,2026-08-11 02:42:50
OI00004945,ORD0002252,PROD000117,1,96.57,0.0,96.57,2026-08-11 02:42:50
OI00004946,ORD0002252,PROD000162,1,85.74,0.0,85.74,2026-08-11 02:42:50
OI00004947,ORD0002253,PROD000116,1,33.83,1.69,32.14,2026-02-24 20:34:54
OI00004948,ORD0002253,PROD000126,2,5.66,0.0,11.32,2026-02-24 20:34:54
OI00004949,ORD0002253,PROD000030,1,113.9,17.09,96.81,2026-02-24 20:34:54
OI00004950,ORD0002253,PROD000039,2,318.97,0.0,637.94,2026-02-24 20:34:54
OI00004951,ORD0002254,PROD000185,1,186.5,27.98,158.52,2026-06-22 16:35:39
OI00004952,ORD0002254,PROD000045,1,70.0,0.0,70.0,2026-06-22 16:35:39
OI00004953,ORD0002255,PROD000103,2,30.32,0.0,60.64,2026-07-29 12:18:06
OI00004954,ORD0002255,PROD000052,2,289.95,0.0,579.9,2026-07-29 12:18:06
OI00004955,ORD0002255,PROD000132,3,86.93,0.0,260.79,2026-07-29 12:18:06
OI00004956,ORD0002256,PROD000177,1,200.82,0.0,200.82,2026-05-22 08:25:31
OI00004957,ORD0002256,PROD000071,2,259.22,0.0,518.44,2026-05-22 08:25:31
OI00004958,ORD0002257,PROD000012,1,374.67,37.47,337.2,2026-02-15 12:47:46
OI00004959,ORD0002257,PROD000040,1,202.37,0.0,202.37,2026-02-15 12:47:46
OI00004960,ORD0002258,PROD000044,2,137.29,0.0,274.58,2026-02-25 11:49:38
OI00004961,ORD0002258,PROD000048,3,312.1,0.0,936.3,2026-02-25 11:49:38
OI00004962,ORD0002259,PROD000170,1,39.7,3.97,35.73,2026-06-13 01:47:17
OI00004963,ORD0002259,PROD000040,3,202.37,0.0,607.11,2026-06-13 01:47:17
OI00004964,ORD0002259,PROD000104,1,219.63,0.0,219.63,2026-06-13 01:47:17
OI00004965,ORD0002260,PROD000189,3,184.49,55.35,498.12,2026-04-28 02:46:23
OI00004966,ORD0002260,PROD000068,2,253.43,0.0,506.86,2026-04-28 02:46:23
OI00004967,ORD0002260,PROD000137,4,16.14,0.0,64.56,2026-04-28 02:46:23
OI00004968,ORD0002261,PROD000157,1,230.53,0.0,230.53,2026-08-01 02:37:03
OI00004969,ORD0002261,PROD000091,2,244.05,0.0,488.1,2026-08-01 02:37:03
OI00004970,ORD0002262,PROD000016,3,373.26,0.0,1119.78,2026-08-14 04:16:03
OI00004971,ORD0002262,PROD000012,1,374.67,0.0,374.67,2026-08-14 04:16:03
OI00004972,ORD0002262,PROD000083,1,119.55,0.0,119.55,2026-08-14 04:16:03
OI00004973,ORD0002262,PROD000032,4,305.5,0.0,1222.0,2026-08-14 04:16:03
OI00004974,ORD0002262,PROD000055,4,324.24,129.7,1167.26,2026-08-14 04:16:03
OI00004975,ORD0002263,PROD000083,1,119.55,0.0,119.55,2026-08-10 18:06:28
OI00004976,ORD0002264,PROD000138,1,154.12,0.0,154.12,2026-07-22 01:44:18
OI00004977,ORD0002264,PROD000113,3,295.97,44.4,843.51,2026-07-22 01:44:18
OI00004978,ORD0002265,PROD000065,1,459.64,0.0,459.64,2026-03-23 04:22:19
OI00004979,ORD0002265,PROD000162,4,85.74,0.0,342.96,2026-03-23 04:22:19
OI00004980,ORD0002266,PROD000146,1,237.64,0.0,237.64,2026-05-12 15:03:52
OI00004981,ORD0002266,PROD000042,1,358.03,35.8,322.23,2026-05-12 15:03:52
OI00004982,ORD0002266,PROD000186,1,106.06,5.3,100.76,2026-05-12 15:03:52
OI00004983,ORD0002266,PROD000012,1,374.67,0.0,374.67,2026-05-12 15:03:52
OI00004984,ORD0002266,PROD000194,1,99.76,9.98,89.78,2026-05-12 15:03:52
OI00004985,ORD0002267,PROD000041,1,287.98,0.0,287.98,2026-02-22 23:39:55
OI00004986,ORD0002267,PROD000192,4,122.14,0.0,488.56,2026-02-22 23:39:55
OI00004987,ORD0002267,PROD000015,1,74.75,0.0,74.75,2026-02-22 23:39:55
OI00004988,ORD0002267,PROD000120,2,200.42,0.0,400.84,2026-02-22 23:39:55
OI00004989,ORD0002268,PROD000200,1,107.97,16.2,91.77,2026-03-17 06:55:26
OI00004990,ORD0002269,PROD000067,1,181.48,0.0,181.48,2026-03-06 13:35:42
OI00004991,ORD0002269,PROD000147,1,359.37,17.97,341.4,2026-03-06 13:35:42
OI00004992,ORD0002269,PROD000009,1,247.91,0.0,247.91,2026-03-06 13:35:42
OI00004993,ORD0002269,PROD000094,3,170.67,0.0,512.01,2026-03-06 13:35:42
OI00004994,ORD0002270,PROD000008,1,181.13,36.23,144.9,2026-05-18 17:53:23
OI00004995,ORD0002271,PROD000151,3,220.37,0.0,661.11,2026-05-20 14:00:23
OI00004996,ORD0002271,PROD000140,1,156.23,7.81,148.42,2026-05-20 14:00:23
OI00004997,ORD0002272,PROD000047,1,125.52,0.0,125.52,2026-07-17 14:53:54
OI00004998,ORD0002272,PROD000090,3,82.64,0.0,247.92,2026-07-17 14:53:54
OI00004999,ORD0002273,PROD000137,3,16.14,0.0,48.42,2026-02-24 10:41:11
OI00005000,ORD0002273,PROD000165,4,95.13,0.0,380.52,2026-02-24 10:41:11
OI00005001,ORD0002274,PROD000047,1,125.52,12.55,112.97,2026-06-16 19:16:37
OI00005002,ORD0002274,PROD000127,2,216.42,0.0,432.84,2026-06-16 19:16:37
OI00005003,ORD0002274,PROD000053,2,381.96,0.0,763.92,2026-06-16 19:16:37
OI00005004,ORD0002275,PROD000110,1,112.33,0.0,112.33,2026-06-04 05:10:07
OI00005005,ORD0002275,PROD000078,3,44.16,6.62,125.86,2026-06-04 05:10:07
OI00005006,ORD0002275,PROD000194,1,99.76,0.0,99.76,2026-06-04 05:10:07
OI00005007,ORD0002276,PROD000193,1,322.33,64.47,257.86,2026-03-23 19:54:43
OI00005008,ORD0002277,PROD000152,1,68.44,3.42,65.02,2026-04-27 00:44:06
OI00005009,ORD0002277,PROD000077,2,172.06,51.62,292.5,2026-04-27 00:44:06
OI00005010,ORD0002278,PROD000146,1,237.64,0.0,237.64,2026-06-09 11:50:19
OI00005011,ORD0002278,PROD000030,1,113.9,0.0,113.9,2026-06-09 11:50:19
OI00005012,ORD0002278,PROD000138,1,154.12,7.71,146.41,2026-06-09 11:50:19
OI00005013,ORD0002278,PROD000170,2,39.7,0.0,79.4,2026-06-09 11:50:19
OI00005014,ORD0002279,PROD000007,1,255.16,0.0,255.16,2026-06-24 10:34:07
OI00005015,ORD0002280,PROD000061,1,85.11,4.26,80.85,2026-03-16 14:46:57
OI00005016,ORD0002280,PROD000096,1,151.87,0.0,151.87,2026-03-16 14:46:57
OI00005017,ORD0002280,PROD000183,4,239.94,47.99,911.77,2026-03-16 14:46:57
OI00005018,ORD0002280,PROD000147,4,359.37,0.0,1437.48,2026-03-16 14:46:57
OI00005019,ORD0002280,PROD000187,2,260.32,0.0,520.64,2026-03-16 14:46:57
OI00005020,ORD0002281,PROD000073,1,9.42,0.0,9.42,2026-03-24 01:04:10
OI00005021,ORD0002281,PROD000038,2,84.38,0.0,168.76,2026-03-24 01:04:10
OI00005022,ORD0002281,PROD000143,1,293.11,0.0,293.11,2026-03-24 01:04:10
OI00005023,ORD0002282,PROD000074,2,260.67,0.0,521.34,2026-03-02 08:52:51
OI00005024,ORD0002282,PROD000164,2,179.02,0.0,358.04,2026-03-02 08:52:51
OI00005025,ORD0002282,PROD000196,3,135.89,0.0,407.67,2026-03-02 08:52:51
OI00005026,ORD0002283,PROD000195,1,397.59,39.76,357.83,2026-03-09 02:53:16
OI00005027,ORD0002283,PROD000099,1,244.63,0.0,244.63,2026-03-09 02:53:16
OI00005028,ORD0002284,PROD000015,1,74.75,0.0,74.75,2026-06-27 06:06:13
OI00005029,ORD0002284,PROD000085,2,36.94,0.0,73.88,2026-06-27 06:06:13
OI00005030,ORD0002285,PROD000159,2,90.28,9.03,171.53,2026-05-28 13:22:02
OI00005031,ORD0002285,PROD000091,1,244.05,48.81,195.24,2026-05-28 13:22:02
OI00005032,ORD0002285,PROD000051,4,128.31,51.32,461.92,2026-05-28 13:22:02
OI00005033,ORD0002285,PROD000035,4,197.66,0.0,790.64,2026-05-28 13:22:02
OI00005034,ORD0002286,PROD000160,1,181.18,0.0,181.18,2026-04-20 21:58:11
OI00005035,ORD0002286,PROD000102,1,157.31,0.0,157.31,2026-04-20 21:58:11
OI00005036,ORD0002286,PROD000101,1,140.13,0.0,140.13,2026-04-20 21:58:11
OI00005037,ORD0002287,PROD000181,2,132.65,0.0,265.3,2026-07-14 05:19:56
OI00005038,ORD0002287,PROD000079,1,315.96,0.0,315.96,2026-07-14 05:19:56
OI00005039,ORD0002288,PROD000106,1,13.25,0.0,13.25,2026-06-26 16:37:11
OI00005040,ORD0002288,PROD000174,3,225.67,0.0,677.01,2026-06-26 16:37:11
OI00005041,ORD0002289,PROD000047,1,125.52,0.0,125.52,2026-06-08 00:10:08
OI00005042,ORD0002290,PROD000133,2,7.24,0.72,13.76,2026-07-02 07:39:47
OI00005043,ORD0002290,PROD000158,1,391.88,39.19,352.69,2026-07-02 07:39:47
OI00005044,ORD0002291,PROD000007,1,255.16,0.0,255.16,2026-06-27 23:05:55
OI00005045,ORD0002291,PROD000116,3,33.83,0.0,101.49,2026-06-27 23:05:55
OI00005046,ORD0002291,PROD000035,1,197.66,9.88,187.78,2026-06-27 23:05:55
OI00005047,ORD0002292,PROD000183,1,239.94,0.0,239.94,2026-06-11 14:49:23
OI00005048,ORD0002293,PROD000188,4,114.4,45.76,411.84,2026-04-11 01:15:47
OI00005049,ORD0002293,PROD000119,2,93.67,18.73,168.61,2026-04-11 01:15:47
OI00005050,ORD0002294,PROD000026,3,165.8,0.0,497.4,2026-06-19 12:16:30
OI00005051,ORD0002294,PROD000021,1,325.45,0.0,325.45,2026-06-19 12:16:30
OI00005052,ORD0002294,PROD000188,1,114.4,0.0,114.4,2026-06-19 12:16:30
OI00005053,ORD0002295,PROD000135,2,106.79,0.0,213.58,2026-05-28 05:50:05
OI00005054,ORD0002295,PROD000176,1,395.87,59.38,336.49,2026-05-28 05:50:05
OI00005055,ORD0002296,PROD000074,1,260.67,26.07,234.6,2026-03-23 14:20:13
OI00005056,ORD0002297,PROD000095,1,317.49,0.0,317.49,2026-06-11 04:11:29
OI00005057,ORD0002297,PROD000013,2,286.54,0.0,573.08,2026-06-11 04:11:29
OI00005058,ORD0002298,PROD000009,2,247.91,0.0,495.82,2026-03-12 04:59:59
OI00005059,ORD0002298,PROD000063,1,61.43,3.07,58.36,2026-03-12 04:59:59
OI00005060,ORD0002299,PROD000005,1,219.89,21.99,197.9,2026-07-02 05:34:53
OI00005061,ORD0002299,PROD000189,2,184.49,36.9,332.08,2026-07-02 05:34:53
OI00005062,ORD0002299,PROD000081,2,267.87,0.0,535.74,2026-07-02 05:34:53
OI00005063,ORD0002300,PROD000068,1,253.43,0.0,253.43,2026-07-16 19:28:48
OI00005064,ORD0002300,PROD000194,1,99.76,0.0,99.76,2026-07-16 19:28:48
OI00005065,ORD0002301,PROD000082,2,49.54,0.0,99.08,2026-05-08 17:26:05
OI00005066,ORD0002301,PROD000114,1,36.68,0.0,36.68,2026-05-08 17:26:05
OI00005067,ORD0002302,PROD000161,2,310.12,0.0,620.24,2026-07-11 21:50:27
OI00005068,ORD0002302,PROD000092,2,90.01,0.0,180.02,2026-07-11 21:50:27
OI00005069,ORD0002302,PROD000176,4,395.87,0.0,1583.48,2026-07-11 21:50:27
OI00005070,ORD0002302,PROD000082,1,49.54,0.0,49.54,2026-07-11 21:50:27
OI00005071,ORD0002303,PROD000138,1,154.12,0.0,154.12,2026-07-27 00:40:03
OI00005072,ORD0002304,PROD000159,2,90.28,0.0,180.56,2026-06-25 17:37:24
OI00005073,ORD0002304,PROD000177,2,200.82,0.0,401.64,2026-06-25 17:37:24
OI00005074,ORD0002304,PROD000140,2,156.23,15.62,296.84,2026-06-25 17:37:24
OI00005075,ORD0002305,PROD000026,1,165.8,0.0,165.8,2026-02-19 23:35:45
OI00005076,ORD0002305,PROD000071,1,259.22,0.0,259.22,2026-02-19 23:35:45
OI00005077,ORD0002305,PROD000048,1,312.1,0.0,312.1,2026-02-19 23:35:45
OI00005078,ORD0002306,PROD000124,2,396.34,0.0,792.68,2026-07-14 18:06:16
OI00005079,ORD0002306,PROD000027,2,174.59,0.0,349.18,2026-07-14 18:06:16
OI00005080,ORD0002306,PROD000180,1,443.88,0.0,443.88,2026-07-14 18:06:16
OI00005081,ORD0002307,PROD000137,1,16.14,3.23,12.91,2026-06-27 05:30:57
OI00005082,ORD0002307,PROD000192,2,122.14,36.64,207.64,2026-06-27 05:30:57
OI00005083,ORD0002307,PROD000183,1,239.94,0.0,239.94,2026-06-27 05:30:57
OI00005084,ORD0002308,PROD000033,1,240.82,0.0,240.82,2026-05-02 02:33:12
OI00005085,ORD0002309,PROD000120,1,200.42,0.0,200.42,2026-04-02 20:13:55
OI00005086,ORD0002310,PROD000094,1,170.67,0.0,170.67,2026-06-22 07:13:16
OI00005087,ORD0002310,PROD000151,1,220.37,0.0,220.37,2026-06-22 07:13:16
OI00005088,ORD0002310,PROD000137,2,16.14,0.0,32.28,2026-06-22 07:13:16
OI00005089,ORD0002311,PROD000114,1,36.68,0.0,36.68,2026-02-15 14:58:30
OI00005090,ORD0002312,PROD000141,1,54.3,0.0,54.3,2026-02-25 17:53:16
OI00005091,ORD0002312,PROD000190,2,270.32,54.06,486.58,2026-02-25 17:53:16
OI00005092,ORD0002313,PROD000142,2,276.94,27.69,526.19,2026-03-18 01:59:10
OI00005093,ORD0002313,PROD000187,2,260.32,0.0,520.64,2026-03-18 01:59:10
OI00005094,ORD0002314,PROD000092,1,90.01,0.0,90.01,2026-04-07 13:59:54
OI00005095,ORD0002314,PROD000151,1,220.37,33.06,187.31,2026-04-07 13:59:54
OI00005096,ORD0002314,PROD000125,2,169.29,0.0,338.58,2026-04-07 13:59:54
OI00005097,ORD0002314,PROD000106,2,13.25,0.0,26.5,2026-04-07 13:59:54
OI00005098,ORD0002315,PROD000115,2,66.23,0.0,132.46,2026-08-02 18:19:51
OI00005099,ORD0002315,PROD000193,2,322.33,0.0,644.66,2026-08-02 18:19:51
OI00005100,ORD0002315,PROD000019,2,64.3,0.0,128.6,2026-08-02 18:19:51
OI00005101,ORD0002315,PROD000049,2,343.12,0.0,686.24,2026-08-02 18:19:51
OI00005102,ORD0002316,PROD000071,3,259.22,0.0,777.66,2026-05-28 04:55:58
OI00005103,ORD0002316,PROD000062,1,129.94,0.0,129.94,2026-05-28 04:55:58
OI00005104,ORD0002316,PROD000163,2,379.9,0.0,759.8,2026-05-28 04:55:58
OI00005105,ORD0002317,PROD000032,2,305.5,0.0,611.0,2026-02-20 09:41:25
OI00005106,ORD0002317,PROD000014,1,171.48,0.0,171.48,2026-02-20 09:41:25
OI00005107,ORD0002317,PROD000100,3,125.62,56.53,320.33,2026-02-20 09:41:25
OI00005108,ORD0002318,PROD000186,1,106.06,10.61,95.45,2026-08-01 00:55:19
OI00005109,ORD0002319,PROD000042,3,358.03,107.41,966.68,2026-08-11 02:30:47
OI00005110,ORD0002319,PROD000137,2,16.14,0.0,32.28,2026-08-11 02:30:47
OI00005111,ORD0002320,PROD000147,1,359.37,17.97,341.4,2026-07-03 21:28:29
OI00005112,ORD0002320,PROD000168,1,433.94,86.79,347.15,2026-07-03 21:28:29
OI00005113,ORD0002321,PROD000155,1,67.32,3.37,63.95,2026-07-19 02:38:48
OI00005114,ORD0002322,PROD000034,1,376.06,0.0,376.06,2026-02-27 21:08:36
OI00005115,ORD0002323,PROD000081,1,267.87,0.0,267.87,2026-06-03 15:10:04
OI00005116,ORD0002323,PROD000020,1,59.38,0.0,59.38,2026-06-03 15:10:04
OI00005117,ORD0002323,PROD000101,1,140.13,0.0,140.13,2026-06-03 15:10:04
OI00005118,ORD0002324,PROD000135,4,106.79,0.0,427.16,2026-07-31 10:04:46
OI00005119,ORD0002324,PROD000121,1,311.61,0.0,311.61,2026-07-31 10:04:46
OI00005120,ORD0002324,PROD000189,1,184.49,0.0,184.49,2026-07-31 10:04:46
OI00005121,ORD0002325,PROD000189,1,184.49,0.0,184.49,2026-08-09 19:20:35
OI00005122,ORD0002326,PROD000154,1,57.2,0.0,57.2,2026-04-01 23:59:14
OI00005123,ORD0002326,PROD000123,1,410.86,20.54,390.32,2026-04-01 23:59:14
OI00005124,ORD0002326,PROD000149,1,259.04,0.0,259.04,2026-04-01 23:59:14
OI00005125,ORD0002326,PROD000174,1,225.67,0.0,225.67,2026-04-01 23:59:14
OI00005126,ORD0002326,PROD000141,1,54.3,0.0,54.3,2026-04-01 23:59:14
OI00005127,ORD0002327,PROD000040,1,202.37,10.12,192.25,2026-04-25 07:17:43
OI00005128,ORD0002327,PROD000148,3,111.17,0.0,333.51,2026-04-25 07:17:43
OI00005129,ORD0002328,PROD000088,2,381.45,114.44,648.46,2026-08-11 05:33:34
OI00005130,ORD0002329,PROD000029,1,12.47,0.0,12.47,2026-08-06 14:34:07
OI00005131,ORD0002329,PROD000001,3,240.76,36.11,686.17,2026-08-06 14:34:07
OI00005132,ORD0002330,PROD000125,2,169.29,0.0,338.58,2026-06-22 03:16:16
OI00005133,ORD0002330,PROD000151,4,220.37,0.0,881.48,2026-06-22 03:16:16
OI00005134,ORD0002331,PROD000124,1,396.34,0.0,396.34,2026-07-27 19:24:48
OI00005135,ORD0002332,PROD000197,1,191.33,0.0,191.33,2026-04-06 09:36:57
OI00005136,ORD0002332,PROD000120,1,200.42,0.0,200.42,2026-04-06 09:36:57
OI00005137,ORD0002332,PROD000046,1,353.88,0.0,353.88,2026-04-06 09:36:57
OI00005138,ORD0002333,PROD000082,1,49.54,4.95,44.59,2026-06-23 04:18:20
OI00005139,ORD0002334,PROD000169,1,53.52,8.03,45.49,2026-06-17 23:48:26
OI00005140,ORD0002334,PROD000020,1,59.38,0.0,59.38,2026-06-17 23:48:26
OI00005141,ORD0002335,PROD000157,1,230.53,11.53,219.0,2026-05-23 00:36:34
OI00005142,ORD0002336,PROD000149,2,259.04,0.0,518.08,2026-04-16 22:27:23
OI00005143,ORD0002336,PROD000126,1,5.66,0.0,5.66,2026-04-16 22:27:23
OI00005144,ORD0002337,PROD000074,1,260.67,0.0,260.67,2026-05-20 11:07:15
OI00005145,ORD0002337,PROD000170,1,39.7,0.0,39.7,2026-05-20 11:07:15
OI00005146,ORD0002337,PROD000108,1,87.18,0.0,87.18,2026-05-20 11:07:15
OI00005147,ORD0002337,PROD000017,1,177.67,0.0,177.67,2026-05-20 11:07:15
OI00005148,ORD0002337,PROD000121,1,311.61,0.0,311.61,2026-05-20 11:07:15
OI00005149,ORD0002338,PROD000155,2,67.32,6.73,127.91,2026-06-11 00:23:24
OI00005150,ORD0002339,PROD000050,2,110.2,0.0,220.4,2026-05-23 11:37:55
OI00005151,ORD0002340,PROD000123,1,410.86,0.0,410.86,2026-03-03 01:37:00
OI00005152,ORD0002340,PROD000063,1,61.43,0.0,61.43,2026-03-03 01:37:00
OI00005153,ORD0002340,PROD000106,1,13.25,0.0,13.25,2026-03-03 01:37:00
OI00005154,ORD0002341,PROD000051,2,128.31,12.83,243.79,2026-05-02 02:08:55
OI00005155,ORD0002341,PROD000174,1,225.67,0.0,225.67,2026-05-02 02:08:55
OI00005156,ORD0002341,PROD000065,3,459.64,0.0,1378.92,2026-05-02 02:08:55
OI00005157,ORD0002341,PROD000069,2,332.4,0.0,664.8,2026-05-02 02:08:55
OI00005158,ORD0002341,PROD000015,1,74.75,11.21,63.54,2026-05-02 02:08:55
OI00005159,ORD0002342,PROD000032,1,305.5,30.55,274.95,2026-08-05 12:01:36
OI00005160,ORD0002343,PROD000156,2,208.16,83.26,333.06,2026-07-10 03:48:40
OI00005161,ORD0002343,PROD000039,1,318.97,47.85,271.12,2026-07-10 03:48:40
OI00005162,ORD0002343,PROD000200,1,107.97,0.0,107.97,2026-07-10 03:48:40
OI00005163,ORD0002344,PROD000114,1,36.68,0.0,36.68,2026-04-13 00:41:52
OI00005164,ORD0002344,PROD000007,1,255.16,12.76,242.4,2026-04-13 00:41:52
OI00005165,ORD0002344,PROD000160,3,181.18,108.71,434.83,2026-04-13 00:41:52
OI00005166,ORD0002345,PROD000037,1,48.34,7.25,41.09,2026-03-02 16:41:18
OI00005167,ORD0002345,PROD000170,3,39.7,0.0,119.1,2026-03-02 16:41:18
OI00005168,ORD0002346,PROD000039,1,318.97,0.0,318.97,2026-02-21 23:05:01
OI00005169,ORD0002346,PROD000112,1,76.78,0.0,76.78,2026-02-21 23:05:01
OI00005170,ORD0002346,PROD000100,1,125.62,0.0,125.62,2026-02-21 23:05:01
OI00005171,ORD0002347,PROD000164,1,179.02,8.95,170.07,2026-05-17 00:31:07
OI00005172,ORD0002348,PROD000168,2,433.94,43.39,824.49,2026-06-09 02:17:51
OI00005173,ORD0002349,PROD000089,2,270.52,0.0,541.04,2026-02-22 16:42:32
OI00005174,ORD0002350,PROD000060,3,313.56,0.0,940.68,2026-05-21 00:47:25
OI00005175,ORD0002350,PROD000176,1,395.87,0.0,395.87,2026-05-21 00:47:25
OI00005176,ORD0002351,PROD000049,2,343.12,0.0,686.24,2026-03-10 00:12:54
OI00005177,ORD0002351,PROD000017,1,177.67,0.0,177.67,2026-03-10 00:12:54
OI00005178,ORD0002352,PROD000160,3,181.18,0.0,543.54,2026-02-24 15:59:11
OI00005179,ORD0002353,PROD000136,1,248.42,24.84,223.58,2026-04-29 05:36:10
OI00005180,ORD0002353,PROD000067,2,181.48,0.0,362.96,2026-04-29 05:36:10
OI00005181,ORD0002354,PROD000142,2,276.94,27.69,526.19,2026-05-23 15:13:02
OI00005182,ORD0002354,PROD000056,3,23.5,0.0,70.5,2026-05-23 15:13:02
OI00005183,ORD0002354,PROD000117,1,96.57,0.0,96.57,2026-05-23 15:13:02
OI00005184,ORD0002355,PROD000098,1,188.42,9.42,179.0,2026-08-06 02:02:59
OI00005185,ORD0002355,PROD000159,2,90.28,9.03,171.53,2026-08-06 02:02:59
OI00005186,ORD0002356,PROD000035,1,197.66,0.0,197.66,2026-03-14 04:00:20
OI00005187,ORD0002356,PROD000099,2,244.63,0.0,489.26,2026-03-14 04:00:20
OI00005188,ORD0002356,PROD000004,2,71.87,0.0,143.74,2026-03-14 04:00:20
OI00005189,ORD0002356,PROD000083,1,119.55,0.0,119.55,2026-03-14 04:00:20
OI00005190,ORD0002357,PROD000101,2,140.13,0.0,280.26,2026-05-10 11:28:09
OI00005191,ORD0002357,PROD000133,1,7.24,0.0,7.24,2026-05-10 11:28:09
OI00005192,ORD0002358,PROD000031,1,62.29,0.0,62.29,2026-04-30 20:23:03
OI00005193,ORD0002358,PROD000112,1,76.78,3.84,72.94,2026-04-30 20:23:03
OI00005194,ORD0002359,PROD000184,1,192.54,0.0,192.54,2026-03-10 13:40:23
OI00005195,ORD0002360,PROD000009,1,247.91,0.0,247.91,2026-08-02 04:02:02
OI00005196,ORD0002360,PROD000183,2,239.94,0.0,479.88,2026-08-02 04:02:02
OI00005197,ORD0002361,PROD000086,1,216.37,0.0,216.37,2026-07-25 19:02:59
OI00005198,ORD0002361,PROD000177,1,200.82,0.0,200.82,2026-07-25 19:02:59
OI00005199,ORD0002362,PROD000112,1,76.78,7.68,69.1,2026-06-25 10:58:43
OI00005200,ORD0002362,PROD000082,1,49.54,0.0,49.54,2026-06-25 10:58:43
OI00005201,ORD0002363,PROD000083,3,119.55,0.0,358.65,2026-03-11 19:02:33
OI00005202,ORD0002364,PROD000190,2,270.32,0.0,540.64,2026-07-31 22:55:50
OI00005203,ORD0002364,PROD000173,1,269.92,0.0,269.92,2026-07-31 22:55:50
OI00005204,ORD0002364,PROD000010,3,238.36,0.0,715.08,2026-07-31 22:55:50
OI00005205,ORD0002365,PROD000045,1,70.0,0.0,70.0,2026-08-15 18:57:46
OI00005206,ORD0002365,PROD000089,1,270.52,0.0,270.52,2026-08-15 18:57:46
OI00005207,ORD0002366,PROD000168,3,433.94,195.27,1106.55,2026-07-09 02:32:28
OI00005208,ORD0002366,PROD000142,4,276.94,110.78,996.98,2026-07-09 02:32:28
OI00005209,ORD0002366,PROD000031,1,62.29,6.23,56.06,2026-07-09 02:32:28
OI00005210,ORD0002367,PROD000014,1,171.48,0.0,171.48,2026-07-04 11:24:38
OI00005211,ORD0002368,PROD000061,1,85.11,0.0,85.11,2026-05-24 00:23:28
OI00005212,ORD0002368,PROD000116,1,33.83,0.0,33.83,2026-05-24 00:23:28
OI00005213,ORD0002368,PROD000029,3,12.47,1.87,35.54,2026-05-24 00:23:28
OI00005214,ORD0002368,PROD000034,3,376.06,0.0,1128.18,2026-05-24 00:23:28
OI00005215,ORD0002369,PROD000180,2,443.88,0.0,887.76,2026-07-29 15:19:31
OI00005216,ORD0002369,PROD000159,1,90.28,0.0,90.28,2026-07-29 15:19:31
OI00005217,ORD0002370,PROD000010,3,238.36,35.75,679.33,2026-04-14 00:48:21
OI00005218,ORD0002370,PROD000079,1,315.96,31.6,284.36,2026-04-14 00:48:21
OI00005219,ORD0002370,PROD000047,1,125.52,0.0,125.52,2026-04-14 00:48:21
OI00005220,ORD0002370,PROD000106,1,13.25,0.0,13.25,2026-04-14 00:48:21
OI00005221,ORD0002371,PROD000142,1,276.94,13.85,263.09,2026-03-14 01:11:27
OI00005222,ORD0002371,PROD000181,2,132.65,0.0,265.3,2026-03-14 01:11:27
OI00005223,ORD0002371,PROD000038,4,84.38,0.0,337.52,2026-03-14 01:11:27
OI00005224,ORD0002372,PROD000071,1,259.22,12.96,246.26,2026-07-12 00:56:07
OI00005225,ORD0002372,PROD000169,1,53.52,0.0,53.52,2026-07-12 00:56:07
OI00005226,ORD0002373,PROD000047,2,125.52,0.0,251.04,2026-04-06 08:15:38
OI00005227,ORD0002374,PROD000077,1,172.06,0.0,172.06,2026-06-20 03:42:43
OI00005228,ORD0002375,PROD000023,1,69.84,0.0,69.84,2026-04-05 06:12:18
OI00005229,ORD0002376,PROD000101,1,140.13,0.0,140.13,2026-03-27 05:05:13
OI00005230,ORD0002376,PROD000097,3,119.02,35.71,321.35,2026-03-27 05:05:13
OI00005231,ORD0002376,PROD000019,2,64.3,6.43,122.17,2026-03-27 05:05:13
OI00005232,ORD0002376,PROD000003,3,265.29,0.0,795.87,2026-03-27 05:05:13
OI00005233,ORD0002377,PROD000198,1,307.49,0.0,307.49,2026-07-04 03:40:03
OI00005234,ORD0002377,PROD000004,1,71.87,0.0,71.87,2026-07-04 03:40:03
OI00005235,ORD0002377,PROD000123,2,410.86,0.0,821.72,2026-07-04 03:40:03
OI00005236,ORD0002377,PROD000042,2,358.03,0.0,716.06,2026-07-04 03:40:03
OI00005237,ORD0002378,PROD000113,1,295.97,0.0,295.97,2026-04-20 19:26:30
OI00005238,ORD0002379,PROD000033,2,240.82,24.08,457.56,2026-06-08 06:27:56
OI00005239,ORD0002379,PROD000163,1,379.9,0.0,379.9,2026-06-08 06:27:56
OI00005240,ORD0002379,PROD000181,2,132.65,13.27,252.03,2026-06-08 06:27:56
OI00005241,ORD0002380,PROD000139,1,48.21,4.82,43.39,2026-03-25 17:18:17
OI00005242,ORD0002381,PROD000185,1,186.5,0.0,186.5,2026-05-28 14:32:16
OI00005243,ORD0002382,PROD000137,1,16.14,0.0,16.14,2026-04-02 23:12:04
OI00005244,ORD0002382,PROD000126,3,5.66,0.0,16.98,2026-04-02 23:12:04
OI00005245,ORD0002382,PROD000169,1,53.52,0.0,53.52,2026-04-02 23:12:04
OI00005246,ORD0002382,PROD000004,1,71.87,0.0,71.87,2026-04-02 23:12:04
OI00005247,ORD0002383,PROD000003,1,265.29,0.0,265.29,2026-03-12 19:01:06
OI00005248,ORD0002383,PROD000042,1,358.03,0.0,358.03,2026-03-12 19:01:06
OI00005249,ORD0002384,PROD000099,1,244.63,24.46,220.17,2026-06-24 14:53:44
OI00005250,ORD0002385,PROD000023,3,69.84,0.0,209.52,2026-07-10 13:34:58
OI00005251,ORD0002386,PROD000066,1,424.54,0.0,424.54,2026-08-08 06:49:27
OI00005252,ORD0002386,PROD000106,4,13.25,0.0,53.0,2026-08-08 06:49:27
OI00005253,ORD0002386,PROD000099,4,244.63,0.0,978.52,2026-08-08 06:49:27
OI00005254,ORD0002387,PROD000155,4,67.32,0.0,269.28,2026-06-21 10:40:38
OI00005255,ORD0002388,PROD000034,1,376.06,0.0,376.06,2026-07-30 04:50:49
OI00005256,ORD0002388,PROD000017,1,177.67,0.0,177.67,2026-07-30 04:50:49
OI00005257,ORD0002388,PROD000016,1,373.26,37.33,335.93,2026-07-30 04:50:49
OI00005258,ORD0002388,PROD000150,1,121.83,0.0,121.83,2026-07-30 04:50:49
OI00005259,ORD0002388,PROD000082,2,49.54,0.0,99.08,2026-07-30 04:50:49
OI00005260,ORD0002389,PROD000104,4,219.63,0.0,878.52,2026-07-22 21:41:22
OI00005261,ORD0002389,PROD000013,1,286.54,14.33,272.21,2026-07-22 21:41:22
OI00005262,ORD0002390,PROD000053,1,381.96,76.39,305.57,2026-08-07 18:07:18
OI00005263,ORD0002390,PROD000014,1,171.48,0.0,171.48,2026-08-07 18:07:18
OI00005264,ORD0002391,PROD000096,1,151.87,0.0,151.87,2026-02-19 06:39:00
OI00005265,ORD0002391,PROD000189,1,184.49,0.0,184.49,2026-02-19 06:39:00
OI00005266,ORD0002391,PROD000109,2,87.72,0.0,175.44,2026-02-19 06:39:00
OI00005267,ORD0002391,PROD000048,1,312.1,15.61,296.49,2026-02-19 06:39:00
OI00005268,ORD0002392,PROD000065,1,459.64,0.0,459.64,2026-06-11 12:33:45
OI00005269,ORD0002393,PROD000127,2,216.42,0.0,432.84,2026-03-31 12:38:50
OI00005270,ORD0002394,PROD000083,1,119.55,0.0,119.55,2026-04-21 15:07:18
OI00005271,ORD0002394,PROD000139,1,48.21,0.0,48.21,2026-04-21 15:07:18
OI00005272,ORD0002394,PROD000103,1,30.32,0.0,30.32,2026-04-21 15:07:18
OI00005273,ORD0002395,PROD000060,4,313.56,62.71,1191.53,2026-02-28 06:30:52
OI00005274,ORD0002395,PROD000111,1,209.32,10.47,198.85,2026-02-28 06:30:52
OI00005275,ORD0002395,PROD000114,1,36.68,0.0,36.68,2026-02-28 06:30:52
OI00005276,ORD0002396,PROD000101,1,140.13,0.0,140.13,2026-02-21 09:53:58
OI00005277,ORD0002396,PROD000010,2,238.36,71.51,405.21,2026-02-21 09:53:58
OI00005278,ORD0002397,PROD000020,2,59.38,23.75,95.01,2026-02-28 13:12:07
OI00005279,ORD0002397,PROD000063,2,61.43,0.0,122.86,2026-02-28 13:12:07
OI00005280,ORD0002398,PROD000005,1,219.89,0.0,219.89,2026-04-17 14:51:48
OI00005281,ORD0002398,PROD000031,1,62.29,6.23,56.06,2026-04-17 14:51:48
OI00005282,ORD0002399,PROD000107,1,128.32,0.0,128.32,2026-04-10 20:11:00
OI00005283,ORD0002399,PROD000014,1,171.48,8.57,162.91,2026-04-10 20:11:00
OI00005284,ORD0002399,PROD000195,1,397.59,59.64,337.95,2026-04-10 20:11:00
OI00005285,ORD0002399,PROD000160,1,181.18,0.0,181.18,2026-04-10 20:11:00
OI00005286,ORD0002399,PROD000057,1,282.26,28.23,254.03,2026-04-10 20:11:00
OI00005287,ORD0002400,PROD000164,1,179.02,0.0,179.02,2026-04-03 19:00:04
OI00005288,ORD0002401,PROD000170,1,39.7,1.99,37.71,2026-02-27 11:48:07
OI00005289,ORD0002401,PROD000003,2,265.29,0.0,530.58,2026-02-27 11:48:07
OI00005290,ORD0002402,PROD000103,1,30.32,0.0,30.32,2026-04-16 23:22:10
OI00005291,ORD0002402,PROD000023,1,69.84,0.0,69.84,2026-04-16 23:22:10
OI00005292,ORD0002403,PROD000027,1,174.59,0.0,174.59,2026-02-24 05:45:11
OI00005293,ORD0002403,PROD000014,1,171.48,0.0,171.48,2026-02-24 05:45:11
OI00005294,ORD0002404,PROD000085,1,36.94,0.0,36.94,2026-04-06 21:56:28
OI00005295,ORD0002405,PROD000140,1,156.23,31.25,124.98,2026-05-14 02:09:08
OI00005296,ORD0002405,PROD000197,1,191.33,0.0,191.33,2026-05-14 02:09:08
OI00005297,ORD0002405,PROD000193,3,322.33,0.0,966.99,2026-05-14 02:09:08
OI00005298,ORD0002405,PROD000098,3,188.42,56.53,508.73,2026-05-14 02:09:08
OI00005299,ORD0002406,PROD000029,3,12.47,0.0,37.41,2026-03-16 21:52:46
OI00005300,ORD0002406,PROD000090,1,82.64,0.0,82.64,2026-03-16 21:52:46
OI00005301,ORD0002407,PROD000115,3,66.23,29.8,168.89,2026-03-28 03:44:51
OI00005302,ORD0002407,PROD000123,1,410.86,41.09,369.77,2026-03-28 03:44:51
OI00005303,ORD0002407,PROD000060,1,313.56,15.68,297.88,2026-03-28 03:44:51
OI00005304,ORD0002407,PROD000020,2,59.38,0.0,118.76,2026-03-28 03:44:51
OI00005305,ORD0002408,PROD000153,2,46.39,0.0,92.78,2026-08-09 05:25:38
OI00005306,ORD0002408,PROD000099,1,244.63,24.46,220.17,2026-08-09 05:25:38
OI00005307,ORD0002408,PROD000135,2,106.79,10.68,202.9,2026-08-09 05:25:38
OI00005308,ORD0002409,PROD000010,2,238.36,0.0,476.72,2026-05-28 22:29:01
OI00005309,ORD0002409,PROD000031,1,62.29,6.23,56.06,2026-05-28 22:29:01
OI00005310,ORD0002409,PROD000028,2,209.71,0.0,419.42,2026-05-28 22:29:01
OI00005311,ORD0002410,PROD000100,1,125.62,0.0,125.62,2026-03-10 07:10:01
OI00005312,ORD0002410,PROD000117,1,96.57,0.0,96.57,2026-03-10 07:10:01
OI00005313,ORD0002411,PROD000123,3,410.86,0.0,1232.58,2026-05-08 15:54:08
OI00005314,ORD0002411,PROD000156,1,208.16,0.0,208.16,2026-05-08 15:54:08
OI00005315,ORD0002411,PROD000040,1,202.37,0.0,202.37,2026-05-08 15:54:08
OI00005316,ORD0002412,PROD000121,3,311.61,0.0,934.83,2026-03-05 13:07:16
OI00005317,ORD0002412,PROD000038,1,84.38,12.66,71.72,2026-03-05 13:07:16
OI00005318,ORD0002412,PROD000078,1,44.16,0.0,44.16,2026-03-05 13:07:16
OI00005319,ORD0002413,PROD000015,1,74.75,3.74,71.01,2026-03-21 01:04:50
OI00005320,ORD0002414,PROD000196,1,135.89,0.0,135.89,2026-05-15 04:40:44
OI00005321,ORD0002415,PROD000120,2,200.42,0.0,400.84,2026-06-21 12:27:16
OI00005322,ORD0002416,PROD000059,1,368.8,73.76,295.04,2026-02-18 02:02:49
OI00005323,ORD0002417,PROD000195,3,397.59,0.0,1192.77,2026-04-15 00:43:18
OI00005324,ORD0002417,PROD000004,2,71.87,0.0,143.74,2026-04-15 00:43:18
OI00005325,ORD0002418,PROD000014,2,171.48,0.0,342.96,2026-06-05 10:53:43
OI00005326,ORD0002418,PROD000030,4,113.9,0.0,455.6,2026-06-05 10:53:43
OI00005327,ORD0002418,PROD000157,2,230.53,0.0,461.06,2026-06-05 10:53:43
OI00005328,ORD0002419,PROD000200,1,107.97,21.59,86.38,2026-07-30 03:31:19
OI00005329,ORD0002420,PROD000119,1,93.67,0.0,93.67,2026-07-22 04:15:27
OI00005330,ORD0002421,PROD000002,2,68.17,0.0,136.34,2026-04-18 22:42:51
OI00005331,ORD0002422,PROD000075,2,10.1,0.0,20.2,2026-03-18 15:20:39
OI00005332,ORD0002422,PROD000183,1,239.94,0.0,239.94,2026-03-18 15:20:39
OI00005333,ORD0002422,PROD000005,2,219.89,65.97,373.81,2026-03-18 15:20:39
OI00005334,ORD0002423,PROD000125,1,169.29,0.0,169.29,2026-05-17 07:58:36
OI00005335,ORD0002423,PROD000041,1,287.98,0.0,287.98,2026-05-17 07:58:36
OI00005336,ORD0002424,PROD000026,3,165.8,0.0,497.4,2026-07-20 03:57:11
OI00005337,ORD0002424,PROD000025,2,337.19,0.0,674.38,2026-07-20 03:57:11
OI00005338,ORD0002424,PROD000169,3,53.52,8.03,152.53,2026-07-20 03:57:11
OI00005339,ORD0002424,PROD000097,2,119.02,0.0,238.04,2026-07-20 03:57:11
OI00005340,ORD0002425,PROD000055,2,324.24,0.0,648.48,2026-07-29 23:01:32
OI00005341,ORD0002425,PROD000023,2,69.84,0.0,139.68,2026-07-29 23:01:32
OI00005342,ORD0002426,PROD000021,1,325.45,0.0,325.45,2026-05-11 12:08:56
OI00005343,ORD0002427,PROD000119,2,93.67,0.0,187.34,2026-05-14 11:52:44
OI00005344,ORD0002427,PROD000033,4,240.82,0.0,963.28,2026-05-14 11:52:44
OI00005345,ORD0002427,PROD000117,1,96.57,4.83,91.74,2026-05-14 11:52:44
OI00005346,ORD0002427,PROD000047,1,125.52,0.0,125.52,2026-05-14 11:52:44
OI00005347,ORD0002428,PROD000027,2,174.59,0.0,349.18,2026-04-09 03:41:31
OI00005348,ORD0002429,PROD000103,2,30.32,0.0,60.64,2026-07-20 18:11:02
OI00005349,ORD0002430,PROD000093,1,51.13,5.11,46.02,2026-07-23 06:09:21
OI00005350,ORD0002431,PROD000173,1,269.92,0.0,269.92,2026-02-16 18:49:36
OI00005351,ORD0002431,PROD000062,1,129.94,0.0,129.94,2026-02-16 18:49:36
OI00005352,ORD0002432,PROD000019,1,64.3,0.0,64.3,2026-06-10 22:14:33
OI00005353,ORD0002432,PROD000034,2,376.06,0.0,752.12,2026-06-10 22:14:33
OI00005354,ORD0002432,PROD000164,1,179.02,0.0,179.02,2026-06-10 22:14:33
OI00005355,ORD0002432,PROD000040,1,202.37,0.0,202.37,2026-06-10 22:14:33
OI00005356,ORD0002432,PROD000022,1,302.51,45.38,257.13,2026-06-10 22:14:33
OI00005357,ORD0002433,PROD000081,1,267.87,13.39,254.48,2026-04-02 08:16:25
OI00005358,ORD0002433,PROD000028,1,209.71,0.0,209.71,2026-04-02 08:16:25
OI00005359,ORD0002433,PROD000046,1,353.88,0.0,353.88,2026-04-02 08:16:25
OI00005360,ORD0002434,PROD000162,2,85.74,0.0,171.48,2026-04-21 04:48:20
OI00005361,ORD0002434,PROD000085,1,36.94,7.39,29.55,2026-04-21 04:48:20
OI00005362,ORD0002434,PROD000057,4,282.26,0.0,1129.04,2026-04-21 04:48:20
OI00005363,ORD0002434,PROD000164,1,179.02,0.0,179.02,2026-04-21 04:48:20
OI00005364,ORD0002435,PROD000185,1,186.5,0.0,186.5,2026-04-01 07:14:07
OI00005365,ORD0002436,PROD000154,1,57.2,2.86,54.34,2026-04-09 20:04:23
OI00005366,ORD0002436,PROD000085,2,36.94,0.0,73.88,2026-04-09 20:04:23
OI00005367,ORD0002436,PROD000077,1,172.06,0.0,172.06,2026-04-09 20:04:23
OI00005368,ORD0002436,PROD000170,4,39.7,0.0,158.8,2026-04-09 20:04:23
OI00005369,ORD0002437,PROD000070,1,251.87,0.0,251.87,2026-04-15 18:07:06
OI00005370,ORD0002438,PROD000065,3,459.64,0.0,1378.92,2026-05-08 02:01:28
OI00005371,ORD0002439,PROD000144,1,398.95,0.0,398.95,2026-06-29 08:54:13
OI00005372,ORD0002439,PROD000008,2,181.13,0.0,362.26,2026-06-29 08:54:13
OI00005373,ORD0002439,PROD000189,4,184.49,0.0,737.96,2026-06-29 08:54:13
OI00005374,ORD0002440,PROD000146,1,237.64,0.0,237.64,2026-07-03 10:31:30
OI00005375,ORD0002440,PROD000138,2,154.12,0.0,308.24,2026-07-03 10:31:30
OI00005376,ORD0002440,PROD000099,3,244.63,36.69,697.2,2026-07-03 10:31:30
OI00005377,ORD0002440,PROD000061,1,85.11,0.0,85.11,2026-07-03 10:31:30
OI00005378,ORD0002440,PROD000130,1,251.9,0.0,251.9,2026-07-03 10:31:30
OI00005379,ORD0002441,PROD000065,1,459.64,91.93,367.71,2026-08-09 18:03:41
OI00005380,ORD0002441,PROD000025,2,337.19,0.0,674.38,2026-08-09 18:03:41
OI00005381,ORD0002441,PROD000027,4,174.59,139.67,558.69,2026-08-09 18:03:41
OI00005382,ORD0002442,PROD000031,2,62.29,0.0,124.58,2026-05-13 02:14:01
OI00005383,ORD0002443,PROD000180,1,443.88,0.0,443.88,2026-06-18 16:39:04
OI00005384,ORD0002443,PROD000185,2,186.5,0.0,373.0,2026-06-18 16:39:04
OI00005385,ORD0002444,PROD000026,1,165.8,0.0,165.8,2026-02-18 04:58:23
OI00005386,ORD0002444,PROD000109,4,87.72,0.0,350.88,2026-02-18 04:58:23
OI00005387,ORD0002445,PROD000091,2,244.05,0.0,488.1,2026-07-08 06:59:30
OI00005388,ORD0002445,PROD000016,2,373.26,0.0,746.52,2026-07-08 06:59:30
OI00005389,ORD0002445,PROD000117,3,96.57,0.0,289.71,2026-07-08 06:59:30
OI00005390,ORD0002445,PROD000093,3,51.13,0.0,153.39,2026-07-08 06:59:30
OI00005391,ORD0002446,PROD000155,2,67.32,20.2,114.44,2026-03-19 12:52:28
OI00005392,ORD0002447,PROD000115,3,66.23,29.8,168.89,2026-05-08 15:44:20
OI00005393,ORD0002447,PROD000153,2,46.39,0.0,92.78,2026-05-08 15:44:20
OI00005394,ORD0002448,PROD000125,4,169.29,0.0,677.16,2026-08-16 11:47:44
OI00005395,ORD0002448,PROD000074,1,260.67,0.0,260.67,2026-08-16 11:47:44
OI00005396,ORD0002448,PROD000083,4,119.55,0.0,478.2,2026-08-16 11:47:44
OI00005397,ORD0002449,PROD000047,1,125.52,0.0,125.52,2026-08-11 05:20:26
OI00005398,ORD0002449,PROD000013,1,286.54,0.0,286.54,2026-08-11 05:20:26
OI00005399,ORD0002450,PROD000179,1,100.96,0.0,100.96,2026-08-06 20:02:59
OI00005400,ORD0002450,PROD000021,1,325.45,0.0,325.45,2026-08-06 20:02:59
OI00005401,ORD0002450,PROD000085,1,36.94,0.0,36.94,2026-08-06 20:02:59
OI00005402,ORD0002450,PROD000009,1,247.91,12.4,235.51,2026-08-06 20:02:59
OI00005403,ORD0002451,PROD000083,1,119.55,0.0,119.55,2026-05-16 18:33:16
OI00005404,ORD0002452,PROD000152,2,68.44,0.0,136.88,2026-05-19 07:39:29
OI00005405,ORD0002453,PROD000036,1,22.66,0.0,22.66,2026-02-19 06:57:35
OI00005406,ORD0002453,PROD000089,4,270.52,0.0,1082.08,2026-02-19 06:57:35
OI00005407,ORD0002454,PROD000029,2,12.47,0.0,24.94,2026-07-21 05:47:05
OI00005408,ORD0002455,PROD000171,1,118.83,0.0,118.83,2026-08-02 04:03:35
OI00005409,ORD0002455,PROD000006,3,276.33,0.0,828.99,2026-08-02 04:03:35
OI00005410,ORD0002456,PROD000137,2,16.14,1.61,30.67,2026-06-22 23:04:40
OI00005411,ORD0002456,PROD000188,1,114.4,0.0,114.4,2026-06-22 23:04:40
OI00005412,ORD0002456,PROD000108,4,87.18,0.0,348.72,2026-06-22 23:04:40
OI00005413,ORD0002456,PROD000051,2,128.31,0.0,256.62,2026-06-22 23:04:40
OI00005414,ORD0002457,PROD000027,1,174.59,0.0,174.59,2026-06-13 12:30:03
OI00005415,ORD0002457,PROD000114,1,36.68,1.83,34.85,2026-06-13 12:30:03
OI00005416,ORD0002457,PROD000144,2,398.95,0.0,797.9,2026-06-13 12:30:03
OI00005417,ORD0002457,PROD000071,2,259.22,0.0,518.44,2026-06-13 12:30:03
OI00005418,ORD0002457,PROD000082,1,49.54,7.43,42.11,2026-06-13 12:30:03
OI00005419,ORD0002458,PROD000180,2,443.88,44.39,843.37,2026-04-03 03:57:49
OI00005420,ORD0002458,PROD000034,3,376.06,0.0,1128.18,2026-04-03 03:57:49
OI00005421,ORD0002458,PROD000077,2,172.06,17.21,326.91,2026-04-03 03:57:49
OI00005422,ORD0002458,PROD000194,1,99.76,0.0,99.76,2026-04-03 03:57:49
OI00005423,ORD0002459,PROD000162,1,85.74,4.29,81.45,2026-04-25 12:19:33
OI00005424,ORD0002459,PROD000188,1,114.4,11.44,102.96,2026-04-25 12:19:33
OI00005425,ORD0002459,PROD000088,1,381.45,76.29,305.16,2026-04-25 12:19:33
OI00005426,ORD0002459,PROD000107,1,128.32,0.0,128.32,2026-04-25 12:19:33
OI00005427,ORD0002460,PROD000189,2,184.49,0.0,368.98,2026-06-25 04:35:01
OI00005428,ORD0002460,PROD000182,2,116.92,23.38,210.46,2026-06-25 04:35:01
OI00005429,ORD0002461,PROD000159,3,90.28,0.0,270.84,2026-06-11 03:02:20
OI00005430,ORD0002461,PROD000027,1,174.59,8.73,165.86,2026-06-11 03:02:20
OI00005431,ORD0002462,PROD000111,2,209.32,0.0,418.64,2026-05-05 22:27:51
OI00005432,ORD0002462,PROD000015,2,74.75,14.95,134.55,2026-05-05 22:27:51
OI00005433,ORD0002462,PROD000197,1,191.33,9.57,181.76,2026-05-05 22:27:51
OI00005434,ORD0002463,PROD000163,2,379.9,37.99,721.81,2026-07-12 08:41:39
OI00005435,ORD0002463,PROD000141,1,54.3,0.0,54.3,2026-07-12 08:41:39
OI00005436,ORD0002464,PROD000059,2,368.8,147.52,590.08,2026-05-08 16:07:01
OI00005437,ORD0002464,PROD000168,1,433.94,0.0,433.94,2026-05-08 16:07:01
OI00005438,ORD0002464,PROD000185,3,186.5,27.98,531.52,2026-05-08 16:07:01
OI00005439,ORD0002465,PROD000015,2,74.75,0.0,149.5,2026-03-16 21:02:22
OI00005440,ORD0002465,PROD000036,4,22.66,0.0,90.64,2026-03-16 21:02:22
OI00005441,ORD0002465,PROD000102,1,157.31,0.0,157.31,2026-03-16 21:02:22
OI00005442,ORD0002465,PROD000005,2,219.89,0.0,439.78,2026-03-16 21:02:22
OI00005443,ORD0002466,PROD000060,1,313.56,0.0,313.56,2026-05-09 14:51:20
OI00005444,ORD0002466,PROD000139,1,48.21,0.0,48.21,2026-05-09 14:51:20
OI00005445,ORD0002466,PROD000073,1,9.42,1.41,8.01,2026-05-09 14:51:20
OI00005446,ORD0002466,PROD000075,3,10.1,0.0,30.3,2026-05-09 14:51:20
OI00005447,ORD0002466,PROD000155,1,67.32,3.37,63.95,2026-05-09 14:51:20
OI00005448,ORD0002467,PROD000060,1,313.56,31.36,282.2,2026-04-02 11:45:57
OI00005449,ORD0002467,PROD000003,1,265.29,0.0,265.29,2026-04-02 11:45:57
OI00005450,ORD0002467,PROD000195,2,397.59,39.76,755.42,2026-04-02 11:45:57
OI00005451,ORD0002467,PROD000126,1,5.66,0.0,5.66,2026-04-02 11:45:57
OI00005452,ORD0002468,PROD000184,1,192.54,0.0,192.54,2026-07-08 01:03:45
OI00005453,ORD0002468,PROD000119,1,93.67,0.0,93.67,2026-07-08 01:03:45
OI00005454,ORD0002468,PROD000112,1,76.78,0.0,76.78,2026-07-08 01:03:45
OI00005455,ORD0002469,PROD000170,1,39.7,0.0,39.7,2026-06-08 15:56:19
OI00005456,ORD0002469,PROD000081,1,267.87,0.0,267.87,2026-06-08 15:56:19
OI00005457,ORD0002470,PROD000071,1,259.22,0.0,259.22,2026-03-15 05:22:14
OI00005458,ORD0002470,PROD000037,1,48.34,9.67,38.67,2026-03-15 05:22:14
OI00005459,ORD0002470,PROD000079,1,315.96,0.0,315.96,2026-03-15 05:22:14
OI00005460,ORD0002471,PROD000048,1,312.1,0.0,312.1,2026-06-06 05:21:01
OI00005461,ORD0002472,PROD000038,1,84.38,0.0,84.38,2026-05-14 21:39:30
OI00005462,ORD0002472,PROD000057,1,282.26,0.0,282.26,2026-05-14 21:39:30
OI00005463,ORD0002473,PROD000136,2,248.42,0.0,496.84,2026-05-04 15:47:37
OI00005464,ORD0002473,PROD000084,3,172.79,0.0,518.37,2026-05-04 15:47:37
OI00005465,ORD0002473,PROD000065,2,459.64,0.0,919.28,2026-05-04 15:47:37
OI00005466,ORD0002473,PROD000048,1,312.1,0.0,312.1,2026-05-04 15:47:37
OI00005467,ORD0002474,PROD000047,2,125.52,0.0,251.04,2026-08-06 08:40:22
OI00005468,ORD0002474,PROD000161,1,310.12,0.0,310.12,2026-08-06 08:40:22
OI00005469,ORD0002475,PROD000168,2,433.94,0.0,867.88,2026-03-27 01:29:38
OI00005470,ORD0002475,PROD000098,1,188.42,0.0,188.42,2026-03-27 01:29:38
OI00005471,ORD0002475,PROD000026,2,165.8,0.0,331.6,2026-03-27 01:29:38
OI00005472,ORD0002475,PROD000022,1,302.51,0.0,302.51,2026-03-27 01:29:38
OI00005473,ORD0002476,PROD000082,2,49.54,0.0,99.08,2026-06-06 02:27:41
OI00005474,ORD0002477,PROD000084,1,172.79,0.0,172.79,2026-06-19 01:56:55
OI00005475,ORD0002477,PROD000107,1,128.32,0.0,128.32,2026-06-19 01:56:55
OI00005476,ORD0002478,PROD000036,2,22.66,9.06,36.26,2026-05-09 06:47:15
OI00005477,ORD0002478,PROD000195,1,397.59,19.88,377.71,2026-05-09 06:47:15
OI00005478,ORD0002479,PROD000176,1,395.87,39.59,356.28,2026-05-17 09:53:21
OI00005479,ORD0002479,PROD000173,2,269.92,0.0,539.84,2026-05-17 09:53:21
OI00005480,ORD0002480,PROD000138,2,154.12,30.82,277.42,2026-06-26 13:44:29
OI00005481,ORD0002480,PROD000165,1,95.13,4.76,90.37,2026-06-26 13:44:29
OI00005482,ORD0002480,PROD000067,3,181.48,0.0,544.44,2026-06-26 13:44:29
OI00005483,ORD0002481,PROD000152,3,68.44,0.0,205.32,2026-06-08 04:10:32
OI00005484,ORD0002481,PROD000107,1,128.32,0.0,128.32,2026-06-08 04:10:32
OI00005485,ORD0002482,PROD000080,1,288.18,0.0,288.18,2026-03-30 17:24:55
OI00005486,ORD0002483,PROD000003,1,265.29,0.0,265.29,2026-08-05 04:03:09
OI00005487,ORD0002484,PROD000049,1,343.12,0.0,343.12,2026-07-18 03:51:17
OI00005488,ORD0002485,PROD000164,1,179.02,0.0,179.02,2026-05-01 14:25:14
OI00005489,ORD0002486,PROD000110,1,112.33,0.0,112.33,2026-03-08 01:56:07
OI00005490,ORD0002487,PROD000051,1,128.31,19.25,109.06,2026-04-11 23:03:44
OI00005491,ORD0002488,PROD000200,1,107.97,0.0,107.97,2026-02-22 19:31:14
OI00005492,ORD0002488,PROD000124,1,396.34,19.82,376.52,2026-02-22 19:31:14
OI00005493,ORD0002488,PROD000059,2,368.8,0.0,737.6,2026-02-22 19:31:14
OI00005494,ORD0002489,PROD000156,2,208.16,0.0,416.32,2026-03-12 15:56:18
OI00005495,ORD0002490,PROD000094,2,170.67,0.0,341.34,2026-08-06 21:00:00
OI00005496,ORD0002490,PROD000077,3,172.06,0.0,516.18,2026-08-06 21:00:00
OI00005497,ORD0002491,PROD000078,1,44.16,0.0,44.16,2026-05-07 16:05:17
OI00005498,ORD0002491,PROD000133,3,7.24,4.34,17.38,2026-05-07 16:05:17
OI00005499,ORD0002491,PROD000022,1,302.51,0.0,302.51,2026-05-07 16:05:17
OI00005500,ORD0002492,PROD000174,2,225.67,0.0,451.34,2026-05-06 09:15:59
OI00005501,ORD0002492,PROD000179,1,100.96,5.05,95.91,2026-05-06 09:15:59
OI00005502,ORD0002492,PROD000113,2,295.97,0.0,591.94,2026-05-06 09:15:59
OI00005503,ORD0002492,PROD000015,1,74.75,7.47,67.28,2026-05-06 09:15:59
OI00005504,ORD0002493,PROD000094,1,170.67,0.0,170.67,2026-06-20 10:27:26
OI00005505,ORD0002493,PROD000105,1,230.76,0.0,230.76,2026-06-20 10:27:26
OI00005506,ORD0002493,PROD000040,1,202.37,0.0,202.37,2026-06-20 10:27:26
OI00005507,ORD0002493,PROD000090,1,82.64,0.0,82.64,2026-06-20 10:27:26
OI00005508,ORD0002494,PROD000029,2,12.47,0.0,24.94,2026-08-13 06:26:48
OI00005509,ORD0002494,PROD000147,1,359.37,0.0,359.37,2026-08-13 06:26:48
OI00005510,ORD0002494,PROD000042,2,358.03,0.0,716.06,2026-08-13 06:26:48
OI00005511,ORD0002494,PROD000141,1,54.3,8.14,46.16,2026-08-13 06:26:48
OI00005512,ORD0002495,PROD000011,1,74.18,0.0,74.18,2026-07-11 09:42:50
OI00005513,ORD0002495,PROD000157,3,230.53,0.0,691.59,2026-07-11 09:42:50
OI00005514,ORD0002495,PROD000046,1,353.88,0.0,353.88,2026-07-11 09:42:50
OI00005515,ORD0002495,PROD000111,1,209.32,20.93,188.39,2026-07-11 09:42:50
OI00005516,ORD0002496,PROD000180,1,443.88,0.0,443.88,2026-03-22 11:59:16
OI00005517,ORD0002496,PROD000005,1,219.89,0.0,219.89,2026-03-22 11:59:16
OI00005518,ORD0002497,PROD000070,3,251.87,0.0,755.61,2026-04-15 20:42:32
OI00005519,ORD0002497,PROD000176,1,395.87,0.0,395.87,2026-04-15 20:42:32
OI00005520,ORD0002498,PROD000106,1,13.25,0.0,13.25,2026-07-09 13:32:07
OI00005521,ORD0002498,PROD000187,1,260.32,0.0,260.32,2026-07-09 13:32:07
OI00005522,ORD0002499,PROD000185,1,186.5,0.0,186.5,2026-04-12 09:23:36
OI00005523,ORD0002499,PROD000132,2,86.93,0.0,173.86,2026-04-12 09:23:36
OI00005524,ORD0002500,PROD000196,2,135.89,0.0,271.78,2026-03-10 04:02:01
OI00005525,ORD0002501,PROD000143,1,293.11,0.0,293.11,2026-07-03 20:00:57
OI00005526,ORD0002502,PROD000138,2,154.12,0.0,308.24,2026-03-15 05:40:27
OI00005527,ORD0002502,PROD000035,1,197.66,9.88,187.78,2026-03-15 05:40:27
OI00005528,ORD0002503,PROD000181,1,132.65,0.0,132.65,2026-04-15 21:37:55
OI00005529,ORD0002504,PROD000117,4,96.57,0.0,386.28,2026-06-12 00:47:23
OI00005530,ORD0002505,PROD000012,1,374.67,0.0,374.67,2026-08-09 21:57:33
OI00005531,ORD0002505,PROD000097,1,119.02,0.0,119.02,2026-08-09 21:57:33
OI00005532,ORD0002505,PROD000168,3,433.94,0.0,1301.82,2026-08-09 21:57:33
OI00005533,ORD0002506,PROD000035,1,197.66,0.0,197.66,2026-07-03 05:05:11
OI00005534,ORD0002506,PROD000016,1,373.26,0.0,373.26,2026-07-03 05:05:11
OI00005535,ORD0002506,PROD000151,1,220.37,0.0,220.37,2026-07-03 05:05:11
OI00005536,ORD0002507,PROD000110,1,112.33,11.23,101.1,2026-02-24 17:04:54
OI00005537,ORD0002507,PROD000067,3,181.48,0.0,544.44,2026-02-24 17:04:54
OI00005538,ORD0002507,PROD000129,3,280.22,0.0,840.66,2026-02-24 17:04:54
OI00005539,ORD0002508,PROD000040,3,202.37,91.07,516.04,2026-05-26 00:57:24
OI00005540,ORD0002508,PROD000161,1,310.12,0.0,310.12,2026-05-26 00:57:24
OI00005541,ORD0002508,PROD000112,3,76.78,0.0,230.34,2026-05-26 00:57:24
OI00005542,ORD0002509,PROD000038,2,84.38,0.0,168.76,2026-03-21 20:23:15
OI00005543,ORD0002509,PROD000016,3,373.26,0.0,1119.78,2026-03-21 20:23:15
OI00005544,ORD0002510,PROD000130,3,251.9,0.0,755.7,2026-02-21 22:39:17
OI00005545,ORD0002510,PROD000056,1,23.5,1.18,22.32,2026-02-21 22:39:17
OI00005546,ORD0002510,PROD000185,3,186.5,0.0,559.5,2026-02-21 22:39:17
OI00005547,ORD0002511,PROD000146,4,237.64,142.58,807.98,2026-03-02 09:40:00
OI00005548,ORD0002511,PROD000081,1,267.87,0.0,267.87,2026-03-02 09:40:00
OI00005549,ORD0002512,PROD000200,2,107.97,10.8,205.14,2026-07-09 22:01:48
OI00005550,ORD0002513,PROD000159,1,90.28,0.0,90.28,2026-02-17 10:34:38
OI00005551,ORD0002513,PROD000194,2,99.76,0.0,199.52,2026-02-17 10:34:38
OI00005552,ORD0002514,PROD000133,1,7.24,0.0,7.24,2026-03-02 16:53:20
OI00005553,ORD0002515,PROD000051,1,128.31,19.25,109.06,2026-02-21 19:54:29
OI00005554,ORD0002516,PROD000092,1,90.01,0.0,90.01,2026-07-26 11:03:57
OI00005555,ORD0002516,PROD000139,3,48.21,0.0,144.63,2026-07-26 11:03:57
OI00005556,ORD0002517,PROD000142,2,276.94,0.0,553.88,2026-04-29 10:31:19
OI00005557,ORD0002517,PROD000092,1,90.01,0.0,90.01,2026-04-29 10:31:19
OI00005558,ORD0002518,PROD000031,1,62.29,0.0,62.29,2026-08-12 02:34:23
OI00005559,ORD0002518,PROD000051,2,128.31,0.0,256.62,2026-08-12 02:34:23
OI00005560,ORD0002518,PROD000093,1,51.13,2.56,48.57,2026-08-12 02:34:23
OI00005561,ORD0002518,PROD000042,2,358.03,0.0,716.06,2026-08-12 02:34:23
OI00005562,ORD0002519,PROD000023,1,69.84,0.0,69.84,2026-04-09 12:39:47
OI00005563,ORD0002519,PROD000146,2,237.64,0.0,475.28,2026-04-09 12:39:47
OI00005564,ORD0002520,PROD000119,1,93.67,9.37,84.3,2026-02-16 02:16:40
OI00005565,ORD0002521,PROD000164,1,179.02,0.0,179.02,2026-03-26 09:26:44
OI00005566,ORD0002521,PROD000074,2,260.67,0.0,521.34,2026-03-26 09:26:44
OI00005567,ORD0002522,PROD000102,1,157.31,0.0,157.31,2026-08-05 19:11:54
OI00005568,ORD0002522,PROD000114,2,36.68,0.0,73.36,2026-08-05 19:11:54
OI00005569,ORD0002522,PROD000053,1,381.96,0.0,381.96,2026-08-05 19:11:54
OI00005570,ORD0002522,PROD000012,1,374.67,0.0,374.67,2026-08-05 19:11:54
OI00005571,ORD0002522,PROD000123,2,410.86,0.0,821.72,2026-08-05 19:11:54
OI00005572,ORD0002523,PROD000057,1,282.26,0.0,282.26,2026-07-10 23:57:27
OI00005573,ORD0002523,PROD000119,1,93.67,0.0,93.67,2026-07-10 23:57:27
OI00005574,ORD0002524,PROD000103,1,30.32,6.06,24.26,2026-08-12 22:50:17
OI00005575,ORD0002524,PROD000009,3,247.91,0.0,743.73,2026-08-12 22:50:17
OI00005576,ORD0002524,PROD000154,1,57.2,0.0,57.2,2026-08-12 22:50:17
OI00005577,ORD0002525,PROD000192,2,122.14,0.0,244.28,2026-06-10 21:35:37
OI00005578,ORD0002526,PROD000067,2,181.48,0.0,362.96,2026-03-27 00:52:13
OI00005579,ORD0002526,PROD000028,2,209.71,0.0,419.42,2026-03-27 00:52:13
OI00005580,ORD0002527,PROD000068,3,253.43,0.0,760.29,2026-08-01 10:31:01
OI00005581,ORD0002527,PROD000154,1,57.2,0.0,57.2,2026-08-01 10:31:01
OI00005582,ORD0002527,PROD000121,1,311.61,0.0,311.61,2026-08-01 10:31:01
OI00005583,ORD0002528,PROD000119,1,93.67,0.0,93.67,2026-03-30 07:20:30
OI00005584,ORD0002528,PROD000055,1,324.24,64.85,259.39,2026-03-30 07:20:30
OI00005585,ORD0002529,PROD000012,1,374.67,0.0,374.67,2026-03-01 15:35:49
OI00005586,ORD0002530,PROD000132,1,86.93,0.0,86.93,2026-07-15 07:10:18
OI00005587,ORD0002530,PROD000101,1,140.13,0.0,140.13,2026-07-15 07:10:18
OI00005588,ORD0002531,PROD000150,1,121.83,0.0,121.83,2026-08-04 22:56:50
OI00005589,ORD0002531,PROD000195,1,397.59,0.0,397.59,2026-08-04 22:56:50
OI00005590,ORD0002532,PROD000149,1,259.04,0.0,259.04,2026-05-26 11:00:24
OI00005591,ORD0002532,PROD000017,2,177.67,0.0,355.34,2026-05-26 11:00:24
OI00005592,ORD0002532,PROD000042,1,358.03,0.0,358.03,2026-05-26 11:00:24
OI00005593,ORD0002533,PROD000042,1,358.03,0.0,358.03,2026-06-22 17:27:34
OI00005594,ORD0002533,PROD000180,2,443.88,0.0,887.76,2026-06-22 17:27:34
OI00005595,ORD0002534,PROD000158,2,391.88,0.0,783.76,2026-02-16 18:07:02
OI00005596,ORD0002535,PROD000077,3,172.06,0.0,516.18,2026-04-24 10:58:33
OI00005597,ORD0002536,PROD000049,1,343.12,0.0,343.12,2026-06-03 06:20:34
OI00005598,ORD0002536,PROD000027,1,174.59,0.0,174.59,2026-06-03 06:20:34
OI00005599,ORD0002537,PROD000007,1,255.16,0.0,255.16,2026-06-03 00:03:20
OI00005600,ORD0002538,PROD000034,2,376.06,75.21,676.91,2026-04-11 09:33:11
OI00005601,ORD0002538,PROD000116,1,33.83,0.0,33.83,2026-04-11 09:33:11
OI00005602,ORD0002539,PROD000123,2,410.86,0.0,821.72,2026-05-11 08:20:31
OI00005603,ORD0002539,PROD000055,1,324.24,64.85,259.39,2026-05-11 08:20:31
OI00005604,ORD0002540,PROD000070,1,251.87,0.0,251.87,2026-08-07 02:24:08
OI00005605,ORD0002540,PROD000069,4,332.4,0.0,1329.6,2026-08-07 02:24:08
OI00005606,ORD0002541,PROD000009,1,247.91,0.0,247.91,2026-02-26 02:41:55
OI00005607,ORD0002541,PROD000150,3,121.83,0.0,365.49,2026-02-26 02:41:55
OI00005608,ORD0002542,PROD000107,1,128.32,0.0,128.32,2026-04-21 16:48:07
OI00005609,ORD0002543,PROD000096,2,151.87,0.0,303.74,2026-06-26 13:20:53
OI00005610,ORD0002544,PROD000173,1,269.92,0.0,269.92,2026-07-08 18:27:25
OI00005611,ORD0002545,PROD000073,1,9.42,0.0,9.42,2026-06-03 22:39:17
OI00005612,ORD0002546,PROD000175,2,395.9,0.0,791.8,2026-04-17 11:26:42
OI00005613,ORD0002546,PROD000036,1,22.66,0.0,22.66,2026-04-17 11:26:42
OI00005614,ORD0002546,PROD000055,3,324.24,0.0,972.72,2026-04-17 11:26:42
OI00005615,ORD0002546,PROD000152,1,68.44,0.0,68.44,2026-04-17 11:26:42
OI00005616,ORD0002546,PROD000189,1,184.49,18.45,166.04,2026-04-17 11:26:42
OI00005617,ORD0002547,PROD000088,1,381.45,0.0,381.45,2026-04-14 23:25:23
OI00005618,ORD0002548,PROD000179,1,100.96,0.0,100.96,2026-05-06 01:49:37
OI00005619,ORD0002548,PROD000102,1,157.31,0.0,157.31,2026-05-06 01:49:37
OI00005620,ORD0002549,PROD000020,2,59.38,0.0,118.76,2026-05-31 01:18:54
OI00005621,ORD0002549,PROD000080,3,288.18,0.0,864.54,2026-05-31 01:18:54
OI00005622,ORD0002549,PROD000171,1,118.83,0.0,118.83,2026-05-31 01:18:54
OI00005623,ORD0002550,PROD000026,1,165.8,0.0,165.8,2026-07-17 12:20:19
OI00005624,ORD0002551,PROD000002,1,68.17,0.0,68.17,2026-03-21 08:47:55
OI00005625,ORD0002551,PROD000184,1,192.54,0.0,192.54,2026-03-21 08:47:55
OI00005626,ORD0002551,PROD000089,1,270.52,40.58,229.94,2026-03-21 08:47:55
OI00005627,ORD0002552,PROD000110,2,112.33,22.47,202.19,2026-04-06 04:31:49
OI00005628,ORD0002552,PROD000104,1,219.63,0.0,219.63,2026-04-06 04:31:49
OI00005629,ORD0002553,PROD000140,3,156.23,0.0,468.69,2026-03-03 21:34:43
OI00005630,ORD0002553,PROD000025,1,337.19,0.0,337.19,2026-03-03 21:34:43
OI00005631,ORD0002553,PROD000059,1,368.8,0.0,368.8,2026-03-03 21:34:43
OI00005632,ORD0002553,PROD000190,1,270.32,0.0,270.32,2026-03-03 21:34:43
OI00005633,ORD0002554,PROD000120,2,200.42,40.08,360.76,2026-04-22 02:19:53
OI00005634,ORD0002555,PROD000114,1,36.68,0.0,36.68,2026-04-05 21:31:56
OI00005635,ORD0002556,PROD000170,2,39.7,0.0,79.4,2026-05-18 07:45:53
OI00005636,ORD0002557,PROD000044,1,137.29,13.73,123.56,2026-07-09 03:11:03
OI00005637,ORD0002557,PROD000150,1,121.83,18.27,103.56,2026-07-09 03:11:03
OI00005638,ORD0002557,PROD000045,2,70.0,0.0,140.0,2026-07-09 03:11:03
OI00005639,ORD0002557,PROD000063,2,61.43,0.0,122.86,2026-07-09 03:11:03
OI00005640,ORD0002558,PROD000039,1,318.97,0.0,318.97,2026-06-22 03:45:17
OI00005641,ORD0002559,PROD000133,3,7.24,0.0,21.72,2026-06-30 02:58:58
OI00005642,ORD0002560,PROD000144,2,398.95,0.0,797.9,2026-05-28 08:17:58
OI00005643,ORD0002560,PROD000059,2,368.8,0.0,737.6,2026-05-28 08:17:58
OI00005644,ORD0002560,PROD000188,2,114.4,11.44,217.36,2026-05-28 08:17:58
OI00005645,ORD0002561,PROD000047,2,125.52,0.0,251.04,2026-02-22 07:38:36
OI00005646,ORD0002562,PROD000117,1,96.57,14.49,82.08,2026-03-03 05:40:16
OI00005647,ORD0002562,PROD000100,1,125.62,6.28,119.34,2026-03-03 05:40:16
OI00005648,ORD0002563,PROD000133,1,7.24,0.0,7.24,2026-04-01 12:33:37
OI00005649,ORD0002563,PROD000159,2,90.28,9.03,171.53,2026-04-01 12:33:37
OI00005650,ORD0002564,PROD000062,3,129.94,0.0,389.82,2026-04-15 08:43:22
OI00005651,ORD0002564,PROD000081,2,267.87,0.0,535.74,2026-04-15 08:43:22
OI00005652,ORD0002564,PROD000056,1,23.5,1.18,22.32,2026-04-15 08:43:22
OI00005653,ORD0002565,PROD000067,3,181.48,0.0,544.44,2026-04-12 03:46:15
OI00005654,ORD0002565,PROD000091,2,244.05,48.81,439.29,2026-04-12 03:46:15
OI00005655,ORD0002566,PROD000019,1,64.3,0.0,64.3,2026-07-22 23:47:30
OI00005656,ORD0002566,PROD000182,1,116.92,0.0,116.92,2026-07-22 23:47:30
OI00005657,ORD0002567,PROD000060,2,313.56,0.0,627.12,2026-06-27 00:20:16
OI00005658,ORD0002567,PROD000130,1,251.9,0.0,251.9,2026-06-27 00:20:16
OI00005659,ORD0002568,PROD000107,1,128.32,0.0,128.32,2026-02-20 19:23:41
OI00005660,ORD0002568,PROD000190,1,270.32,0.0,270.32,2026-02-20 19:23:41
OI00005661,ORD0002568,PROD000060,2,313.56,125.42,501.7,2026-02-20 19:23:41
OI00005662,ORD0002568,PROD000050,1,110.2,0.0,110.2,2026-02-20 19:23:41
OI00005663,ORD0002569,PROD000177,1,200.82,0.0,200.82,2026-06-23 07:33:03
OI00005664,ORD0002569,PROD000183,1,239.94,0.0,239.94,2026-06-23 07:33:03
OI00005665,ORD0002570,PROD000029,1,12.47,0.0,12.47,2026-08-15 01:12:39
OI00005666,ORD0002570,PROD000147,1,359.37,0.0,359.37,2026-08-15 01:12:39
OI00005667,ORD0002571,PROD000045,1,70.0,0.0,70.0,2026-08-07 20:32:58
OI00005668,ORD0002572,PROD000162,1,85.74,8.57,77.17,2026-03-12 03:51:58
OI00005669,ORD0002572,PROD000089,1,270.52,13.53,256.99,2026-03-12 03:51:58
OI00005670,ORD0002573,PROD000019,1,64.3,0.0,64.3,2026-06-21 13:23:41
OI00005671,ORD0002573,PROD000184,2,192.54,19.25,365.83,2026-06-21 13:23:41
OI00005672,ORD0002573,PROD000125,1,169.29,0.0,169.29,2026-06-21 13:23:41
OI00005673,ORD0002573,PROD000161,1,310.12,15.51,294.61,2026-06-21 13:23:41
OI00005674,ORD0002573,PROD000063,2,61.43,12.29,110.57,2026-06-21 13:23:41
OI00005675,ORD0002574,PROD000046,1,353.88,0.0,353.88,2026-07-25 10:09:07
OI00005676,ORD0002574,PROD000141,2,54.3,0.0,108.6,2026-07-25 10:09:07
OI00005677,ORD0002574,PROD000150,2,121.83,0.0,243.66,2026-07-25 10:09:07
OI00005678,ORD0002575,PROD000063,3,61.43,9.21,175.08,2026-06-12 23:49:00
OI00005679,ORD0002575,PROD000146,1,237.64,0.0,237.64,2026-06-12 23:49:00
OI00005680,ORD0002575,PROD000185,1,186.5,18.65,167.85,2026-06-12 23:49:00
OI00005681,ORD0002575,PROD000014,3,171.48,25.72,488.72,2026-06-12 23:49:00
OI00005682,ORD0002576,PROD000107,2,128.32,0.0,256.64,2026-04-09 07:46:35
OI00005683,ORD0002577,PROD000098,1,188.42,9.42,179.0,2026-08-07 04:30:20
OI00005684,ORD0002577,PROD000044,1,137.29,0.0,137.29,2026-08-07 04:30:20
OI00005685,ORD0002577,PROD000190,2,270.32,0.0,540.64,2026-08-07 04:30:20
OI00005686,ORD0002578,PROD000075,2,10.1,0.0,20.2,2026-04-06 09:06:19
OI00005687,ORD0002578,PROD000031,1,62.29,9.34,52.95,2026-04-06 09:06:19
OI00005688,ORD0002578,PROD000168,1,433.94,86.79,347.15,2026-04-06 09:06:19
OI00005689,ORD0002579,PROD000162,3,85.74,0.0,257.22,2026-05-24 11:40:16
OI00005690,ORD0002580,PROD000063,1,61.43,0.0,61.43,2026-06-22 12:42:04
OI00005691,ORD0002580,PROD000189,1,184.49,0.0,184.49,2026-06-22 12:42:04
OI00005692,ORD0002580,PROD000181,1,132.65,0.0,132.65,2026-06-22 12:42:04
OI00005693,ORD0002580,PROD000114,1,36.68,0.0,36.68,2026-06-22 12:42:04
OI00005694,ORD0002581,PROD000005,1,219.89,0.0,219.89,2026-02-23 18:05:41
OI00005695,ORD0002582,PROD000195,4,397.59,0.0,1590.36,2026-05-22 18:27:58
OI00005696,ORD0002582,PROD000105,1,230.76,0.0,230.76,2026-05-22 18:27:58
OI00005697,ORD0002582,PROD000003,1,265.29,0.0,265.29,2026-05-22 18:27:58
OI00005698,ORD0002583,PROD000130,2,251.9,25.19,478.61,2026-04-05 00:41:23
OI00005699,ORD0002583,PROD000103,2,30.32,0.0,60.64,2026-04-05 00:41:23
OI00005700,ORD0002583,PROD000116,2,33.83,6.77,60.89,2026-04-05 00:41:23
OI00005701,ORD0002584,PROD000120,1,200.42,0.0,200.42,2026-07-15 04:30:30
OI00005702,ORD0002585,PROD000050,2,110.2,0.0,220.4,2026-03-26 01:15:03
OI00005703,ORD0002585,PROD000032,3,305.5,45.83,870.67,2026-03-26 01:15:03
OI00005704,ORD0002585,PROD000088,2,381.45,114.44,648.46,2026-03-26 01:15:03
OI00005705,ORD0002586,PROD000083,1,119.55,0.0,119.55,2026-06-12 12:53:53
OI00005706,ORD0002587,PROD000016,2,373.26,0.0,746.52,2026-07-01 14:40:57
OI00005707,ORD0002587,PROD000162,1,85.74,0.0,85.74,2026-07-01 14:40:57
OI00005708,ORD0002588,PROD000129,1,280.22,0.0,280.22,2026-06-04 20:07:25
OI00005709,ORD0002588,PROD000015,1,74.75,0.0,74.75,2026-06-04 20:07:25
OI00005710,ORD0002589,PROD000162,4,85.74,0.0,342.96,2026-07-30 04:43:30
OI00005711,ORD0002590,PROD000018,1,6.39,0.64,5.75,2026-07-26 01:43:03
OI00005712,ORD0002590,PROD000040,1,202.37,0.0,202.37,2026-07-26 01:43:03
OI00005713,ORD0002591,PROD000153,1,46.39,2.32,44.07,2026-06-22 04:33:19
OI00005714,ORD0002591,PROD000144,1,398.95,0.0,398.95,2026-06-22 04:33:19
OI00005715,ORD0002591,PROD000143,4,293.11,0.0,1172.44,2026-06-22 04:33:19
OI00005716,ORD0002592,PROD000010,1,238.36,0.0,238.36,2026-06-05 09:28:16
OI00005717,ORD0002593,PROD000052,3,289.95,43.49,826.36,2026-04-22 12:52:21
OI00005718,ORD0002594,PROD000106,4,13.25,0.0,53.0,2026-06-10 08:09:46
OI00005719,ORD0002594,PROD000125,1,169.29,16.93,152.36,2026-06-10 08:09:46
OI00005720,ORD0002594,PROD000148,1,111.17,0.0,111.17,2026-06-10 08:09:46
OI00005721,ORD0002595,PROD000116,1,33.83,0.0,33.83,2026-05-04 08:41:53
OI00005722,ORD0002595,PROD000092,2,90.01,0.0,180.02,2026-05-04 08:41:53
OI00005723,ORD0002596,PROD000152,2,68.44,0.0,136.88,2026-08-04 13:23:58
OI00005724,ORD0002596,PROD000022,2,302.51,0.0,605.02,2026-08-04 13:23:58
OI00005725,ORD0002597,PROD000007,1,255.16,0.0,255.16,2026-06-27 19:04:45
OI00005726,ORD0002597,PROD000078,2,44.16,0.0,88.32,2026-06-27 19:04:45
OI00005727,ORD0002597,PROD000123,1,410.86,20.54,390.32,2026-06-27 19:04:45
OI00005728,ORD0002598,PROD000041,1,287.98,0.0,287.98,2026-07-04 13:21:06
OI00005729,ORD0002599,PROD000006,1,276.33,55.27,221.06,2026-07-26 16:39:43
OI00005730,ORD0002599,PROD000177,4,200.82,0.0,803.28,2026-07-26 16:39:43
OI00005731,ORD0002600,PROD000119,1,93.67,0.0,93.67,2026-03-05 07:18:19
OI00005732,ORD0002600,PROD000108,1,87.18,0.0,87.18,2026-03-05 07:18:19
OI00005733,ORD0002600,PROD000026,1,165.8,0.0,165.8,2026-03-05 07:18:19
OI00005734,ORD0002600,PROD000028,3,209.71,0.0,629.13,2026-03-05 07:18:19
OI00005735,ORD0002601,PROD000193,1,322.33,0.0,322.33,2026-05-15 17:33:47
OI00005736,ORD0002602,PROD000002,1,68.17,0.0,68.17,2026-08-11 06:44:20
OI00005737,ORD0002603,PROD000165,2,95.13,0.0,190.26,2026-03-04 23:50:33
OI00005738,ORD0002603,PROD000157,1,230.53,0.0,230.53,2026-03-04 23:50:33
OI00005739,ORD0002604,PROD000097,1,119.02,0.0,119.02,2026-06-15 00:16:41
OI00005740,ORD0002604,PROD000143,1,293.11,0.0,293.11,2026-06-15 00:16:41
OI00005741,ORD0002604,PROD000059,3,368.8,0.0,1106.4,2026-06-15 00:16:41
OI00005742,ORD0002604,PROD000049,1,343.12,51.47,291.65,2026-06-15 00:16:41
OI00005743,ORD0002604,PROD000101,2,140.13,56.05,224.21,2026-06-15 00:16:41
OI00005744,ORD0002605,PROD000193,1,322.33,0.0,322.33,2026-06-21 15:48:30
OI00005745,ORD0002605,PROD000045,2,70.0,0.0,140.0,2026-06-21 15:48:30
OI00005746,ORD0002606,PROD000148,2,111.17,0.0,222.34,2026-04-25 07:44:17
OI00005747,ORD0002607,PROD000028,2,209.71,0.0,419.42,2026-05-12 03:25:38
OI00005748,ORD0002607,PROD000057,1,282.26,56.45,225.81,2026-05-12 03:25:38
OI00005749,ORD0002607,PROD000177,1,200.82,30.12,170.7,2026-05-12 03:25:38
OI00005750,ORD0002607,PROD000154,1,57.2,0.0,57.2,2026-05-12 03:25:38
OI00005751,ORD0002608,PROD000040,1,202.37,0.0,202.37,2026-07-22 07:15:07
OI00005752,ORD0002608,PROD000194,2,99.76,0.0,199.52,2026-07-22 07:15:07
OI00005753,ORD0002608,PROD000061,1,85.11,0.0,85.11,2026-07-22 07:15:07
OI00005754,ORD0002609,PROD000062,1,129.94,0.0,129.94,2026-07-14 12:20:27
OI00005755,ORD0002609,PROD000104,1,219.63,0.0,219.63,2026-07-14 12:20:27
OI00005756,ORD0002610,PROD000082,1,49.54,0.0,49.54,2026-06-30 02:57:19
OI00005757,ORD0002610,PROD000011,1,74.18,0.0,74.18,2026-06-30 02:57:19
OI00005758,ORD0002611,PROD000119,3,93.67,0.0,281.01,2026-05-14 16:28:47
OI00005759,ORD0002612,PROD000099,1,244.63,12.23,232.4,2026-06-23 17:46:13
OI00005760,ORD0002613,PROD000104,1,219.63,0.0,219.63,2026-03-23 06:12:59
OI00005761,ORD0002613,PROD000006,3,276.33,0.0,828.99,2026-03-23 06:12:59
OI00005762,ORD0002613,PROD000017,4,177.67,0.0,710.68,2026-03-23 06:12:59
OI00005763,ORD0002613,PROD000022,1,302.51,0.0,302.51,2026-03-23 06:12:59
OI00005764,ORD0002613,PROD000103,3,30.32,0.0,90.96,2026-03-23 06:12:59
OI00005765,ORD0002614,PROD000116,1,33.83,6.77,27.06,2026-06-19 10:48:24
OI00005766,ORD0002614,PROD000059,4,368.8,0.0,1475.2,2026-06-19 10:48:24
OI00005767,ORD0002614,PROD000138,1,154.12,0.0,154.12,2026-06-19 10:48:24
OI00005768,ORD0002615,PROD000155,2,67.32,6.73,127.91,2026-08-10 20:21:15
OI00005769,ORD0002615,PROD000020,4,59.38,23.75,213.77,2026-08-10 20:21:15
OI00005770,ORD0002615,PROD000048,1,312.1,15.61,296.49,2026-08-10 20:21:15
OI00005771,ORD0002615,PROD000040,1,202.37,0.0,202.37,2026-08-10 20:21:15
OI00005772,ORD0002616,PROD000042,2,358.03,71.61,644.45,2026-07-31 01:50:48
OI00005773,ORD0002617,PROD000071,2,259.22,0.0,518.44,2026-03-26 10:34:56
OI00005774,ORD0002617,PROD000193,1,322.33,0.0,322.33,2026-03-26 10:34:56
OI00005775,ORD0002617,PROD000075,1,10.1,0.0,10.1,2026-03-26 10:34:56
OI00005776,ORD0002618,PROD000185,2,186.5,0.0,373.0,2026-07-10 01:56:24
OI00005777,ORD0002618,PROD000055,1,324.24,48.64,275.6,2026-07-10 01:56:24
OI00005778,ORD0002619,PROD000164,4,179.02,0.0,716.08,2026-04-07 10:46:09
OI00005779,ORD0002619,PROD000147,1,359.37,0.0,359.37,2026-04-07 10:46:09
OI00005780,ORD0002620,PROD000051,1,128.31,0.0,128.31,2026-08-12 22:50:51
OI00005781,ORD0002620,PROD000181,1,132.65,19.9,112.75,2026-08-12 22:50:51
OI00005782,ORD0002621,PROD000037,1,48.34,0.0,48.34,2026-04-02 14:40:02
OI00005783,ORD0002622,PROD000147,1,359.37,35.94,323.43,2026-07-21 17:43:50
OI00005784,ORD0002622,PROD000107,1,128.32,0.0,128.32,2026-07-21 17:43:50
OI00005785,ORD0002622,PROD000008,1,181.13,0.0,181.13,2026-07-21 17:43:50
OI00005786,ORD0002622,PROD000149,4,259.04,0.0,1036.16,2026-07-21 17:43:50
OI00005787,ORD0002623,PROD000081,1,267.87,13.39,254.48,2026-06-01 10:01:32
OI00005788,ORD0002623,PROD000073,1,9.42,0.0,9.42,2026-06-01 10:01:32
OI00005789,ORD0002623,PROD000077,1,172.06,0.0,172.06,2026-06-01 10:01:32
OI00005790,ORD0002624,PROD000019,2,64.3,0.0,128.6,2026-06-23 14:54:26
OI00005791,ORD0002624,PROD000165,2,95.13,0.0,190.26,2026-06-23 14:54:26
OI00005792,ORD0002624,PROD000020,3,59.38,0.0,178.14,2026-06-23 14:54:26
OI00005793,ORD0002625,PROD000073,1,9.42,0.0,9.42,2026-07-17 15:36:31
OI00005794,ORD0002625,PROD000048,4,312.1,0.0,1248.4,2026-07-17 15:36:31
OI00005795,ORD0002625,PROD000032,1,305.5,0.0,305.5,2026-07-17 15:36:31
OI00005796,ORD0002626,PROD000107,1,128.32,0.0,128.32,2026-03-29 22:05:45
OI00005797,ORD0002627,PROD000139,1,48.21,0.0,48.21,2026-02-16 14:03:08
OI00005798,ORD0002628,PROD000149,3,259.04,0.0,777.12,2026-05-04 03:45:15
OI00005799,ORD0002628,PROD000154,2,57.2,0.0,114.4,2026-05-04 03:45:15
OI00005800,ORD0002628,PROD000156,1,208.16,0.0,208.16,2026-05-04 03:45:15
OI00005801,ORD0002628,PROD000025,1,337.19,0.0,337.19,2026-05-04 03:45:15
OI00005802,ORD0002629,PROD000062,3,129.94,0.0,389.82,2026-03-29 03:05:35
OI00005803,ORD0002629,PROD000026,3,165.8,0.0,497.4,2026-03-29 03:05:35
OI00005804,ORD0002630,PROD000154,2,57.2,0.0,114.4,2026-04-03 22:20:04
OI00005805,ORD0002631,PROD000088,3,381.45,57.22,1087.13,2026-02-25 09:01:54
OI00005806,ORD0002631,PROD000002,1,68.17,0.0,68.17,2026-02-25 09:01:54
OI00005807,ORD0002631,PROD000020,3,59.38,0.0,178.14,2026-02-25 09:01:54
OI00005808,ORD0002632,PROD000080,1,288.18,0.0,288.18,2026-06-14 11:09:57
OI00005809,ORD0002632,PROD000102,4,157.31,0.0,629.24,2026-06-14 11:09:57
OI00005810,ORD0002633,PROD000101,1,140.13,0.0,140.13,2026-08-10 23:56:56
OI00005811,ORD0002633,PROD000007,1,255.16,0.0,255.16,2026-08-10 23:56:56
OI00005812,ORD0002633,PROD000030,2,113.9,0.0,227.8,2026-08-10 23:56:56
OI00005813,ORD0002633,PROD000111,3,209.32,0.0,627.96,2026-08-10 23:56:56
OI00005814,ORD0002633,PROD000050,1,110.2,11.02,99.18,2026-08-10 23:56:56
OI00005815,ORD0002634,PROD000124,1,396.34,39.63,356.71,2026-05-12 01:13:14
OI00005816,ORD0002634,PROD000055,1,324.24,48.64,275.6,2026-05-12 01:13:14
OI00005817,ORD0002635,PROD000194,1,99.76,0.0,99.76,2026-05-01 09:30:19
OI00005818,ORD0002635,PROD000116,1,33.83,0.0,33.83,2026-05-01 09:30:19
OI00005819,ORD0002636,PROD000165,3,95.13,0.0,285.39,2026-08-03 17:23:30
OI00005820,ORD0002636,PROD000090,1,82.64,4.13,78.51,2026-08-03 17:23:30
OI00005821,ORD0002637,PROD000088,1,381.45,0.0,381.45,2026-05-27 08:43:24
OI00005822,ORD0002638,PROD000181,3,132.65,0.0,397.95,2026-05-25 15:00:53
OI00005823,ORD0002638,PROD000103,2,30.32,0.0,60.64,2026-05-25 15:00:53
OI00005824,ORD0002639,PROD000029,2,12.47,2.49,22.45,2026-05-25 17:47:18
OI00005825,ORD0002640,PROD000155,1,67.32,0.0,67.32,2026-04-11 06:00:06
OI00005826,ORD0002640,PROD000171,2,118.83,0.0,237.66,2026-04-11 06:00:06
OI00005827,ORD0002641,PROD000130,1,251.9,0.0,251.9,2026-05-15 04:29:21
OI00005828,ORD0002641,PROD000135,1,106.79,10.68,96.11,2026-05-15 04:29:21
OI00005829,ORD0002641,PROD000181,2,132.65,0.0,265.3,2026-05-15 04:29:21
OI00005830,ORD0002642,PROD000181,2,132.65,0.0,265.3,2026-06-28 01:18:12
OI00005831,ORD0002642,PROD000157,2,230.53,0.0,461.06,2026-06-28 01:18:12
OI00005832,ORD0002643,PROD000192,1,122.14,0.0,122.14,2026-04-21 00:35:31
OI00005833,ORD0002643,PROD000095,2,317.49,0.0,634.98,2026-04-21 00:35:31
OI00005834,ORD0002644,PROD000164,1,179.02,0.0,179.02,2026-03-25 07:45:55
OI00005835,ORD0002644,PROD000123,1,410.86,0.0,410.86,2026-03-25 07:45:55
OI00005836,ORD0002644,PROD000083,1,119.55,17.93,101.62,2026-03-25 07:45:55
OI00005837,ORD0002645,PROD000133,4,7.24,0.0,28.96,2026-02-28 16:40:39
OI00005838,ORD0002645,PROD000053,3,381.96,0.0,1145.88,2026-02-28 16:40:39
OI00005839,ORD0002646,PROD000174,1,225.67,0.0,225.67,2026-03-22 04:16:13
OI00005840,ORD0002646,PROD000007,1,255.16,0.0,255.16,2026-03-22 04:16:13
OI00005841,ORD0002646,PROD000159,1,90.28,0.0,90.28,2026-03-22 04:16:13
OI00005842,ORD0002646,PROD000148,1,111.17,5.56,105.61,2026-03-22 04:16:13
OI00005843,ORD0002646,PROD000042,1,358.03,0.0,358.03,2026-03-22 04:16:13
OI00005844,ORD0002647,PROD000091,3,244.05,0.0,732.15,2026-03-02 18:27:00
OI00005845,ORD0002648,PROD000154,3,57.2,0.0,171.6,2026-04-05 17:47:05
OI00005846,ORD0002648,PROD000008,1,181.13,0.0,181.13,2026-04-05 17:47:05
OI00005847,ORD0002648,PROD000162,1,85.74,17.15,68.59,2026-04-05 17:47:05
OI00005848,ORD0002648,PROD000097,1,119.02,0.0,119.02,2026-04-05 17:47:05
OI00005849,ORD0002648,PROD000084,2,172.79,0.0,345.58,2026-04-05 17:47:05
OI00005850,ORD0002649,PROD000176,1,395.87,39.59,356.28,2026-03-16 18:12:39
OI00005851,ORD0002649,PROD000180,2,443.88,133.16,754.6,2026-03-16 18:12:39
OI00005852,ORD0002649,PROD000028,1,209.71,0.0,209.71,2026-03-16 18:12:39
OI00005853,ORD0002650,PROD000079,2,315.96,31.6,600.32,2026-05-15 21:06:08
OI00005854,ORD0002651,PROD000013,1,286.54,28.65,257.89,2026-04-23 15:35:52
OI00005855,ORD0002652,PROD000041,1,287.98,0.0,287.98,2026-08-08 16:41:55
OI00005856,ORD0002652,PROD000100,1,125.62,12.56,113.06,2026-08-08 16:41:55
OI00005857,ORD0002653,PROD000150,2,121.83,0.0,243.66,2026-03-18 02:09:33
OI00005858,ORD0002654,PROD000159,1,90.28,4.51,85.77,2026-03-25 05:15:11
OI00005859,ORD0002655,PROD000011,1,74.18,0.0,74.18,2026-07-02 03:49:22
OI00005860,ORD0002655,PROD000095,1,317.49,0.0,317.49,2026-07-02 03:49:22
OI00005861,ORD0002655,PROD000052,2,289.95,0.0,579.9,2026-07-02 03:49:22
OI00005862,ORD0002656,PROD000111,1,209.32,0.0,209.32,2026-07-09 23:18:01
OI00005863,ORD0002656,PROD000168,1,433.94,43.39,390.55,2026-07-09 23:18:01
OI00005864,ORD0002657,PROD000171,4,118.83,0.0,475.32,2026-02-19 01:00:54
OI00005865,ORD0002657,PROD000099,3,244.63,0.0,733.89,2026-02-19 01:00:54
OI00005866,ORD0002658,PROD000127,2,216.42,0.0,432.84,2026-04-26 22:54:27
OI00005867,ORD0002659,PROD000117,1,96.57,9.66,86.91,2026-05-05 03:07:49
OI00005868,ORD0002659,PROD000173,2,269.92,0.0,539.84,2026-05-05 03:07:49
OI00005869,ORD0002660,PROD000063,3,61.43,0.0,184.29,2026-05-30 14:10:45
OI00005870,ORD0002660,PROD000139,1,48.21,9.64,38.57,2026-05-30 14:10:45
OI00005871,ORD0002660,PROD000011,1,74.18,0.0,74.18,2026-05-30 14:10:45
OI00005872,ORD0002660,PROD000051,1,128.31,6.42,121.89,2026-05-30 14:10:45
OI00005873,ORD0002660,PROD000193,1,322.33,48.35,273.98,2026-05-30 14:10:45
OI00005874,ORD0002661,PROD000065,2,459.64,0.0,919.28,2026-04-16 14:12:01
OI00005875,ORD0002661,PROD000040,2,202.37,0.0,404.74,2026-04-16 14:12:01
OI00005876,ORD0002661,PROD000162,2,85.74,0.0,171.48,2026-04-16 14:12:01
OI00005877,ORD0002662,PROD000050,2,110.2,0.0,220.4,2026-07-24 09:37:06
OI00005878,ORD0002662,PROD000066,2,424.54,0.0,849.08,2026-07-24 09:37:06
OI00005879,ORD0002662,PROD000119,1,93.67,0.0,93.67,2026-07-24 09:37:06
OI00005880,ORD0002663,PROD000137,1,16.14,0.0,16.14,2026-06-29 12:12:18
OI00005881,ORD0002663,PROD000032,1,305.5,61.1,244.4,2026-06-29 12:12:18
OI00005882,ORD0002663,PROD000121,1,311.61,31.16,280.45,2026-06-29 12:12:18
OI00005883,ORD0002663,PROD000158,1,391.88,0.0,391.88,2026-06-29 12:12:18
OI00005884,ORD0002664,PROD000079,2,315.96,0.0,631.92,2026-07-02 20:56:50
OI00005885,ORD0002665,PROD000146,1,237.64,0.0,237.64,2026-06-01 05:19:28
OI00005886,ORD0002665,PROD000151,1,220.37,0.0,220.37,2026-06-01 05:19:28
OI00005887,ORD0002665,PROD000092,1,90.01,0.0,90.01,2026-06-01 05:19:28
OI00005888,ORD0002666,PROD000189,1,184.49,0.0,184.49,2026-07-18 17:14:35
OI00005889,ORD0002667,PROD000193,2,322.33,32.23,612.43,2026-05-31 07:57:27
OI00005890,ORD0002667,PROD000074,2,260.67,0.0,521.34,2026-05-31 07:57:27
OI00005891,ORD0002667,PROD000018,3,6.39,0.96,18.21,2026-05-31 07:57:27
OI00005892,ORD0002667,PROD000144,1,398.95,0.0,398.95,2026-05-31 07:57:27
OI00005893,ORD0002667,PROD000195,1,397.59,0.0,397.59,2026-05-31 07:57:27
OI00005894,ORD0002668,PROD000121,2,311.61,0.0,623.22,2026-08-13 11:02:59
OI00005895,ORD0002669,PROD000165,2,95.13,0.0,190.26,2026-08-11 18:33:05
OI00005896,ORD0002669,PROD000055,1,324.24,0.0,324.24,2026-08-11 18:33:05
OI00005897,ORD0002669,PROD000148,1,111.17,11.12,100.05,2026-08-11 18:33:05
OI00005898,ORD0002670,PROD000114,1,36.68,0.0,36.68,2026-04-13 22:36:07
OI00005899,ORD0002671,PROD000135,1,106.79,0.0,106.79,2026-07-08 07:26:35
OI00005900,ORD0002671,PROD000185,2,186.5,0.0,373.0,2026-07-08 07:26:35
OI00005901,ORD0002671,PROD000035,1,197.66,0.0,197.66,2026-07-08 07:26:35
OI00005902,ORD0002671,PROD000198,3,307.49,0.0,922.47,2026-07-08 07:26:35
OI00005903,ORD0002672,PROD000138,1,154.12,0.0,154.12,2026-08-10 14:34:15
OI00005904,ORD0002673,PROD000004,1,71.87,0.0,71.87,2026-06-25 00:04:58
OI00005905,ORD0002673,PROD000041,4,287.98,0.0,1151.92,2026-06-25 00:04:58
OI00005906,ORD0002674,PROD000069,1,332.4,0.0,332.4,2026-08-08 12:33:32
OI00005907,ORD0002674,PROD000165,1,95.13,0.0,95.13,2026-08-08 12:33:32
OI00005908,ORD0002674,PROD000023,1,69.84,0.0,69.84,2026-08-08 12:33:32
OI00005909,ORD0002675,PROD000015,2,74.75,0.0,149.5,2026-08-01 16:21:57
OI00005910,ORD0002675,PROD000157,1,230.53,0.0,230.53,2026-08-01 16:21:57
OI00005911,ORD0002675,PROD000041,1,287.98,0.0,287.98,2026-08-01 16:21:57
OI00005912,ORD0002675,PROD000050,1,110.2,5.51,104.69,2026-08-01 16:21:57
OI00005913,ORD0002676,PROD000180,2,443.88,0.0,887.76,2026-06-27 17:09:15
OI00005914,ORD0002676,PROD000084,3,172.79,0.0,518.37,2026-06-27 17:09:15
OI00005915,ORD0002677,PROD000197,1,191.33,0.0,191.33,2026-08-06 17:50:49
OI00005916,ORD0002677,PROD000108,1,87.18,0.0,87.18,2026-08-06 17:50:49
OI00005917,ORD0002677,PROD000141,1,54.3,0.0,54.3,2026-08-06 17:50:49
OI00005918,ORD0002677,PROD000156,1,208.16,0.0,208.16,2026-08-06 17:50:49
OI00005919,ORD0002677,PROD000008,3,181.13,0.0,543.39,2026-08-06 17:50:49
OI00005920,ORD0002678,PROD000155,1,67.32,0.0,67.32,2026-03-13 22:10:02
OI00005921,ORD0002679,PROD000136,2,248.42,0.0,496.84,2026-04-12 20:28:34
OI00005922,ORD0002679,PROD000061,1,85.11,0.0,85.11,2026-04-12 20:28:34
OI00005923,ORD0002679,PROD000035,4,197.66,0.0,790.64,2026-04-12 20:28:34
OI00005924,ORD0002680,PROD000164,1,179.02,8.95,170.07,2026-08-09 19:40:04
OI00005925,ORD0002680,PROD000013,1,286.54,0.0,286.54,2026-08-09 19:40:04
OI00005926,ORD0002681,PROD000135,2,106.79,21.36,192.22,2026-04-21 21:14:56
OI00005927,ORD0002681,PROD000104,1,219.63,0.0,219.63,2026-04-21 21:14:56
OI00005928,ORD0002681,PROD000115,1,66.23,0.0,66.23,2026-04-21 21:14:56
OI00005929,ORD0002682,PROD000114,1,36.68,0.0,36.68,2026-06-30 00:36:08
OI00005930,ORD0002682,PROD000019,2,64.3,12.86,115.74,2026-06-30 00:36:08
OI00005931,ORD0002683,PROD000105,1,230.76,0.0,230.76,2026-04-30 09:34:56
OI00005932,ORD0002683,PROD000010,1,238.36,0.0,238.36,2026-04-30 09:34:56
OI00005933,ORD0002683,PROD000080,2,288.18,0.0,576.36,2026-04-30 09:34:56
OI00005934,ORD0002684,PROD000019,2,64.3,0.0,128.6,2026-03-18 09:51:33
OI00005935,ORD0002684,PROD000110,4,112.33,0.0,449.32,2026-03-18 09:51:33
OI00005936,ORD0002685,PROD000139,1,48.21,0.0,48.21,2026-03-30 10:18:00
OI00005937,ORD0002686,PROD000004,2,71.87,0.0,143.74,2026-07-06 00:32:46
OI00005938,ORD0002686,PROD000149,3,259.04,0.0,777.12,2026-07-06 00:32:46
OI00005939,ORD0002686,PROD000114,1,36.68,0.0,36.68,2026-07-06 00:32:46
OI00005940,ORD0002686,PROD000028,1,209.71,0.0,209.71,2026-07-06 00:32:46
OI00005941,ORD0002687,PROD000102,1,157.31,15.73,141.58,2026-03-06 15:08:39
OI00005942,ORD0002687,PROD000165,1,95.13,14.27,80.86,2026-03-06 15:08:39
OI00005943,ORD0002687,PROD000082,1,49.54,0.0,49.54,2026-03-06 15:08:39
OI00005944,ORD0002688,PROD000003,2,265.29,0.0,530.58,2026-05-03 11:24:13
OI00005945,ORD0002689,PROD000148,2,111.17,11.12,211.22,2026-02-16 15:21:25
OI00005946,ORD0002689,PROD000179,1,100.96,0.0,100.96,2026-02-16 15:21:25
OI00005947,ORD0002690,PROD000192,1,122.14,0.0,122.14,2026-02-22 09:27:59
OI00005948,ORD0002690,PROD000018,1,6.39,0.0,6.39,2026-02-22 09:27:59
OI00005949,ORD0002690,PROD000187,2,260.32,0.0,520.64,2026-02-22 09:27:59
OI00005950,ORD0002690,PROD000096,2,151.87,0.0,303.74,2026-02-22 09:27:59
OI00005951,ORD0002691,PROD000108,1,87.18,0.0,87.18,2026-07-16 12:32:05
OI00005952,ORD0002691,PROD000176,2,395.87,0.0,791.74,2026-07-16 12:32:05
OI00005953,ORD0002691,PROD000126,2,5.66,0.0,11.32,2026-07-16 12:32:05
OI00005954,ORD0002692,PROD000180,2,443.88,0.0,887.76,2026-04-02 20:01:23
OI00005955,ORD0002692,PROD000088,1,381.45,0.0,381.45,2026-04-02 20:01:23
OI00005956,ORD0002693,PROD000090,1,82.64,0.0,82.64,2026-07-04 09:50:54
OI00005957,ORD0002693,PROD000147,1,359.37,0.0,359.37,2026-07-04 09:50:54
OI00005958,ORD0002694,PROD000108,3,87.18,26.15,235.39,2026-05-04 05:28:16
OI00005959,ORD0002694,PROD000032,2,305.5,61.1,549.9,2026-05-04 05:28:16
OI00005960,ORD0002694,PROD000159,1,90.28,0.0,90.28,2026-05-04 05:28:16
OI00005961,ORD0002695,PROD000018,2,6.39,0.0,12.78,2026-02-21 06:41:44
OI00005962,ORD0002695,PROD000195,2,397.59,0.0,795.18,2026-02-21 06:41:44
OI00005963,ORD0002695,PROD000044,2,137.29,0.0,274.58,2026-02-21 06:41:44
OI00005964,ORD0002695,PROD000022,1,302.51,30.25,272.26,2026-02-21 06:41:44
OI00005965,ORD0002696,PROD000069,1,332.4,0.0,332.4,2026-05-15 13:24:50
OI00005966,ORD0002697,PROD000103,4,30.32,0.0,121.28,2026-05-16 23:55:33
OI00005967,ORD0002697,PROD000029,1,12.47,0.0,12.47,2026-05-16 23:55:33
OI00005968,ORD0002698,PROD000035,1,197.66,0.0,197.66,2026-05-23 16:38:23
OI00005969,ORD0002698,PROD000077,1,172.06,0.0,172.06,2026-05-23 16:38:23
OI00005970,ORD0002698,PROD000170,1,39.7,1.99,37.71,2026-05-23 16:38:23
OI00005971,ORD0002699,PROD000044,3,137.29,0.0,411.87,2026-03-21 02:53:38
OI00005972,ORD0002699,PROD000152,1,68.44,0.0,68.44,2026-03-21 02:53:38
OI00005973,ORD0002699,PROD000177,2,200.82,0.0,401.64,2026-03-21 02:53:38
OI00005974,ORD0002700,PROD000077,1,172.06,8.6,163.46,2026-06-09 20:36:17
OI00005975,ORD0002700,PROD000154,2,57.2,0.0,114.4,2026-06-09 20:36:17
OI00005976,ORD0002701,PROD000084,1,172.79,0.0,172.79,2026-06-28 01:30:33
OI00005977,ORD0002701,PROD000033,2,240.82,48.16,433.48,2026-06-28 01:30:33
OI00005978,ORD0002701,PROD000153,1,46.39,0.0,46.39,2026-06-28 01:30:33
OI00005979,ORD0002701,PROD000197,1,191.33,0.0,191.33,2026-06-28 01:30:33
OI00005980,ORD0002702,PROD000040,1,202.37,0.0,202.37,2026-04-04 13:03:28
OI00005981,ORD0002703,PROD000015,1,74.75,0.0,74.75,2026-05-11 08:29:52
OI00005982,ORD0002703,PROD000127,2,216.42,0.0,432.84,2026-05-11 08:29:52
OI00005983,ORD0002704,PROD000008,3,181.13,0.0,543.39,2026-05-25 17:00:15
OI00005984,ORD0002704,PROD000063,1,61.43,6.14,55.29,2026-05-25 17:00:15
OI00005985,ORD0002704,PROD000089,1,270.52,0.0,270.52,2026-05-25 17:00:15
OI00005986,ORD0002704,PROD000114,1,36.68,0.0,36.68,2026-05-25 17:00:15
OI00005987,ORD0002704,PROD000148,1,111.17,0.0,111.17,2026-05-25 17:00:15
OI00005988,ORD0002705,PROD000091,4,244.05,0.0,976.2,2026-03-14 14:36:41
OI00005989,ORD0002705,PROD000109,2,87.72,35.09,140.35,2026-03-14 14:36:41
OI00005990,ORD0002706,PROD000136,1,248.42,0.0,248.42,2026-05-04 03:43:51
OI00005991,ORD0002706,PROD000137,1,16.14,0.0,16.14,2026-05-04 03:43:51
OI00005992,ORD0002706,PROD000018,2,6.39,0.0,12.78,2026-05-04 03:43:51
OI00005993,ORD0002707,PROD000032,3,305.5,0.0,916.5,2026-04-16 22:14:48
OI00005994,ORD0002707,PROD000067,2,181.48,0.0,362.96,2026-04-16 22:14:48
OI00005995,ORD0002707,PROD000003,2,265.29,0.0,530.58,2026-04-16 22:14:48
OI00005996,ORD0002708,PROD000126,2,5.66,0.0,11.32,2026-02-22 15:16:25
OI00005997,ORD0002708,PROD000008,1,181.13,27.17,153.96,2026-02-22 15:16:25
OI00005998,ORD0002709,PROD000132,1,86.93,0.0,86.93,2026-04-21 06:41:21
OI00005999,ORD0002710,PROD000071,3,259.22,0.0,777.66,2026-02-25 16:04:44
OI00006000,ORD0002711,PROD000091,1,244.05,0.0,244.05,2026-08-07 14:10:52
OI00006001,ORD0002711,PROD000007,2,255.16,0.0,510.32,2026-08-07 14:10:52
OI00006002,ORD0002711,PROD000081,1,267.87,0.0,267.87,2026-08-07 14:10:52
OI00006003,ORD0002711,PROD000181,1,132.65,0.0,132.65,2026-08-07 14:10:52
OI00006004,ORD0002712,PROD000182,2,116.92,0.0,233.84,2026-05-06 20:51:19
OI00006005,ORD0002712,PROD000127,1,216.42,0.0,216.42,2026-05-06 20:51:19
OI00006006,ORD0002712,PROD000092,1,90.01,4.5,85.51,2026-05-06 20:51:19
OI00006007,ORD0002712,PROD000146,2,237.64,0.0,475.28,2026-05-06 20:51:19
OI00006008,ORD0002713,PROD000093,1,51.13,2.56,48.57,2026-07-12 01:54:12
OI00006009,ORD0002714,PROD000105,1,230.76,11.54,219.22,2026-02-21 02:35:17
OI00006010,ORD0002714,PROD000022,2,302.51,0.0,605.02,2026-02-21 02:35:17
OI00006011,ORD0002715,PROD000151,1,220.37,0.0,220.37,2026-05-18 16:46:26
OI00006012,ORD0002716,PROD000181,4,132.65,0.0,530.6,2026-04-19 17:11:40
OI00006013,ORD0002717,PROD000153,1,46.39,0.0,46.39,2026-04-27 21:47:04
OI00006014,ORD0002717,PROD000079,1,315.96,0.0,315.96,2026-04-27 21:47:04
OI00006015,ORD0002717,PROD000114,1,36.68,0.0,36.68,2026-04-27 21:47:04
OI00006016,ORD0002718,PROD000094,3,170.67,0.0,512.01,2026-06-26 07:11:45
OI00006017,ORD0002718,PROD000059,2,368.8,0.0,737.6,2026-06-26 07:11:45
OI00006018,ORD0002718,PROD000095,2,317.49,31.75,603.23,2026-06-26 07:11:45
OI00006019,ORD0002719,PROD000144,2,398.95,159.58,638.32,2026-08-04 21:27:51
OI00006020,ORD0002719,PROD000022,1,302.51,0.0,302.51,2026-08-04 21:27:51
OI00006021,ORD0002719,PROD000069,2,332.4,33.24,631.56,2026-08-04 21:27:51
OI00006022,ORD0002720,PROD000090,1,82.64,0.0,82.64,2026-04-22 06:02:29
OI00006023,ORD0002721,PROD000098,1,188.42,0.0,188.42,2026-08-06 04:03:48
OI00006024,ORD0002721,PROD000020,1,59.38,0.0,59.38,2026-08-06 04:03:48
OI00006025,ORD0002722,PROD000041,1,287.98,0.0,287.98,2026-03-13 03:50:46
OI00006026,ORD0002722,PROD000093,1,51.13,0.0,51.13,2026-03-13 03:50:46
OI00006027,ORD0002723,PROD000196,1,135.89,0.0,135.89,2026-04-15 06:38:50
OI00006028,ORD0002723,PROD000091,1,244.05,0.0,244.05,2026-04-15 06:38:50
OI00006029,ORD0002724,PROD000004,2,71.87,0.0,143.74,2026-04-10 21:36:22
OI00006030,ORD0002724,PROD000096,2,151.87,0.0,303.74,2026-04-10 21:36:22
OI00006031,ORD0002725,PROD000093,2,51.13,5.11,97.15,2026-07-26 07:11:47
OI00006032,ORD0002726,PROD000104,2,219.63,0.0,439.26,2026-05-16 11:24:52
OI00006033,ORD0002726,PROD000107,1,128.32,0.0,128.32,2026-05-16 11:24:52
OI00006034,ORD0002727,PROD000163,2,379.9,0.0,759.8,2026-04-15 06:15:38
OI00006035,ORD0002728,PROD000150,1,121.83,0.0,121.83,2026-06-26 21:48:28
OI00006036,ORD0002728,PROD000004,3,71.87,0.0,215.61,2026-06-26 21:48:28
OI00006037,ORD0002728,PROD000193,2,322.33,0.0,644.66,2026-06-26 21:48:28
OI00006038,ORD0002728,PROD000159,1,90.28,9.03,81.25,2026-06-26 21:48:28
OI00006039,ORD0002729,PROD000181,2,132.65,13.27,252.03,2026-07-10 08:52:23
OI00006040,ORD0002729,PROD000197,2,191.33,0.0,382.66,2026-07-10 08:52:23
OI00006041,ORD0002730,PROD000042,2,358.03,0.0,716.06,2026-08-07 00:43:47
OI00006042,ORD0002730,PROD000125,1,169.29,0.0,169.29,2026-08-07 00:43:47
OI00006043,ORD0002730,PROD000027,1,174.59,8.73,165.86,2026-08-07 00:43:47
OI00006044,ORD0002730,PROD000151,1,220.37,0.0,220.37,2026-08-07 00:43:47
OI00006045,ORD0002731,PROD000164,3,179.02,107.41,429.65,2026-06-18 18:56:42
OI00006046,ORD0002731,PROD000013,1,286.54,0.0,286.54,2026-06-18 18:56:42
OI00006047,ORD0002732,PROD000180,2,443.88,44.39,843.37,2026-07-01 09:30:31
OI00006048,ORD0002733,PROD000153,2,46.39,0.0,92.78,2026-02-18 06:30:15
OI00006049,ORD0002733,PROD000186,1,106.06,0.0,106.06,2026-02-18 06:30:15
OI00006050,ORD0002734,PROD000180,3,443.88,133.16,1198.48,2026-05-27 00:58:11
OI00006051,ORD0002734,PROD000070,1,251.87,0.0,251.87,2026-05-27 00:58:11
OI00006052,ORD0002735,PROD000061,1,85.11,0.0,85.11,2026-08-02 17:17:30
OI00006053,ORD0002735,PROD000097,1,119.02,0.0,119.02,2026-08-02 17:17:30
OI00006054,ORD0002735,PROD000049,1,343.12,0.0,343.12,2026-08-02 17:17:30
OI00006055,ORD0002736,PROD000149,1,259.04,0.0,259.04,2026-04-06 09:41:00
OI00006056,ORD0002736,PROD000061,4,85.11,51.07,289.37,2026-04-06 09:41:00
OI00006057,ORD0002737,PROD000010,1,238.36,0.0,238.36,2026-05-02 09:51:47
OI00006058,ORD0002738,PROD000035,3,197.66,0.0,592.98,2026-07-08 23:42:15
OI00006059,ORD0002739,PROD000016,4,373.26,0.0,1493.04,2026-04-21 12:30:07
OI00006060,ORD0002739,PROD000120,3,200.42,0.0,601.26,2026-04-21 12:30:07
OI00006061,ORD0002739,PROD000127,3,216.42,0.0,649.26,2026-04-21 12:30:07
OI00006062,ORD0002740,PROD000188,1,114.4,0.0,114.4,2026-07-04 05:02:03
OI00006063,ORD0002741,PROD000109,2,87.72,0.0,175.44,2026-02-28 05:06:41
OI00006064,ORD0002741,PROD000077,2,172.06,0.0,344.12,2026-02-28 05:06:41
OI00006065,ORD0002741,PROD000132,1,86.93,4.35,82.58,2026-02-28 05:06:41
OI00006066,ORD0002742,PROD000090,2,82.64,24.79,140.49,2026-02-21 14:51:46
OI00006067,ORD0002742,PROD000181,4,132.65,26.53,504.07,2026-02-21 14:51:46
OI00006068,ORD0002742,PROD000165,1,95.13,0.0,95.13,2026-02-21 14:51:46
OI00006069,ORD0002742,PROD000079,2,315.96,0.0,631.92,2026-02-21 14:51:46
OI00006070,ORD0002743,PROD000111,1,209.32,0.0,209.32,2026-04-12 07:52:30
OI00006071,ORD0002743,PROD000089,1,270.52,0.0,270.52,2026-04-12 07:52:30
OI00006072,ORD0002743,PROD000044,1,137.29,0.0,137.29,2026-04-12 07:52:30
OI00006073,ORD0002744,PROD000001,1,240.76,12.04,228.72,2026-04-22 20:52:34
OI00006074,ORD0002744,PROD000007,1,255.16,0.0,255.16,2026-04-22 20:52:34
OI00006075,ORD0002744,PROD000041,1,287.98,14.4,273.58,2026-04-22 20:52:34
OI00006076,ORD0002745,PROD000037,1,48.34,0.0,48.34,2026-06-06 07:18:50
OI00006077,ORD0002746,PROD000135,2,106.79,0.0,213.58,2026-07-28 07:03:12
OI00006078,ORD0002747,PROD000182,1,116.92,0.0,116.92,2026-08-08 17:55:01
OI00006079,ORD0002747,PROD000004,2,71.87,14.37,129.37,2026-08-08 17:55:01
OI00006080,ORD0002748,PROD000065,4,459.64,0.0,1838.56,2026-03-30 10:23:32
OI00006081,ORD0002748,PROD000016,2,373.26,74.65,671.87,2026-03-30 10:23:32
OI00006082,ORD0002748,PROD000110,1,112.33,0.0,112.33,2026-03-30 10:23:32
OI00006083,ORD0002749,PROD000187,4,260.32,104.13,937.15,2026-08-15 14:33:06
OI00006084,ORD0002749,PROD000127,1,216.42,0.0,216.42,2026-08-15 14:33:06
OI00006085,ORD0002749,PROD000115,3,66.23,0.0,198.69,2026-08-15 14:33:06
OI00006086,ORD0002749,PROD000119,2,93.67,0.0,187.34,2026-08-15 14:33:06
OI00006087,ORD0002750,PROD000120,1,200.42,0.0,200.42,2026-06-12 16:00:59
OI00006088,ORD0002750,PROD000078,1,44.16,0.0,44.16,2026-06-12 16:00:59
OI00006089,ORD0002751,PROD000052,1,289.95,57.99,231.96,2026-05-17 03:38:53
OI00006090,ORD0002751,PROD000181,1,132.65,0.0,132.65,2026-05-17 03:38:53
OI00006091,ORD0002752,PROD000061,1,85.11,0.0,85.11,2026-07-04 07:53:36
OI00006092,ORD0002752,PROD000194,3,99.76,0.0,299.28,2026-07-04 07:53:36
OI00006093,ORD0002752,PROD000161,2,310.12,124.05,496.19,2026-07-04 07:53:36
OI00006094,ORD0002753,PROD000005,2,219.89,65.97,373.81,2026-08-02 03:47:53
OI00006095,ORD0002753,PROD000175,2,395.9,39.59,752.21,2026-08-02 03:47:53
OI00006096,ORD0002753,PROD000099,2,244.63,0.0,489.26,2026-08-02 03:47:53
OI00006097,ORD0002754,PROD000185,1,186.5,18.65,167.85,2026-07-23 21:24:46
OI00006098,ORD0002755,PROD000097,2,119.02,0.0,238.04,2026-07-17 12:04:44
OI00006099,ORD0002755,PROD000195,1,397.59,19.88,377.71,2026-07-17 12:04:44
OI00006100,ORD0002755,PROD000180,2,443.88,0.0,887.76,2026-07-17 12:04:44
OI00006101,ORD0002755,PROD000063,4,61.43,24.57,221.15,2026-07-17 12:04:44
OI00006102,ORD0002755,PROD000143,1,293.11,0.0,293.11,2026-07-17 12:04:44
OI00006103,ORD0002756,PROD000052,1,289.95,43.49,246.46,2026-06-26 13:20:46
OI00006104,ORD0002757,PROD000160,1,181.18,0.0,181.18,2026-05-15 18:40:33
OI00006105,ORD0002758,PROD000069,1,332.4,0.0,332.4,2026-03-04 03:59:33
OI00006106,ORD0002758,PROD000080,2,288.18,0.0,576.36,2026-03-04 03:59:33
OI00006107,ORD0002759,PROD000176,1,395.87,0.0,395.87,2026-05-27 00:06:51
OI00006108,ORD0002760,PROD000007,2,255.16,0.0,510.32,2026-07-28 17:08:25
OI00006109,ORD0002760,PROD000171,1,118.83,0.0,118.83,2026-07-28 17:08:25
OI00006110,ORD0002761,PROD000149,2,259.04,0.0,518.08,2026-04-01 15:45:37
OI00006111,ORD0002762,PROD000190,2,270.32,27.03,513.61,2026-04-09 06:06:55
OI00006112,ORD0002763,PROD000070,3,251.87,0.0,755.61,2026-05-26 22:14:17
OI00006113,ORD0002763,PROD000073,1,9.42,0.0,9.42,2026-05-26 22:14:17
OI00006114,ORD0002764,PROD000031,1,62.29,0.0,62.29,2026-05-05 08:54:39
OI00006115,ORD0002764,PROD000114,1,36.68,0.0,36.68,2026-05-05 08:54:39
OI00006116,ORD0002764,PROD000168,2,433.94,0.0,867.88,2026-05-05 08:54:39
OI00006117,ORD0002764,PROD000048,1,312.1,0.0,312.1,2026-05-05 08:54:39
OI00006118,ORD0002765,PROD000123,2,410.86,0.0,821.72,2026-02-21 19:40:53
OI00006119,ORD0002765,PROD000073,4,9.42,0.0,37.68,2026-02-21 19:40:53
OI00006120,ORD0002766,PROD000032,1,305.5,0.0,305.5,2026-07-01 19:33:19
OI00006121,ORD0002766,PROD000048,2,312.1,0.0,624.2,2026-07-01 19:33:19
OI00006122,ORD0002766,PROD000127,2,216.42,0.0,432.84,2026-07-01 19:33:19
OI00006123,ORD0002767,PROD000004,2,71.87,14.37,129.37,2026-03-21 09:23:08
OI00006124,ORD0002768,PROD000074,1,260.67,13.03,247.64,2026-05-06 06:31:27
OI00006125,ORD0002768,PROD000027,2,174.59,0.0,349.18,2026-05-06 06:31:27
OI00006126,ORD0002769,PROD000162,2,85.74,0.0,171.48,2026-08-08 20:29:55
OI00006127,ORD0002769,PROD000143,2,293.11,0.0,586.22,2026-08-08 20:29:55
OI00006128,ORD0002770,PROD000124,4,396.34,0.0,1585.36,2026-02-19 06:06:08
OI00006129,ORD0002771,PROD000126,1,5.66,0.0,5.66,2026-05-23 18:32:21
OI00006130,ORD0002772,PROD000042,1,358.03,0.0,358.03,2026-02-17 19:00:42
OI00006131,ORD0002772,PROD000045,1,70.0,3.5,66.5,2026-02-17 19:00:42
OI00006132,ORD0002773,PROD000068,1,253.43,0.0,253.43,2026-05-24 17:35:47
OI00006133,ORD0002773,PROD000130,1,251.9,0.0,251.9,2026-05-24 17:35:47
OI00006134,ORD0002773,PROD000116,1,33.83,0.0,33.83,2026-05-24 17:35:47
OI00006135,ORD0002774,PROD000012,1,374.67,0.0,374.67,2026-04-17 21:56:24
OI00006136,ORD0002774,PROD000004,3,71.87,21.56,194.05,2026-04-17 21:56:24
OI00006137,ORD0002774,PROD000156,2,208.16,0.0,416.32,2026-04-17 21:56:24
OI00006138,ORD0002774,PROD000003,1,265.29,0.0,265.29,2026-04-17 21:56:24
OI00006139,ORD0002774,PROD000102,1,157.31,15.73,141.58,2026-04-17 21:56:24
OI00006140,ORD0002775,PROD000186,1,106.06,5.3,100.76,2026-03-28 05:25:55
OI00006141,ORD0002775,PROD000179,1,100.96,0.0,100.96,2026-03-28 05:25:55
OI00006142,ORD0002775,PROD000041,1,287.98,28.8,259.18,2026-03-28 05:25:55
OI00006143,ORD0002776,PROD000184,1,192.54,0.0,192.54,2026-06-03 19:47:10
OI00006144,ORD0002776,PROD000109,1,87.72,8.77,78.95,2026-06-03 19:47:10
OI00006145,ORD0002777,PROD000176,2,395.87,0.0,791.74,2026-07-13 08:03:28
OI00006146,ORD0002777,PROD000188,1,114.4,5.72,108.68,2026-07-13 08:03:28
OI00006147,ORD0002777,PROD000045,1,70.0,0.0,70.0,2026-07-13 08:03:28
OI00006148,ORD0002778,PROD000164,2,179.02,0.0,358.04,2026-07-02 17:54:15
OI00006149,ORD0002779,PROD000174,1,225.67,11.28,214.39,2026-07-31 14:17:39
OI00006150,ORD0002780,PROD000040,1,202.37,0.0,202.37,2026-05-19 09:54:33
OI00006151,ORD0002780,PROD000146,1,237.64,0.0,237.64,2026-05-19 09:54:33
OI00006152,ORD0002780,PROD000185,2,186.5,37.3,335.7,2026-05-19 09:54:33
OI00006153,ORD0002781,PROD000198,2,307.49,0.0,614.98,2026-07-19 22:22:20
OI00006154,ORD0002782,PROD000159,2,90.28,0.0,180.56,2026-07-15 07:42:48
OI00006155,ORD0002782,PROD000092,1,90.01,0.0,90.01,2026-07-15 07:42:48
OI00006156,ORD0002783,PROD000153,4,46.39,27.83,157.73,2026-07-23 05:46:44
OI00006157,ORD0002783,PROD000021,1,325.45,0.0,325.45,2026-07-23 05:46:44
OI00006158,ORD0002783,PROD000019,1,64.3,3.21,61.09,2026-07-23 05:46:44
OI00006159,ORD0002783,PROD000158,1,391.88,0.0,391.88,2026-07-23 05:46:44
OI00006160,ORD0002784,PROD000147,4,359.37,0.0,1437.48,2026-04-21 06:53:02
OI00006161,ORD0002785,PROD000006,1,276.33,0.0,276.33,2026-06-21 01:11:01
OI00006162,ORD0002785,PROD000100,1,125.62,0.0,125.62,2026-06-21 01:11:01
OI00006163,ORD0002786,PROD000097,4,119.02,47.61,428.47,2026-08-02 12:20:28
OI00006164,ORD0002787,PROD000170,1,39.7,0.0,39.7,2026-07-29 12:32:01
OI00006165,ORD0002787,PROD000004,2,71.87,0.0,143.74,2026-07-29 12:32:01
OI00006166,ORD0002788,PROD000194,2,99.76,0.0,199.52,2026-05-23 20:09:17
OI00006167,ORD0002788,PROD000081,1,267.87,53.57,214.3,2026-05-23 20:09:17
OI00006168,ORD0002789,PROD000075,2,10.1,0.0,20.2,2026-07-13 04:02:25
OI00006169,ORD0002790,PROD000081,1,267.87,40.18,227.69,2026-06-17 07:31:57
OI00006170,ORD0002790,PROD000129,4,280.22,168.13,952.75,2026-06-17 07:31:57
OI00006171,ORD0002791,PROD000192,1,122.14,0.0,122.14,2026-05-10 18:08:42
OI00006172,ORD0002792,PROD000074,3,260.67,0.0,782.01,2026-04-18 22:41:29
OI00006173,ORD0002793,PROD000127,4,216.42,43.28,822.4,2026-03-29 11:00:20
OI00006174,ORD0002793,PROD000069,2,332.4,99.72,565.08,2026-03-29 11:00:20
OI00006175,ORD0002793,PROD000059,2,368.8,0.0,737.6,2026-03-29 11:00:20
OI00006176,ORD0002793,PROD000120,4,200.42,0.0,801.68,2026-03-29 11:00:20
OI00006177,ORD0002794,PROD000101,1,140.13,21.02,119.11,2026-03-23 06:32:26
OI00006178,ORD0002794,PROD000007,1,255.16,0.0,255.16,2026-03-23 06:32:26
OI00006179,ORD0002794,PROD000119,1,93.67,9.37,84.3,2026-03-23 06:32:26
OI00006180,ORD0002794,PROD000107,1,128.32,0.0,128.32,2026-03-23 06:32:26
OI00006181,ORD0002795,PROD000069,1,332.4,0.0,332.4,2026-03-01 13:21:22
OI00006182,ORD0002796,PROD000002,1,68.17,0.0,68.17,2026-03-23 10:16:40
OI00006183,ORD0002797,PROD000137,2,16.14,0.0,32.28,2026-05-22 09:21:42
OI00006184,ORD0002797,PROD000011,1,74.18,0.0,74.18,2026-05-22 09:21:42
OI00006185,ORD0002797,PROD000119,1,93.67,0.0,93.67,2026-05-22 09:21:42
OI00006186,ORD0002798,PROD000159,1,90.28,0.0,90.28,2026-07-02 16:28:54
OI00006187,ORD0002799,PROD000189,2,184.49,18.45,350.53,2026-08-04 06:15:56
OI00006188,ORD0002800,PROD000129,3,280.22,0.0,840.66,2026-03-08 22:33:00
OI00006189,ORD0002800,PROD000083,1,119.55,0.0,119.55,2026-03-08 22:33:00
OI00006190,ORD0002801,PROD000062,1,129.94,25.99,103.95,2026-07-18 00:21:38
OI00006191,ORD0002801,PROD000195,1,397.59,0.0,397.59,2026-07-18 00:21:38
OI00006192,ORD0002801,PROD000115,2,66.23,0.0,132.46,2026-07-18 00:21:38
OI00006193,ORD0002801,PROD000161,3,310.12,0.0,930.36,2026-07-18 00:21:38
OI00006194,ORD0002801,PROD000077,1,172.06,0.0,172.06,2026-07-18 00:21:38
OI00006195,ORD0002802,PROD000089,2,270.52,0.0,541.04,2026-07-28 08:05:44
OI00006196,ORD0002802,PROD000149,1,259.04,12.95,246.09,2026-07-28 08:05:44
OI00006197,ORD0002803,PROD000182,1,116.92,0.0,116.92,2026-05-08 19:46:04
OI00006198,ORD0002803,PROD000008,4,181.13,0.0,724.52,2026-05-08 19:46:04
OI00006199,ORD0002803,PROD000091,1,244.05,12.2,231.85,2026-05-08 19:46:04
OI00006200,ORD0002804,PROD000152,1,68.44,0.0,68.44,2026-03-23 08:51:34
OI00006201,ORD0002804,PROD000124,1,396.34,19.82,376.52,2026-03-23 08:51:34
OI00006202,ORD0002805,PROD000057,1,282.26,0.0,282.26,2026-06-03 07:05:14
OI00006203,ORD0002806,PROD000073,2,9.42,0.0,18.84,2026-05-15 14:58:19
OI00006204,ORD0002806,PROD000092,2,90.01,0.0,180.02,2026-05-15 14:58:19
OI00006205,ORD0002806,PROD000164,1,179.02,0.0,179.02,2026-05-15 14:58:19
OI00006206,ORD0002807,PROD000132,1,86.93,8.69,78.24,2026-05-08 22:31:04
OI00006207,ORD0002807,PROD000077,1,172.06,0.0,172.06,2026-05-08 22:31:04
OI00006208,ORD0002807,PROD000057,2,282.26,0.0,564.52,2026-05-08 22:31:04
OI00006209,ORD0002808,PROD000020,1,59.38,0.0,59.38,2026-03-01 18:13:06
OI00006210,ORD0002809,PROD000194,1,99.76,0.0,99.76,2026-06-20 01:14:53
OI00006211,ORD0002810,PROD000112,2,76.78,0.0,153.56,2026-05-23 13:15:46
OI00006212,ORD0002811,PROD000023,2,69.84,20.95,118.73,2026-06-21 03:51:10
OI00006213,ORD0002811,PROD000075,1,10.1,0.0,10.1,2026-06-21 03:51:10
OI00006214,ORD0002812,PROD000074,1,260.67,0.0,260.67,2026-06-17 10:41:12
OI00006215,ORD0002812,PROD000187,1,260.32,0.0,260.32,2026-06-17 10:41:12
OI00006216,ORD0002813,PROD000090,3,82.64,37.19,210.73,2026-04-18 08:18:41
OI00006217,ORD0002814,PROD000002,1,68.17,0.0,68.17,2026-02-26 10:25:57
OI00006218,ORD0002814,PROD000075,2,10.1,0.0,20.2,2026-02-26 10:25:57
OI00006219,ORD0002815,PROD000116,1,33.83,0.0,33.83,2026-03-31 01:17:03
OI00006220,ORD0002815,PROD000158,4,391.88,0.0,1567.52,2026-03-31 01:17:03
OI00006221,ORD0002815,PROD000189,1,184.49,0.0,184.49,2026-03-31 01:17:03
OI00006222,ORD0002816,PROD000108,1,87.18,0.0,87.18,2026-03-28 16:16:56
OI00006223,ORD0002817,PROD000177,4,200.82,120.49,682.79,2026-05-18 16:45:13
OI00006224,ORD0002818,PROD000103,1,30.32,0.0,30.32,2026-05-24 09:36:43
OI00006225,ORD0002819,PROD000174,4,225.67,0.0,902.68,2026-05-12 10:43:53
OI00006226,ORD0002819,PROD000181,1,132.65,0.0,132.65,2026-05-12 10:43:53
OI00006227,ORD0002820,PROD000082,1,49.54,0.0,49.54,2026-06-22 14:50:47
OI00006228,ORD0002821,PROD000159,2,90.28,0.0,180.56,2026-05-28 00:44:04
OI00006229,ORD0002821,PROD000133,2,7.24,0.0,14.48,2026-05-28 00:44:04
OI00006230,ORD0002821,PROD000027,1,174.59,0.0,174.59,2026-05-28 00:44:04
OI00006231,ORD0002822,PROD000036,1,22.66,0.0,22.66,2026-05-03 14:09:53
OI00006232,ORD0002822,PROD000038,2,84.38,16.88,151.88,2026-05-03 14:09:53
OI00006233,ORD0002823,PROD000039,1,318.97,0.0,318.97,2026-04-25 20:45:49
OI00006234,ORD0002824,PROD000026,1,165.8,0.0,165.8,2026-04-17 00:09:14
OI00006235,ORD0002825,PROD000183,1,239.94,0.0,239.94,2026-03-31 01:42:43
OI00006236,ORD0002826,PROD000138,4,154.12,0.0,616.48,2026-04-16 06:14:48
OI00006237,ORD0002827,PROD000152,2,68.44,13.69,123.19,2026-08-14 06:17:26
OI00006238,ORD0002828,PROD000001,1,240.76,0.0,240.76,2026-06-13 17:59:23
OI00006239,ORD0002828,PROD000156,1,208.16,20.82,187.34,2026-06-13 17:59:23
OI00006240,ORD0002828,PROD000051,1,128.31,0.0,128.31,2026-06-13 17:59:23
OI00006241,ORD0002828,PROD000183,1,239.94,0.0,239.94,2026-06-13 17:59:23
OI00006242,ORD0002829,PROD000053,1,381.96,0.0,381.96,2026-05-11 10:30:53
OI00006243,ORD0002830,PROD000049,2,343.12,0.0,686.24,2026-07-20 03:34:36
OI00006244,ORD0002831,PROD000044,3,137.29,41.19,370.68,2026-03-03 08:27:10
OI00006245,ORD0002832,PROD000170,4,39.7,0.0,158.8,2026-03-08 09:32:59
OI00006246,ORD0002833,PROD000195,1,397.59,0.0,397.59,2026-02-23 09:37:55
OI00006247,ORD0002833,PROD000026,3,165.8,0.0,497.4,2026-02-23 09:37:55
OI00006248,ORD0002833,PROD000079,4,315.96,0.0,1263.84,2026-02-23 09:37:55
OI00006249,ORD0002833,PROD000084,1,172.79,0.0,172.79,2026-02-23 09:37:55
OI00006250,ORD0002834,PROD000115,3,66.23,0.0,198.69,2026-08-05 02:41:36
OI00006251,ORD0002835,PROD000096,2,151.87,0.0,303.74,2026-04-04 01:41:29
OI00006252,ORD0002835,PROD000156,2,208.16,0.0,416.32,2026-04-04 01:41:29
OI00006253,ORD0002835,PROD000065,2,459.64,0.0,919.28,2026-04-04 01:41:29
OI00006254,ORD0002835,PROD000057,3,282.26,84.68,762.1,2026-04-04 01:41:29
OI00006255,ORD0002836,PROD000101,1,140.13,0.0,140.13,2026-04-19 06:02:37
OI00006256,ORD0002836,PROD000161,4,310.12,0.0,1240.48,2026-04-19 06:02:37
OI00006257,ORD0002837,PROD000002,1,68.17,6.82,61.35,2026-03-20 11:11:47
OI00006258,ORD0002838,PROD000080,2,288.18,0.0,576.36,2026-06-07 07:52:19
OI00006259,ORD0002838,PROD000132,2,86.93,0.0,173.86,2026-06-07 07:52:19
OI00006260,ORD0002838,PROD000180,1,443.88,0.0,443.88,2026-06-07 07:52:19
OI00006261,ORD0002839,PROD000037,1,48.34,7.25,41.09,2026-05-19 08:35:40
OI00006262,ORD0002840,PROD000181,3,132.65,0.0,397.95,2026-02-15 11:11:21
OI00006263,ORD0002840,PROD000190,1,270.32,0.0,270.32,2026-02-15 11:11:21
OI00006264,ORD0002840,PROD000074,3,260.67,78.2,703.81,2026-02-15 11:11:21
OI00006265,ORD0002841,PROD000125,1,169.29,8.46,160.83,2026-05-31 04:41:19
OI00006266,ORD0002841,PROD000116,3,33.83,5.07,96.42,2026-05-31 04:41:19
OI00006267,ORD0002841,PROD000184,3,192.54,0.0,577.62,2026-05-31 04:41:19
OI00006268,ORD0002842,PROD000081,2,267.87,0.0,535.74,2026-05-04 21:02:15
OI00006269,ORD0002843,PROD000181,3,132.65,0.0,397.95,2026-03-26 12:27:20
OI00006270,ORD0002843,PROD000018,3,6.39,0.96,18.21,2026-03-26 12:27:20
OI00006271,ORD0002843,PROD000083,4,119.55,0.0,478.2,2026-03-26 12:27:20
OI00006272,ORD0002843,PROD000061,1,85.11,0.0,85.11,2026-03-26 12:27:20
OI00006273,ORD0002843,PROD000084,2,172.79,0.0,345.58,2026-03-26 12:27:20
OI00006274,ORD0002844,PROD000008,2,181.13,36.23,326.03,2026-02-27 21:04:21
OI00006275,ORD0002845,PROD000124,1,396.34,0.0,396.34,2026-03-06 15:11:10
OI00006276,ORD0002846,PROD000114,2,36.68,7.34,66.02,2026-06-08 07:40:42
OI00006277,ORD0002847,PROD000010,1,238.36,11.92,226.44,2026-08-02 05:01:29
OI00006278,ORD0002847,PROD000029,1,12.47,0.62,11.85,2026-08-02 05:01:29
OI00006279,ORD0002847,PROD000036,1,22.66,0.0,22.66,2026-08-02 05:01:29
OI00006280,ORD0002848,PROD000007,1,255.16,12.76,242.4,2026-03-14 00:47:32
OI00006281,ORD0002848,PROD000079,2,315.96,31.6,600.32,2026-03-14 00:47:32
OI00006282,ORD0002848,PROD000071,1,259.22,0.0,259.22,2026-03-14 00:47:32
OI00006283,ORD0002849,PROD000080,2,288.18,0.0,576.36,2026-03-07 19:53:51
OI00006284,ORD0002849,PROD000160,1,181.18,0.0,181.18,2026-03-07 19:53:51
OI00006285,ORD0002849,PROD000170,1,39.7,0.0,39.7,2026-03-07 19:53:51
OI00006286,ORD0002849,PROD000057,1,282.26,14.11,268.15,2026-03-07 19:53:51
OI00006287,ORD0002849,PROD000005,2,219.89,0.0,439.78,2026-03-07 19:53:51
OI00006288,ORD0002850,PROD000146,1,237.64,0.0,237.64,2026-05-15 00:50:00
OI00006289,ORD0002850,PROD000127,1,216.42,0.0,216.42,2026-05-15 00:50:00
OI00006290,ORD0002850,PROD000155,4,67.32,0.0,269.28,2026-05-15 00:50:00
OI00006291,ORD0002851,PROD000160,1,181.18,0.0,181.18,2026-03-15 21:33:14
OI00006292,ORD0002851,PROD000098,3,188.42,0.0,565.26,2026-03-15 21:33:14
OI00006293,ORD0002852,PROD000094,1,170.67,0.0,170.67,2026-03-04 14:49:14
OI00006294,ORD0002853,PROD000103,2,30.32,0.0,60.64,2026-03-31 09:46:30
OI00006295,ORD0002854,PROD000141,1,54.3,0.0,54.3,2026-03-12 19:54:26
OI00006296,ORD0002854,PROD000050,1,110.2,0.0,110.2,2026-03-12 19:54:26
OI00006297,ORD0002854,PROD000090,1,82.64,0.0,82.64,2026-03-12 19:54:26
OI00006298,ORD0002854,PROD000098,1,188.42,0.0,188.42,2026-03-12 19:54:26
OI00006299,ORD0002854,PROD000060,1,313.56,0.0,313.56,2026-03-12 19:54:26
OI00006300,ORD0002855,PROD000009,2,247.91,0.0,495.82,2026-04-03 06:59:01
OI00006301,ORD0002855,PROD000174,2,225.67,0.0,451.34,2026-04-03 06:59:01
OI00006302,ORD0002855,PROD000119,1,93.67,0.0,93.67,2026-04-03 06:59:01
OI00006303,ORD0002856,PROD000168,2,433.94,0.0,867.88,2026-07-15 01:41:39
OI00006304,ORD0002856,PROD000027,1,174.59,0.0,174.59,2026-07-15 01:41:39
OI00006305,ORD0002856,PROD000075,1,10.1,0.51,9.59,2026-07-15 01:41:39
OI00006306,ORD0002857,PROD000125,2,169.29,0.0,338.58,2026-06-10 12:07:50
OI00006307,ORD0002857,PROD000086,1,216.37,21.64,194.73,2026-06-10 12:07:50
OI00006308,ORD0002858,PROD000119,1,93.67,0.0,93.67,2026-05-18 06:40:12
OI00006309,ORD0002859,PROD000022,1,302.51,45.38,257.13,2026-06-07 01:38:54
OI00006310,ORD0002859,PROD000010,1,238.36,0.0,238.36,2026-06-07 01:38:54
OI00006311,ORD0002860,PROD000141,1,54.3,0.0,54.3,2026-06-13 12:52:17
OI00006312,ORD0002860,PROD000176,1,395.87,0.0,395.87,2026-06-13 12:52:17
OI00006313,ORD0002861,PROD000062,1,129.94,0.0,129.94,2026-02-16 00:44:57
OI00006314,ORD0002861,PROD000181,3,132.65,0.0,397.95,2026-02-16 00:44:57
OI00006315,ORD0002862,PROD000069,2,332.4,0.0,664.8,2026-03-10 20:29:36
OI00006316,ORD0002863,PROD000092,2,90.01,0.0,180.02,2026-05-27 03:10:01
OI00006317,ORD0002863,PROD000031,2,62.29,0.0,124.58,2026-05-27 03:10:01
OI00006318,ORD0002864,PROD000006,2,276.33,0.0,552.66,2026-07-08 11:26:37
OI00006319,ORD0002864,PROD000156,2,208.16,0.0,416.32,2026-07-08 11:26:37
OI00006320,ORD0002864,PROD000077,2,172.06,51.62,292.5,2026-07-08 11:26:37
OI00006321,ORD0002864,PROD000001,1,240.76,24.08,216.68,2026-07-08 11:26:37
OI00006322,ORD0002865,PROD000164,1,179.02,35.8,143.22,2026-05-31 13:49:33
OI00006323,ORD0002866,PROD000096,1,151.87,0.0,151.87,2026-05-28 01:25:41
OI00006324,ORD0002866,PROD000099,1,244.63,12.23,232.4,2026-05-28 01:25:41
OI00006325,ORD0002866,PROD000006,1,276.33,0.0,276.33,2026-05-28 01:25:41
OI00006326,ORD0002867,PROD000168,1,433.94,86.79,347.15,2026-02-27 12:40:39
OI00006327,ORD0002867,PROD000143,1,293.11,0.0,293.11,2026-02-27 12:40:39
OI00006328,ORD0002867,PROD000010,1,238.36,11.92,226.44,2026-02-27 12:40:39
OI00006329,ORD0002868,PROD000109,1,87.72,0.0,87.72,2026-04-30 05:04:54
OI00006330,ORD0002868,PROD000013,1,286.54,14.33,272.21,2026-04-30 05:04:54
OI00006331,ORD0002869,PROD000088,2,381.45,0.0,762.9,2026-02-25 06:25:05
OI00006332,ORD0002870,PROD000079,2,315.96,0.0,631.92,2026-06-28 05:39:00
OI00006333,ORD0002870,PROD000159,4,90.28,18.06,343.06,2026-06-28 05:39:00
OI00006334,ORD0002871,PROD000140,1,156.23,15.62,140.61,2026-05-10 18:01:44
OI00006335,ORD0002872,PROD000014,1,171.48,0.0,171.48,2026-05-11 13:28:22
OI00006336,ORD0002872,PROD000152,1,68.44,0.0,68.44,2026-05-11 13:28:22
OI00006337,ORD0002873,PROD000110,2,112.33,0.0,224.66,2026-04-11 20:31:18
OI00006338,ORD0002873,PROD000133,1,7.24,0.0,7.24,2026-04-11 20:31:18
OI00006339,ORD0002873,PROD000103,1,30.32,0.0,30.32,2026-04-11 20:31:18
OI00006340,ORD0002873,PROD000056,4,23.5,0.0,94.0,2026-04-11 20:31:18
OI00006341,ORD0002874,PROD000007,1,255.16,0.0,255.16,2026-06-21 15:33:06
OI00006342,ORD0002874,PROD000057,1,282.26,0.0,282.26,2026-06-21 15:33:06
OI00006343,ORD0002875,PROD000112,2,76.78,0.0,153.56,2026-02-17 00:09:54
OI00006344,ORD0002875,PROD000003,1,265.29,0.0,265.29,2026-02-17 00:09:54
OI00006345,ORD0002875,PROD000169,1,53.52,2.68,50.84,2026-02-17 00:09:54
OI00006346,ORD0002876,PROD000075,3,10.1,0.0,30.3,2026-05-30 05:05:36
OI00006347,ORD0002877,PROD000184,1,192.54,0.0,192.54,2026-07-17 15:47:42
OI00006348,ORD0002877,PROD000038,1,84.38,4.22,80.16,2026-07-17 15:47:42
OI00006349,ORD0002878,PROD000005,2,219.89,43.98,395.8,2026-06-04 13:01:21
OI00006350,ORD0002878,PROD000049,1,343.12,0.0,343.12,2026-06-04 13:01:21
OI00006351,ORD0002878,PROD000148,1,111.17,11.12,100.05,2026-06-04 13:01:21
OI00006352,ORD0002879,PROD000177,2,200.82,0.0,401.64,2026-07-16 16:24:34
OI00006353,ORD0002879,PROD000162,1,85.74,0.0,85.74,2026-07-16 16:24:34
OI00006354,ORD0002879,PROD000060,2,313.56,0.0,627.12,2026-07-16 16:24:34
OI00006355,ORD0002879,PROD000052,1,289.95,0.0,289.95,2026-07-16 16:24:34
OI00006356,ORD0002880,PROD000062,2,129.94,12.99,246.89,2026-06-08 04:05:50
OI00006357,ORD0002881,PROD000095,1,317.49,0.0,317.49,2026-05-22 03:41:41
OI00006358,ORD0002882,PROD000049,1,343.12,0.0,343.12,2026-06-10 09:48:13
OI00006359,ORD0002882,PROD000161,1,310.12,0.0,310.12,2026-06-10 09:48:13
OI00006360,ORD0002882,PROD000005,1,219.89,10.99,208.9,2026-06-10 09:48:13
OI00006361,ORD0002883,PROD000042,1,358.03,0.0,358.03,2026-05-02 06:46:42
OI00006362,ORD0002883,PROD000030,2,113.9,34.17,193.63,2026-05-02 06:46:42
OI00006363,ORD0002883,PROD000119,1,93.67,0.0,93.67,2026-05-02 06:46:42
OI00006364,ORD0002884,PROD000035,1,197.66,0.0,197.66,2026-05-09 08:56:39
OI00006365,ORD0002884,PROD000103,1,30.32,0.0,30.32,2026-05-09 08:56:39
OI00006366,ORD0002884,PROD000116,1,33.83,0.0,33.83,2026-05-09 08:56:39
OI00006367,ORD0002885,PROD000162,1,85.74,8.57,77.17,2026-07-26 13:19:46
OI00006368,ORD0002885,PROD000155,1,67.32,0.0,67.32,2026-07-26 13:19:46
OI00006369,ORD0002885,PROD000111,4,209.32,167.46,669.82,2026-07-26 13:19:46
OI00006370,ORD0002886,PROD000037,1,48.34,0.0,48.34,2026-02-22 11:07:16
OI00006371,ORD0002886,PROD000171,3,118.83,35.65,320.84,2026-02-22 11:07:16
OI00006372,ORD0002886,PROD000112,1,76.78,11.52,65.26,2026-02-22 11:07:16
OI00006373,ORD0002886,PROD000093,1,51.13,0.0,51.13,2026-02-22 11:07:16
OI00006374,ORD0002886,PROD000062,3,129.94,19.49,370.33,2026-02-22 11:07:16
OI00006375,ORD0002887,PROD000006,1,276.33,0.0,276.33,2026-02-27 11:18:45
OI00006376,ORD0002887,PROD000020,2,59.38,5.94,112.82,2026-02-27 11:18:45
OI00006377,ORD0002888,PROD000184,1,192.54,9.63,182.91,2026-04-28 15:20:04
OI00006378,ORD0002888,PROD000070,1,251.87,0.0,251.87,2026-04-28 15:20:04
OI00006379,ORD0002889,PROD000007,1,255.16,0.0,255.16,2026-06-29 00:19:41
OI00006380,ORD0002889,PROD000129,2,280.22,0.0,560.44,2026-06-29 00:19:41
OI00006381,ORD0002889,PROD000086,2,216.37,0.0,432.74,2026-06-29 00:19:41
OI00006382,ORD0002889,PROD000061,2,85.11,0.0,170.22,2026-06-29 00:19:41
OI00006383,ORD0002890,PROD000051,2,128.31,25.66,230.96,2026-06-08 15:55:21
OI00006384,ORD0002890,PROD000090,2,82.64,8.26,157.02,2026-06-08 15:55:21
OI00006385,ORD0002890,PROD000137,2,16.14,0.0,32.28,2026-06-08 15:55:21
OI00006386,ORD0002891,PROD000022,2,302.51,0.0,605.02,2026-04-09 10:24:04
OI00006387,ORD0002891,PROD000100,1,125.62,0.0,125.62,2026-04-09 10:24:04
OI00006388,ORD0002892,PROD000196,2,135.89,0.0,271.78,2026-06-07 01:45:04
OI00006389,ORD0002892,PROD000042,1,358.03,0.0,358.03,2026-06-07 01:45:04
OI00006390,ORD0002892,PROD000200,1,107.97,0.0,107.97,2026-06-07 01:45:04
OI00006391,ORD0002892,PROD000074,2,260.67,0.0,521.34,2026-06-07 01:45:04
OI00006392,ORD0002893,PROD000190,1,270.32,0.0,270.32,2026-03-03 22:24:04
OI00006393,ORD0002894,PROD000144,3,398.95,0.0,1196.85,2026-02-21 14:03:03
OI00006394,ORD0002894,PROD000055,3,324.24,0.0,972.72,2026-02-21 14:03:03
OI00006395,ORD0002895,PROD000106,1,13.25,0.0,13.25,2026-06-11 15:15:40
OI00006396,ORD0002895,PROD000093,1,51.13,10.23,40.9,2026-06-11 15:15:40
OI00006397,ORD0002896,PROD000002,2,68.17,0.0,136.34,2026-04-29 22:07:56
OI00006398,ORD0002896,PROD000034,2,376.06,37.61,714.51,2026-04-29 22:07:56
OI00006399,ORD0002896,PROD000151,2,220.37,0.0,440.74,2026-04-29 22:07:56
OI00006400,ORD0002897,PROD000127,2,216.42,0.0,432.84,2026-07-12 00:58:42
OI00006401,ORD0002897,PROD000103,2,30.32,0.0,60.64,2026-07-12 00:58:42
OI00006402,ORD0002898,PROD000176,1,395.87,0.0,395.87,2026-07-15 01:32:48
OI00006403,ORD0002898,PROD000100,1,125.62,18.84,106.78,2026-07-15 01:32:48
OI00006404,ORD0002899,PROD000073,1,9.42,0.0,9.42,2026-02-27 01:37:16
OI00006405,ORD0002900,PROD000186,3,106.06,0.0,318.18,2026-08-11 12:39:42
OI00006406,ORD0002900,PROD000132,1,86.93,0.0,86.93,2026-08-11 12:39:42
OI00006407,ORD0002900,PROD000107,1,128.32,0.0,128.32,2026-08-11 12:39:42
OI00006408,ORD0002900,PROD000196,3,135.89,0.0,407.67,2026-08-11 12:39:42
OI00006409,ORD0002901,PROD000185,2,186.5,0.0,373.0,2026-06-12 03:54:56
OI00006410,ORD0002902,PROD000077,3,172.06,0.0,516.18,2026-07-24 01:42:29
OI00006411,ORD0002903,PROD000117,1,96.57,0.0,96.57,2026-03-28 13:57:49
OI00006412,ORD0002904,PROD000111,3,209.32,0.0,627.96,2026-07-23 00:35:40
OI00006413,ORD0002904,PROD000055,1,324.24,0.0,324.24,2026-07-23 00:35:40
OI00006414,ORD0002904,PROD000071,1,259.22,0.0,259.22,2026-07-23 00:35:40
OI00006415,ORD0002905,PROD000033,2,240.82,0.0,481.64,2026-06-10 21:30:50
OI00006416,ORD0002905,PROD000112,3,76.78,11.52,218.82,2026-06-10 21:30:50
OI00006417,ORD0002905,PROD000042,1,358.03,0.0,358.03,2026-06-10 21:30:50
OI00006418,ORD0002905,PROD000017,1,177.67,0.0,177.67,2026-06-10 21:30:50
OI00006419,ORD0002906,PROD000032,1,305.5,0.0,305.5,2026-07-28 02:57:04
OI00006420,ORD0002906,PROD000117,2,96.57,0.0,193.14,2026-07-28 02:57:04
OI00006421,ORD0002907,PROD000020,1,59.38,0.0,59.38,2026-07-13 20:46:27
OI00006422,ORD0002907,PROD000142,2,276.94,0.0,553.88,2026-07-13 20:46:27
OI00006423,ORD0002907,PROD000037,1,48.34,0.0,48.34,2026-07-13 20:46:27
OI00006424,ORD0002907,PROD000049,4,343.12,137.25,1235.23,2026-07-13 20:46:27
OI00006425,ORD0002908,PROD000147,1,359.37,0.0,359.37,2026-02-27 02:29:06
OI00006426,ORD0002908,PROD000189,1,184.49,0.0,184.49,2026-02-27 02:29:06
OI00006427,ORD0002909,PROD000007,1,255.16,0.0,255.16,2026-04-02 03:20:09
OI00006428,ORD0002909,PROD000176,1,395.87,0.0,395.87,2026-04-02 03:20:09
OI00006429,ORD0002909,PROD000051,4,128.31,0.0,513.24,2026-04-02 03:20:09
OI00006430,ORD0002909,PROD000082,3,49.54,7.43,141.19,2026-04-02 03:20:09
OI00006431,ORD0002909,PROD000018,4,6.39,0.0,25.56,2026-04-02 03:20:09
OI00006432,ORD0002910,PROD000124,1,396.34,0.0,396.34,2026-04-03 11:11:04
OI00006433,ORD0002911,PROD000031,1,62.29,3.11,59.18,2026-02-22 20:29:30
OI00006434,ORD0002912,PROD000091,4,244.05,97.62,878.58,2026-05-07 14:35:12
OI00006435,ORD0002913,PROD000044,1,137.29,0.0,137.29,2026-04-18 09:44:58
OI00006436,ORD0002914,PROD000171,2,118.83,11.88,225.78,2026-05-10 09:54:38
OI00006437,ORD0002914,PROD000100,2,125.62,0.0,251.24,2026-05-10 09:54:38
OI00006438,ORD0002915,PROD000034,1,376.06,0.0,376.06,2026-08-15 02:30:00
OI00006439,ORD0002915,PROD000103,3,30.32,4.55,86.41,2026-08-15 02:30:00
OI00006440,ORD0002915,PROD000156,1,208.16,0.0,208.16,2026-08-15 02:30:00
OI00006441,ORD0002916,PROD000063,1,61.43,0.0,61.43,2026-04-07 13:25:55
OI00006442,ORD0002916,PROD000121,3,311.61,0.0,934.83,2026-04-07 13:25:55
OI00006443,ORD0002916,PROD000142,2,276.94,0.0,553.88,2026-04-07 13:25:55
OI00006444,ORD0002917,PROD000125,1,169.29,0.0,169.29,2026-06-24 09:01:42
OI00006445,ORD0002917,PROD000052,2,289.95,29.0,550.9,2026-06-24 09:01:42
OI00006446,ORD0002917,PROD000159,1,90.28,9.03,81.25,2026-06-24 09:01:42
OI00006447,ORD0002918,PROD000047,1,125.52,18.83,106.69,2026-03-24 02:39:55
OI00006448,ORD0002918,PROD000075,2,10.1,1.01,19.19,2026-03-24 02:39:55
OI00006449,ORD0002919,PROD000057,1,282.26,28.23,254.03,2026-06-05 14:42:30
OI00006450,ORD0002919,PROD000142,1,276.94,41.54,235.4,2026-06-05 14:42:30
OI00006451,ORD0002920,PROD000169,1,53.52,0.0,53.52,2026-03-25 19:37:39
OI00006452,ORD0002920,PROD000011,2,74.18,7.42,140.94,2026-03-25 19:37:39
OI00006453,ORD0002920,PROD000028,4,209.71,0.0,838.84,2026-03-25 19:37:39
OI00006454,ORD0002921,PROD000066,1,424.54,63.68,360.86,2026-06-19 21:05:27
OI00006455,ORD0002921,PROD000010,1,238.36,23.84,214.52,2026-06-19 21:05:27
OI00006456,ORD0002922,PROD000055,1,324.24,0.0,324.24,2026-08-11 14:55:26
OI00006457,ORD0002922,PROD000032,1,305.5,0.0,305.5,2026-08-11 14:55:26
OI00006458,ORD0002922,PROD000078,1,44.16,0.0,44.16,2026-08-11 14:55:26
OI00006459,ORD0002923,PROD000194,1,99.76,0.0,99.76,2026-03-17 05:17:36
OI00006460,ORD0002924,PROD000066,1,424.54,0.0,424.54,2026-05-23 03:56:39
OI00006461,ORD0002924,PROD000106,4,13.25,0.0,53.0,2026-05-23 03:56:39
OI00006462,ORD0002924,PROD000082,1,49.54,2.48,47.06,2026-05-23 03:56:39
OI00006463,ORD0002924,PROD000017,1,177.67,0.0,177.67,2026-05-23 03:56:39
OI00006464,ORD0002925,PROD000148,1,111.17,0.0,111.17,2026-04-07 23:25:01
OI00006465,ORD0002925,PROD000004,3,71.87,10.78,204.83,2026-04-07 23:25:01
OI00006466,ORD0002926,PROD000180,2,443.88,0.0,887.76,2026-06-01 10:39:24
OI00006467,ORD0002927,PROD000104,2,219.63,87.85,351.41,2026-06-22 15:08:03
OI00006468,ORD0002927,PROD000053,2,381.96,0.0,763.92,2026-06-22 15:08:03
OI00006469,ORD0002927,PROD000094,1,170.67,8.53,162.14,2026-06-22 15:08:03
OI00006470,ORD0002927,PROD000055,4,324.24,0.0,1296.96,2026-06-22 15:08:03
OI00006471,ORD0002928,PROD000084,4,172.79,0.0,691.16,2026-08-09 15:34:47
OI00006472,ORD0002929,PROD000026,1,165.8,0.0,165.8,2026-04-27 09:56:44
OI00006473,ORD0002929,PROD000194,2,99.76,19.95,179.57,2026-04-27 09:56:44
OI00006474,ORD0002929,PROD000112,2,76.78,0.0,153.56,2026-04-27 09:56:44
OI00006475,ORD0002929,PROD000160,2,181.18,54.35,308.01,2026-04-27 09:56:44
OI00006476,ORD0002929,PROD000057,1,282.26,0.0,282.26,2026-04-27 09:56:44
OI00006477,ORD0002930,PROD000163,2,379.9,37.99,721.81,2026-04-07 13:12:36
OI00006478,ORD0002930,PROD000019,1,64.3,0.0,64.3,2026-04-07 13:12:36
OI00006479,ORD0002931,PROD000105,2,230.76,0.0,461.52,2026-08-08 07:09:04
OI00006480,ORD0002931,PROD000150,1,121.83,0.0,121.83,2026-08-08 07:09:04
OI00006481,ORD0002931,PROD000011,1,74.18,3.71,70.47,2026-08-08 07:09:04
OI00006482,ORD0002931,PROD000073,2,9.42,0.0,18.84,2026-08-08 07:09:04
OI00006483,ORD0002932,PROD000154,1,57.2,0.0,57.2,2026-07-05 14:40:20
OI00006484,ORD0002932,PROD000012,1,374.67,0.0,374.67,2026-07-05 14:40:20
OI00006485,ORD0002933,PROD000086,1,216.37,0.0,216.37,2026-03-01 17:35:50
OI00006486,ORD0002933,PROD000147,1,359.37,0.0,359.37,2026-03-01 17:35:50
OI00006487,ORD0002934,PROD000004,1,71.87,0.0,71.87,2026-03-07 16:12:16
OI00006488,ORD0002934,PROD000090,2,82.64,0.0,165.28,2026-03-07 16:12:16
OI00006489,ORD0002934,PROD000015,1,74.75,0.0,74.75,2026-03-07 16:12:16
OI00006490,ORD0002934,PROD000019,1,64.3,0.0,64.3,2026-03-07 16:12:16
OI00006491,ORD0002935,PROD000143,3,293.11,0.0,879.33,2026-05-03 12:42:06
OI00006492,ORD0002935,PROD000028,2,209.71,0.0,419.42,2026-05-03 12:42:06
OI00006493,ORD0002935,PROD000003,1,265.29,0.0,265.29,2026-05-03 12:42:06
OI00006494,ORD0002936,PROD000041,2,287.98,0.0,575.96,2026-03-23 23:53:23
OI00006495,ORD0002937,PROD000035,1,197.66,0.0,197.66,2026-07-08 23:28:03
OI00006496,ORD0002938,PROD000065,1,459.64,0.0,459.64,2026-06-22 08:27:07
OI00006497,ORD0002938,PROD000042,1,358.03,0.0,358.03,2026-06-22 08:27:07
OI00006498,ORD0002939,PROD000114,1,36.68,0.0,36.68,2026-03-21 10:26:52
OI00006499,ORD0002939,PROD000159,2,90.28,0.0,180.56,2026-03-21 10:26:52
OI00006500,ORD0002940,PROD000163,1,379.9,0.0,379.9,2026-03-02 12:45:13
OI00006501,ORD0002940,PROD000106,4,13.25,0.0,53.0,2026-03-02 12:45:13
OI00006502,ORD0002941,PROD000027,1,174.59,0.0,174.59,2026-04-03 11:35:46
OI00006503,ORD0002941,PROD000083,3,119.55,0.0,358.65,2026-04-03 11:35:46
OI00006504,ORD0002942,PROD000146,1,237.64,0.0,237.64,2026-06-18 19:42:38
OI00006505,ORD0002942,PROD000192,1,122.14,6.11,116.03,2026-06-18 19:42:38
OI00006506,ORD0002942,PROD000161,3,310.12,186.07,744.29,2026-06-18 19:42:38
OI00006507,ORD0002942,PROD000183,1,239.94,0.0,239.94,2026-06-18 19:42:38
OI00006508,ORD0002942,PROD000004,1,71.87,0.0,71.87,2026-06-18 19:42:38
OI00006509,ORD0002943,PROD000081,4,267.87,0.0,1071.48,2026-06-11 07:11:05
OI00006510,ORD0002944,PROD000022,1,302.51,0.0,302.51,2026-07-15 19:58:58
OI00006511,ORD0002944,PROD000104,1,219.63,0.0,219.63,2026-07-15 19:58:58
OI00006512,ORD0002945,PROD000026,1,165.8,0.0,165.8,2026-05-20 17:39:27
OI00006513,ORD0002946,PROD000188,1,114.4,0.0,114.4,2026-04-23 17:33:30
OI00006514,ORD0002946,PROD000044,1,137.29,13.73,123.56,2026-04-23 17:33:30
OI00006515,ORD0002947,PROD000088,2,381.45,38.15,724.75,2026-05-07 03:06:41
OI00006516,ORD0002948,PROD000063,1,61.43,0.0,61.43,2026-03-16 11:06:18
OI00006517,ORD0002948,PROD000016,2,373.26,0.0,746.52,2026-03-16 11:06:18
OI00006518,ORD0002948,PROD000060,1,313.56,0.0,313.56,2026-03-16 11:06:18
OI00006519,ORD0002949,PROD000183,1,239.94,0.0,239.94,2026-06-02 22:53:19
OI00006520,ORD0002950,PROD000135,1,106.79,0.0,106.79,2026-05-21 06:42:58
OI00006521,ORD0002950,PROD000007,1,255.16,0.0,255.16,2026-05-21 06:42:58
OI00006522,ORD0002950,PROD000188,3,114.4,0.0,343.2,2026-05-21 06:42:58
OI00006523,ORD0002950,PROD000034,1,376.06,56.41,319.65,2026-05-21 06:42:58
OI00006524,ORD0002951,PROD000059,1,368.8,36.88,331.92,2026-08-13 17:22:25
OI00006525,ORD0002952,PROD000051,1,128.31,0.0,128.31,2026-04-30 14:39:24
OI00006526,ORD0002952,PROD000060,1,313.56,0.0,313.56,2026-04-30 14:39:24
OI00006527,ORD0002952,PROD000159,1,90.28,9.03,81.25,2026-04-30 14:39:24
OI00006528,ORD0002953,PROD000017,1,177.67,8.88,168.79,2026-02-27 17:49:22
OI00006529,ORD0002954,PROD000066,1,424.54,0.0,424.54,2026-02-18 18:18:09
OI00006530,ORD0002954,PROD000185,2,186.5,0.0,373.0,2026-02-18 18:18:09
OI00006531,ORD0002954,PROD000037,1,48.34,4.83,43.51,2026-02-18 18:18:09
OI00006532,ORD0002955,PROD000114,1,36.68,0.0,36.68,2026-06-07 02:47:55
OI00006533,ORD0002955,PROD000164,2,179.02,0.0,358.04,2026-06-07 02:47:55
OI00006534,ORD0002955,PROD000138,2,154.12,0.0,308.24,2026-06-07 02:47:55
OI00006535,ORD0002956,PROD000016,3,373.26,0.0,1119.78,2026-03-16 19:23:31
OI00006536,ORD0002957,PROD000112,3,76.78,0.0,230.34,2026-05-21 19:25:00
OI00006537,ORD0002958,PROD000125,2,169.29,0.0,338.58,2026-06-26 16:46:18
OI00006538,ORD0002958,PROD000018,3,6.39,0.0,19.17,2026-06-26 16:46:18
OI00006539,ORD0002958,PROD000079,1,315.96,0.0,315.96,2026-06-26 16:46:18
OI00006540,ORD0002958,PROD000130,1,251.9,0.0,251.9,2026-06-26 16:46:18
OI00006541,ORD0002959,PROD000138,2,154.12,15.41,292.83,2026-06-29 18:40:19
OI00006542,ORD0002960,PROD000112,4,76.78,0.0,307.12,2026-03-31 20:19:59
OI00006543,ORD0002960,PROD000108,1,87.18,0.0,87.18,2026-03-31 20:19:59
OI00006544,ORD0002960,PROD000119,4,93.67,0.0,374.68,2026-03-31 20:19:59
OI00006545,ORD0002961,PROD000184,2,192.54,0.0,385.08,2026-06-29 06:26:04
OI00006546,ORD0002961,PROD000061,1,85.11,0.0,85.11,2026-06-29 06:26:04
OI00006547,ORD0002961,PROD000083,1,119.55,0.0,119.55,2026-06-29 06:26:04
OI00006548,ORD0002962,PROD000148,1,111.17,0.0,111.17,2026-06-13 00:44:15
OI00006549,ORD0002962,PROD000028,1,209.71,10.49,199.22,2026-06-13 00:44:15
OI00006550,ORD0002962,PROD000090,2,82.64,0.0,165.28,2026-06-13 00:44:15
OI00006551,ORD0002963,PROD000170,3,39.7,0.0,119.1,2026-05-17 23:42:28
OI00006552,ORD0002963,PROD000016,2,373.26,0.0,746.52,2026-05-17 23:42:28
OI00006553,ORD0002963,PROD000135,1,106.79,16.02,90.77,2026-05-17 23:42:28
OI00006554,ORD0002964,PROD000047,4,125.52,0.0,502.08,2026-03-06 00:12:06
OI00006555,ORD0002965,PROD000073,1,9.42,0.47,8.95,2026-04-03 17:40:35
OI00006556,ORD0002965,PROD000014,3,171.48,0.0,514.44,2026-04-03 17:40:35
OI00006557,ORD0002965,PROD000102,3,157.31,0.0,471.93,2026-04-03 17:40:35
OI00006558,ORD0002966,PROD000041,2,287.98,0.0,575.96,2026-07-27 11:22:27
OI00006559,ORD0002967,PROD000014,1,171.48,0.0,171.48,2026-05-04 05:32:47
OI00006560,ORD0002968,PROD000195,1,397.59,0.0,397.59,2026-05-30 03:29:10
OI00006561,ORD0002968,PROD000029,2,12.47,0.0,24.94,2026-05-30 03:29:10
OI00006562,ORD0002968,PROD000079,1,315.96,0.0,315.96,2026-05-30 03:29:10
OI00006563,ORD0002969,PROD000177,1,200.82,0.0,200.82,2026-07-12 06:10:07
OI00006564,ORD0002969,PROD000052,1,289.95,0.0,289.95,2026-07-12 06:10:07
OI00006565,ORD0002969,PROD000048,1,312.1,0.0,312.1,2026-07-12 06:10:07
OI00006566,ORD0002970,PROD000190,1,270.32,0.0,270.32,2026-03-18 15:46:49
OI00006567,ORD0002971,PROD000193,1,322.33,0.0,322.33,2026-04-22 12:06:57
OI00006568,ORD0002971,PROD000046,1,353.88,0.0,353.88,2026-04-22 12:06:57
OI00006569,ORD0002971,PROD000009,1,247.91,12.4,235.51,2026-04-22 12:06:57
OI00006570,ORD0002972,PROD000105,1,230.76,11.54,219.22,2026-04-04 20:53:23
OI00006571,ORD0002973,PROD000077,2,172.06,0.0,344.12,2026-05-31 05:21:33
OI00006572,ORD0002974,PROD000195,1,397.59,0.0,397.59,2026-04-01 20:31:52
OI00006573,ORD0002975,PROD000111,3,209.32,0.0,627.96,2026-03-24 10:29:16
OI00006574,ORD0002975,PROD000138,2,154.12,0.0,308.24,2026-03-24 10:29:16
OI00006575,ORD0002976,PROD000142,1,276.94,0.0,276.94,2026-05-28 14:41:30
OI00006576,ORD0002976,PROD000147,2,359.37,0.0,718.74,2026-05-28 14:41:30
OI00006577,ORD0002976,PROD000015,3,74.75,0.0,224.25,2026-05-28 14:41:30
OI00006578,ORD0002976,PROD000032,1,305.5,0.0,305.5,2026-05-28 14:41:30
OI00006579,ORD0002976,PROD000028,3,209.71,0.0,629.13,2026-05-28 14:41:30
OI00006580,ORD0002977,PROD000067,1,181.48,0.0,181.48,2026-06-23 08:02:17
OI00006581,ORD0002977,PROD000180,2,443.88,0.0,887.76,2026-06-23 08:02:17
OI00006582,ORD0002978,PROD000102,1,157.31,0.0,157.31,2026-02-23 09:54:07
OI00006583,ORD0002979,PROD000084,2,172.79,0.0,345.58,2026-04-20 23:42:37
OI00006584,ORD0002980,PROD000174,3,225.67,0.0,677.01,2026-02-22 21:30:42
OI00006585,ORD0002981,PROD000132,3,86.93,0.0,260.79,2026-05-18 17:18:05
OI00006586,ORD0002982,PROD000046,2,353.88,141.55,566.21,2026-06-13 01:21:00
OI00006587,ORD0002982,PROD000066,1,424.54,0.0,424.54,2026-06-13 01:21:00
OI00006588,ORD0002982,PROD000126,2,5.66,2.26,9.06,2026-06-13 01:21:00
OI00006589,ORD0002983,PROD000009,1,247.91,0.0,247.91,2026-02-16 23:34:48
OI00006590,ORD0002983,PROD000112,1,76.78,7.68,69.1,2026-02-16 23:34:48
OI00006591,ORD0002984,PROD000031,1,62.29,0.0,62.29,2026-06-19 02:04:48
OI00006592,ORD0002984,PROD000049,2,343.12,0.0,686.24,2026-06-19 02:04:48
OI00006593,ORD0002985,PROD000173,1,269.92,0.0,269.92,2026-03-06 08:38:18
OI00006594,ORD0002985,PROD000038,1,84.38,4.22,80.16,2026-03-06 08:38:18
OI00006595,ORD0002985,PROD000098,1,188.42,18.84,169.58,2026-03-06 08:38:18
OI00006596,ORD0002985,PROD000069,1,332.4,0.0,332.4,2026-03-06 08:38:18
OI00006597,ORD0002986,PROD000148,1,111.17,0.0,111.17,2026-03-29 08:42:16
OI00006598,ORD0002986,PROD000066,1,424.54,84.91,339.63,2026-03-29 08:42:16
OI00006599,ORD0002986,PROD000121,1,311.61,0.0,311.61,2026-03-29 08:42:16
OI00006600,ORD0002986,PROD000120,2,200.42,20.04,380.8,2026-03-29 08:42:16
OI00006601,ORD0002987,PROD000108,1,87.18,0.0,87.18,2026-04-12 11:54:40
OI00006602,ORD0002988,PROD000014,1,171.48,0.0,171.48,2026-02-22 15:01:30
OI00006603,ORD0002989,PROD000002,2,68.17,0.0,136.34,2026-05-20 12:39:12
OI00006604,ORD0002990,PROD000081,1,267.87,0.0,267.87,2026-06-10 10:05:16
OI00006605,ORD0002990,PROD000126,1,5.66,0.0,5.66,2026-06-10 10:05:16
OI00006606,ORD0002990,PROD000048,2,312.1,124.84,499.36,2026-06-10 10:05:16
OI00006607,ORD0002991,PROD000115,2,66.23,0.0,132.46,2026-07-24 21:55:36
OI00006608,ORD0002991,PROD000034,2,376.06,112.82,639.3,2026-07-24 21:55:36
OI00006609,ORD0002992,PROD000146,1,237.64,47.53,190.11,2026-06-24 14:09:48
OI00006610,ORD0002993,PROD000007,2,255.16,0.0,510.32,2026-07-22 21:06:40
OI00006611,ORD0002993,PROD000165,1,95.13,0.0,95.13,2026-07-22 21:06:40
OI00006612,ORD0002993,PROD000143,1,293.11,0.0,293.11,2026-07-22 21:06:40
OI00006613,ORD0002994,PROD000050,2,110.2,0.0,220.4,2026-04-02 05:09:17
OI00006614,ORD0002994,PROD000137,1,16.14,0.81,15.33,2026-04-02 05:09:17
OI00006615,ORD0002994,PROD000101,2,140.13,0.0,280.26,2026-04-02 05:09:17
OI00006616,ORD0002995,PROD000013,2,286.54,0.0,573.08,2026-04-04 06:06:51
OI00006617,ORD0002996,PROD000022,1,302.51,15.13,287.38,2026-04-06 04:55:11
OI00006618,ORD0002996,PROD000189,4,184.49,36.9,701.06,2026-04-06 04:55:11
OI00006619,ORD0002997,PROD000163,1,379.9,19.0,360.9,2026-07-05 07:11:49
OI00006620,ORD0002998,PROD000086,1,216.37,0.0,216.37,2026-05-13 16:29:20
OI00006621,ORD0002998,PROD000136,1,248.42,0.0,248.42,2026-05-13 16:29:20
OI00006622,ORD0002999,PROD000152,1,68.44,0.0,68.44,2026-08-01 23:29:09
OI00006623,ORD0002999,PROD000074,1,260.67,0.0,260.67,2026-08-01 23:29:09
OI00006624,ORD0002999,PROD000111,1,209.32,0.0,209.32,2026-08-01 23:29:09
OI00006625,ORD0003000,PROD000176,1,395.87,59.38,336.49,2026-05-15 01:04:24
OI00006626,ORD0003000,PROD000163,1,379.9,19.0,360.9,2026-05-15 01:04:24
OI00006627,ORD0003001,PROD000086,1,216.37,0.0,216.37,2026-05-29 09:47:11
OI00006628,ORD0003002,PROD000053,4,381.96,0.0,1527.84,2026-08-10 18:54:18
OI00006629,ORD0003002,PROD000194,1,99.76,0.0,99.76,2026-08-10 18:54:18
OI00006630,ORD0003002,PROD000070,1,251.87,0.0,251.87,2026-08-10 18:54:18
OI00006631,ORD0003003,PROD000050,2,110.2,0.0,220.4,2026-04-25 18:57:17
OI00006632,ORD0003004,PROD000065,1,459.64,0.0,459.64,2026-07-16 08:30:12
OI00006633,ORD0003005,PROD000158,1,391.88,0.0,391.88,2026-03-13 06:42:11
OI00006634,ORD0003006,PROD000091,1,244.05,0.0,244.05,2026-03-31 07:06:01
OI00006635,ORD0003006,PROD000023,1,69.84,0.0,69.84,2026-03-31 07:06:01
OI00006636,ORD0003006,PROD000060,1,313.56,0.0,313.56,2026-03-31 07:06:01
OI00006637,ORD0003007,PROD000053,2,381.96,0.0,763.92,2026-03-07 17:43:40
OI00006638,ORD0003007,PROD000098,3,188.42,56.53,508.73,2026-03-07 17:43:40
OI00006639,ORD0003007,PROD000073,1,9.42,1.41,8.01,2026-03-07 17:43:40
OI00006640,ORD0003007,PROD000125,2,169.29,50.79,287.79,2026-03-07 17:43:40
OI00006641,ORD0003008,PROD000196,3,135.89,0.0,407.67,2026-05-05 06:31:51
OI00006642,ORD0003008,PROD000192,3,122.14,0.0,366.42,2026-05-05 06:31:51
OI00006643,ORD0003008,PROD000039,2,318.97,0.0,637.94,2026-05-05 06:31:51
OI00006644,ORD0003008,PROD000009,1,247.91,0.0,247.91,2026-05-05 06:31:51
OI00006645,ORD0003008,PROD000110,3,112.33,50.55,286.44,2026-05-05 06:31:51
OI00006646,ORD0003009,PROD000146,2,237.64,0.0,475.28,2026-03-17 06:35:26
OI00006647,ORD0003009,PROD000022,1,302.51,0.0,302.51,2026-03-17 06:35:26
OI00006648,ORD0003009,PROD000119,1,93.67,0.0,93.67,2026-03-17 06:35:26
OI00006649,ORD0003010,PROD000062,1,129.94,0.0,129.94,2026-06-04 07:06:12
OI00006650,ORD0003011,PROD000062,1,129.94,0.0,129.94,2026-03-06 15:06:27
OI00006651,ORD0003012,PROD000073,1,9.42,0.0,9.42,2026-08-11 07:15:24
OI00006652,ORD0003012,PROD000137,3,16.14,0.0,48.42,2026-08-11 07:15:24
OI00006653,ORD0003013,PROD000001,2,240.76,0.0,481.52,2026-03-08 05:06:29
OI00006654,ORD0003014,PROD000120,1,200.42,0.0,200.42,2026-03-21 23:27:28
OI00006655,ORD0003015,PROD000196,3,135.89,0.0,407.67,2026-03-16 16:24:56
OI00006656,ORD0003016,PROD000032,1,305.5,0.0,305.5,2026-04-22 02:56:49
OI00006657,ORD0003017,PROD000153,1,46.39,4.64,41.75,2026-04-22 04:53:06
OI00006658,ORD0003017,PROD000077,1,172.06,0.0,172.06,2026-04-22 04:53:06
OI00006659,ORD0003017,PROD000013,1,286.54,0.0,286.54,2026-04-22 04:53:06
OI00006660,ORD0003018,PROD000187,2,260.32,0.0,520.64,2026-07-26 17:37:18
OI00006661,ORD0003018,PROD000016,1,373.26,0.0,373.26,2026-07-26 17:37:18
OI00006662,ORD0003019,PROD000057,1,282.26,0.0,282.26,2026-05-12 12:20:10
OI00006663,ORD0003020,PROD000152,1,68.44,0.0,68.44,2026-06-27 02:57:52
OI00006664,ORD0003020,PROD000200,3,107.97,0.0,323.91,2026-06-27 02:57:52
OI00006665,ORD0003020,PROD000194,2,99.76,0.0,199.52,2026-06-27 02:57:52
OI00006666,ORD0003020,PROD000190,1,270.32,0.0,270.32,2026-06-27 02:57:52
OI00006667,ORD0003021,PROD000113,1,295.97,0.0,295.97,2026-08-03 03:09:09
OI00006668,ORD0003021,PROD000053,1,381.96,0.0,381.96,2026-08-03 03:09:09
OI00006669,ORD0003022,PROD000097,1,119.02,0.0,119.02,2026-06-07 08:55:13
OI00006670,ORD0003022,PROD000052,1,289.95,0.0,289.95,2026-06-07 08:55:13
OI00006671,ORD0003022,PROD000173,1,269.92,0.0,269.92,2026-06-07 08:55:13
OI00006672,ORD0003023,PROD000130,1,251.9,0.0,251.9,2026-03-19 23:16:34
OI00006673,ORD0003023,PROD000040,2,202.37,0.0,404.74,2026-03-19 23:16:34
OI00006674,ORD0003024,PROD000159,2,90.28,0.0,180.56,2026-08-14 01:49:39
OI00006675,ORD0003025,PROD000108,1,87.18,0.0,87.18,2026-05-16 16:19:46
OI00006676,ORD0003025,PROD000039,4,318.97,0.0,1275.88,2026-05-16 16:19:46
OI00006677,ORD0003026,PROD000006,1,276.33,41.45,234.88,2026-05-06 22:49:23
OI00006678,ORD0003026,PROD000055,2,324.24,0.0,648.48,2026-05-06 22:49:23
OI00006679,ORD0003026,PROD000103,4,30.32,6.06,115.22,2026-05-06 22:49:23
OI00006680,ORD0003026,PROD000070,2,251.87,0.0,503.74,2026-05-06 22:49:23
OI00006681,ORD0003026,PROD000130,2,251.9,0.0,503.8,2026-05-06 22:49:23
OI00006682,ORD0003027,PROD000080,1,288.18,14.41,273.77,2026-07-31 05:37:01
OI00006683,ORD0003027,PROD000006,4,276.33,0.0,1105.32,2026-07-31 05:37:01
OI00006684,ORD0003028,PROD000146,1,237.64,0.0,237.64,2026-03-13 04:46:02
OI00006685,ORD0003028,PROD000041,1,287.98,14.4,273.58,2026-03-13 04:46:02
OI00006686,ORD0003029,PROD000012,1,374.67,0.0,374.67,2026-08-13 09:39:01
OI00006687,ORD0003029,PROD000017,2,177.67,17.77,337.57,2026-08-13 09:39:01
OI00006688,ORD0003029,PROD000025,1,337.19,0.0,337.19,2026-08-13 09:39:01
OI00006689,ORD0003030,PROD000008,4,181.13,0.0,724.52,2026-05-22 05:08:15
OI00006690,ORD0003030,PROD000070,1,251.87,12.59,239.28,2026-05-22 05:08:15
OI00006691,ORD0003030,PROD000174,1,225.67,22.57,203.1,2026-05-22 05:08:15
OI00006692,ORD0003031,PROD000181,3,132.65,39.8,358.15,2026-03-21 23:24:14
OI00006693,ORD0003031,PROD000157,3,230.53,0.0,691.59,2026-03-21 23:24:14
OI00006694,ORD0003031,PROD000154,1,57.2,0.0,57.2,2026-03-21 23:24:14
OI00006695,ORD0003032,PROD000011,1,74.18,3.71,70.47,2026-07-08 04:50:03
OI00006696,ORD0003033,PROD000159,3,90.28,0.0,270.84,2026-04-20 23:54:47
OI00006697,ORD0003033,PROD000068,3,253.43,114.04,646.25,2026-04-20 23:54:47
OI00006698,ORD0003034,PROD000127,2,216.42,0.0,432.84,2026-07-25 16:13:18
OI00006699,ORD0003034,PROD000030,1,113.9,0.0,113.9,2026-07-25 16:13:18
OI00006700,ORD0003034,PROD000155,1,67.32,0.0,67.32,2026-07-25 16:13:18
OI00006701,ORD0003034,PROD000040,1,202.37,0.0,202.37,2026-07-25 16:13:18
OI00006702,ORD0003034,PROD000027,1,174.59,0.0,174.59,2026-07-25 16:13:18
OI00006703,ORD0003035,PROD000016,3,373.26,0.0,1119.78,2026-07-27 04:33:07
OI00006704,ORD0003035,PROD000041,1,287.98,0.0,287.98,2026-07-27 04:33:07
OI00006705,ORD0003036,PROD000090,2,82.64,0.0,165.28,2026-08-08 08:58:00
OI00006706,ORD0003036,PROD000067,1,181.48,0.0,181.48,2026-08-08 08:58:00
OI00006707,ORD0003037,PROD000069,4,332.4,0.0,1329.6,2026-08-03 03:12:22
OI00006708,ORD0003037,PROD000168,1,433.94,21.7,412.24,2026-08-03 03:12:22
OI00006709,ORD0003038,PROD000135,2,106.79,0.0,213.58,2026-04-15 10:44:16
OI00006710,ORD0003039,PROD000102,1,157.31,15.73,141.58,2026-02-16 20:02:38
OI00006711,ORD0003039,PROD000136,2,248.42,0.0,496.84,2026-02-16 20:02:38
OI00006712,ORD0003040,PROD000137,3,16.14,0.0,48.42,2026-07-27 23:56:53
OI00006713,ORD0003040,PROD000062,1,129.94,25.99,103.95,2026-07-27 23:56:53
OI00006714,ORD0003040,PROD000061,2,85.11,25.53,144.69,2026-07-27 23:56:53
OI00006715,ORD0003040,PROD000059,1,368.8,0.0,368.8,2026-07-27 23:56:53
OI00006716,ORD0003041,PROD000046,4,353.88,0.0,1415.52,2026-08-13 06:36:24
OI00006717,ORD0003041,PROD000066,1,424.54,0.0,424.54,2026-08-13 06:36:24
OI00006718,ORD0003042,PROD000086,1,216.37,0.0,216.37,2026-03-06 06:43:59
OI00006719,ORD0003043,PROD000132,1,86.93,0.0,86.93,2026-02-16 04:17:03
OI00006720,ORD0003043,PROD000004,2,71.87,0.0,143.74,2026-02-16 04:17:03
OI00006721,ORD0003043,PROD000051,2,128.31,0.0,256.62,2026-02-16 04:17:03
OI00006722,ORD0003043,PROD000193,1,322.33,0.0,322.33,2026-02-16 04:17:03
OI00006723,ORD0003044,PROD000196,1,135.89,0.0,135.89,2026-07-16 19:15:36
OI00006724,ORD0003045,PROD000169,2,53.52,0.0,107.04,2026-06-18 17:32:48
OI00006725,ORD0003045,PROD000127,4,216.42,86.57,779.11,2026-06-18 17:32:48
OI00006726,ORD0003045,PROD000047,1,125.52,0.0,125.52,2026-06-18 17:32:48
OI00006727,ORD0003045,PROD000096,1,151.87,0.0,151.87,2026-06-18 17:32:48
OI00006728,ORD0003046,PROD000049,1,343.12,0.0,343.12,2026-07-20 17:49:59
OI00006729,ORD0003046,PROD000042,1,358.03,0.0,358.03,2026-07-20 17:49:59
OI00006730,ORD0003046,PROD000098,2,188.42,0.0,376.84,2026-07-20 17:49:59
OI00006731,ORD0003047,PROD000162,3,85.74,0.0,257.22,2026-04-29 16:10:06
OI00006732,ORD0003048,PROD000046,1,353.88,0.0,353.88,2026-07-25 15:25:59
OI00006733,ORD0003049,PROD000084,1,172.79,17.28,155.51,2026-02-24 07:57:46
OI00006734,ORD0003050,PROD000115,3,66.23,9.93,188.76,2026-06-06 20:12:48
OI00006735,ORD0003051,PROD000138,1,154.12,0.0,154.12,2026-06-05 09:31:27
OI00006736,ORD0003051,PROD000002,1,68.17,3.41,64.76,2026-06-05 09:31:27
OI00006737,ORD0003051,PROD000091,1,244.05,0.0,244.05,2026-06-05 09:31:27
OI00006738,ORD0003052,PROD000002,2,68.17,13.63,122.71,2026-05-31 00:55:21
OI00006739,ORD0003052,PROD000089,2,270.52,0.0,541.04,2026-05-31 00:55:21
OI00006740,ORD0003053,PROD000100,2,125.62,0.0,251.24,2026-05-06 21:10:27
OI00006741,ORD0003053,PROD000012,2,374.67,0.0,749.34,2026-05-06 21:10:27
OI00006742,ORD0003054,PROD000009,1,247.91,0.0,247.91,2026-02-18 11:40:24
OI00006743,ORD0003054,PROD000083,1,119.55,0.0,119.55,2026-02-18 11:40:24
OI00006744,ORD0003055,PROD000030,1,113.9,5.7,108.2,2026-07-28 06:01:40
OI00006745,ORD0003056,PROD000106,1,13.25,0.0,13.25,2026-02-18 22:37:52
OI00006746,ORD0003056,PROD000036,2,22.66,4.53,40.79,2026-02-18 22:37:52
OI00006747,ORD0003056,PROD000140,1,156.23,0.0,156.23,2026-02-18 22:37:52
OI00006748,ORD0003057,PROD000078,1,44.16,8.83,35.33,2026-07-26 01:20:42
OI00006749,ORD0003057,PROD000103,1,30.32,3.03,27.29,2026-07-26 01:20:42
OI00006750,ORD0003057,PROD000158,4,391.88,0.0,1567.52,2026-07-26 01:20:42
OI00006751,ORD0003057,PROD000170,1,39.7,0.0,39.7,2026-07-26 01:20:42
OI00006752,ORD0003058,PROD000062,3,129.94,0.0,389.82,2026-07-25 05:38:43
OI00006753,ORD0003058,PROD000098,2,188.42,0.0,376.84,2026-07-25 05:38:43
OI00006754,ORD0003059,PROD000012,1,374.67,0.0,374.67,2026-06-16 10:43:20
OI00006755,ORD0003059,PROD000017,1,177.67,0.0,177.67,2026-06-16 10:43:20
OI00006756,ORD0003060,PROD000007,1,255.16,0.0,255.16,2026-03-04 15:05:18
OI00006757,ORD0003061,PROD000181,2,132.65,26.53,238.77,2026-05-07 11:00:18
OI00006758,ORD0003061,PROD000028,4,209.71,0.0,838.84,2026-05-07 11:00:18
OI00006759,ORD0003061,PROD000176,2,395.87,0.0,791.74,2026-05-07 11:00:18
OI00006760,ORD0003062,PROD000077,1,172.06,0.0,172.06,2026-06-29 00:16:58
OI00006761,ORD0003062,PROD000046,1,353.88,0.0,353.88,2026-06-29 00:16:58
OI00006762,ORD0003063,PROD000010,2,238.36,0.0,476.72,2026-03-10 20:11:34
OI00006763,ORD0003064,PROD000032,1,305.5,15.28,290.22,2026-05-09 23:45:23
OI00006764,ORD0003064,PROD000173,2,269.92,107.97,431.87,2026-05-09 23:45:23
OI00006765,ORD0003064,PROD000013,4,286.54,114.62,1031.54,2026-05-09 23:45:23
OI00006766,ORD0003064,PROD000161,2,310.12,0.0,620.24,2026-05-09 23:45:23
OI00006767,ORD0003064,PROD000056,1,23.5,2.35,21.15,2026-05-09 23:45:23
OI00006768,ORD0003065,PROD000102,2,157.31,0.0,314.62,2026-05-28 20:58:42
OI00006769,ORD0003066,PROD000102,4,157.31,0.0,629.24,2026-07-08 03:24:54
OI00006770,ORD0003066,PROD000152,2,68.44,0.0,136.88,2026-07-08 03:24:54
OI00006771,ORD0003067,PROD000192,3,122.14,0.0,366.42,2026-03-20 00:26:38
OI00006772,ORD0003067,PROD000190,1,270.32,0.0,270.32,2026-03-20 00:26:38
OI00006773,ORD0003068,PROD000099,1,244.63,24.46,220.17,2026-03-31 16:27:07
OI00006774,ORD0003068,PROD000020,2,59.38,0.0,118.76,2026-03-31 16:27:07
OI00006775,ORD0003068,PROD000187,4,260.32,0.0,1041.28,2026-03-31 16:27:07
OI00006776,ORD0003069,PROD000052,1,289.95,29.0,260.95,2026-03-15 22:49:30
OI00006777,ORD0003070,PROD000022,2,302.51,0.0,605.02,2026-04-09 04:30:22
OI00006778,ORD0003070,PROD000068,3,253.43,0.0,760.29,2026-04-09 04:30:22
OI00006779,ORD0003071,PROD000065,1,459.64,0.0,459.64,2026-03-15 03:33:05
OI00006780,ORD0003071,PROD000135,1,106.79,0.0,106.79,2026-03-15 03:33:05
OI00006781,ORD0003071,PROD000174,1,225.67,0.0,225.67,2026-03-15 03:33:05
OI00006782,ORD0003072,PROD000138,1,154.12,0.0,154.12,2026-06-07 20:42:29
OI00006783,ORD0003072,PROD000171,1,118.83,5.94,112.89,2026-06-07 20:42:29
OI00006784,ORD0003073,PROD000013,2,286.54,85.96,487.12,2026-02-25 21:32:46
OI00006785,ORD0003074,PROD000139,1,48.21,4.82,43.39,2026-05-04 18:33:18
OI00006786,ORD0003075,PROD000038,4,84.38,0.0,337.52,2026-06-01 02:37:22
OI00006787,ORD0003075,PROD000190,1,270.32,13.52,256.8,2026-06-01 02:37:22
OI00006788,ORD0003075,PROD000096,2,151.87,0.0,303.74,2026-06-01 02:37:22
OI00006789,ORD0003076,PROD000186,2,106.06,0.0,212.12,2026-04-26 11:06:31
OI00006790,ORD0003076,PROD000062,1,129.94,0.0,129.94,2026-04-26 11:06:31
OI00006791,ORD0003076,PROD000179,1,100.96,0.0,100.96,2026-04-26 11:06:31
OI00006792,ORD0003077,PROD000182,1,116.92,0.0,116.92,2026-05-13 16:42:30
OI00006793,ORD0003077,PROD000025,1,337.19,0.0,337.19,2026-05-13 16:42:30
OI00006794,ORD0003077,PROD000141,1,54.3,0.0,54.3,2026-05-13 16:42:30
OI00006795,ORD0003078,PROD000196,1,135.89,0.0,135.89,2026-03-07 13:56:21
OI00006796,ORD0003078,PROD000138,1,154.12,0.0,154.12,2026-03-07 13:56:21
OI00006797,ORD0003078,PROD000175,4,395.9,0.0,1583.6,2026-03-07 13:56:21
OI00006798,ORD0003078,PROD000116,1,33.83,0.0,33.83,2026-03-07 13:56:21
OI00006799,ORD0003078,PROD000156,1,208.16,31.22,176.94,2026-03-07 13:56:21
OI00006800,ORD0003079,PROD000181,2,132.65,0.0,265.3,2026-04-25 08:29:53
OI00006801,ORD0003080,PROD000027,1,174.59,0.0,174.59,2026-03-27 04:36:08
OI00006802,ORD0003081,PROD000159,2,90.28,0.0,180.56,2026-05-23 09:58:44
OI00006803,ORD0003081,PROD000022,1,302.51,0.0,302.51,2026-05-23 09:58:44
OI00006804,ORD0003082,PROD000099,1,244.63,0.0,244.63,2026-05-17 23:42:58
OI00006805,ORD0003082,PROD000083,3,119.55,0.0,358.65,2026-05-17 23:42:58
OI00006806,ORD0003083,PROD000071,1,259.22,38.88,220.34,2026-05-05 08:43:06
OI00006807,ORD0003084,PROD000101,1,140.13,0.0,140.13,2026-05-09 18:55:18
OI00006808,ORD0003084,PROD000138,1,154.12,0.0,154.12,2026-05-09 18:55:18
OI00006809,ORD0003085,PROD000005,2,219.89,43.98,395.8,2026-08-15 18:48:32
OI00006810,ORD0003085,PROD000158,1,391.88,78.38,313.5,2026-08-15 18:48:32
OI00006811,ORD0003086,PROD000200,3,107.97,0.0,323.91,2026-04-30 22:04:15
OI00006812,ORD0003086,PROD000173,1,269.92,0.0,269.92,2026-04-30 22:04:15
OI00006813,ORD0003086,PROD000176,1,395.87,0.0,395.87,2026-04-30 22:04:15
OI00006814,ORD0003087,PROD000045,4,70.0,56.0,224.0,2026-06-07 14:07:23
OI00006815,ORD0003088,PROD000135,1,106.79,0.0,106.79,2026-04-09 08:33:43
OI00006816,ORD0003089,PROD000136,1,248.42,0.0,248.42,2026-03-25 21:28:19
OI00006817,ORD0003090,PROD000127,1,216.42,43.28,173.14,2026-04-18 09:15:38
OI00006818,ORD0003090,PROD000057,1,282.26,28.23,254.03,2026-04-18 09:15:38
OI00006819,ORD0003090,PROD000062,1,129.94,0.0,129.94,2026-04-18 09:15:38
OI00006820,ORD0003090,PROD000104,1,219.63,0.0,219.63,2026-04-18 09:15:38
OI00006821,ORD0003091,PROD000103,3,30.32,0.0,90.96,2026-04-03 09:14:10
OI00006822,ORD0003092,PROD000027,2,174.59,0.0,349.18,2026-05-16 14:32:36
OI00006823,ORD0003092,PROD000171,1,118.83,5.94,112.89,2026-05-16 14:32:36
OI00006824,ORD0003093,PROD000055,2,324.24,0.0,648.48,2026-04-15 12:08:49
OI00006825,ORD0003094,PROD000127,2,216.42,0.0,432.84,2026-05-12 11:51:19
OI00006826,ORD0003094,PROD000027,2,174.59,0.0,349.18,2026-05-12 11:51:19
OI00006827,ORD0003095,PROD000009,2,247.91,0.0,495.82,2026-08-06 22:11:18
OI00006828,ORD0003095,PROD000007,4,255.16,0.0,1020.64,2026-08-06 22:11:18
OI00006829,ORD0003095,PROD000174,1,225.67,0.0,225.67,2026-08-06 22:11:18
OI00006830,ORD0003096,PROD000136,1,248.42,12.42,236.0,2026-08-01 02:00:42
OI00006831,ORD0003097,PROD000153,1,46.39,0.0,46.39,2026-06-19 06:57:08
OI00006832,ORD0003097,PROD000165,1,95.13,0.0,95.13,2026-06-19 06:57:08
OI00006833,ORD0003098,PROD000079,2,315.96,0.0,631.92,2026-07-10 14:53:52
OI00006834,ORD0003098,PROD000082,1,49.54,0.0,49.54,2026-07-10 14:53:52
OI00006835,ORD0003098,PROD000185,1,186.5,9.32,177.18,2026-07-10 14:53:52
OI00006836,ORD0003099,PROD000162,1,85.74,0.0,85.74,2026-07-05 11:05:05
OI00006837,ORD0003099,PROD000100,3,125.62,0.0,376.86,2026-07-05 11:05:05
OI00006838,ORD0003100,PROD000108,1,87.18,8.72,78.46,2026-02-26 10:23:17
OI00006839,ORD0003100,PROD000016,1,373.26,0.0,373.26,2026-02-26 10:23:17
OI00006840,ORD0003101,PROD000152,1,68.44,3.42,65.02,2026-05-20 12:01:02
OI00006841,ORD0003101,PROD000098,4,188.42,150.74,602.94,2026-05-20 12:01:02
OI00006842,ORD0003101,PROD000133,1,7.24,0.0,7.24,2026-05-20 12:01:02
OI00006843,ORD0003101,PROD000088,2,381.45,152.58,610.32,2026-05-20 12:01:02
OI00006844,ORD0003102,PROD000108,1,87.18,0.0,87.18,2026-03-11 17:44:34
OI00006845,ORD0003103,PROD000135,1,106.79,0.0,106.79,2026-03-31 13:51:04
OI00006846,ORD0003103,PROD000036,1,22.66,0.0,22.66,2026-03-31 13:51:04
OI00006847,ORD0003104,PROD000123,1,410.86,0.0,410.86,2026-04-08 15:46:05
OI00006848,ORD0003105,PROD000041,1,287.98,28.8,259.18,2026-08-07 08:35:46
OI00006849,ORD0003105,PROD000162,1,85.74,12.86,72.88,2026-08-07 08:35:46
OI00006850,ORD0003105,PROD000042,2,358.03,0.0,716.06,2026-08-07 08:35:46
OI00006851,ORD0003105,PROD000092,1,90.01,0.0,90.01,2026-08-07 08:35:46
OI00006852,ORD0003106,PROD000062,4,129.94,51.98,467.78,2026-07-18 15:19:23
OI00006853,ORD0003106,PROD000099,3,244.63,0.0,733.89,2026-07-18 15:19:23
OI00006854,ORD0003107,PROD000034,3,376.06,0.0,1128.18,2026-06-08 19:16:27
OI00006855,ORD0003107,PROD000045,1,70.0,0.0,70.0,2026-06-08 19:16:27
OI00006856,ORD0003107,PROD000113,1,295.97,0.0,295.97,2026-06-08 19:16:27
OI00006857,ORD0003108,PROD000119,4,93.67,0.0,374.68,2026-05-11 07:48:09
OI00006858,ORD0003108,PROD000073,1,9.42,0.0,9.42,2026-05-11 07:48:09
OI00006859,ORD0003109,PROD000051,2,128.31,25.66,230.96,2026-04-26 13:30:05
OI00006860,ORD0003109,PROD000082,1,49.54,0.0,49.54,2026-04-26 13:30:05
OI00006861,ORD0003109,PROD000144,1,398.95,0.0,398.95,2026-04-26 13:30:05
OI00006862,ORD0003110,PROD000182,1,116.92,0.0,116.92,2026-04-16 04:38:23
OI00006863,ORD0003110,PROD000194,1,99.76,0.0,99.76,2026-04-16 04:38:23
OI00006864,ORD0003110,PROD000090,2,82.64,0.0,165.28,2026-04-16 04:38:23
OI00006865,ORD0003111,PROD000007,1,255.16,0.0,255.16,2026-06-16 12:50:03
OI00006866,ORD0003111,PROD000150,2,121.83,24.37,219.29,2026-06-16 12:50:03
OI00006867,ORD0003111,PROD000146,4,237.64,0.0,950.56,2026-06-16 12:50:03
OI00006868,ORD0003112,PROD000174,1,225.67,11.28,214.39,2026-06-06 11:20:16
OI00006869,ORD0003112,PROD000125,2,169.29,0.0,338.58,2026-06-06 11:20:16
OI00006870,ORD0003113,PROD000150,1,121.83,0.0,121.83,2026-04-29 17:40:37
OI00006871,ORD0003114,PROD000197,3,191.33,0.0,573.99,2026-04-23 12:31:56
OI00006872,ORD0003115,PROD000144,1,398.95,0.0,398.95,2026-06-06 12:30:59
OI00006873,ORD0003116,PROD000171,3,118.83,0.0,356.49,2026-06-08 01:43:49
OI00006874,ORD0003117,PROD000130,1,251.9,0.0,251.9,2026-04-30 14:30:04
OI00006875,ORD0003117,PROD000095,1,317.49,31.75,285.74,2026-04-30 14:30:04
OI00006876,ORD0003118,PROD000158,2,391.88,0.0,783.76,2026-07-25 21:23:55
OI00006877,ORD0003119,PROD000195,2,397.59,0.0,795.18,2026-04-09 04:11:02
OI00006878,ORD0003120,PROD000187,2,260.32,0.0,520.64,2026-06-01 01:50:06
OI00006879,ORD0003120,PROD000081,1,267.87,0.0,267.87,2026-06-01 01:50:06
OI00006880,ORD0003120,PROD000019,1,64.3,0.0,64.3,2026-06-01 01:50:06
OI00006881,ORD0003121,PROD000019,4,64.3,0.0,257.2,2026-03-28 14:46:49
OI00006882,ORD0003122,PROD000150,1,121.83,0.0,121.83,2026-02-22 23:15:45
OI00006883,ORD0003122,PROD000074,1,260.67,0.0,260.67,2026-02-22 23:15:45
OI00006884,ORD0003123,PROD000125,1,169.29,0.0,169.29,2026-04-16 20:13:40
OI00006885,ORD0003123,PROD000097,3,119.02,0.0,357.06,2026-04-16 20:13:40
OI00006886,ORD0003123,PROD000174,1,225.67,0.0,225.67,2026-04-16 20:13:40
OI00006887,ORD0003124,PROD000060,1,313.56,0.0,313.56,2026-06-10 02:18:03
OI00006888,ORD0003125,PROD000001,3,240.76,36.11,686.17,2026-05-29 11:47:55
OI00006889,ORD0003125,PROD000149,2,259.04,0.0,518.08,2026-05-29 11:47:55
OI00006890,ORD0003126,PROD000046,1,353.88,0.0,353.88,2026-02-20 02:00:58
OI00006891,ORD0003126,PROD000200,4,107.97,0.0,431.88,2026-02-20 02:00:58
OI00006892,ORD0003126,PROD000110,1,112.33,5.62,106.71,2026-02-20 02:00:58
OI00006893,ORD0003127,PROD000075,1,10.1,0.51,9.59,2026-03-06 04:58:57
OI00006894,ORD0003127,PROD000165,3,95.13,0.0,285.39,2026-03-06 04:58:57
OI00006895,ORD0003128,PROD000117,1,96.57,0.0,96.57,2026-03-03 23:53:07
OI00006896,ORD0003129,PROD000168,1,433.94,0.0,433.94,2026-03-25 21:07:36
OI00006897,ORD0003129,PROD000093,1,51.13,0.0,51.13,2026-03-25 21:07:36
OI00006898,ORD0003129,PROD000143,3,293.11,0.0,879.33,2026-03-25 21:07:36
OI00006899,ORD0003129,PROD000180,2,443.88,44.39,843.37,2026-03-25 21:07:36
OI00006900,ORD0003130,PROD000042,4,358.03,0.0,1432.12,2026-07-17 10:20:20
OI00006901,ORD0003130,PROD000022,1,302.51,15.13,287.38,2026-07-17 10:20:20
OI00006902,ORD0003130,PROD000147,2,359.37,0.0,718.74,2026-07-17 10:20:20
OI00006903,ORD0003130,PROD000188,2,114.4,34.32,194.48,2026-07-17 10:20:20
OI00006904,ORD0003131,PROD000104,1,219.63,0.0,219.63,2026-02-15 03:18:09
OI00006905,ORD0003132,PROD000041,1,287.98,0.0,287.98,2026-05-08 03:32:28
OI00006906,ORD0003133,PROD000130,1,251.9,25.19,226.71,2026-07-30 05:00:15
OI00006907,ORD0003133,PROD000079,1,315.96,0.0,315.96,2026-07-30 05:00:15
OI00006908,ORD0003134,PROD000009,1,247.91,0.0,247.91,2026-06-23 01:39:03
OI00006909,ORD0003134,PROD000198,1,307.49,0.0,307.49,2026-06-23 01:39:03
OI00006910,ORD0003135,PROD000185,1,186.5,18.65,167.85,2026-03-31 13:24:02
OI00006911,ORD0003135,PROD000088,2,381.45,0.0,762.9,2026-03-31 13:24:02
OI00006912,ORD0003135,PROD000174,2,225.67,0.0,451.34,2026-03-31 13:24:02
OI00006913,ORD0003136,PROD000085,1,36.94,0.0,36.94,2026-07-18 06:55:16
OI00006914,ORD0003136,PROD000113,1,295.97,0.0,295.97,2026-07-18 06:55:16
OI00006915,ORD0003136,PROD000097,3,119.02,0.0,357.06,2026-07-18 06:55:16
OI00006916,ORD0003137,PROD000130,1,251.9,12.6,239.3,2026-04-21 13:29:32
OI00006917,ORD0003137,PROD000060,1,313.56,0.0,313.56,2026-04-21 13:29:32
OI00006918,ORD0003138,PROD000086,2,216.37,0.0,432.74,2026-05-09 01:48:46
OI00006919,ORD0003138,PROD000169,1,53.52,0.0,53.52,2026-05-09 01:48:46
OI00006920,ORD0003139,PROD000027,2,174.59,0.0,349.18,2026-07-29 11:12:57
OI00006921,ORD0003140,PROD000060,1,313.56,0.0,313.56,2026-07-11 10:22:57
OI00006922,ORD0003141,PROD000149,2,259.04,0.0,518.08,2026-04-20 04:22:24
OI00006923,ORD0003141,PROD000170,3,39.7,0.0,119.1,2026-04-20 04:22:24
OI00006924,ORD0003141,PROD000115,1,66.23,3.31,62.92,2026-04-20 04:22:24
OI00006925,ORD0003141,PROD000102,1,157.31,0.0,157.31,2026-04-20 04:22:24
OI00006926,ORD0003141,PROD000137,1,16.14,0.0,16.14,2026-04-20 04:22:24
OI00006927,ORD0003142,PROD000137,3,16.14,4.84,43.58,2026-07-27 00:40:25
OI00006928,ORD0003142,PROD000003,1,265.29,0.0,265.29,2026-07-27 00:40:25
OI00006929,ORD0003142,PROD000027,2,174.59,0.0,349.18,2026-07-27 00:40:25
OI00006930,ORD0003143,PROD000030,1,113.9,11.39,102.51,2026-03-26 21:04:22
OI00006931,ORD0003143,PROD000100,3,125.62,0.0,376.86,2026-03-26 21:04:22
OI00006932,ORD0003144,PROD000123,2,410.86,0.0,821.72,2026-03-04 23:12:57
OI00006933,ORD0003145,PROD000171,1,118.83,0.0,118.83,2026-03-21 17:55:51
OI00006934,ORD0003145,PROD000157,3,230.53,0.0,691.59,2026-03-21 17:55:51
OI00006935,ORD0003145,PROD000025,1,337.19,0.0,337.19,2026-03-21 17:55:51
OI00006936,ORD0003146,PROD000039,2,318.97,0.0,637.94,2026-03-23 14:00:43
OI00006937,ORD0003146,PROD000125,1,169.29,8.46,160.83,2026-03-23 14:00:43
OI00006938,ORD0003147,PROD000062,2,129.94,0.0,259.88,2026-05-24 23:12:59
OI00006939,ORD0003147,PROD000197,1,191.33,0.0,191.33,2026-05-24 23:12:59
OI00006940,ORD0003148,PROD000075,3,10.1,4.54,25.76,2026-04-16 09:38:32
OI00006941,ORD0003149,PROD000030,1,113.9,0.0,113.9,2026-05-01 10:37:14
OI00006942,ORD0003149,PROD000080,3,288.18,0.0,864.54,2026-05-01 10:37:14
OI00006943,ORD0003149,PROD000053,2,381.96,0.0,763.92,2026-05-01 10:37:14
OI00006944,ORD0003150,PROD000100,1,125.62,0.0,125.62,2026-03-22 11:34:46
OI00006945,ORD0003150,PROD000151,2,220.37,0.0,440.74,2026-03-22 11:34:46
OI00006946,ORD0003150,PROD000080,3,288.18,0.0,864.54,2026-03-22 11:34:46
OI00006947,ORD0003150,PROD000187,1,260.32,0.0,260.32,2026-03-22 11:34:46
OI00006948,ORD0003151,PROD000165,1,95.13,9.51,85.62,2026-08-01 22:21:52
OI00006949,ORD0003151,PROD000154,1,57.2,0.0,57.2,2026-08-01 22:21:52
OI00006950,ORD0003152,PROD000168,2,433.94,0.0,867.88,2026-07-30 13:09:07
OI00006951,ORD0003153,PROD000185,2,186.5,0.0,373.0,2026-06-10 15:20:51
OI00006952,ORD0003153,PROD000009,2,247.91,0.0,495.82,2026-06-10 15:20:51
OI00006953,ORD0003154,PROD000067,1,181.48,0.0,181.48,2026-06-05 20:11:54
OI00006954,ORD0003154,PROD000003,3,265.29,0.0,795.87,2026-06-05 20:11:54
OI00006955,ORD0003155,PROD000056,2,23.5,0.0,47.0,2026-04-06 16:21:55
OI00006956,ORD0003155,PROD000127,2,216.42,0.0,432.84,2026-04-06 16:21:55
OI00006957,ORD0003156,PROD000026,2,165.8,0.0,331.6,2026-03-29 02:23:33
OI00006958,ORD0003157,PROD000038,3,84.38,12.66,240.48,2026-03-19 13:15:42
OI00006959,ORD0003158,PROD000140,3,156.23,0.0,468.69,2026-03-19 04:05:21
OI00006960,ORD0003159,PROD000190,1,270.32,0.0,270.32,2026-04-15 16:43:56
OI00006961,ORD0003159,PROD000146,1,237.64,11.88,225.76,2026-04-15 16:43:56
OI00006962,ORD0003159,PROD000194,1,99.76,4.99,94.77,2026-04-15 16:43:56
OI00006963,ORD0003159,PROD000164,4,179.02,0.0,716.08,2026-04-15 16:43:56
OI00006964,ORD0003160,PROD000055,1,324.24,0.0,324.24,2026-06-18 22:39:27
OI00006965,ORD0003160,PROD000033,2,240.82,0.0,481.64,2026-06-18 22:39:27
OI00006966,ORD0003160,PROD000120,3,200.42,0.0,601.26,2026-06-18 22:39:27
OI00006967,ORD0003161,PROD000089,1,270.52,0.0,270.52,2026-08-16 03:35:18
OI00006968,ORD0003162,PROD000105,1,230.76,34.61,196.15,2026-02-28 16:37:28
OI00006969,ORD0003162,PROD000175,1,395.9,0.0,395.9,2026-02-28 16:37:28
OI00006970,ORD0003162,PROD000168,1,433.94,43.39,390.55,2026-02-28 16:37:28
OI00006971,ORD0003163,PROD000161,1,310.12,0.0,310.12,2026-05-10 03:55:17
OI00006972,ORD0003164,PROD000008,1,181.13,0.0,181.13,2026-03-11 10:24:48
OI00006973,ORD0003165,PROD000113,1,295.97,0.0,295.97,2026-06-26 09:25:45
OI00006974,ORD0003165,PROD000069,1,332.4,0.0,332.4,2026-06-26 09:25:45
OI00006975,ORD0003165,PROD000046,1,353.88,0.0,353.88,2026-06-26 09:25:45
OI00006976,ORD0003166,PROD000067,4,181.48,0.0,725.92,2026-05-15 21:05:12
OI00006977,ORD0003166,PROD000176,2,395.87,0.0,791.74,2026-05-15 21:05:12
OI00006978,ORD0003166,PROD000146,2,237.64,71.29,403.99,2026-05-15 21:05:12
OI00006979,ORD0003167,PROD000133,2,7.24,0.0,14.48,2026-02-23 03:29:41
OI00006980,ORD0003167,PROD000082,1,49.54,2.48,47.06,2026-02-23 03:29:41
OI00006981,ORD0003167,PROD000033,2,240.82,0.0,481.64,2026-02-23 03:29:41
OI00006982,ORD0003168,PROD000068,2,253.43,0.0,506.86,2026-04-09 07:25:15
OI00006983,ORD0003169,PROD000127,1,216.42,0.0,216.42,2026-05-17 15:44:32
OI00006984,ORD0003169,PROD000015,1,74.75,0.0,74.75,2026-05-17 15:44:32
OI00006985,ORD0003169,PROD000050,3,110.2,0.0,330.6,2026-05-17 15:44:32
OI00006986,ORD0003169,PROD000095,2,317.49,0.0,634.98,2026-05-17 15:44:32
OI00006987,ORD0003170,PROD000097,1,119.02,5.95,113.07,2026-03-26 07:05:03
OI00006988,ORD0003170,PROD000057,1,282.26,0.0,282.26,2026-03-26 07:05:03
OI00006989,ORD0003171,PROD000121,1,311.61,0.0,311.61,2026-04-21 10:11:43
OI00006990,ORD0003172,PROD000156,1,208.16,0.0,208.16,2026-07-13 20:49:24
OI00006991,ORD0003172,PROD000187,1,260.32,0.0,260.32,2026-07-13 20:49:24
OI00006992,ORD0003172,PROD000195,1,397.59,0.0,397.59,2026-07-13 20:49:24
OI00006993,ORD0003172,PROD000041,1,287.98,0.0,287.98,2026-07-13 20:49:24
OI00006994,ORD0003173,PROD000061,2,85.11,0.0,170.22,2026-07-28 22:30:05
OI00006995,ORD0003173,PROD000158,2,391.88,0.0,783.76,2026-07-28 22:30:05
OI00006996,ORD0003174,PROD000101,1,140.13,0.0,140.13,2026-03-13 09:21:00
OI00006997,ORD0003174,PROD000127,1,216.42,32.46,183.96,2026-03-13 09:21:00
OI00006998,ORD0003175,PROD000086,2,216.37,0.0,432.74,2026-06-07 10:53:20
OI00006999,ORD0003175,PROD000169,2,53.52,0.0,107.04,2026-06-07 10:53:20
OI00007000,ORD0003176,PROD000021,1,325.45,0.0,325.45,2026-03-16 03:53:25
OI00007001,ORD0003176,PROD000138,2,154.12,15.41,292.83,2026-03-16 03:53:25
OI00007002,ORD0003176,PROD000139,1,48.21,0.0,48.21,2026-03-16 03:53:25
OI00007003,ORD0003177,PROD000097,1,119.02,0.0,119.02,2026-04-19 03:08:45
OI00007004,ORD0003177,PROD000096,2,151.87,0.0,303.74,2026-04-19 03:08:45
OI00007005,ORD0003177,PROD000175,3,395.9,118.77,1068.93,2026-04-19 03:08:45
OI00007006,ORD0003178,PROD000127,1,216.42,10.82,205.6,2026-06-04 19:49:21
OI00007007,ORD0003178,PROD000046,1,353.88,0.0,353.88,2026-06-04 19:49:21
OI00007008,ORD0003179,PROD000094,1,170.67,0.0,170.67,2026-07-01 21:55:47
OI00007009,ORD0003180,PROD000085,2,36.94,0.0,73.88,2026-06-18 04:37:26
OI00007010,ORD0003181,PROD000139,4,48.21,0.0,192.84,2026-05-03 09:16:34
OI00007011,ORD0003181,PROD000060,1,313.56,0.0,313.56,2026-05-03 09:16:34
OI00007012,ORD0003181,PROD000175,1,395.9,0.0,395.9,2026-05-03 09:16:34
OI00007013,ORD0003182,PROD000017,1,177.67,0.0,177.67,2026-06-16 08:52:02
OI00007014,ORD0003183,PROD000176,2,395.87,0.0,791.74,2026-05-24 18:03:34
OI00007015,ORD0003183,PROD000159,1,90.28,0.0,90.28,2026-05-24 18:03:34
OI00007016,ORD0003183,PROD000119,1,93.67,0.0,93.67,2026-05-24 18:03:34
OI00007017,ORD0003184,PROD000023,1,69.84,0.0,69.84,2026-03-11 04:21:47
OI00007018,ORD0003185,PROD000042,3,358.03,53.7,1020.39,2026-07-23 00:46:39
OI00007019,ORD0003185,PROD000011,2,74.18,14.84,133.52,2026-07-23 00:46:39
OI00007020,ORD0003186,PROD000026,1,165.8,0.0,165.8,2026-04-17 01:24:28
OI00007021,ORD0003187,PROD000015,3,74.75,0.0,224.25,2026-04-20 01:37:30
OI00007022,ORD0003188,PROD000195,3,397.59,0.0,1192.77,2026-02-26 10:47:15
OI00007023,ORD0003188,PROD000031,2,62.29,12.46,112.12,2026-02-26 10:47:15
OI00007024,ORD0003189,PROD000121,2,311.61,0.0,623.22,2026-04-11 11:42:00
OI00007025,ORD0003190,PROD000155,4,67.32,0.0,269.28,2026-04-26 06:32:50
OI00007026,ORD0003190,PROD000146,1,237.64,0.0,237.64,2026-04-26 06:32:50
OI00007027,ORD0003191,PROD000170,1,39.7,3.97,35.73,2026-05-17 01:44:37
OI00007028,ORD0003192,PROD000048,2,312.1,0.0,624.2,2026-05-31 15:41:55
OI00007029,ORD0003192,PROD000062,1,129.94,0.0,129.94,2026-05-31 15:41:55
OI00007030,ORD0003193,PROD000117,4,96.57,77.26,309.02,2026-04-10 04:48:31
OI00007031,ORD0003193,PROD000153,1,46.39,0.0,46.39,2026-04-10 04:48:31
OI00007032,ORD0003194,PROD000090,2,82.64,0.0,165.28,2026-04-13 17:24:51
OI00007033,ORD0003194,PROD000037,1,48.34,0.0,48.34,2026-04-13 17:24:51
OI00007034,ORD0003194,PROD000073,2,9.42,3.77,15.07,2026-04-13 17:24:51
OI00007035,ORD0003194,PROD000026,1,165.8,0.0,165.8,2026-04-13 17:24:51
OI00007036,ORD0003194,PROD000077,2,172.06,0.0,344.12,2026-04-13 17:24:51
OI00007037,ORD0003195,PROD000019,2,64.3,19.29,109.31,2026-06-08 08:15:45
OI00007038,ORD0003195,PROD000008,2,181.13,0.0,362.26,2026-06-08 08:15:45
OI00007039,ORD0003195,PROD000153,2,46.39,0.0,92.78,2026-06-08 08:15:45
OI00007040,ORD0003195,PROD000077,1,172.06,0.0,172.06,2026-06-08 08:15:45
OI00007041,ORD0003196,PROD000105,1,230.76,0.0,230.76,2026-07-05 15:25:04
OI00007042,ORD0003196,PROD000040,3,202.37,0.0,607.11,2026-07-05 15:25:04
OI00007043,ORD0003197,PROD000053,3,381.96,114.59,1031.29,2026-05-30 01:04:17
OI00007044,ORD0003198,PROD000017,2,177.67,0.0,355.34,2026-08-10 10:35:52
OI00007045,ORD0003198,PROD000048,1,312.1,0.0,312.1,2026-08-10 10:35:52
OI00007046,ORD0003198,PROD000013,2,286.54,57.31,515.77,2026-08-10 10:35:52
OI00007047,ORD0003198,PROD000009,1,247.91,49.58,198.33,2026-08-10 10:35:52
OI00007048,ORD0003198,PROD000148,1,111.17,0.0,111.17,2026-08-10 10:35:52
OI00007049,ORD0003199,PROD000084,2,172.79,0.0,345.58,2026-04-02 18:51:31
OI00007050,ORD0003200,PROD000020,2,59.38,5.94,112.82,2026-07-27 04:07:51
OI00007051,ORD0003201,PROD000009,2,247.91,0.0,495.82,2026-08-02 15:46:46
OI00007052,ORD0003202,PROD000095,1,317.49,0.0,317.49,2026-07-04 15:08:05
OI00007053,ORD0003202,PROD000006,1,276.33,0.0,276.33,2026-07-04 15:08:05
OI00007054,ORD0003202,PROD000139,1,48.21,4.82,43.39,2026-07-04 15:08:05
OI00007055,ORD0003202,PROD000195,3,397.59,0.0,1192.77,2026-07-04 15:08:05
OI00007056,ORD0003203,PROD000109,1,87.72,0.0,87.72,2026-07-25 06:44:41
OI00007057,ORD0003203,PROD000046,1,353.88,70.78,283.1,2026-07-25 06:44:41
OI00007058,ORD0003204,PROD000059,1,368.8,18.44,350.36,2026-07-03 02:27:49
OI00007059,ORD0003204,PROD000124,1,396.34,0.0,396.34,2026-07-03 02:27:49
OI00007060,ORD0003204,PROD000144,4,398.95,0.0,1595.8,2026-07-03 02:27:49
OI00007061,ORD0003205,PROD000136,2,248.42,24.84,472.0,2026-07-16 04:12:54
OI00007062,ORD0003205,PROD000001,1,240.76,0.0,240.76,2026-07-16 04:12:54
OI00007063,ORD0003206,PROD000049,1,343.12,68.62,274.5,2026-07-30 11:36:55
OI00007064,ORD0003207,PROD000011,4,74.18,44.51,252.21,2026-02-17 16:00:14
OI00007065,ORD0003207,PROD000116,1,33.83,5.07,28.76,2026-02-17 16:00:14
OI00007066,ORD0003208,PROD000085,2,36.94,0.0,73.88,2026-05-06 16:38:05
OI00007067,ORD0003208,PROD000170,1,39.7,0.0,39.7,2026-05-06 16:38:05
OI00007068,ORD0003209,PROD000112,1,76.78,0.0,76.78,2026-02-16 08:46:37
OI00007069,ORD0003209,PROD000142,1,276.94,0.0,276.94,2026-02-16 08:46:37
OI00007070,ORD0003210,PROD000197,3,191.33,0.0,573.99,2026-06-21 04:23:50
OI00007071,ORD0003210,PROD000107,1,128.32,0.0,128.32,2026-06-21 04:23:50
OI00007072,ORD0003211,PROD000047,1,125.52,0.0,125.52,2026-04-29 01:01:58
OI00007073,ORD0003212,PROD000104,1,219.63,21.96,197.67,2026-03-07 01:10:26
OI00007074,ORD0003212,PROD000001,1,240.76,0.0,240.76,2026-03-07 01:10:26
OI00007075,ORD0003212,PROD000161,2,310.12,0.0,620.24,2026-03-07 01:10:26
OI00007076,ORD0003213,PROD000070,1,251.87,0.0,251.87,2026-07-10 08:42:27
OI00007077,ORD0003213,PROD000139,1,48.21,2.41,45.8,2026-07-10 08:42:27
OI00007078,ORD0003213,PROD000123,4,410.86,0.0,1643.44,2026-07-10 08:42:27
OI00007079,ORD0003214,PROD000119,2,93.67,0.0,187.34,2026-03-04 03:09:16
OI00007080,ORD0003214,PROD000077,1,172.06,0.0,172.06,2026-03-04 03:09:16
OI00007081,ORD0003214,PROD000030,1,113.9,0.0,113.9,2026-03-04 03:09:16
OI00007082,ORD0003215,PROD000053,1,381.96,0.0,381.96,2026-07-28 12:48:50
OI00007083,ORD0003215,PROD000149,1,259.04,0.0,259.04,2026-07-28 12:48:50
OI00007084,ORD0003216,PROD000125,1,169.29,16.93,152.36,2026-06-29 13:50:33
OI00007085,ORD0003217,PROD000139,2,48.21,0.0,96.42,2026-03-13 08:22:11
OI00007086,ORD0003218,PROD000101,1,140.13,0.0,140.13,2026-07-28 07:15:30
OI00007087,ORD0003218,PROD000036,1,22.66,0.0,22.66,2026-07-28 07:15:30
OI00007088,ORD0003218,PROD000031,3,62.29,0.0,186.87,2026-07-28 07:15:30
OI00007089,ORD0003219,PROD000130,4,251.9,0.0,1007.6,2026-04-07 07:59:18
OI00007090,ORD0003219,PROD000041,2,287.98,0.0,575.96,2026-04-07 07:59:18
OI00007091,ORD0003220,PROD000124,2,396.34,0.0,792.68,2026-03-02 23:25:28
OI00007092,ORD0003220,PROD000190,4,270.32,216.26,865.02,2026-03-02 23:25:28
OI00007093,ORD0003220,PROD000063,1,61.43,0.0,61.43,2026-03-02 23:25:28
OI00007094,ORD0003220,PROD000200,1,107.97,10.8,97.17,2026-03-02 23:25:28
OI00007095,ORD0003221,PROD000079,1,315.96,63.19,252.77,2026-07-12 15:14:13
OI00007096,ORD0003221,PROD000011,1,74.18,0.0,74.18,2026-07-12 15:14:13
OI00007097,ORD0003221,PROD000190,2,270.32,0.0,540.64,2026-07-12 15:14:13
OI00007098,ORD0003222,PROD000078,1,44.16,0.0,44.16,2026-08-12 11:31:12
OI00007099,ORD0003222,PROD000173,1,269.92,0.0,269.92,2026-08-12 11:31:12
OI00007100,ORD0003223,PROD000132,1,86.93,0.0,86.93,2026-07-14 10:01:25
OI00007101,ORD0003224,PROD000132,1,86.93,8.69,78.24,2026-06-18 14:09:51
OI00007102,ORD0003225,PROD000003,2,265.29,0.0,530.58,2026-04-15 13:41:45
OI00007103,ORD0003225,PROD000007,1,255.16,0.0,255.16,2026-04-15 13:41:45
OI00007104,ORD0003225,PROD000163,2,379.9,0.0,759.8,2026-04-15 13:41:45
OI00007105,ORD0003226,PROD000075,2,10.1,0.0,20.2,2026-08-11 14:41:51
OI00007106,ORD0003227,PROD000081,4,267.87,0.0,1071.48,2026-04-14 12:46:38
OI00007107,ORD0003228,PROD000161,2,310.12,0.0,620.24,2026-07-23 00:25:06
OI00007108,ORD0003228,PROD000171,1,118.83,0.0,118.83,2026-07-23 00:25:06
OI00007109,ORD0003229,PROD000009,1,247.91,0.0,247.91,2026-05-23 12:43:05
OI00007110,ORD0003230,PROD000174,1,225.67,0.0,225.67,2026-05-21 07:03:54
OI00007111,ORD0003230,PROD000133,3,7.24,0.0,21.72,2026-05-21 07:03:54
OI00007112,ORD0003230,PROD000197,3,191.33,0.0,573.99,2026-05-21 07:03:54
OI00007113,ORD0003231,PROD000147,1,359.37,35.94,323.43,2026-07-05 15:41:38
OI00007114,ORD0003231,PROD000019,1,64.3,0.0,64.3,2026-07-05 15:41:38
OI00007115,ORD0003231,PROD000041,3,287.98,86.39,777.55,2026-07-05 15:41:38
OI00007116,ORD0003231,PROD000010,2,238.36,71.51,405.21,2026-07-05 15:41:38
OI00007117,ORD0003232,PROD000071,1,259.22,0.0,259.22,2026-05-14 13:14:55
OI00007118,ORD0003232,PROD000090,1,82.64,0.0,82.64,2026-05-14 13:14:55
OI00007119,ORD0003232,PROD000100,4,125.62,100.5,401.98,2026-05-14 13:14:55
OI00007120,ORD0003232,PROD000121,1,311.61,15.58,296.03,2026-05-14 13:14:55
OI00007121,ORD0003233,PROD000053,3,381.96,0.0,1145.88,2026-07-13 02:23:41
OI00007122,ORD0003233,PROD000057,1,282.26,0.0,282.26,2026-07-13 02:23:41
OI00007123,ORD0003234,PROD000017,2,177.67,17.77,337.57,2026-02-26 22:00:22
OI00007124,ORD0003234,PROD000004,1,71.87,7.19,64.68,2026-02-26 22:00:22
OI00007125,ORD0003235,PROD000142,2,276.94,0.0,553.88,2026-03-05 10:08:33
OI00007126,ORD0003236,PROD000078,1,44.16,0.0,44.16,2026-02-21 23:24:36
OI00007127,ORD0003237,PROD000162,4,85.74,0.0,342.96,2026-06-29 17:38:48
OI00007128,ORD0003238,PROD000013,1,286.54,0.0,286.54,2026-04-03 10:18:03
OI00007129,ORD0003238,PROD000091,3,244.05,0.0,732.15,2026-04-03 10:18:03
OI00007130,ORD0003239,PROD000150,1,121.83,0.0,121.83,2026-03-27 15:26:03
OI00007131,ORD0003239,PROD000160,1,181.18,0.0,181.18,2026-03-27 15:26:03
OI00007132,ORD0003239,PROD000116,1,33.83,5.07,28.76,2026-03-27 15:26:03
OI00007133,ORD0003240,PROD000050,2,110.2,33.06,187.34,2026-07-06 07:27:22
OI00007134,ORD0003240,PROD000141,2,54.3,0.0,108.6,2026-07-06 07:27:22
OI00007135,ORD0003241,PROD000008,3,181.13,54.34,489.05,2026-05-05 19:30:02
OI00007136,ORD0003242,PROD000101,2,140.13,28.03,252.23,2026-05-26 18:37:41
OI00007137,ORD0003242,PROD000003,2,265.29,0.0,530.58,2026-05-26 18:37:41
OI00007138,ORD0003242,PROD000026,3,165.8,0.0,497.4,2026-05-26 18:37:41
OI00007139,ORD0003242,PROD000037,1,48.34,0.0,48.34,2026-05-26 18:37:41
OI00007140,ORD0003243,PROD000144,3,398.95,0.0,1196.85,2026-03-02 17:53:23
OI00007141,ORD0003244,PROD000069,1,332.4,0.0,332.4,2026-06-04 16:31:34
OI00007142,ORD0003244,PROD000164,1,179.02,0.0,179.02,2026-06-04 16:31:34
OI00007143,ORD0003245,PROD000160,1,181.18,0.0,181.18,2026-07-16 03:45:12
OI00007144,ORD0003245,PROD000108,1,87.18,8.72,78.46,2026-07-16 03:45:12
OI00007145,ORD0003245,PROD000005,1,219.89,0.0,219.89,2026-07-16 03:45:12
OI00007146,ORD0003246,PROD000020,2,59.38,0.0,118.76,2026-05-04 15:16:43
OI00007147,ORD0003247,PROD000180,1,443.88,0.0,443.88,2026-07-30 20:48:43
OI00007148,ORD0003247,PROD000156,3,208.16,0.0,624.48,2026-07-30 20:48:43
OI00007149,ORD0003248,PROD000004,1,71.87,0.0,71.87,2026-04-18 16:16:23
OI00007150,ORD0003248,PROD000057,1,282.26,28.23,254.03,2026-04-18 16:16:23
OI00007151,ORD0003249,PROD000156,1,208.16,0.0,208.16,2026-04-24 23:09:51
OI00007152,ORD0003249,PROD000109,2,87.72,26.32,149.12,2026-04-24 23:09:51
OI00007153,ORD0003250,PROD000200,1,107.97,0.0,107.97,2026-02-27 07:03:45
OI00007154,ORD0003250,PROD000060,1,313.56,31.36,282.2,2026-02-27 07:03:45
OI00007155,ORD0003250,PROD000154,3,57.2,17.16,154.44,2026-02-27 07:03:45
OI00007156,ORD0003251,PROD000158,1,391.88,0.0,391.88,2026-08-10 10:44:47
OI00007157,ORD0003251,PROD000181,2,132.65,26.53,238.77,2026-08-10 10:44:47
OI00007158,ORD0003252,PROD000031,1,62.29,0.0,62.29,2026-07-24 07:58:06
OI00007159,ORD0003252,PROD000097,3,119.02,0.0,357.06,2026-07-24 07:58:06
OI00007160,ORD0003252,PROD000190,1,270.32,0.0,270.32,2026-07-24 07:58:06
OI00007161,ORD0003252,PROD000181,1,132.65,0.0,132.65,2026-07-24 07:58:06
OI00007162,ORD0003252,PROD000083,2,119.55,23.91,215.19,2026-07-24 07:58:06
OI00007163,ORD0003253,PROD000089,2,270.52,0.0,541.04,2026-05-28 12:27:34
OI00007164,ORD0003253,PROD000189,1,184.49,0.0,184.49,2026-05-28 12:27:34
OI00007165,ORD0003253,PROD000094,2,170.67,0.0,341.34,2026-05-28 12:27:34
OI00007166,ORD0003253,PROD000066,1,424.54,0.0,424.54,2026-05-28 12:27:34
OI00007167,ORD0003254,PROD000035,2,197.66,0.0,395.32,2026-07-18 19:10:42
OI00007168,ORD0003254,PROD000065,1,459.64,91.93,367.71,2026-07-18 19:10:42
OI00007169,ORD0003254,PROD000158,1,391.88,0.0,391.88,2026-07-18 19:10:42
OI00007170,ORD0003254,PROD000028,2,209.71,0.0,419.42,2026-07-18 19:10:42
OI00007171,ORD0003255,PROD000094,3,170.67,0.0,512.01,2026-05-07 08:56:10
OI00007172,ORD0003255,PROD000152,2,68.44,0.0,136.88,2026-05-07 08:56:10
OI00007173,ORD0003256,PROD000029,3,12.47,0.0,37.41,2026-03-08 19:12:04
OI00007174,ORD0003256,PROD000124,1,396.34,0.0,396.34,2026-03-08 19:12:04
OI00007175,ORD0003257,PROD000063,1,61.43,0.0,61.43,2026-06-13 06:36:50
OI00007176,ORD0003257,PROD000176,2,395.87,158.35,633.39,2026-06-13 06:36:50
OI00007177,ORD0003257,PROD000030,1,113.9,0.0,113.9,2026-06-13 06:36:50
OI00007178,ORD0003258,PROD000181,2,132.65,0.0,265.3,2026-06-29 02:21:42
OI00007179,ORD0003259,PROD000126,1,5.66,0.0,5.66,2026-06-22 03:00:33
OI00007180,ORD0003260,PROD000165,2,95.13,0.0,190.26,2026-06-03 13:47:31
OI00007181,ORD0003260,PROD000161,1,310.12,31.01,279.11,2026-06-03 13:47:31
OI00007182,ORD0003261,PROD000073,1,9.42,0.0,9.42,2026-04-25 02:21:07
OI00007183,ORD0003261,PROD000094,3,170.67,0.0,512.01,2026-04-25 02:21:07
OI00007184,ORD0003262,PROD000119,2,93.67,0.0,187.34,2026-03-22 14:27:15
OI00007185,ORD0003263,PROD000059,4,368.8,0.0,1475.2,2026-07-31 09:24:16
OI00007186,ORD0003264,PROD000121,3,311.61,0.0,934.83,2026-04-02 08:06:52
OI00007187,ORD0003265,PROD000147,1,359.37,0.0,359.37,2026-03-06 13:56:30
OI00007188,ORD0003265,PROD000077,1,172.06,0.0,172.06,2026-03-06 13:56:30
OI00007189,ORD0003266,PROD000183,2,239.94,0.0,479.88,2026-03-03 22:39:00
OI00007190,ORD0003266,PROD000028,1,209.71,0.0,209.71,2026-03-03 22:39:00
OI00007191,ORD0003267,PROD000051,1,128.31,0.0,128.31,2026-04-28 14:54:44
OI00007192,ORD0003267,PROD000153,1,46.39,6.96,39.43,2026-04-28 14:54:44
OI00007193,ORD0003268,PROD000067,1,181.48,0.0,181.48,2026-07-19 08:27:46
OI00007194,ORD0003268,PROD000148,2,111.17,0.0,222.34,2026-07-19 08:27:46
OI00007195,ORD0003269,PROD000088,1,381.45,0.0,381.45,2026-03-29 15:41:56
OI00007196,ORD0003269,PROD000107,2,128.32,0.0,256.64,2026-03-29 15:41:56
OI00007197,ORD0003269,PROD000078,1,44.16,0.0,44.16,2026-03-29 15:41:56
OI00007198,ORD0003269,PROD000070,2,251.87,0.0,503.74,2026-03-29 15:41:56
OI00007199,ORD0003270,PROD000048,1,312.1,15.61,296.49,2026-06-25 14:53:32
OI00007200,ORD0003271,PROD000119,2,93.67,0.0,187.34,2026-03-22 22:29:11
OI00007201,ORD0003272,PROD000130,1,251.9,0.0,251.9,2026-03-25 12:24:56
OI00007202,ORD0003273,PROD000014,3,171.48,77.17,437.27,2026-03-30 12:48:52
OI00007203,ORD0003273,PROD000097,1,119.02,11.9,107.12,2026-03-30 12:48:52
OI00007204,ORD0003274,PROD000083,1,119.55,0.0,119.55,2026-05-21 05:12:43
OI00007205,ORD0003274,PROD000039,2,318.97,0.0,637.94,2026-05-21 05:12:43
OI00007206,ORD0003275,PROD000023,2,69.84,0.0,139.68,2026-07-25 03:29:10
OI00007207,ORD0003275,PROD000073,3,9.42,0.0,28.26,2026-07-25 03:29:10
OI00007208,ORD0003275,PROD000186,2,106.06,0.0,212.12,2026-07-25 03:29:10
OI00007209,ORD0003276,PROD000042,1,358.03,0.0,358.03,2026-08-14 02:27:23
OI00007210,ORD0003276,PROD000198,1,307.49,15.37,292.12,2026-08-14 02:27:23
OI00007211,ORD0003276,PROD000101,1,140.13,0.0,140.13,2026-08-14 02:27:23
OI00007212,ORD0003276,PROD000081,1,267.87,0.0,267.87,2026-08-14 02:27:23
OI00007213,ORD0003276,PROD000047,1,125.52,0.0,125.52,2026-08-14 02:27:23
OI00007214,ORD0003277,PROD000158,1,391.88,0.0,391.88,2026-04-05 06:41:38
OI00007215,ORD0003277,PROD000159,1,90.28,0.0,90.28,2026-04-05 06:41:38
OI00007216,ORD0003277,PROD000045,1,70.0,0.0,70.0,2026-04-05 06:41:38
OI00007217,ORD0003277,PROD000041,1,287.98,0.0,287.98,2026-04-05 06:41:38
OI00007218,ORD0003278,PROD000121,1,311.61,0.0,311.61,2026-03-15 03:32:54
OI00007219,ORD0003278,PROD000055,1,324.24,16.21,308.03,2026-03-15 03:32:54
OI00007220,ORD0003278,PROD000152,1,68.44,0.0,68.44,2026-03-15 03:32:54
OI00007221,ORD0003279,PROD000057,2,282.26,28.23,536.29,2026-03-29 14:40:04
OI00007222,ORD0003279,PROD000183,1,239.94,0.0,239.94,2026-03-29 14:40:04
OI00007223,ORD0003280,PROD000143,1,293.11,0.0,293.11,2026-04-11 15:50:21
OI00007224,ORD0003281,PROD000081,1,267.87,26.79,241.08,2026-06-29 09:35:44
OI00007225,ORD0003281,PROD000060,3,313.56,0.0,940.68,2026-06-29 09:35:44
OI00007226,ORD0003282,PROD000081,3,267.87,0.0,803.61,2026-05-14 00:04:22
OI00007227,ORD0003282,PROD000106,2,13.25,3.98,22.52,2026-05-14 00:04:22
OI00007228,ORD0003282,PROD000116,2,33.83,0.0,67.66,2026-05-14 00:04:22
OI00007229,ORD0003283,PROD000115,1,66.23,0.0,66.23,2026-03-26 16:16:30
OI00007230,ORD0003283,PROD000028,1,209.71,10.49,199.22,2026-03-26 16:16:30
OI00007231,ORD0003283,PROD000005,2,219.89,0.0,439.78,2026-03-26 16:16:30
OI00007232,ORD0003284,PROD000115,1,66.23,0.0,66.23,2026-03-22 00:37:21
OI00007233,ORD0003285,PROD000113,1,295.97,59.19,236.78,2026-07-07 22:58:16
OI00007234,ORD0003285,PROD000065,1,459.64,0.0,459.64,2026-07-07 22:58:16
OI00007235,ORD0003285,PROD000179,1,100.96,10.1,90.86,2026-07-07 22:58:16
OI00007236,ORD0003285,PROD000036,1,22.66,0.0,22.66,2026-07-07 22:58:16
OI00007237,ORD0003286,PROD000142,2,276.94,83.08,470.8,2026-03-20 18:39:25
OI00007238,ORD0003286,PROD000009,2,247.91,0.0,495.82,2026-03-20 18:39:25
OI00007239,ORD0003287,PROD000047,2,125.52,0.0,251.04,2026-03-13 01:11:27
OI00007240,ORD0003288,PROD000159,1,90.28,9.03,81.25,2026-04-24 16:39:43
OI00007241,ORD0003288,PROD000051,1,128.31,0.0,128.31,2026-04-24 16:39:43
OI00007242,ORD0003288,PROD000023,1,69.84,0.0,69.84,2026-04-24 16:39:43
OI00007243,ORD0003289,PROD000158,2,391.88,0.0,783.76,2026-03-12 06:18:21
OI00007244,ORD0003289,PROD000133,1,7.24,0.0,7.24,2026-03-12 06:18:21
OI00007245,ORD0003289,PROD000121,1,311.61,0.0,311.61,2026-03-12 06:18:21
OI00007246,ORD0003289,PROD000182,2,116.92,0.0,233.84,2026-03-12 06:18:21
OI00007247,ORD0003289,PROD000044,2,137.29,13.73,260.85,2026-03-12 06:18:21
OI00007248,ORD0003290,PROD000158,1,391.88,0.0,391.88,2026-06-26 16:05:38
OI00007249,ORD0003290,PROD000121,1,311.61,0.0,311.61,2026-06-26 16:05:38
OI00007250,ORD0003291,PROD000194,1,99.76,0.0,99.76,2026-08-04 07:06:36
OI00007251,ORD0003292,PROD000025,1,337.19,0.0,337.19,2026-08-01 10:38:44
OI00007252,ORD0003293,PROD000055,1,324.24,0.0,324.24,2026-06-30 05:25:57
OI00007253,ORD0003294,PROD000151,2,220.37,0.0,440.74,2026-07-18 09:25:26
OI00007254,ORD0003294,PROD000103,1,30.32,0.0,30.32,2026-07-18 09:25:26
OI00007255,ORD0003294,PROD000153,3,46.39,0.0,139.17,2026-07-18 09:25:26
OI00007256,ORD0003295,PROD000070,2,251.87,75.56,428.18,2026-05-28 23:55:54
OI00007257,ORD0003295,PROD000130,2,251.9,0.0,503.8,2026-05-28 23:55:54
OI00007258,ORD0003295,PROD000056,1,23.5,0.0,23.5,2026-05-28 23:55:54
OI00007259,ORD0003296,PROD000188,1,114.4,0.0,114.4,2026-05-15 20:31:04
OI00007260,ORD0003296,PROD000038,1,84.38,0.0,84.38,2026-05-15 20:31:04
OI00007261,ORD0003296,PROD000130,4,251.9,50.38,957.22,2026-05-15 20:31:04
OI00007262,ORD0003297,PROD000044,1,137.29,0.0,137.29,2026-07-23 09:38:12
OI00007263,ORD0003298,PROD000117,2,96.57,9.66,183.48,2026-05-12 06:47:06
OI00007264,ORD0003298,PROD000037,2,48.34,9.67,87.01,2026-05-12 06:47:06
OI00007265,ORD0003299,PROD000085,2,36.94,0.0,73.88,2026-02-26 08:17:03
OI00007266,ORD0003300,PROD000136,2,248.42,99.37,397.47,2026-03-02 02:22:00
OI00007267,ORD0003300,PROD000180,2,443.88,88.78,798.98,2026-03-02 02:22:00
OI00007268,ORD0003300,PROD000077,2,172.06,0.0,344.12,2026-03-02 02:22:00
OI00007269,ORD0003301,PROD000196,1,135.89,13.59,122.3,2026-03-30 13:26:19
OI00007270,ORD0003301,PROD000061,1,85.11,0.0,85.11,2026-03-30 13:26:19
OI00007271,ORD0003301,PROD000200,3,107.97,0.0,323.91,2026-03-30 13:26:19
OI00007272,ORD0003302,PROD000078,2,44.16,8.83,79.49,2026-03-20 22:01:34
OI00007273,ORD0003302,PROD000037,2,48.34,4.83,91.85,2026-03-20 22:01:34
OI00007274,ORD0003302,PROD000103,2,30.32,0.0,60.64,2026-03-20 22:01:34
OI00007275,ORD0003303,PROD000005,2,219.89,0.0,439.78,2026-07-26 17:28:50
OI00007276,ORD0003303,PROD000160,1,181.18,9.06,172.12,2026-07-26 17:28:50
OI00007277,ORD0003303,PROD000027,2,174.59,0.0,349.18,2026-07-26 17:28:50
OI00007278,ORD0003303,PROD000155,3,67.32,20.2,181.76,2026-07-26 17:28:50
OI00007279,ORD0003304,PROD000132,1,86.93,0.0,86.93,2026-07-01 08:38:51
OI00007280,ORD0003305,PROD000133,1,7.24,0.0,7.24,2026-04-20 05:55:58
OI00007281,ORD0003306,PROD000135,1,106.79,0.0,106.79,2026-03-01 12:42:54
OI00007282,ORD0003306,PROD000001,3,240.76,0.0,722.28,2026-03-01 12:42:54
OI00007283,ORD0003307,PROD000140,1,156.23,0.0,156.23,2026-05-15 15:29:11
OI00007284,ORD0003307,PROD000037,1,48.34,0.0,48.34,2026-05-15 15:29:11
OI00007285,ORD0003308,PROD000070,1,251.87,25.19,226.68,2026-04-04 18:24:36
OI00007286,ORD0003308,PROD000018,1,6.39,0.0,6.39,2026-04-04 18:24:36
OI00007287,ORD0003309,PROD000114,2,36.68,0.0,73.36,2026-06-03 13:14:39
OI00007288,ORD0003310,PROD000186,2,106.06,0.0,212.12,2026-04-09 11:37:56
OI00007289,ORD0003310,PROD000088,1,381.45,19.07,362.38,2026-04-09 11:37:56
OI00007290,ORD0003311,PROD000111,1,209.32,20.93,188.39,2026-04-08 04:52:45
OI00007291,ORD0003312,PROD000182,1,116.92,0.0,116.92,2026-05-11 02:47:59
OI00007292,ORD0003313,PROD000169,1,53.52,0.0,53.52,2026-04-12 14:19:32
OI00007293,ORD0003313,PROD000125,1,169.29,0.0,169.29,2026-04-12 14:19:32
OI00007294,ORD0003313,PROD000174,4,225.67,0.0,902.68,2026-04-12 14:19:32
OI00007295,ORD0003314,PROD000108,1,87.18,0.0,87.18,2026-07-31 02:22:11
OI00007296,ORD0003314,PROD000083,2,119.55,11.96,227.14,2026-07-31 02:22:11
OI00007297,ORD0003314,PROD000002,2,68.17,0.0,136.34,2026-07-31 02:22:11
OI00007298,ORD0003314,PROD000120,1,200.42,0.0,200.42,2026-07-31 02:22:11
OI00007299,ORD0003314,PROD000081,4,267.87,0.0,1071.48,2026-07-31 02:22:11
OI00007300,ORD0003315,PROD000051,1,128.31,0.0,128.31,2026-05-11 02:06:25
OI00007301,ORD0003315,PROD000185,1,186.5,0.0,186.5,2026-05-11 02:06:25
OI00007302,ORD0003316,PROD000041,2,287.98,0.0,575.96,2026-05-24 21:40:25
OI00007303,ORD0003317,PROD000184,2,192.54,0.0,385.08,2026-04-23 19:20:18
OI00007304,ORD0003317,PROD000137,2,16.14,0.0,32.28,2026-04-23 19:20:18
OI00007305,ORD0003318,PROD000023,1,69.84,0.0,69.84,2026-05-24 17:32:26
OI00007306,ORD0003318,PROD000196,2,135.89,0.0,271.78,2026-05-24 17:32:26
OI00007307,ORD0003318,PROD000065,3,459.64,0.0,1378.92,2026-05-24 17:32:26
OI00007308,ORD0003318,PROD000056,1,23.5,0.0,23.5,2026-05-24 17:32:26
OI00007309,ORD0003319,PROD000107,1,128.32,0.0,128.32,2026-04-01 07:26:42
OI00007310,ORD0003319,PROD000019,2,64.3,12.86,115.74,2026-04-01 07:26:42
OI00007311,ORD0003320,PROD000057,1,282.26,0.0,282.26,2026-05-04 10:29:22
OI00007312,ORD0003320,PROD000154,2,57.2,0.0,114.4,2026-05-04 10:29:22
OI00007313,ORD0003320,PROD000080,2,288.18,0.0,576.36,2026-05-04 10:29:22
OI00007314,ORD0003321,PROD000022,2,302.51,0.0,605.02,2026-06-24 18:36:20
OI00007315,ORD0003322,PROD000042,1,358.03,35.8,322.23,2026-03-04 15:59:23
OI00007316,ORD0003322,PROD000095,1,317.49,15.87,301.62,2026-03-04 15:59:23
OI00007317,ORD0003322,PROD000126,1,5.66,0.0,5.66,2026-03-04 15:59:23
OI00007318,ORD0003322,PROD000150,1,121.83,6.09,115.74,2026-03-04 15:59:23
OI00007319,ORD0003323,PROD000037,1,48.34,0.0,48.34,2026-04-11 21:47:47
OI00007320,ORD0003324,PROD000200,2,107.97,0.0,215.94,2026-03-23 09:55:33
OI00007321,ORD0003324,PROD000026,1,165.8,24.87,140.93,2026-03-23 09:55:33
OI00007322,ORD0003324,PROD000197,1,191.33,0.0,191.33,2026-03-23 09:55:33
OI00007323,ORD0003325,PROD000153,2,46.39,0.0,92.78,2026-04-08 06:23:47
OI00007324,ORD0003326,PROD000068,2,253.43,0.0,506.86,2026-03-19 02:40:48
OI00007325,ORD0003326,PROD000153,4,46.39,0.0,185.56,2026-03-19 02:40:48
OI00007326,ORD0003326,PROD000188,1,114.4,0.0,114.4,2026-03-19 02:40:48
OI00007327,ORD0003326,PROD000129,1,280.22,0.0,280.22,2026-03-19 02:40:48
OI00007328,ORD0003327,PROD000085,1,36.94,0.0,36.94,2026-05-02 11:08:37
OI00007329,ORD0003328,PROD000106,1,13.25,0.0,13.25,2026-05-13 18:17:12
OI00007330,ORD0003328,PROD000150,2,121.83,0.0,243.66,2026-05-13 18:17:12
OI00007331,ORD0003328,PROD000017,2,177.67,0.0,355.34,2026-05-13 18:17:12
OI00007332,ORD0003329,PROD000017,1,177.67,0.0,177.67,2026-06-24 17:28:09
OI00007333,ORD0003329,PROD000057,1,282.26,28.23,254.03,2026-06-24 17:28:09
OI00007334,ORD0003330,PROD000020,1,59.38,0.0,59.38,2026-03-19 10:57:05
OI00007335,ORD0003330,PROD000200,3,107.97,0.0,323.91,2026-03-19 10:57:05
OI00007336,ORD0003330,PROD000181,1,132.65,0.0,132.65,2026-03-19 10:57:05
OI00007337,ORD0003331,PROD000046,1,353.88,17.69,336.19,2026-04-28 05:21:03
OI00007338,ORD0003332,PROD000185,1,186.5,18.65,167.85,2026-07-11 10:56:41
OI00007339,ORD0003333,PROD000077,2,172.06,17.21,326.91,2026-05-30 12:43:24
OI00007340,ORD0003333,PROD000015,4,74.75,0.0,299.0,2026-05-30 12:43:24
OI00007341,ORD0003333,PROD000148,3,111.17,0.0,333.51,2026-05-30 12:43:24
OI00007342,ORD0003334,PROD000189,1,184.49,0.0,184.49,2026-04-16 17:06:12
OI00007343,ORD0003334,PROD000083,1,119.55,0.0,119.55,2026-04-16 17:06:12
OI00007344,ORD0003335,PROD000151,1,220.37,0.0,220.37,2026-05-12 10:17:07
OI00007345,ORD0003335,PROD000057,1,282.26,0.0,282.26,2026-05-12 10:17:07
OI00007346,ORD0003336,PROD000142,2,276.94,0.0,553.88,2026-03-18 01:18:50
OI00007347,ORD0003336,PROD000078,1,44.16,0.0,44.16,2026-03-18 01:18:50
OI00007348,ORD0003337,PROD000192,2,122.14,12.21,232.07,2026-03-12 08:03:56
OI00007349,ORD0003337,PROD000096,1,151.87,0.0,151.87,2026-03-12 08:03:56
OI00007350,ORD0003338,PROD000103,2,30.32,0.0,60.64,2026-02-28 01:18:24
OI00007351,ORD0003338,PROD000069,1,332.4,0.0,332.4,2026-02-28 01:18:24
OI00007352,ORD0003338,PROD000095,1,317.49,0.0,317.49,2026-02-28 01:18:24
OI00007353,ORD0003339,PROD000021,1,325.45,0.0,325.45,2026-07-02 16:54:08
OI00007354,ORD0003339,PROD000111,1,209.32,0.0,209.32,2026-07-02 16:54:08
OI00007355,ORD0003340,PROD000132,1,86.93,0.0,86.93,2026-07-16 09:29:33
OI00007356,ORD0003341,PROD000190,3,270.32,0.0,810.96,2026-07-06 05:54:39
OI00007357,ORD0003342,PROD000001,4,240.76,0.0,963.04,2026-02-19 02:52:48
OI00007358,ORD0003343,PROD000047,3,125.52,0.0,376.56,2026-03-28 19:13:07
OI00007359,ORD0003343,PROD000088,2,381.45,0.0,762.9,2026-03-28 19:13:07
OI00007360,ORD0003343,PROD000180,1,443.88,22.19,421.69,2026-03-28 19:13:07
OI00007361,ORD0003344,PROD000159,1,90.28,13.54,76.74,2026-07-11 04:34:40
OI00007362,ORD0003344,PROD000114,2,36.68,3.67,69.69,2026-07-11 04:34:40
OI00007363,ORD0003344,PROD000061,3,85.11,0.0,255.33,2026-07-11 04:34:40
OI00007364,ORD0003345,PROD000176,1,395.87,0.0,395.87,2026-07-19 11:15:17
OI00007365,ORD0003346,PROD000002,1,68.17,6.82,61.35,2026-02-27 12:01:28
OI00007366,ORD0003347,PROD000152,2,68.44,27.38,109.5,2026-05-29 20:46:17
OI00007367,ORD0003347,PROD000192,3,122.14,0.0,366.42,2026-05-29 20:46:17
OI00007368,ORD0003347,PROD000036,1,22.66,0.0,22.66,2026-05-29 20:46:17
OI00007369,ORD0003348,PROD000079,1,315.96,0.0,315.96,2026-06-27 11:34:24
OI00007370,ORD0003349,PROD000061,2,85.11,0.0,170.22,2026-06-09 01:54:59
OI00007371,ORD0003350,PROD000188,4,114.4,0.0,457.6,2026-05-28 19:01:45
OI00007372,ORD0003351,PROD000008,2,181.13,0.0,362.26,2026-03-15 15:47:44
OI00007373,ORD0003351,PROD000017,4,177.67,0.0,710.68,2026-03-15 15:47:44
OI00007374,ORD0003351,PROD000123,1,410.86,20.54,390.32,2026-03-15 15:47:44
OI00007375,ORD0003351,PROD000015,1,74.75,0.0,74.75,2026-03-15 15:47:44
OI00007376,ORD0003352,PROD000186,1,106.06,5.3,100.76,2026-07-09 10:13:53
OI00007377,ORD0003352,PROD000014,3,171.48,0.0,514.44,2026-07-09 10:13:53
OI00007378,ORD0003352,PROD000086,1,216.37,21.64,194.73,2026-07-09 10:13:53
OI00007379,ORD0003353,PROD000089,1,270.52,0.0,270.52,2026-05-08 01:22:24
OI00007380,ORD0003353,PROD000110,1,112.33,5.62,106.71,2026-05-08 01:22:24
OI00007381,ORD0003353,PROD000108,1,87.18,0.0,87.18,2026-05-08 01:22:24
OI00007382,ORD0003354,PROD000160,2,181.18,0.0,362.36,2026-02-23 17:01:06
OI00007383,ORD0003354,PROD000052,1,289.95,0.0,289.95,2026-02-23 17:01:06
OI00007384,ORD0003355,PROD000116,1,33.83,0.0,33.83,2026-05-31 05:23:46
OI00007385,ORD0003356,PROD000147,1,359.37,0.0,359.37,2026-04-06 06:55:52
OI00007386,ORD0003356,PROD000115,2,66.23,0.0,132.46,2026-04-06 06:55:52
OI00007387,ORD0003357,PROD000044,1,137.29,0.0,137.29,2026-04-04 22:00:52
OI00007388,ORD0003357,PROD000168,2,433.94,0.0,867.88,2026-04-04 22:00:52
OI00007389,ORD0003357,PROD000171,2,118.83,0.0,237.66,2026-04-04 22:00:52
OI00007390,ORD0003357,PROD000189,1,184.49,18.45,166.04,2026-04-04 22:00:52
OI00007391,ORD0003357,PROD000140,1,156.23,7.81,148.42,2026-04-04 22:00:52
OI00007392,ORD0003358,PROD000088,2,381.45,76.29,686.61,2026-02-20 02:00:03
OI00007393,ORD0003359,PROD000001,2,240.76,0.0,481.52,2026-08-03 02:01:06
OI00007394,ORD0003359,PROD000039,1,318.97,0.0,318.97,2026-08-03 02:01:06
OI00007395,ORD0003360,PROD000130,1,251.9,0.0,251.9,2026-07-17 15:39:20
OI00007396,ORD0003360,PROD000171,1,118.83,11.88,106.95,2026-07-17 15:39:20
OI00007397,ORD0003360,PROD000159,2,90.28,9.03,171.53,2026-07-17 15:39:20
OI00007398,ORD0003361,PROD000153,1,46.39,0.0,46.39,2026-06-29 01:12:49
OI00007399,ORD0003361,PROD000051,3,128.31,0.0,384.93,2026-06-29 01:12:49
OI00007400,ORD0003362,PROD000129,1,280.22,28.02,252.2,2026-04-04 22:28:42
OI00007401,ORD0003362,PROD000090,1,82.64,0.0,82.64,2026-04-04 22:28:42
OI00007402,ORD0003362,PROD000050,2,110.2,0.0,220.4,2026-04-04 22:28:42
OI00007403,ORD0003362,PROD000170,1,39.7,0.0,39.7,2026-04-04 22:28:42
OI00007404,ORD0003363,PROD000074,1,260.67,0.0,260.67,2026-07-05 15:39:29
OI00007405,ORD0003363,PROD000026,1,165.8,0.0,165.8,2026-07-05 15:39:29
OI00007406,ORD0003363,PROD000196,2,135.89,0.0,271.78,2026-07-05 15:39:29
OI00007407,ORD0003364,PROD000074,2,260.67,0.0,521.34,2026-07-01 01:30:21
OI00007408,ORD0003364,PROD000083,1,119.55,17.93,101.62,2026-07-01 01:30:21
OI00007409,ORD0003365,PROD000103,1,30.32,0.0,30.32,2026-07-04 00:42:52
OI00007410,ORD0003365,PROD000007,1,255.16,0.0,255.16,2026-07-04 00:42:52
OI00007411,ORD0003365,PROD000027,3,174.59,26.19,497.58,2026-07-04 00:42:52
OI00007412,ORD0003365,PROD000062,1,129.94,12.99,116.95,2026-07-04 00:42:52
OI00007413,ORD0003365,PROD000161,1,310.12,0.0,310.12,2026-07-04 00:42:52
OI00007414,ORD0003366,PROD000047,1,125.52,0.0,125.52,2026-08-02 23:34:54
OI00007415,ORD0003366,PROD000154,1,57.2,0.0,57.2,2026-08-02 23:34:54
OI00007416,ORD0003366,PROD000188,2,114.4,0.0,228.8,2026-08-02 23:34:54
OI00007417,ORD0003366,PROD000020,1,59.38,0.0,59.38,2026-08-02 23:34:54
OI00007418,ORD0003366,PROD000088,2,381.45,0.0,762.9,2026-08-02 23:34:54
OI00007419,ORD0003367,PROD000083,1,119.55,0.0,119.55,2026-06-17 12:14:03
OI00007420,ORD0003368,PROD000170,1,39.7,0.0,39.7,2026-04-19 01:11:53
OI00007421,ORD0003369,PROD000020,3,59.38,0.0,178.14,2026-08-06 11:03:50
OI00007422,ORD0003369,PROD000197,2,191.33,76.53,306.13,2026-08-06 11:03:50
OI00007423,ORD0003370,PROD000132,1,86.93,0.0,86.93,2026-06-24 23:51:52
OI00007424,ORD0003370,PROD000005,1,219.89,0.0,219.89,2026-06-24 23:51:52
OI00007425,ORD0003371,PROD000179,1,100.96,0.0,100.96,2026-05-30 21:10:20
OI00007426,ORD0003372,PROD000015,2,74.75,0.0,149.5,2026-06-12 15:58:55
OI00007427,ORD0003373,PROD000104,2,219.63,43.93,395.33,2026-06-05 21:53:53
OI00007428,ORD0003374,PROD000126,1,5.66,0.0,5.66,2026-06-06 09:51:56
OI00007429,ORD0003375,PROD000063,2,61.43,0.0,122.86,2026-04-10 17:44:01
OI00007430,ORD0003376,PROD000079,2,315.96,0.0,631.92,2026-02-22 21:29:11
OI00007431,ORD0003376,PROD000147,2,359.37,71.87,646.87,2026-02-22 21:29:11
OI00007432,ORD0003376,PROD000173,1,269.92,0.0,269.92,2026-02-22 21:29:11
OI00007433,ORD0003376,PROD000052,1,289.95,0.0,289.95,2026-02-22 21:29:11
OI00007434,ORD0003377,PROD000083,1,119.55,0.0,119.55,2026-05-25 20:34:20
OI00007435,ORD0003378,PROD000181,1,132.65,0.0,132.65,2026-07-21 06:35:46
OI00007436,ORD0003378,PROD000081,1,267.87,0.0,267.87,2026-07-21 06:35:46
OI00007437,ORD0003379,PROD000160,1,181.18,0.0,181.18,2026-05-26 19:19:23
OI00007438,ORD0003380,PROD000049,2,343.12,0.0,686.24,2026-08-01 04:42:35
OI00007439,ORD0003381,PROD000073,1,9.42,0.0,9.42,2026-05-10 22:05:35
OI00007440,ORD0003381,PROD000179,3,100.96,0.0,302.88,2026-05-10 22:05:35
OI00007441,ORD0003382,PROD000005,1,219.89,10.99,208.9,2026-06-09 23:49:12
OI00007442,ORD0003382,PROD000052,4,289.95,57.99,1101.81,2026-06-09 23:49:12
OI00007443,ORD0003382,PROD000018,1,6.39,0.64,5.75,2026-06-09 23:49:12
OI00007444,ORD0003382,PROD000149,3,259.04,116.57,660.55,2026-06-09 23:49:12
OI00007445,ORD0003382,PROD000152,3,68.44,0.0,205.32,2026-06-09 23:49:12
OI00007446,ORD0003383,PROD000093,2,51.13,0.0,102.26,2026-06-29 06:24:28
OI00007447,ORD0003383,PROD000195,1,397.59,0.0,397.59,2026-06-29 06:24:28
OI00007448,ORD0003383,PROD000200,1,107.97,5.4,102.57,2026-06-29 06:24:28
OI00007449,ORD0003383,PROD000008,1,181.13,0.0,181.13,2026-06-29 06:24:28
OI00007450,ORD0003383,PROD000189,1,184.49,0.0,184.49,2026-06-29 06:24:28
OI00007451,ORD0003384,PROD000019,2,64.3,0.0,128.6,2026-05-07 06:07:22
OI00007452,ORD0003385,PROD000120,2,200.42,0.0,400.84,2026-07-27 06:32:41
OI00007453,ORD0003386,PROD000098,1,188.42,0.0,188.42,2026-07-27 18:27:53
OI00007454,ORD0003386,PROD000160,1,181.18,36.24,144.94,2026-07-27 18:27:53
OI00007455,ORD0003387,PROD000036,1,22.66,0.0,22.66,2026-05-11 12:44:55
OI00007456,ORD0003388,PROD000053,1,381.96,0.0,381.96,2026-05-12 08:44:42
OI00007457,ORD0003388,PROD000090,1,82.64,12.4,70.24,2026-05-12 08:44:42
OI00007458,ORD0003389,PROD000038,1,84.38,0.0,84.38,2026-06-13 05:07:05
OI00007459,ORD0003390,PROD000094,2,170.67,0.0,341.34,2026-02-25 03:48:34
OI00007460,ORD0003390,PROD000101,2,140.13,0.0,280.26,2026-02-25 03:48:34
OI00007461,ORD0003390,PROD000125,1,169.29,0.0,169.29,2026-02-25 03:48:34
OI00007462,ORD0003391,PROD000163,2,379.9,0.0,759.8,2026-04-06 08:42:45
OI00007463,ORD0003391,PROD000074,1,260.67,0.0,260.67,2026-04-06 08:42:45
OI00007464,ORD0003392,PROD000127,3,216.42,0.0,649.26,2026-05-27 08:33:52
OI00007465,ORD0003393,PROD000038,1,84.38,0.0,84.38,2026-06-04 10:30:06
OI00007466,ORD0003394,PROD000111,3,209.32,0.0,627.96,2026-06-28 15:22:36
OI00007467,ORD0003395,PROD000093,1,51.13,0.0,51.13,2026-06-29 05:03:52
OI00007468,ORD0003396,PROD000068,2,253.43,25.34,481.52,2026-07-07 05:11:17
OI00007469,ORD0003396,PROD000022,2,302.51,0.0,605.02,2026-07-07 05:11:17
OI00007470,ORD0003396,PROD000038,3,84.38,0.0,253.14,2026-07-07 05:11:17
OI00007471,ORD0003396,PROD000150,1,121.83,0.0,121.83,2026-07-07 05:11:17
OI00007472,ORD0003397,PROD000019,1,64.3,0.0,64.3,2026-07-15 10:05:43
OI00007473,ORD0003398,PROD000092,1,90.01,0.0,90.01,2026-08-10 17:22:05
OI00007474,ORD0003399,PROD000126,1,5.66,0.0,5.66,2026-05-09 10:14:31
OI00007475,ORD0003399,PROD000141,1,54.3,0.0,54.3,2026-05-09 10:14:31
OI00007476,ORD0003399,PROD000135,4,106.79,0.0,427.16,2026-05-09 10:14:31
OI00007477,ORD0003399,PROD000104,1,219.63,0.0,219.63,2026-05-09 10:14:31
OI00007478,ORD0003400,PROD000151,1,220.37,11.02,209.35,2026-06-27 01:18:15
OI00007479,ORD0003400,PROD000088,2,381.45,152.58,610.32,2026-06-27 01:18:15
OI00007480,ORD0003400,PROD000117,1,96.57,19.31,77.26,2026-06-27 01:18:15
OI00007481,ORD0003400,PROD000077,1,172.06,0.0,172.06,2026-06-27 01:18:15
OI00007482,ORD0003400,PROD000181,1,132.65,0.0,132.65,2026-06-27 01:18:15
OI00007483,ORD0003401,PROD000047,1,125.52,0.0,125.52,2026-06-07 12:15:03
OI00007484,ORD0003402,PROD000025,3,337.19,0.0,1011.57,2026-05-13 12:39:26
OI00007485,ORD0003403,PROD000046,1,353.88,0.0,353.88,2026-03-27 07:23:32
OI00007486,ORD0003403,PROD000196,1,135.89,0.0,135.89,2026-03-27 07:23:32
OI00007487,ORD0003403,PROD000056,2,23.5,0.0,47.0,2026-03-27 07:23:32
OI00007488,ORD0003404,PROD000185,2,186.5,0.0,373.0,2026-06-02 06:57:03
OI00007489,ORD0003404,PROD000184,3,192.54,28.88,548.74,2026-06-02 06:57:03
OI00007490,ORD0003404,PROD000050,1,110.2,5.51,104.69,2026-06-02 06:57:03
OI00007491,ORD0003405,PROD000197,2,191.33,19.13,363.53,2026-08-01 22:28:04
OI00007492,ORD0003405,PROD000115,1,66.23,0.0,66.23,2026-08-01 22:28:04
OI00007493,ORD0003406,PROD000079,1,315.96,0.0,315.96,2026-03-28 20:51:18
OI00007494,ORD0003406,PROD000119,1,93.67,0.0,93.67,2026-03-28 20:51:18
OI00007495,ORD0003407,PROD000135,1,106.79,0.0,106.79,2026-07-13 07:12:54
OI00007496,ORD0003407,PROD000036,2,22.66,0.0,45.32,2026-07-13 07:12:54
OI00007497,ORD0003408,PROD000002,1,68.17,0.0,68.17,2026-06-21 19:04:38
OI00007498,ORD0003409,PROD000182,1,116.92,0.0,116.92,2026-06-28 04:35:01
OI00007499,ORD0003409,PROD000086,1,216.37,0.0,216.37,2026-06-28 04:35:01
OI00007500,ORD0003409,PROD000160,1,181.18,0.0,181.18,2026-06-28 04:35:01
OI00007501,ORD0003409,PROD000140,2,156.23,0.0,312.46,2026-06-28 04:35:01
OI00007502,ORD0003409,PROD000011,1,74.18,0.0,74.18,2026-06-28 04:35:01
OI00007503,ORD0003410,PROD000007,1,255.16,0.0,255.16,2026-08-03 13:15:22
OI00007504,ORD0003410,PROD000047,1,125.52,18.83,106.69,2026-08-03 13:15:22
OI00007505,ORD0003411,PROD000015,1,74.75,0.0,74.75,2026-02-18 14:02:00
OI00007506,ORD0003412,PROD000013,1,286.54,0.0,286.54,2026-07-04 14:15:36
OI00007507,ORD0003412,PROD000150,1,121.83,6.09,115.74,2026-07-04 14:15:36
OI00007508,ORD0003412,PROD000161,1,310.12,0.0,310.12,2026-07-04 14:15:36
OI00007509,ORD0003412,PROD000008,1,181.13,0.0,181.13,2026-07-04 14:15:36
OI00007510,ORD0003412,PROD000082,1,49.54,0.0,49.54,2026-07-04 14:15:36
OI00007511,ORD0003413,PROD000109,1,87.72,0.0,87.72,2026-07-24 09:06:49
OI00007512,ORD0003413,PROD000116,1,33.83,0.0,33.83,2026-07-24 09:06:49
OI00007513,ORD0003414,PROD000053,1,381.96,76.39,305.57,2026-06-13 18:27:49
OI00007514,ORD0003414,PROD000033,1,240.82,0.0,240.82,2026-06-13 18:27:49
OI00007515,ORD0003414,PROD000117,3,96.57,0.0,289.71,2026-06-13 18:27:49
OI00007516,ORD0003414,PROD000006,1,276.33,41.45,234.88,2026-06-13 18:27:49
OI00007517,ORD0003415,PROD000078,4,44.16,0.0,176.64,2026-06-14 16:53:03
OI00007518,ORD0003415,PROD000023,2,69.84,6.98,132.7,2026-06-14 16:53:03
OI00007519,ORD0003415,PROD000188,2,114.4,0.0,228.8,2026-06-14 16:53:03
OI00007520,ORD0003416,PROD000032,1,305.5,0.0,305.5,2026-05-24 18:26:24
OI00007521,ORD0003416,PROD000079,1,315.96,0.0,315.96,2026-05-24 18:26:24
OI00007522,ORD0003417,PROD000077,2,172.06,0.0,344.12,2026-08-12 18:13:48
OI00007523,ORD0003417,PROD000139,1,48.21,0.0,48.21,2026-08-12 18:13:48
OI00007524,ORD0003418,PROD000119,2,93.67,18.73,168.61,2026-04-04 07:20:54
OI00007525,ORD0003419,PROD000096,1,151.87,0.0,151.87,2026-03-24 07:13:46
OI00007526,ORD0003420,PROD000013,3,286.54,0.0,859.62,2026-06-13 02:26:52
OI00007527,ORD0003420,PROD000010,3,238.36,0.0,715.08,2026-06-13 02:26:52
OI00007528,ORD0003420,PROD000005,3,219.89,0.0,659.67,2026-06-13 02:26:52
OI00007529,ORD0003421,PROD000144,1,398.95,0.0,398.95,2026-06-22 20:48:15
OI00007530,ORD0003421,PROD000189,1,184.49,0.0,184.49,2026-06-22 20:48:15
OI00007531,ORD0003421,PROD000162,4,85.74,34.3,308.66,2026-06-22 20:48:15
OI00007532,ORD0003421,PROD000022,1,302.51,0.0,302.51,2026-06-22 20:48:15
OI00007533,ORD0003421,PROD000081,2,267.87,0.0,535.74,2026-06-22 20:48:15
OI00007534,ORD0003422,PROD000129,3,280.22,0.0,840.66,2026-02-28 17:01:32
OI00007535,ORD0003422,PROD000093,1,51.13,2.56,48.57,2026-02-28 17:01:32
OI00007536,ORD0003422,PROD000027,2,174.59,0.0,349.18,2026-02-28 17:01:32
OI00007537,ORD0003423,PROD000152,3,68.44,0.0,205.32,2026-06-20 19:42:47
OI00007538,ORD0003424,PROD000193,1,322.33,0.0,322.33,2026-04-08 10:34:05
OI00007539,ORD0003424,PROD000084,2,172.79,0.0,345.58,2026-04-08 10:34:05
OI00007540,ORD0003424,PROD000029,1,12.47,0.0,12.47,2026-04-08 10:34:05
OI00007541,ORD0003425,PROD000138,2,154.12,0.0,308.24,2026-02-27 18:30:55
OI00007542,ORD0003426,PROD000135,1,106.79,0.0,106.79,2026-04-07 14:02:22
OI00007543,ORD0003427,PROD000170,2,39.7,0.0,79.4,2026-03-28 03:10:41
OI00007544,ORD0003428,PROD000003,1,265.29,26.53,238.76,2026-08-12 15:19:07
OI00007545,ORD0003428,PROD000174,1,225.67,11.28,214.39,2026-08-12 15:19:07
OI00007546,ORD0003428,PROD000101,3,140.13,0.0,420.39,2026-08-12 15:19:07
OI00007547,ORD0003429,PROD000101,1,140.13,0.0,140.13,2026-03-11 11:01:30
OI00007548,ORD0003430,PROD000163,1,379.9,0.0,379.9,2026-05-08 12:12:44
OI00007549,ORD0003430,PROD000036,1,22.66,0.0,22.66,2026-05-08 12:12:44
OI00007550,ORD0003430,PROD000142,2,276.94,0.0,553.88,2026-05-08 12:12:44
OI00007551,ORD0003430,PROD000180,1,443.88,0.0,443.88,2026-05-08 12:12:44
OI00007552,ORD0003430,PROD000168,1,433.94,0.0,433.94,2026-05-08 12:12:44
OI00007553,ORD0003431,PROD000160,3,181.18,0.0,543.54,2026-07-16 11:59:17
OI00007554,ORD0003432,PROD000098,2,188.42,0.0,376.84,2026-05-12 17:49:15
OI00007555,ORD0003432,PROD000151,2,220.37,0.0,440.74,2026-05-12 17:49:15
OI00007556,ORD0003432,PROD000016,2,373.26,111.98,634.54,2026-05-12 17:49:15
OI00007557,ORD0003433,PROD000065,4,459.64,183.86,1654.7,2026-04-29 22:06:46
OI00007558,ORD0003433,PROD000082,1,49.54,0.0,49.54,2026-04-29 22:06:46
OI00007559,ORD0003434,PROD000081,1,267.87,0.0,267.87,2026-04-04 23:46:10
OI00007560,ORD0003434,PROD000013,2,286.54,0.0,573.08,2026-04-04 23:46:10
OI00007561,ORD0003434,PROD000141,4,54.3,0.0,217.2,2026-04-04 23:46:10
OI00007562,ORD0003435,PROD000062,1,129.94,0.0,129.94,2026-05-26 03:30:05
OI00007563,ORD0003436,PROD000073,2,9.42,0.0,18.84,2026-04-13 06:04:31
OI00007564,ORD0003436,PROD000029,1,12.47,0.0,12.47,2026-04-13 06:04:31
OI00007565,ORD0003436,PROD000135,1,106.79,0.0,106.79,2026-04-13 06:04:31
OI00007566,ORD0003437,PROD000155,1,67.32,0.0,67.32,2026-03-10 08:15:03
OI00007567,ORD0003438,PROD000181,3,132.65,39.8,358.15,2026-03-10 15:52:57
OI00007568,ORD0003438,PROD000157,1,230.53,0.0,230.53,2026-03-10 15:52:57
OI00007569,ORD0003439,PROD000020,1,59.38,5.94,53.44,2026-04-25 17:15:41
OI00007570,ORD0003440,PROD000053,3,381.96,0.0,1145.88,2026-06-05 15:36:56
OI00007571,ORD0003440,PROD000056,1,23.5,0.0,23.5,2026-06-05 15:36:56
OI00007572,ORD0003440,PROD000110,1,112.33,22.47,89.86,2026-06-05 15:36:56
OI00007573,ORD0003441,PROD000192,2,122.14,0.0,244.28,2026-03-13 03:32:29
OI00007574,ORD0003442,PROD000160,1,181.18,9.06,172.12,2026-04-14 11:33:56
OI00007575,ORD0003442,PROD000133,1,7.24,0.0,7.24,2026-04-14 11:33:56
OI00007576,ORD0003443,PROD000161,2,310.12,124.05,496.19,2026-05-22 05:26:43
OI00007577,ORD0003443,PROD000160,3,181.18,0.0,543.54,2026-05-22 05:26:43
OI00007578,ORD0003443,PROD000042,2,358.03,0.0,716.06,2026-05-22 05:26:43
OI00007579,ORD0003444,PROD000104,1,219.63,32.94,186.69,2026-08-13 09:24:22
OI00007580,ORD0003444,PROD000169,2,53.52,10.7,96.34,2026-08-13 09:24:22
OI00007581,ORD0003444,PROD000126,1,5.66,0.0,5.66,2026-08-13 09:24:22
OI00007582,ORD0003445,PROD000114,1,36.68,0.0,36.68,2026-07-26 08:01:02
OI00007583,ORD0003445,PROD000149,2,259.04,0.0,518.08,2026-07-26 08:01:02
OI00007584,ORD0003445,PROD000036,3,22.66,0.0,67.98,2026-07-26 08:01:02
OI00007585,ORD0003446,PROD000142,2,276.94,0.0,553.88,2026-04-28 17:05:59
OI00007586,ORD0003446,PROD000112,1,76.78,0.0,76.78,2026-04-28 17:05:59
OI00007587,ORD0003447,PROD000129,4,280.22,168.13,952.75,2026-04-23 19:25:00
OI00007588,ORD0003448,PROD000164,1,179.02,17.9,161.12,2026-04-21 04:00:40
OI00007589,ORD0003448,PROD000045,4,70.0,56.0,224.0,2026-04-21 04:00:40
OI00007590,ORD0003448,PROD000179,2,100.96,30.29,171.63,2026-04-21 04:00:40
OI00007591,ORD0003449,PROD000060,1,313.56,0.0,313.56,2026-05-16 04:49:48
OI00007592,ORD0003449,PROD000015,1,74.75,0.0,74.75,2026-05-16 04:49:48
OI00007593,ORD0003450,PROD000195,2,397.59,0.0,795.18,2026-07-13 20:04:53
OI00007594,ORD0003451,PROD000088,2,381.45,152.58,610.32,2026-04-13 06:19:18
OI00007595,ORD0003451,PROD000127,1,216.42,0.0,216.42,2026-04-13 06:19:18
OI00007596,ORD0003451,PROD000001,1,240.76,0.0,240.76,2026-04-13 06:19:18
OI00007597,ORD0003452,PROD000071,1,259.22,12.96,246.26,2026-03-28 04:39:33
OI00007598,ORD0003452,PROD000055,4,324.24,129.7,1167.26,2026-03-28 04:39:33
OI00007599,ORD0003453,PROD000003,1,265.29,0.0,265.29,2026-04-21 11:26:59
OI00007600,ORD0003454,PROD000104,1,219.63,0.0,219.63,2026-06-21 15:05:56
OI00007601,ORD0003454,PROD000110,3,112.33,0.0,336.99,2026-06-21 15:05:56
OI00007602,ORD0003454,PROD000117,1,96.57,0.0,96.57,2026-06-21 15:05:56
OI00007603,ORD0003455,PROD000021,3,325.45,0.0,976.35,2026-05-11 15:39:36
OI00007604,ORD0003455,PROD000147,2,359.37,0.0,718.74,2026-05-11 15:39:36
OI00007605,ORD0003456,PROD000051,3,128.31,0.0,384.93,2026-04-19 11:35:37
OI00007606,ORD0003457,PROD000079,1,315.96,0.0,315.96,2026-03-12 04:15:18
OI00007607,ORD0003457,PROD000113,4,295.97,177.58,1006.3,2026-03-12 04:15:18
OI00007608,ORD0003457,PROD000097,3,119.02,53.56,303.5,2026-03-12 04:15:18
OI00007609,ORD0003457,PROD000102,1,157.31,0.0,157.31,2026-03-12 04:15:18
OI00007610,ORD0003458,PROD000196,1,135.89,0.0,135.89,2026-05-04 23:39:05
OI00007611,ORD0003459,PROD000074,3,260.67,0.0,782.01,2026-05-03 22:25:21
OI00007612,ORD0003459,PROD000057,2,282.26,0.0,564.52,2026-05-03 22:25:21
OI00007613,ORD0003459,PROD000092,1,90.01,0.0,90.01,2026-05-03 22:25:21
OI00007614,ORD0003459,PROD000048,1,312.1,0.0,312.1,2026-05-03 22:25:21
OI00007615,ORD0003460,PROD000027,1,174.59,0.0,174.59,2026-05-28 07:27:39
OI00007616,ORD0003460,PROD000057,1,282.26,0.0,282.26,2026-05-28 07:27:39
OI00007617,ORD0003461,PROD000007,1,255.16,0.0,255.16,2026-07-04 22:17:49
OI00007618,ORD0003462,PROD000170,2,39.7,0.0,79.4,2026-03-07 21:33:17
OI00007619,ORD0003462,PROD000071,1,259.22,25.92,233.3,2026-03-07 21:33:17
OI00007620,ORD0003463,PROD000079,4,315.96,0.0,1263.84,2026-03-07 21:02:19
OI00007621,ORD0003463,PROD000066,1,424.54,0.0,424.54,2026-03-07 21:02:19
OI00007622,ORD0003464,PROD000173,1,269.92,0.0,269.92,2026-03-11 19:51:10
OI00007623,ORD0003465,PROD000164,4,179.02,0.0,716.08,2026-07-11 01:47:09
OI00007624,ORD0003466,PROD000083,4,119.55,0.0,478.2,2026-05-18 05:47:50
OI00007625,ORD0003467,PROD000030,3,113.9,68.34,273.36,2026-04-10 06:56:01
OI00007626,ORD0003467,PROD000146,2,237.64,0.0,475.28,2026-04-10 06:56:01
OI00007627,ORD0003467,PROD000059,1,368.8,0.0,368.8,2026-04-10 06:56:01
OI00007628,ORD0003468,PROD000022,1,302.51,0.0,302.51,2026-06-11 21:07:43
OI00007629,ORD0003468,PROD000026,3,165.8,0.0,497.4,2026-06-11 21:07:43
OI00007630,ORD0003469,PROD000104,1,219.63,0.0,219.63,2026-05-09 19:07:15
OI00007631,ORD0003470,PROD000181,2,132.65,53.06,212.24,2026-07-05 12:29:46
OI00007632,ORD0003470,PROD000006,2,276.33,0.0,552.66,2026-07-05 12:29:46
OI00007633,ORD0003470,PROD000077,1,172.06,8.6,163.46,2026-07-05 12:29:46
OI00007634,ORD0003471,PROD000152,1,68.44,0.0,68.44,2026-03-10 17:53:27
OI00007635,ORD0003471,PROD000047,1,125.52,0.0,125.52,2026-03-10 17:53:27
OI00007636,ORD0003471,PROD000020,2,59.38,0.0,118.76,2026-03-10 17:53:27
OI00007637,ORD0003472,PROD000080,2,288.18,0.0,576.36,2026-03-22 11:31:00
OI00007638,ORD0003472,PROD000183,1,239.94,47.99,191.95,2026-03-22 11:31:00
OI00007639,ORD0003472,PROD000198,1,307.49,30.75,276.74,2026-03-22 11:31:00
OI00007640,ORD0003472,PROD000187,4,260.32,0.0,1041.28,2026-03-22 11:31:00
OI00007641,ORD0003473,PROD000021,1,325.45,0.0,325.45,2026-04-07 18:55:35
OI00007642,ORD0003473,PROD000042,1,358.03,0.0,358.03,2026-04-07 18:55:35
OI00007643,ORD0003474,PROD000073,1,9.42,0.0,9.42,2026-06-20 17:34:17
OI00007644,ORD0003475,PROD000084,2,172.79,0.0,345.58,2026-05-04 11:17:17
OI00007645,ORD0003475,PROD000189,1,184.49,9.22,175.27,2026-05-04 11:17:17
OI00007646,ORD0003476,PROD000065,1,459.64,68.95,390.69,2026-07-14 01:40:08
OI00007647,ORD0003476,PROD000079,1,315.96,31.6,284.36,2026-07-14 01:40:08
OI00007648,ORD0003476,PROD000104,2,219.63,0.0,439.26,2026-07-14 01:40:08
OI00007649,ORD0003477,PROD000032,1,305.5,30.55,274.95,2026-06-20 04:59:51
OI00007650,ORD0003477,PROD000091,1,244.05,0.0,244.05,2026-06-20 04:59:51
OI00007651,ORD0003477,PROD000190,2,270.32,0.0,540.64,2026-06-20 04:59:51
OI00007652,ORD0003478,PROD000073,1,9.42,0.0,9.42,2026-04-04 17:19:12
OI00007653,ORD0003478,PROD000174,1,225.67,0.0,225.67,2026-04-04 17:19:12
OI00007654,ORD0003478,PROD000081,1,267.87,0.0,267.87,2026-04-04 17:19:12
OI00007655,ORD0003478,PROD000155,1,67.32,3.37,63.95,2026-04-04 17:19:12
OI00007656,ORD0003478,PROD000135,4,106.79,0.0,427.16,2026-04-04 17:19:12
OI00007657,ORD0003479,PROD000006,2,276.33,55.27,497.39,2026-06-05 15:08:46
OI00007658,ORD0003479,PROD000135,1,106.79,0.0,106.79,2026-06-05 15:08:46
OI00007659,ORD0003480,PROD000168,1,433.94,0.0,433.94,2026-02-24 15:52:08
OI00007660,ORD0003481,PROD000139,1,48.21,7.23,40.98,2026-08-07 15:31:36
OI00007661,ORD0003481,PROD000163,1,379.9,0.0,379.9,2026-08-07 15:31:36
OI00007662,ORD0003481,PROD000035,1,197.66,9.88,187.78,2026-08-07 15:31:36
OI00007663,ORD0003482,PROD000161,1,310.12,15.51,294.61,2026-03-30 08:38:35
OI00007664,ORD0003482,PROD000146,2,237.64,0.0,475.28,2026-03-30 08:38:35
OI00007665,ORD0003482,PROD000149,1,259.04,0.0,259.04,2026-03-30 08:38:35
OI00007666,ORD0003483,PROD000185,1,186.5,0.0,186.5,2026-02-24 01:11:53
OI00007667,ORD0003483,PROD000132,1,86.93,4.35,82.58,2026-02-24 01:11:53
OI00007668,ORD0003484,PROD000106,1,13.25,0.0,13.25,2026-03-16 17:22:03
OI00007669,ORD0003485,PROD000100,1,125.62,0.0,125.62,2026-07-13 19:52:36
OI00007670,ORD0003486,PROD000030,2,113.9,0.0,227.8,2026-06-03 00:02:01
OI00007671,ORD0003486,PROD000028,4,209.71,83.88,754.96,2026-06-03 00:02:01
OI00007672,ORD0003487,PROD000198,2,307.49,30.75,584.23,2026-05-03 11:58:32
OI00007673,ORD0003487,PROD000097,2,119.02,11.9,226.14,2026-05-03 11:58:32
OI00007674,ORD0003488,PROD000063,2,61.43,24.57,98.29,2026-07-21 11:27:32
OI00007675,ORD0003489,PROD000088,4,381.45,305.16,1220.64,2026-08-11 21:34:58
OI00007676,ORD0003490,PROD000163,1,379.9,0.0,379.9,2026-07-11 12:48:57
OI00007677,ORD0003491,PROD000051,1,128.31,6.42,121.89,2026-02-27 18:29:05
OI00007678,ORD0003492,PROD000095,2,317.49,0.0,634.98,2026-07-24 08:07:40
OI00007679,ORD0003493,PROD000153,1,46.39,0.0,46.39,2026-07-04 08:27:26
OI00007680,ORD0003493,PROD000132,1,86.93,8.69,78.24,2026-07-04 08:27:26
OI00007681,ORD0003493,PROD000015,4,74.75,0.0,299.0,2026-07-04 08:27:26
OI00007682,ORD0003494,PROD000031,2,62.29,0.0,124.58,2026-06-29 15:32:39
OI00007683,ORD0003495,PROD000108,1,87.18,0.0,87.18,2026-08-05 19:21:07
OI00007684,ORD0003495,PROD000117,1,96.57,0.0,96.57,2026-08-05 19:21:07
OI00007685,ORD0003496,PROD000031,1,62.29,0.0,62.29,2026-02-20 07:47:00
OI00007686,ORD0003496,PROD000029,1,12.47,0.0,12.47,2026-02-20 07:47:00
OI00007687,ORD0003497,PROD000089,1,270.52,0.0,270.52,2026-04-16 19:24:22
OI00007688,ORD0003497,PROD000021,1,325.45,0.0,325.45,2026-04-16 19:24:22
OI00007689,ORD0003497,PROD000189,1,184.49,0.0,184.49,2026-04-16 19:24:22
OI00007690,ORD0003498,PROD000157,3,230.53,69.16,622.43,2026-03-04 03:38:07
OI00007691,ORD0003498,PROD000011,1,74.18,0.0,74.18,2026-03-04 03:38:07
OI00007692,ORD0003499,PROD000173,1,269.92,0.0,269.92,2026-07-17 21:01:18
OI00007693,ORD0003499,PROD000018,1,6.39,0.0,6.39,2026-07-17 21:01:18
OI00007694,ORD0003500,PROD000165,1,95.13,0.0,95.13,2026-07-19 16:44:13
OI00007695,ORD0003500,PROD000046,1,353.88,35.39,318.49,2026-07-19 16:44:13
OI00007696,ORD0003501,PROD000186,1,106.06,0.0,106.06,2026-03-01 15:22:00
OI00007697,ORD0003501,PROD000120,1,200.42,0.0,200.42,2026-03-01 15:22:00
OI00007698,ORD0003502,PROD000092,2,90.01,0.0,180.02,2026-03-13 03:39:24
OI00007699,ORD0003502,PROD000171,1,118.83,0.0,118.83,2026-03-13 03:39:24
OI00007700,ORD0003502,PROD000044,1,137.29,0.0,137.29,2026-03-13 03:39:24
OI00007701,ORD0003503,PROD000121,2,311.61,0.0,623.22,2026-05-17 19:34:12
OI00007702,ORD0003503,PROD000107,3,128.32,57.74,327.22,2026-05-17 19:34:12
OI00007703,ORD0003504,PROD000033,1,240.82,24.08,216.74,2026-06-26 13:50:09
OI00007704,ORD0003504,PROD000002,2,68.17,0.0,136.34,2026-06-26 13:50:09
OI00007705,ORD0003505,PROD000179,1,100.96,0.0,100.96,2026-07-25 04:15:11
OI00007706,ORD0003505,PROD000060,1,313.56,0.0,313.56,2026-07-25 04:15:11
OI00007707,ORD0003506,PROD000184,2,192.54,19.25,365.83,2026-04-21 14:11:20
OI00007708,ORD0003507,PROD000154,3,57.2,0.0,171.6,2026-03-29 07:28:29
OI00007709,ORD0003507,PROD000008,1,181.13,0.0,181.13,2026-03-29 07:28:29
OI00007710,ORD0003507,PROD000126,2,5.66,0.57,10.75,2026-03-29 07:28:29
OI00007711,ORD0003507,PROD000142,1,276.94,0.0,276.94,2026-03-29 07:28:29
OI00007712,ORD0003508,PROD000095,1,317.49,31.75,285.74,2026-05-15 09:28:56
OI00007713,ORD0003509,PROD000071,3,259.22,0.0,777.66,2026-06-07 04:42:51
OI00007714,ORD0003509,PROD000161,4,310.12,0.0,1240.48,2026-06-07 04:42:51
OI00007715,ORD0003510,PROD000184,1,192.54,19.25,173.29,2026-08-13 14:01:44
OI00007716,ORD0003511,PROD000156,3,208.16,0.0,624.48,2026-07-31 09:59:23
OI00007717,ORD0003512,PROD000108,2,87.18,8.72,165.64,2026-04-11 02:37:56
OI00007718,ORD0003512,PROD000111,2,209.32,0.0,418.64,2026-04-11 02:37:56
OI00007719,ORD0003512,PROD000138,4,154.12,0.0,616.48,2026-04-11 02:37:56
OI00007720,ORD0003512,PROD000100,2,125.62,12.56,238.68,2026-04-11 02:37:56
OI00007721,ORD0003513,PROD000035,1,197.66,9.88,187.78,2026-07-18 14:00:25
OI00007722,ORD0003514,PROD000177,1,200.82,0.0,200.82,2026-06-08 09:14:27
OI00007723,ORD0003514,PROD000116,1,33.83,0.0,33.83,2026-06-08 09:14:27
OI00007724,ORD0003514,PROD000144,1,398.95,19.95,379.0,2026-06-08 09:14:27
OI00007725,ORD0003515,PROD000116,1,33.83,0.0,33.83,2026-04-09 02:58:38
OI00007726,ORD0003516,PROD000056,1,23.5,0.0,23.5,2026-04-02 13:26:21
OI00007727,ORD0003516,PROD000034,2,376.06,112.82,639.3,2026-04-02 13:26:21
OI00007728,ORD0003516,PROD000121,2,311.61,62.32,560.9,2026-04-02 13:26:21
OI00007729,ORD0003517,PROD000035,2,197.66,0.0,395.32,2026-03-08 21:53:35
OI00007730,ORD0003517,PROD000183,1,239.94,23.99,215.95,2026-03-08 21:53:35
OI00007731,ORD0003518,PROD000005,1,219.89,10.99,208.9,2026-02-27 15:53:55
OI00007732,ORD0003518,PROD000127,2,216.42,0.0,432.84,2026-02-27 15:53:55
OI00007733,ORD0003518,PROD000026,1,165.8,8.29,157.51,2026-02-27 15:53:55
OI00007734,ORD0003519,PROD000157,1,230.53,0.0,230.53,2026-05-03 00:32:14
OI00007735,ORD0003519,PROD000129,1,280.22,42.03,238.19,2026-05-03 00:32:14
OI00007736,ORD0003519,PROD000095,1,317.49,0.0,317.49,2026-05-03 00:32:14
OI00007737,ORD0003519,PROD000052,1,289.95,0.0,289.95,2026-05-03 00:32:14
OI00007738,ORD0003519,PROD000195,1,397.59,0.0,397.59,2026-05-03 00:32:14
OI00007739,ORD0003520,PROD000185,1,186.5,0.0,186.5,2026-05-31 20:23:33
OI00007740,ORD0003520,PROD000174,4,225.67,0.0,902.68,2026-05-31 20:23:33
OI00007741,ORD0003521,PROD000041,3,287.98,0.0,863.94,2026-07-08 06:50:32
OI00007742,ORD0003522,PROD000103,1,30.32,0.0,30.32,2026-05-12 02:16:51
OI00007743,ORD0003522,PROD000027,3,174.59,0.0,523.77,2026-05-12 02:16:51
OI00007744,ORD0003522,PROD000048,1,312.1,0.0,312.1,2026-05-12 02:16:51
OI00007745,ORD0003522,PROD000028,1,209.71,0.0,209.71,2026-05-12 02:16:51
OI00007746,ORD0003523,PROD000108,1,87.18,0.0,87.18,2026-04-25 17:45:21
OI00007747,ORD0003523,PROD000163,2,379.9,0.0,759.8,2026-04-25 17:45:21
OI00007748,ORD0003523,PROD000105,1,230.76,0.0,230.76,2026-04-25 17:45:21
OI00007749,ORD0003523,PROD000040,1,202.37,40.47,161.9,2026-04-25 17:45:21
OI00007750,ORD0003524,PROD000176,2,395.87,0.0,791.74,2026-08-12 07:07:40
OI00007751,ORD0003525,PROD000107,1,128.32,25.66,102.66,2026-03-20 15:18:11
OI00007752,ORD0003526,PROD000177,2,200.82,0.0,401.64,2026-04-06 16:51:54
OI00007753,ORD0003526,PROD000176,1,395.87,0.0,395.87,2026-04-06 16:51:54
OI00007754,ORD0003526,PROD000126,1,5.66,1.13,4.53,2026-04-06 16:51:54
OI00007755,ORD0003527,PROD000133,2,7.24,0.0,14.48,2026-02-18 00:50:39
OI00007756,ORD0003527,PROD000119,2,93.67,0.0,187.34,2026-02-18 00:50:39
OI00007757,ORD0003528,PROD000011,2,74.18,0.0,148.36,2026-03-10 22:58:48
OI00007758,ORD0003529,PROD000012,1,374.67,18.73,355.94,2026-04-24 08:02:03
OI00007759,ORD0003529,PROD000088,3,381.45,0.0,1144.35,2026-04-24 08:02:03
OI00007760,ORD0003530,PROD000181,1,132.65,6.63,126.02,2026-05-15 06:01:12
OI00007761,ORD0003530,PROD000049,2,343.12,0.0,686.24,2026-05-15 06:01:12
OI00007762,ORD0003531,PROD000150,1,121.83,12.18,109.65,2026-07-18 11:10:21
OI00007763,ORD0003532,PROD000111,1,209.32,0.0,209.32,2026-06-01 00:52:46
OI00007764,ORD0003532,PROD000089,4,270.52,162.31,919.77,2026-06-01 00:52:46
OI00007765,ORD0003533,PROD000083,1,119.55,0.0,119.55,2026-03-11 21:27:15
OI00007766,ORD0003533,PROD000096,2,151.87,60.75,242.99,2026-03-11 21:27:15
OI00007767,ORD0003533,PROD000195,3,397.59,178.92,1013.85,2026-03-11 21:27:15
OI00007768,ORD0003533,PROD000066,1,424.54,0.0,424.54,2026-03-11 21:27:15
OI00007769,ORD0003534,PROD000183,2,239.94,0.0,479.88,2026-06-14 12:43:07
OI00007770,ORD0003535,PROD000099,2,244.63,0.0,489.26,2026-05-01 02:29:50
OI00007771,ORD0003536,PROD000103,1,30.32,0.0,30.32,2026-05-05 21:21:05
OI00007772,ORD0003537,PROD000163,1,379.9,0.0,379.9,2026-04-22 23:24:45
OI00007773,ORD0003538,PROD000035,1,197.66,0.0,197.66,2026-06-08 16:50:18
OI00007774,ORD0003538,PROD000059,3,368.8,0.0,1106.4,2026-06-08 16:50:18
OI00007775,ORD0003538,PROD000170,1,39.7,0.0,39.7,2026-06-08 16:50:18
OI00007776,ORD0003538,PROD000099,1,244.63,0.0,244.63,2026-06-08 16:50:18
OI00007777,ORD0003539,PROD000189,1,184.49,0.0,184.49,2026-04-02 08:00:52
OI00007778,ORD0003539,PROD000060,2,313.56,0.0,627.12,2026-04-02 08:00:52
OI00007779,ORD0003540,PROD000136,1,248.42,37.26,211.16,2026-07-23 18:13:16
OI00007780,ORD0003541,PROD000147,1,359.37,0.0,359.37,2026-03-16 21:38:05
OI00007781,ORD0003541,PROD000195,3,397.59,0.0,1192.77,2026-03-16 21:38:05
OI00007782,ORD0003541,PROD000159,1,90.28,0.0,90.28,2026-03-16 21:38:05
OI00007783,ORD0003541,PROD000022,1,302.51,0.0,302.51,2026-03-16 21:38:05
OI00007784,ORD0003542,PROD000195,1,397.59,0.0,397.59,2026-05-14 01:23:02
OI00007785,ORD0003543,PROD000109,2,87.72,17.54,157.9,2026-05-11 10:49:40
OI00007786,ORD0003543,PROD000044,1,137.29,0.0,137.29,2026-05-11 10:49:40
OI00007787,ORD0003544,PROD000075,1,10.1,0.0,10.1,2026-05-05 08:55:23
OI00007788,ORD0003544,PROD000168,1,433.94,0.0,433.94,2026-05-05 08:55:23
OI00007789,ORD0003544,PROD000171,1,118.83,0.0,118.83,2026-05-05 08:55:23
OI00007790,ORD0003545,PROD000038,1,84.38,8.44,75.94,2026-05-07 13:18:21
OI00007791,ORD0003546,PROD000014,4,171.48,68.59,617.33,2026-06-28 06:32:19
OI00007792,ORD0003547,PROD000200,1,107.97,16.2,91.77,2026-07-06 22:33:39
OI00007793,ORD0003547,PROD000040,1,202.37,0.0,202.37,2026-07-06 22:33:39
OI00007794,ORD0003547,PROD000186,1,106.06,0.0,106.06,2026-07-06 22:33:39
OI00007795,ORD0003547,PROD000050,2,110.2,0.0,220.4,2026-07-06 22:33:39
OI00007796,ORD0003547,PROD000011,2,74.18,14.84,133.52,2026-07-06 22:33:39
OI00007797,ORD0003548,PROD000113,1,295.97,0.0,295.97,2026-07-02 09:44:35
OI00007798,ORD0003548,PROD000125,1,169.29,0.0,169.29,2026-07-02 09:44:35
OI00007799,ORD0003549,PROD000050,2,110.2,0.0,220.4,2026-06-19 04:14:20
OI00007800,ORD0003549,PROD000102,1,157.31,0.0,157.31,2026-06-19 04:14:20
OI00007801,ORD0003549,PROD000189,1,184.49,0.0,184.49,2026-06-19 04:14:20
OI00007802,ORD0003550,PROD000073,1,9.42,0.0,9.42,2026-02-28 17:10:21
OI00007803,ORD0003550,PROD000108,1,87.18,0.0,87.18,2026-02-28 17:10:21
OI00007804,ORD0003551,PROD000049,1,343.12,0.0,343.12,2026-05-01 23:01:13
OI00007805,ORD0003551,PROD000032,3,305.5,0.0,916.5,2026-05-01 23:01:13
OI00007806,ORD0003552,PROD000063,1,61.43,0.0,61.43,2026-08-13 11:11:01
OI00007807,ORD0003553,PROD000041,1,287.98,28.8,259.18,2026-08-01 13:49:56
OI00007808,ORD0003554,PROD000042,1,358.03,0.0,358.03,2026-05-20 10:22:33
OI00007809,ORD0003555,PROD000113,1,295.97,0.0,295.97,2026-07-15 13:12:37
OI00007810,ORD0003555,PROD000108,1,87.18,0.0,87.18,2026-07-15 13:12:37
OI00007811,ORD0003555,PROD000143,1,293.11,14.66,278.45,2026-07-15 13:12:37
OI00007812,ORD0003556,PROD000188,1,114.4,22.88,91.52,2026-04-02 17:22:18
OI00007813,ORD0003557,PROD000044,3,137.29,0.0,411.87,2026-03-12 22:53:50
OI00007814,ORD0003557,PROD000141,3,54.3,0.0,162.9,2026-03-12 22:53:50
OI00007815,ORD0003558,PROD000124,2,396.34,0.0,792.68,2026-05-15 21:11:41
OI00007816,ORD0003558,PROD000160,2,181.18,0.0,362.36,2026-05-15 21:11:41
OI00007817,ORD0003558,PROD000175,1,395.9,59.38,336.52,2026-05-15 21:11:41
OI00007818,ORD0003558,PROD000063,1,61.43,0.0,61.43,2026-05-15 21:11:41
OI00007819,ORD0003559,PROD000083,1,119.55,0.0,119.55,2026-07-17 17:47:22
OI00007820,ORD0003559,PROD000157,1,230.53,0.0,230.53,2026-07-17 17:47:22
OI00007821,ORD0003559,PROD000125,4,169.29,0.0,677.16,2026-07-17 17:47:22
OI00007822,ORD0003559,PROD000148,2,111.17,22.23,200.11,2026-07-17 17:47:22
OI00007823,ORD0003560,PROD000111,2,209.32,20.93,397.71,2026-06-28 11:31:52
OI00007824,ORD0003561,PROD000149,2,259.04,0.0,518.08,2026-03-15 22:12:29
OI00007825,ORD0003561,PROD000080,1,288.18,0.0,288.18,2026-03-15 22:12:29
OI00007826,ORD0003562,PROD000169,1,53.52,0.0,53.52,2026-02-18 11:39:44
OI00007827,ORD0003562,PROD000027,4,174.59,0.0,698.36,2026-02-18 11:39:44
OI00007828,ORD0003562,PROD000086,2,216.37,43.27,389.47,2026-02-18 11:39:44
OI00007829,ORD0003563,PROD000095,1,317.49,0.0,317.49,2026-06-16 00:31:52
OI00007830,ORD0003564,PROD000027,1,174.59,0.0,174.59,2026-05-24 01:28:35
OI00007831,ORD0003564,PROD000105,4,230.76,0.0,923.04,2026-05-24 01:28:35
OI00007832,ORD0003564,PROD000083,4,119.55,23.91,454.29,2026-05-24 01:28:35
OI00007833,ORD0003565,PROD000085,1,36.94,0.0,36.94,2026-05-21 01:19:04
OI00007834,ORD0003565,PROD000139,2,48.21,0.0,96.42,2026-05-21 01:19:04
OI00007835,ORD0003566,PROD000157,1,230.53,0.0,230.53,2026-03-30 23:05:00
OI00007836,ORD0003567,PROD000035,1,197.66,0.0,197.66,2026-07-11 03:49:04
OI00007837,ORD0003568,PROD000160,4,181.18,72.47,652.25,2026-05-04 02:16:44
OI00007838,ORD0003568,PROD000121,1,311.61,0.0,311.61,2026-05-04 02:16:44
OI00007839,ORD0003568,PROD000026,2,165.8,0.0,331.6,2026-05-04 02:16:44
OI00007840,ORD0003569,PROD000136,2,248.42,0.0,496.84,2026-04-02 08:20:51
OI00007841,ORD0003570,PROD000052,2,289.95,0.0,579.9,2026-06-24 02:37:11
OI00007842,ORD0003570,PROD000113,1,295.97,0.0,295.97,2026-06-24 02:37:11
OI00007843,ORD0003571,PROD000121,2,311.61,62.32,560.9,2026-03-03 02:24:39
OI00007844,ORD0003571,PROD000173,1,269.92,13.5,256.42,2026-03-03 02:24:39
OI00007845,ORD0003572,PROD000148,4,111.17,0.0,444.68,2026-06-12 16:08:50
OI00007846,ORD0003572,PROD000184,1,192.54,0.0,192.54,2026-06-12 16:08:50
OI00007847,ORD0003572,PROD000123,1,410.86,82.17,328.69,2026-06-12 16:08:50
OI00007848,ORD0003573,PROD000160,1,181.18,0.0,181.18,2026-04-27 11:14:37
OI00007849,ORD0003573,PROD000186,1,106.06,21.21,84.85,2026-04-27 11:14:37
OI00007850,ORD0003574,PROD000041,1,287.98,0.0,287.98,2026-07-18 06:02:08
OI00007851,ORD0003575,PROD000029,2,12.47,0.0,24.94,2026-08-03 01:35:58
OI00007852,ORD0003575,PROD000195,1,397.59,0.0,397.59,2026-08-03 01:35:58
OI00007853,ORD0003575,PROD000193,1,322.33,0.0,322.33,2026-08-03 01:35:58
OI00007854,ORD0003575,PROD000083,3,119.55,0.0,358.65,2026-08-03 01:35:58
OI00007855,ORD0003576,PROD000035,1,197.66,0.0,197.66,2026-07-27 10:53:48
OI00007856,ORD0003576,PROD000069,2,332.4,0.0,664.8,2026-07-27 10:53:48
OI00007857,ORD0003576,PROD000194,2,99.76,0.0,199.52,2026-07-27 10:53:48
OI00007858,ORD0003577,PROD000117,2,96.57,0.0,193.14,2026-06-04 16:30:46
OI00007859,ORD0003577,PROD000089,2,270.52,0.0,541.04,2026-06-04 16:30:46
OI00007860,ORD0003578,PROD000090,2,82.64,8.26,157.02,2026-03-18 13:32:35
OI00007861,ORD0003579,PROD000075,1,10.1,0.51,9.59,2026-03-25 15:10:31
OI00007862,ORD0003580,PROD000164,1,179.02,26.85,152.17,2026-06-26 21:35:33
OI00007863,ORD0003580,PROD000184,1,192.54,0.0,192.54,2026-06-26 21:35:33
OI00007864,ORD0003580,PROD000169,1,53.52,8.03,45.49,2026-06-26 21:35:33
OI00007865,ORD0003581,PROD000160,1,181.18,0.0,181.18,2026-06-24 21:19:27
OI00007866,ORD0003581,PROD000124,1,396.34,0.0,396.34,2026-06-24 21:19:27
OI00007867,ORD0003582,PROD000073,1,9.42,0.0,9.42,2026-03-16 03:41:14
OI00007868,ORD0003583,PROD000174,2,225.67,22.57,428.77,2026-06-08 16:09:30
OI00007869,ORD0003583,PROD000194,1,99.76,0.0,99.76,2026-06-08 16:09:30
OI00007870,ORD0003583,PROD000182,1,116.92,0.0,116.92,2026-06-08 16:09:30
OI00007871,ORD0003583,PROD000176,1,395.87,0.0,395.87,2026-06-08 16:09:30
OI00007872,ORD0003583,PROD000140,1,156.23,0.0,156.23,2026-06-08 16:09:30
OI00007873,ORD0003584,PROD000039,1,318.97,0.0,318.97,2026-07-31 16:33:13
OI00007874,ORD0003584,PROD000013,2,286.54,0.0,573.08,2026-07-31 16:33:13
OI00007875,ORD0003584,PROD000014,1,171.48,25.72,145.76,2026-07-31 16:33:13
OI00007876,ORD0003585,PROD000147,3,359.37,161.72,916.39,2026-06-07 17:42:24
OI00007877,ORD0003585,PROD000124,2,396.34,79.27,713.41,2026-06-07 17:42:24
OI00007878,ORD0003586,PROD000165,1,95.13,0.0,95.13,2026-04-17 03:14:21
OI00007879,ORD0003586,PROD000010,3,238.36,0.0,715.08,2026-04-17 03:14:21
OI00007880,ORD0003587,PROD000028,1,209.71,31.46,178.25,2026-08-06 21:20:27
OI00007881,ORD0003587,PROD000174,3,225.67,0.0,677.01,2026-08-06 21:20:27
OI00007882,ORD0003588,PROD000162,1,85.74,0.0,85.74,2026-02-26 10:38:40
OI00007883,ORD0003588,PROD000175,2,395.9,39.59,752.21,2026-02-26 10:38:40
OI00007884,ORD0003589,PROD000135,3,106.79,0.0,320.37,2026-03-18 06:28:45
OI00007885,ORD0003590,PROD000127,1,216.42,0.0,216.42,2026-03-04 03:28:20
OI00007886,ORD0003590,PROD000129,1,280.22,0.0,280.22,2026-03-04 03:28:20
OI00007887,ORD0003590,PROD000083,2,119.55,23.91,215.19,2026-03-04 03:28:20
OI00007888,ORD0003591,PROD000139,1,48.21,0.0,48.21,2026-07-21 20:38:50
OI00007889,ORD0003591,PROD000033,1,240.82,12.04,228.78,2026-07-21 20:38:50
OI00007890,ORD0003591,PROD000200,2,107.97,0.0,215.94,2026-07-21 20:38:50
OI00007891,ORD0003592,PROD000001,1,240.76,0.0,240.76,2026-03-29 05:48:36
OI00007892,ORD0003592,PROD000003,3,265.29,0.0,795.87,2026-03-29 05:48:36
OI00007893,ORD0003592,PROD000158,4,391.88,78.38,1489.14,2026-03-29 05:48:36
OI00007894,ORD0003593,PROD000063,1,61.43,0.0,61.43,2026-08-09 08:51:12
OI00007895,ORD0003593,PROD000144,1,398.95,19.95,379.0,2026-08-09 08:51:12
OI00007896,ORD0003593,PROD000003,1,265.29,0.0,265.29,2026-08-09 08:51:12
OI00007897,ORD0003594,PROD000179,1,100.96,0.0,100.96,2026-07-11 23:50:44
OI00007898,ORD0003594,PROD000154,1,57.2,11.44,45.76,2026-07-11 23:50:44
OI00007899,ORD0003594,PROD000029,1,12.47,0.0,12.47,2026-07-11 23:50:44
OI00007900,ORD0003594,PROD000175,1,395.9,0.0,395.9,2026-07-11 23:50:44
OI00007901,ORD0003595,PROD000200,1,107.97,10.8,97.17,2026-07-01 02:39:37
OI00007902,ORD0003595,PROD000188,1,114.4,0.0,114.4,2026-07-01 02:39:37
OI00007903,ORD0003595,PROD000162,1,85.74,0.0,85.74,2026-07-01 02:39:37
OI00007904,ORD0003595,PROD000153,1,46.39,0.0,46.39,2026-07-01 02:39:37
OI00007905,ORD0003596,PROD000161,2,310.12,0.0,620.24,2026-02-26 21:14:34
OI00007906,ORD0003597,PROD000071,1,259.22,0.0,259.22,2026-06-16 14:24:44
OI00007907,ORD0003597,PROD000077,1,172.06,0.0,172.06,2026-06-16 14:24:44
OI00007908,ORD0003597,PROD000078,1,44.16,0.0,44.16,2026-06-16 14:24:44
OI00007909,ORD0003598,PROD000143,1,293.11,0.0,293.11,2026-03-31 18:21:56
OI00007910,ORD0003598,PROD000012,1,374.67,37.47,337.2,2026-03-31 18:21:56
OI00007911,ORD0003598,PROD000149,1,259.04,0.0,259.04,2026-03-31 18:21:56
OI00007912,ORD0003599,PROD000097,2,119.02,0.0,238.04,2026-04-03 14:44:58
OI00007913,ORD0003600,PROD000018,2,6.39,0.0,12.78,2026-08-04 01:15:04
OI00007914,ORD0003601,PROD000132,1,86.93,0.0,86.93,2026-07-04 08:26:29
OI00007915,ORD0003601,PROD000123,1,410.86,0.0,410.86,2026-07-04 08:26:29
OI00007916,ORD0003602,PROD000016,2,373.26,37.33,709.19,2026-04-05 13:59:19
OI00007917,ORD0003603,PROD000197,1,191.33,38.27,153.06,2026-08-12 10:34:27
OI00007918,ORD0003604,PROD000108,1,87.18,4.36,82.82,2026-07-24 01:36:05
OI00007919,ORD0003604,PROD000005,1,219.89,21.99,197.9,2026-07-24 01:36:05
OI00007920,ORD0003604,PROD000092,1,90.01,0.0,90.01,2026-07-24 01:36:05
OI00007921,ORD0003605,PROD000031,4,62.29,0.0,249.16,2026-02-21 20:30:54
OI00007922,ORD0003606,PROD000193,1,322.33,0.0,322.33,2026-05-29 20:30:40
OI00007923,ORD0003606,PROD000013,1,286.54,0.0,286.54,2026-05-29 20:30:40
OI00007924,ORD0003607,PROD000073,2,9.42,0.0,18.84,2026-04-06 07:39:43
OI00007925,ORD0003607,PROD000185,4,186.5,37.3,708.7,2026-04-06 07:39:43
OI00007926,ORD0003607,PROD000082,3,49.54,22.29,126.33,2026-04-06 07:39:43
OI00007927,ORD0003607,PROD000103,1,30.32,3.03,27.29,2026-04-06 07:39:43
OI00007928,ORD0003607,PROD000074,2,260.67,26.07,495.27,2026-04-06 07:39:43
OI00007929,ORD0003608,PROD000007,3,255.16,0.0,765.48,2026-06-09 07:43:46
OI00007930,ORD0003608,PROD000113,1,295.97,14.8,281.17,2026-06-09 07:43:46
OI00007931,ORD0003609,PROD000119,2,93.67,0.0,187.34,2026-03-20 21:00:43
OI00007932,ORD0003610,PROD000171,1,118.83,5.94,112.89,2026-06-10 06:05:52
OI00007933,ORD0003610,PROD000056,1,23.5,0.0,23.5,2026-06-10 06:05:52
OI00007934,ORD0003610,PROD000008,1,181.13,36.23,144.9,2026-06-10 06:05:52
OI00007935,ORD0003610,PROD000154,1,57.2,0.0,57.2,2026-06-10 06:05:52
OI00007936,ORD0003610,PROD000140,1,156.23,0.0,156.23,2026-06-10 06:05:52
OI00007937,ORD0003611,PROD000108,1,87.18,0.0,87.18,2026-07-06 18:23:27
OI00007938,ORD0003612,PROD000143,1,293.11,0.0,293.11,2026-03-14 22:12:12
OI00007939,ORD0003612,PROD000081,2,267.87,0.0,535.74,2026-03-14 22:12:12
OI00007940,ORD0003612,PROD000082,3,49.54,0.0,148.62,2026-03-14 22:12:12
OI00007941,ORD0003613,PROD000050,1,110.2,22.04,88.16,2026-03-28 20:56:44
OI00007942,ORD0003614,PROD000110,3,112.33,0.0,336.99,2026-06-24 09:41:07
OI00007943,ORD0003614,PROD000187,1,260.32,0.0,260.32,2026-06-24 09:41:07
OI00007944,ORD0003614,PROD000116,4,33.83,0.0,135.32,2026-06-24 09:41:07
OI00007945,ORD0003614,PROD000120,1,200.42,0.0,200.42,2026-06-24 09:41:07
OI00007946,ORD0003615,PROD000194,1,99.76,0.0,99.76,2026-04-13 05:22:05
OI00007947,ORD0003615,PROD000151,1,220.37,0.0,220.37,2026-04-13 05:22:05
OI00007948,ORD0003615,PROD000073,1,9.42,0.0,9.42,2026-04-13 05:22:05
OI00007949,ORD0003615,PROD000150,3,121.83,73.1,292.39,2026-04-13 05:22:05
OI00007950,ORD0003616,PROD000119,1,93.67,0.0,93.67,2026-05-11 02:39:09
OI00007951,ORD0003616,PROD000098,1,188.42,28.26,160.16,2026-05-11 02:39:09
OI00007952,ORD0003616,PROD000069,1,332.4,16.62,315.78,2026-05-11 02:39:09
OI00007953,ORD0003616,PROD000146,1,237.64,11.88,225.76,2026-05-11 02:39:09
OI00007954,ORD0003616,PROD000095,1,317.49,0.0,317.49,2026-05-11 02:39:09
OI00007955,ORD0003617,PROD000173,1,269.92,0.0,269.92,2026-03-12 06:53:29
OI00007956,ORD0003617,PROD000176,4,395.87,0.0,1583.48,2026-03-12 06:53:29
OI00007957,ORD0003618,PROD000032,1,305.5,15.28,290.22,2026-08-02 17:20:03
OI00007958,ORD0003618,PROD000188,4,114.4,0.0,457.6,2026-08-02 17:20:03
OI00007959,ORD0003619,PROD000004,1,71.87,0.0,71.87,2026-08-08 12:36:51
OI00007960,ORD0003620,PROD000124,1,396.34,0.0,396.34,2026-04-20 15:27:30
OI00007961,ORD0003620,PROD000189,1,184.49,0.0,184.49,2026-04-20 15:27:30
OI00007962,ORD0003621,PROD000137,3,16.14,0.0,48.42,2026-05-31 17:34:00
OI00007963,ORD0003621,PROD000177,2,200.82,20.08,381.56,2026-05-31 17:34:00
OI00007964,ORD0003622,PROD000030,1,113.9,0.0,113.9,2026-06-12 08:29:46
OI00007965,ORD0003622,PROD000141,1,54.3,0.0,54.3,2026-06-12 08:29:46
OI00007966,ORD0003622,PROD000108,1,87.18,0.0,87.18,2026-06-12 08:29:46
OI00007967,ORD0003622,PROD000078,2,44.16,0.0,88.32,2026-06-12 08:29:46
OI00007968,ORD0003622,PROD000151,1,220.37,33.06,187.31,2026-06-12 08:29:46
OI00007969,ORD0003623,PROD000019,1,64.3,0.0,64.3,2026-05-13 02:42:53
OI00007970,ORD0003623,PROD000182,1,116.92,0.0,116.92,2026-05-13 02:42:53
OI00007971,ORD0003624,PROD000021,3,325.45,195.27,781.08,2026-05-28 13:45:08
OI00007972,ORD0003624,PROD000188,2,114.4,0.0,228.8,2026-05-28 13:45:08
OI00007973,ORD0003624,PROD000138,2,154.12,30.82,277.42,2026-05-28 13:45:08
OI00007974,ORD0003624,PROD000084,2,172.79,0.0,345.58,2026-05-28 13:45:08
OI00007975,ORD0003625,PROD000198,1,307.49,0.0,307.49,2026-02-24 00:00:42
OI00007976,ORD0003626,PROD000074,1,260.67,26.07,234.6,2026-06-06 18:27:59
OI00007977,ORD0003626,PROD000092,1,90.01,9.0,81.01,2026-06-06 18:27:59
OI00007978,ORD0003627,PROD000152,2,68.44,0.0,136.88,2026-07-17 19:06:49
OI00007979,ORD0003628,PROD000021,2,325.45,0.0,650.9,2026-06-26 10:20:12
OI00007980,ORD0003628,PROD000119,1,93.67,0.0,93.67,2026-06-26 10:20:12
OI00007981,ORD0003628,PROD000116,1,33.83,1.69,32.14,2026-06-26 10:20:12
OI00007982,ORD0003628,PROD000146,1,237.64,0.0,237.64,2026-06-26 10:20:12
OI00007983,ORD0003629,PROD000144,1,398.95,0.0,398.95,2026-08-14 01:12:50
OI00007984,ORD0003629,PROD000091,3,244.05,73.22,658.93,2026-08-14 01:12:50
OI00007985,ORD0003630,PROD000143,1,293.11,0.0,293.11,2026-05-28 03:33:49
OI00007986,ORD0003630,PROD000190,1,270.32,0.0,270.32,2026-05-28 03:33:49
OI00007987,ORD0003631,PROD000019,2,64.3,0.0,128.6,2026-04-16 08:54:29
OI00007988,ORD0003632,PROD000111,3,209.32,0.0,627.96,2026-06-17 11:03:58
OI00007989,ORD0003633,PROD000012,1,374.67,0.0,374.67,2026-07-04 17:52:23
OI00007990,ORD0003634,PROD000195,2,397.59,0.0,795.18,2026-06-04 23:48:49
OI00007991,ORD0003634,PROD000111,1,209.32,0.0,209.32,2026-06-04 23:48:49
OI00007992,ORD0003635,PROD000062,1,129.94,0.0,129.94,2026-05-12 12:52:34
OI00007993,ORD0003636,PROD000195,1,397.59,0.0,397.59,2026-08-02 03:22:54
OI00007994,ORD0003636,PROD000045,3,70.0,0.0,210.0,2026-08-02 03:22:54
OI00007995,ORD0003636,PROD000142,1,276.94,0.0,276.94,2026-08-02 03:22:54
OI00007996,ORD0003636,PROD000180,1,443.88,0.0,443.88,2026-08-02 03:22:54
OI00007997,ORD0003637,PROD000001,3,240.76,0.0,722.28,2026-03-09 03:36:01
OI00007998,ORD0003637,PROD000011,1,74.18,3.71,70.47,2026-03-09 03:36:01
OI00007999,ORD0003637,PROD000006,1,276.33,0.0,276.33,2026-03-09 03:36:01
OI00008000,ORD0003637,PROD000056,2,23.5,2.35,44.65,2026-03-09 03:36:01
OI00008001,ORD0003638,PROD000038,1,84.38,0.0,84.38,2026-05-04 03:39:58
OI00008002,ORD0003638,PROD000140,2,156.23,15.62,296.84,2026-05-04 03:39:58
OI00008003,ORD0003638,PROD000197,3,191.33,0.0,573.99,2026-05-04 03:39:58
OI00008004,ORD0003638,PROD000138,1,154.12,0.0,154.12,2026-05-04 03:39:58
OI00008005,ORD0003638,PROD000114,1,36.68,3.67,33.01,2026-05-04 03:39:58
OI00008006,ORD0003639,PROD000168,1,433.94,0.0,433.94,2026-04-07 09:12:29
OI00008007,ORD0003640,PROD000030,1,113.9,5.7,108.2,2026-05-22 10:18:08
OI00008008,ORD0003640,PROD000190,3,270.32,0.0,810.96,2026-05-22 10:18:08
OI00008009,ORD0003641,PROD000105,2,230.76,0.0,461.52,2026-05-01 16:25:01
OI00008010,ORD0003641,PROD000074,1,260.67,26.07,234.6,2026-05-01 16:25:01
OI00008011,ORD0003641,PROD000162,1,85.74,8.57,77.17,2026-05-01 16:25:01
OI00008012,ORD0003641,PROD000031,4,62.29,0.0,249.16,2026-05-01 16:25:01
OI00008013,ORD0003641,PROD000138,3,154.12,46.24,416.12,2026-05-01 16:25:01
OI00008014,ORD0003642,PROD000008,2,181.13,54.34,307.92,2026-07-20 05:24:11
OI00008015,ORD0003643,PROD000113,1,295.97,0.0,295.97,2026-05-15 20:19:06
OI00008016,ORD0003643,PROD000197,1,191.33,28.7,162.63,2026-05-15 20:19:06
OI00008017,ORD0003643,PROD000107,2,128.32,0.0,256.64,2026-05-15 20:19:06
OI00008018,ORD0003644,PROD000082,3,49.54,7.43,141.19,2026-07-29 14:28:33
OI00008019,ORD0003644,PROD000198,1,307.49,30.75,276.74,2026-07-29 14:28:33
OI00008020,ORD0003644,PROD000177,1,200.82,0.0,200.82,2026-07-29 14:28:33
OI00008021,ORD0003645,PROD000193,1,322.33,0.0,322.33,2026-03-06 10:04:42
OI00008022,ORD0003646,PROD000108,1,87.18,0.0,87.18,2026-04-03 13:36:23
OI00008023,ORD0003646,PROD000102,1,157.31,23.6,133.71,2026-04-03 13:36:23
OI00008024,ORD0003646,PROD000077,3,172.06,103.24,412.94,2026-04-03 13:36:23
OI00008025,ORD0003647,PROD000019,1,64.3,3.21,61.09,2026-08-04 09:36:06
OI00008026,ORD0003647,PROD000002,1,68.17,0.0,68.17,2026-08-04 09:36:06
OI00008027,ORD0003647,PROD000037,1,48.34,0.0,48.34,2026-08-04 09:36:06
OI00008028,ORD0003648,PROD000027,2,174.59,0.0,349.18,2026-07-27 06:01:54
OI00008029,ORD0003649,PROD000016,1,373.26,0.0,373.26,2026-07-03 09:38:30
OI00008030,ORD0003650,PROD000038,1,84.38,0.0,84.38,2026-04-01 20:43:21
OI00008031,ORD0003650,PROD000049,2,343.12,0.0,686.24,2026-04-01 20:43:21
OI00008032,ORD0003651,PROD000038,2,84.38,0.0,168.76,2026-03-12 15:05:01
OI00008033,ORD0003652,PROD000070,2,251.87,0.0,503.74,2026-06-02 07:36:53
OI00008034,ORD0003652,PROD000193,1,322.33,16.12,306.21,2026-06-02 07:36:53
OI00008035,ORD0003652,PROD000147,4,359.37,287.5,1149.98,2026-06-02 07:36:53
OI00008036,ORD0003653,PROD000102,1,157.31,0.0,157.31,2026-04-05 10:40:57
OI00008037,ORD0003653,PROD000181,1,132.65,0.0,132.65,2026-04-05 10:40:57
OI00008038,ORD0003654,PROD000046,1,353.88,0.0,353.88,2026-08-12 00:43:28
OI00008039,ORD0003654,PROD000101,2,140.13,0.0,280.26,2026-08-12 00:43:28
OI00008040,ORD0003654,PROD000096,1,151.87,0.0,151.87,2026-08-12 00:43:28
OI00008041,ORD0003654,PROD000059,1,368.8,18.44,350.36,2026-08-12 00:43:28
OI00008042,ORD0003655,PROD000127,3,216.42,0.0,649.26,2026-05-12 10:27:55
OI00008043,ORD0003655,PROD000066,1,424.54,63.68,360.86,2026-05-12 10:27:55
OI00008044,ORD0003656,PROD000008,1,181.13,9.06,172.07,2026-03-06 18:57:26
OI00008045,ORD0003656,PROD000069,4,332.4,0.0,1329.6,2026-03-06 18:57:26
OI00008046,ORD0003657,PROD000012,2,374.67,0.0,749.34,2026-07-03 16:44:10
OI00008047,ORD0003657,PROD000032,2,305.5,0.0,611.0,2026-07-03 16:44:10
OI00008048,ORD0003658,PROD000163,2,379.9,0.0,759.8,2026-02-26 23:34:03
OI00008049,ORD0003659,PROD000092,2,90.01,0.0,180.02,2026-07-01 04:56:25
OI00008050,ORD0003659,PROD000148,1,111.17,5.56,105.61,2026-07-01 04:56:25
OI00008051,ORD0003660,PROD000038,1,84.38,0.0,84.38,2026-06-29 20:29:21
OI00008052,ORD0003661,PROD000123,1,410.86,41.09,369.77,2026-03-10 15:13:09
OI00008053,ORD0003661,PROD000088,2,381.45,0.0,762.9,2026-03-10 15:13:09
OI00008054,ORD0003661,PROD000174,1,225.67,0.0,225.67,2026-03-10 15:13:09
OI00008055,ORD0003662,PROD000020,1,59.38,0.0,59.38,2026-03-31 22:32:50
OI00008056,ORD0003662,PROD000196,2,135.89,0.0,271.78,2026-03-31 22:32:50
OI00008057,ORD0003663,PROD000082,1,49.54,0.0,49.54,2026-06-11 06:28:39
OI00008058,ORD0003664,PROD000056,2,23.5,0.0,47.0,2026-05-24 00:48:14
OI00008059,ORD0003664,PROD000060,1,313.56,0.0,313.56,2026-05-24 00:48:14
OI00008060,ORD0003665,PROD000100,4,125.62,0.0,502.48,2026-06-06 18:03:55
OI00008061,ORD0003665,PROD000144,2,398.95,39.9,758.0,2026-06-06 18:03:55
OI00008062,ORD0003665,PROD000038,3,84.38,25.31,227.83,2026-06-06 18:03:55
OI00008063,ORD0003665,PROD000127,1,216.42,0.0,216.42,2026-06-06 18:03:55
OI00008064,ORD0003665,PROD000120,2,200.42,40.08,360.76,2026-06-06 18:03:55
OI00008065,ORD0003666,PROD000150,2,121.83,0.0,243.66,2026-04-14 08:01:40
OI00008066,ORD0003666,PROD000028,2,209.71,0.0,419.42,2026-04-14 08:01:40
OI00008067,ORD0003666,PROD000075,1,10.1,0.0,10.1,2026-04-14 08:01:40
OI00008068,ORD0003666,PROD000190,3,270.32,0.0,810.96,2026-04-14 08:01:40
OI00008069,ORD0003667,PROD000021,1,325.45,0.0,325.45,2026-05-31 01:39:01
OI00008070,ORD0003668,PROD000179,1,100.96,0.0,100.96,2026-05-18 04:51:06
OI00008071,ORD0003668,PROD000154,2,57.2,11.44,102.96,2026-05-18 04:51:06
OI00008072,ORD0003668,PROD000033,3,240.82,0.0,722.46,2026-05-18 04:51:06
OI00008073,ORD0003669,PROD000168,2,433.94,0.0,867.88,2026-07-22 00:04:31
OI00008074,ORD0003669,PROD000127,3,216.42,0.0,649.26,2026-07-22 00:04:31
OI00008075,ORD0003669,PROD000003,2,265.29,0.0,530.58,2026-07-22 00:04:31
OI00008076,ORD0003670,PROD000018,1,6.39,0.32,6.07,2026-07-31 22:16:11
OI00008077,ORD0003670,PROD000026,1,165.8,0.0,165.8,2026-07-31 22:16:11
OI00008078,ORD0003671,PROD000018,2,6.39,0.0,12.78,2026-04-20 16:48:09
OI00008079,ORD0003671,PROD000171,2,118.83,0.0,237.66,2026-04-20 16:48:09
OI00008080,ORD0003671,PROD000084,2,172.79,0.0,345.58,2026-04-20 16:48:09
OI00008081,ORD0003672,PROD000126,1,5.66,0.28,5.38,2026-02-24 04:44:30
OI00008082,ORD0003673,PROD000181,1,132.65,0.0,132.65,2026-04-18 10:02:51
OI00008083,ORD0003673,PROD000016,4,373.26,0.0,1493.04,2026-04-18 10:02:51
OI00008084,ORD0003674,PROD000110,2,112.33,0.0,224.66,2026-06-07 17:49:05
OI00008085,ORD0003674,PROD000057,1,282.26,28.23,254.03,2026-06-07 17:49:05
OI00008086,ORD0003674,PROD000018,1,6.39,0.0,6.39,2026-06-07 17:49:05
OI00008087,ORD0003675,PROD000085,2,36.94,0.0,73.88,2026-07-03 11:34:54
OI00008088,ORD0003675,PROD000083,1,119.55,23.91,95.64,2026-07-03 11:34:54
OI00008089,ORD0003675,PROD000101,1,140.13,0.0,140.13,2026-07-03 11:34:54
OI00008090,ORD0003676,PROD000006,1,276.33,0.0,276.33,2026-07-12 06:31:12
OI00008091,ORD0003676,PROD000096,3,151.87,0.0,455.61,2026-07-12 06:31:12
OI00008092,ORD0003677,PROD000077,1,172.06,0.0,172.06,2026-03-16 19:35:53
OI00008093,ORD0003677,PROD000052,1,289.95,0.0,289.95,2026-03-16 19:35:53
OI00008094,ORD0003678,PROD000123,2,410.86,0.0,821.72,2026-07-23 23:35:41
OI00008095,ORD0003678,PROD000151,4,220.37,0.0,881.48,2026-07-23 23:35:41
OI00008096,ORD0003678,PROD000070,1,251.87,0.0,251.87,2026-07-23 23:35:41
OI00008097,ORD0003679,PROD000014,1,171.48,0.0,171.48,2026-06-07 19:30:24
OI00008098,ORD0003680,PROD000098,1,188.42,0.0,188.42,2026-05-11 22:28:37
OI00008099,ORD0003680,PROD000033,2,240.82,0.0,481.64,2026-05-11 22:28:37
OI00008100,ORD0003680,PROD000165,2,95.13,19.03,171.23,2026-05-11 22:28:37
OI00008101,ORD0003680,PROD000010,4,238.36,0.0,953.44,2026-05-11 22:28:37
OI00008102,ORD0003681,PROD000190,1,270.32,0.0,270.32,2026-04-28 02:12:53
OI00008103,ORD0003682,PROD000196,1,135.89,13.59,122.3,2026-05-15 22:11:51
OI00008104,ORD0003683,PROD000094,2,170.67,34.13,307.21,2026-06-28 14:33:39
OI00008105,ORD0003684,PROD000002,1,68.17,0.0,68.17,2026-02-21 19:11:28
OI00008106,ORD0003684,PROD000052,3,289.95,0.0,869.85,2026-02-21 19:11:28
OI00008107,ORD0003685,PROD000049,2,343.12,34.31,651.93,2026-05-14 06:56:31
OI00008108,ORD0003686,PROD000040,1,202.37,40.47,161.9,2026-08-03 14:46:58
OI00008109,ORD0003687,PROD000104,1,219.63,0.0,219.63,2026-04-06 00:43:52
OI00008110,ORD0003687,PROD000057,1,282.26,0.0,282.26,2026-04-06 00:43:52
OI00008111,ORD0003688,PROD000182,1,116.92,0.0,116.92,2026-06-01 11:34:12
OI00008112,ORD0003688,PROD000051,1,128.31,0.0,128.31,2026-06-01 11:34:12
OI00008113,ORD0003689,PROD000183,2,239.94,0.0,479.88,2026-03-06 10:36:30
OI00008114,ORD0003689,PROD000088,1,381.45,0.0,381.45,2026-03-06 10:36:30
OI00008115,ORD0003689,PROD000083,1,119.55,0.0,119.55,2026-03-06 10:36:30
OI00008116,ORD0003690,PROD000184,1,192.54,0.0,192.54,2026-07-15 09:55:56
OI00008117,ORD0003691,PROD000009,1,247.91,0.0,247.91,2026-06-03 04:14:15
OI00008118,ORD0003691,PROD000171,1,118.83,0.0,118.83,2026-06-03 04:14:15
OI00008119,ORD0003691,PROD000021,1,325.45,16.27,309.18,2026-06-03 04:14:15
OI00008120,ORD0003692,PROD000192,1,122.14,0.0,122.14,2026-05-17 08:16:42
OI00008121,ORD0003692,PROD000073,1,9.42,0.0,9.42,2026-05-17 08:16:42
OI00008122,ORD0003692,PROD000009,4,247.91,99.16,892.48,2026-05-17 08:16:42
OI00008123,ORD0003692,PROD000119,1,93.67,0.0,93.67,2026-05-17 08:16:42
OI00008124,ORD0003693,PROD000055,1,324.24,0.0,324.24,2026-04-27 14:57:01
OI00008125,ORD0003694,PROD000093,1,51.13,0.0,51.13,2026-03-30 11:36:13
OI00008126,ORD0003695,PROD000096,1,151.87,0.0,151.87,2026-08-15 01:54:03
OI00008127,ORD0003695,PROD000160,2,181.18,0.0,362.36,2026-08-15 01:54:03
OI00008128,ORD0003696,PROD000084,1,172.79,0.0,172.79,2026-03-08 13:17:36
OI00008129,ORD0003696,PROD000073,1,9.42,0.0,9.42,2026-03-08 13:17:36
OI00008130,ORD0003696,PROD000026,2,165.8,16.58,315.02,2026-03-08 13:17:36
OI00008131,ORD0003697,PROD000062,4,129.94,25.99,493.77,2026-03-25 01:43:10
OI00008132,ORD0003697,PROD000135,2,106.79,0.0,213.58,2026-03-25 01:43:10
OI00008133,ORD0003698,PROD000146,2,237.64,47.53,427.75,2026-06-26 21:05:48
OI00008134,ORD0003698,PROD000116,1,33.83,1.69,32.14,2026-06-26 21:05:48
OI00008135,ORD0003698,PROD000125,1,169.29,0.0,169.29,2026-06-26 21:05:48
OI00008136,ORD0003699,PROD000112,1,76.78,0.0,76.78,2026-04-09 06:00:29
OI00008137,ORD0003699,PROD000175,2,395.9,0.0,791.8,2026-04-09 06:00:29
OI00008138,ORD0003699,PROD000070,4,251.87,0.0,1007.48,2026-04-09 06:00:29
OI00008139,ORD0003699,PROD000031,2,62.29,0.0,124.58,2026-04-09 06:00:29
OI00008140,ORD0003699,PROD000188,1,114.4,0.0,114.4,2026-04-09 06:00:29
OI00008141,ORD0003700,PROD000020,1,59.38,5.94,53.44,2026-07-10 18:43:29
OI00008142,ORD0003700,PROD000162,1,85.74,0.0,85.74,2026-07-10 18:43:29
OI00008143,ORD0003700,PROD000017,3,177.67,0.0,533.01,2026-07-10 18:43:29
OI00008144,ORD0003701,PROD000021,1,325.45,0.0,325.45,2026-08-04 09:07:54
OI00008145,ORD0003702,PROD000142,2,276.94,0.0,553.88,2026-02-22 09:22:05
OI00008146,ORD0003702,PROD000159,1,90.28,0.0,90.28,2026-02-22 09:22:05
OI00008147,ORD0003702,PROD000183,1,239.94,0.0,239.94,2026-02-22 09:22:05
OI00008148,ORD0003703,PROD000088,2,381.45,0.0,762.9,2026-04-28 11:58:05
OI00008149,ORD0003704,PROD000073,2,9.42,0.0,18.84,2026-05-28 03:53:48
OI00008150,ORD0003704,PROD000189,2,184.49,0.0,368.98,2026-05-28 03:53:48
OI00008151,ORD0003705,PROD000003,1,265.29,0.0,265.29,2026-05-29 14:55:14
OI00008152,ORD0003705,PROD000156,1,208.16,20.82,187.34,2026-05-29 14:55:14
OI00008153,ORD0003706,PROD000190,1,270.32,13.52,256.8,2026-07-12 15:52:43
OI00008154,ORD0003707,PROD000079,3,315.96,0.0,947.88,2026-08-02 14:10:14
OI00008155,ORD0003707,PROD000151,2,220.37,0.0,440.74,2026-08-02 14:10:14
OI00008156,ORD0003707,PROD000142,2,276.94,0.0,553.88,2026-08-02 14:10:14
OI00008157,ORD0003708,PROD000080,1,288.18,0.0,288.18,2026-06-27 17:59:18
OI00008158,ORD0003709,PROD000062,1,129.94,0.0,129.94,2026-04-09 22:31:02
OI00008159,ORD0003709,PROD000094,4,170.67,0.0,682.68,2026-04-09 22:31:02
OI00008160,ORD0003710,PROD000133,1,7.24,0.0,7.24,2026-04-20 09:33:50
OI00008161,ORD0003710,PROD000028,1,209.71,0.0,209.71,2026-04-20 09:33:50
OI00008162,ORD0003710,PROD000120,3,200.42,0.0,601.26,2026-04-20 09:33:50
OI00008163,ORD0003711,PROD000174,1,225.67,45.13,180.54,2026-02-28 08:27:16
OI00008164,ORD0003711,PROD000079,2,315.96,63.19,568.73,2026-02-28 08:27:16
OI00008165,ORD0003712,PROD000114,1,36.68,1.83,34.85,2026-05-31 01:02:07
OI00008166,ORD0003713,PROD000174,1,225.67,0.0,225.67,2026-05-12 20:46:08
OI00008167,ORD0003713,PROD000057,1,282.26,0.0,282.26,2026-05-12 20:46:08
OI00008168,ORD0003713,PROD000011,1,74.18,0.0,74.18,2026-05-12 20:46:08
OI00008169,ORD0003714,PROD000123,2,410.86,0.0,821.72,2026-04-20 22:34:59
OI00008170,ORD0003714,PROD000183,1,239.94,47.99,191.95,2026-04-20 22:34:59
OI00008171,ORD0003715,PROD000060,1,313.56,0.0,313.56,2026-04-06 06:25:34
OI00008172,ORD0003716,PROD000031,2,62.29,0.0,124.58,2026-05-10 02:56:34
OI00008173,ORD0003716,PROD000196,1,135.89,0.0,135.89,2026-05-10 02:56:34
OI00008174,ORD0003716,PROD000039,1,318.97,0.0,318.97,2026-05-10 02:56:34
OI00008175,ORD0003716,PROD000011,2,74.18,0.0,148.36,2026-05-10 02:56:34
OI00008176,ORD0003716,PROD000070,1,251.87,0.0,251.87,2026-05-10 02:56:34
OI00008177,ORD0003717,PROD000015,3,74.75,33.64,190.61,2026-03-16 04:58:39
OI00008178,ORD0003718,PROD000085,1,36.94,0.0,36.94,2026-03-03 09:31:38
OI00008179,ORD0003718,PROD000183,1,239.94,0.0,239.94,2026-03-03 09:31:38
OI00008180,ORD0003718,PROD000152,3,68.44,0.0,205.32,2026-03-03 09:31:38
OI00008181,ORD0003718,PROD000125,1,169.29,0.0,169.29,2026-03-03 09:31:38
OI00008182,ORD0003719,PROD000097,1,119.02,0.0,119.02,2026-07-12 11:59:47
OI00008183,ORD0003719,PROD000169,1,53.52,0.0,53.52,2026-07-12 11:59:47
OI00008184,ORD0003719,PROD000002,1,68.17,0.0,68.17,2026-07-12 11:59:47
OI00008185,ORD0003720,PROD000075,3,10.1,0.0,30.3,2026-04-15 23:28:00
OI00008186,ORD0003720,PROD000002,2,68.17,0.0,136.34,2026-04-15 23:28:00
OI00008187,ORD0003720,PROD000188,1,114.4,0.0,114.4,2026-04-15 23:28:00
OI00008188,ORD0003720,PROD000156,3,208.16,0.0,624.48,2026-04-15 23:28:00
OI00008189,ORD0003721,PROD000088,1,381.45,19.07,362.38,2026-03-27 20:08:12
OI00008190,ORD0003721,PROD000177,2,200.82,0.0,401.64,2026-03-27 20:08:12
OI00008191,ORD0003722,PROD000066,2,424.54,0.0,849.08,2026-07-05 11:44:01
OI00008192,ORD0003722,PROD000121,2,311.61,0.0,623.22,2026-07-05 11:44:01
OI00008193,ORD0003723,PROD000081,3,267.87,80.36,723.25,2026-03-06 03:46:03
OI00008194,ORD0003724,PROD000003,2,265.29,0.0,530.58,2026-08-07 11:20:34
OI00008195,ORD0003724,PROD000110,1,112.33,11.23,101.1,2026-08-07 11:20:34
OI00008196,ORD0003725,PROD000143,2,293.11,58.62,527.6,2026-07-12 18:10:59
OI00008197,ORD0003725,PROD000163,2,379.9,0.0,759.8,2026-07-12 18:10:59
OI00008198,ORD0003726,PROD000147,1,359.37,0.0,359.37,2026-07-28 22:09:02
OI00008199,ORD0003726,PROD000196,1,135.89,0.0,135.89,2026-07-28 22:09:02
OI00008200,ORD0003727,PROD000123,2,410.86,41.09,780.63,2026-08-03 12:43:58
OI00008201,ORD0003727,PROD000147,1,359.37,0.0,359.37,2026-08-03 12:43:58
OI00008202,ORD0003727,PROD000066,3,424.54,0.0,1273.62,2026-08-03 12:43:58
OI00008203,ORD0003727,PROD000009,2,247.91,0.0,495.82,2026-08-03 12:43:58
OI00008204,ORD0003727,PROD000025,1,337.19,0.0,337.19,2026-08-03 12:43:58
OI00008205,ORD0003728,PROD000074,1,260.67,0.0,260.67,2026-04-26 08:48:19
OI00008206,ORD0003729,PROD000017,1,177.67,17.77,159.9,2026-07-14 10:32:42
OI00008207,ORD0003730,PROD000047,3,125.52,0.0,376.56,2026-02-18 20:41:15
OI00008208,ORD0003730,PROD000067,2,181.48,0.0,362.96,2026-02-18 20:41:15
OI00008209,ORD0003730,PROD000088,3,381.45,0.0,1144.35,2026-02-18 20:41:15
OI00008210,ORD0003731,PROD000117,1,96.57,0.0,96.57,2026-07-20 01:24:13
OI00008211,ORD0003731,PROD000158,1,391.88,19.59,372.29,2026-07-20 01:24:13
OI00008212,ORD0003731,PROD000083,1,119.55,0.0,119.55,2026-07-20 01:24:13
OI00008213,ORD0003732,PROD000050,4,110.2,0.0,440.8,2026-07-22 20:05:44
OI00008214,ORD0003732,PROD000159,3,90.28,0.0,270.84,2026-07-22 20:05:44
OI00008215,ORD0003733,PROD000196,2,135.89,0.0,271.78,2026-06-21 00:50:45
OI00008216,ORD0003733,PROD000088,3,381.45,0.0,1144.35,2026-06-21 00:50:45
OI00008217,ORD0003733,PROD000017,1,177.67,0.0,177.67,2026-06-21 00:50:45
OI00008218,ORD0003733,PROD000013,1,286.54,0.0,286.54,2026-06-21 00:50:45
OI00008219,ORD0003734,PROD000040,3,202.37,30.36,576.75,2026-06-01 09:10:54
OI00008220,ORD0003735,PROD000159,1,90.28,4.51,85.77,2026-02-24 15:38:58
OI00008221,ORD0003736,PROD000004,2,71.87,7.19,136.55,2026-07-29 05:37:47
OI00008222,ORD0003736,PROD000073,1,9.42,0.47,8.95,2026-07-29 05:37:47
OI00008223,ORD0003736,PROD000034,3,376.06,56.41,1071.77,2026-07-29 05:37:47
OI00008224,ORD0003737,PROD000148,3,111.17,0.0,333.51,2026-06-07 17:59:08
OI00008225,ORD0003738,PROD000019,1,64.3,0.0,64.3,2026-08-06 17:20:35
OI00008226,ORD0003738,PROD000016,1,373.26,0.0,373.26,2026-08-06 17:20:35
OI00008227,ORD0003738,PROD000060,1,313.56,0.0,313.56,2026-08-06 17:20:35
OI00008228,ORD0003739,PROD000014,3,171.48,51.44,463.0,2026-02-21 00:11:29
OI00008229,ORD0003739,PROD000144,1,398.95,0.0,398.95,2026-02-21 00:11:29
OI00008230,ORD0003740,PROD000061,3,85.11,0.0,255.33,2026-04-23 13:24:06
OI00008231,ORD0003740,PROD000085,2,36.94,0.0,73.88,2026-04-23 13:24:06
OI00008232,ORD0003740,PROD000164,1,179.02,0.0,179.02,2026-04-23 13:24:06
OI00008233,ORD0003741,PROD000053,1,381.96,0.0,381.96,2026-05-07 20:46:18
OI00008234,ORD0003741,PROD000065,3,459.64,0.0,1378.92,2026-05-07 20:46:18
OI00008235,ORD0003741,PROD000015,2,74.75,14.95,134.55,2026-05-07 20:46:18
OI00008236,ORD0003742,PROD000001,3,240.76,0.0,722.28,2026-03-09 09:07:23
OI00008237,ORD0003743,PROD000160,2,181.18,18.12,344.24,2026-05-19 08:34:42
OI00008238,ORD0003744,PROD000198,1,307.49,15.37,292.12,2026-06-08 09:15:13
OI00008239,ORD0003744,PROD000150,1,121.83,0.0,121.83,2026-06-08 09:15:13
OI00008240,ORD0003744,PROD000106,3,13.25,3.98,35.77,2026-06-08 09:15:13
OI00008241,ORD0003744,PROD000099,1,244.63,0.0,244.63,2026-06-08 09:15:13
OI00008242,ORD0003745,PROD000017,3,177.67,79.95,453.06,2026-07-04 14:19:48
OI00008243,ORD0003745,PROD000059,2,368.8,0.0,737.6,2026-07-04 14:19:48
OI00008244,ORD0003746,PROD000180,1,443.88,0.0,443.88,2026-04-04 06:23:56
OI00008245,ORD0003746,PROD000045,1,70.0,0.0,70.0,2026-04-04 06:23:56
OI00008246,ORD0003747,PROD000185,1,186.5,0.0,186.5,2026-04-14 20:01:00
OI00008247,ORD0003747,PROD000116,1,33.83,1.69,32.14,2026-04-14 20:01:00
OI00008248,ORD0003747,PROD000180,1,443.88,0.0,443.88,2026-04-14 20:01:00
OI00008249,ORD0003748,PROD000026,1,165.8,0.0,165.8,2026-04-19 12:53:38
OI00008250,ORD0003749,PROD000092,2,90.01,27.0,153.02,2026-07-22 21:29:55
OI00008251,ORD0003749,PROD000035,1,197.66,0.0,197.66,2026-07-22 21:29:55
OI00008252,ORD0003750,PROD000161,1,310.12,15.51,294.61,2026-03-26 18:01:57
OI00008253,ORD0003751,PROD000135,4,106.79,0.0,427.16,2026-03-07 21:14:21
OI00008254,ORD0003752,PROD000036,1,22.66,0.0,22.66,2026-07-02 07:31:23
OI00008255,ORD0003752,PROD000063,2,61.43,0.0,122.86,2026-07-02 07:31:23
OI00008256,ORD0003752,PROD000097,1,119.02,0.0,119.02,2026-07-02 07:31:23
OI00008257,ORD0003753,PROD000108,2,87.18,26.15,148.21,2026-07-29 08:37:08
OI00008258,ORD0003754,PROD000115,2,66.23,6.62,125.84,2026-04-29 14:29:41
OI00008259,ORD0003754,PROD000174,3,225.67,0.0,677.01,2026-04-29 14:29:41
OI00008260,ORD0003755,PROD000070,2,251.87,50.37,453.37,2026-02-17 11:23:53
OI00008261,ORD0003756,PROD000160,1,181.18,0.0,181.18,2026-04-15 18:18:14
OI00008262,ORD0003757,PROD000056,2,23.5,0.0,47.0,2026-05-25 20:30:18
OI00008263,ORD0003757,PROD000030,2,113.9,0.0,227.8,2026-05-25 20:30:18
OI00008264,ORD0003757,PROD000074,1,260.67,0.0,260.67,2026-05-25 20:30:18
OI00008265,ORD0003758,PROD000097,1,119.02,0.0,119.02,2026-02-16 01:38:05
OI00008266,ORD0003759,PROD000081,3,267.87,0.0,803.61,2026-06-06 13:04:54
OI00008267,ORD0003759,PROD000065,1,459.64,0.0,459.64,2026-06-06 13:04:54
OI00008268,ORD0003760,PROD000156,1,208.16,0.0,208.16,2026-06-19 06:57:22
OI00008269,ORD0003760,PROD000039,1,318.97,0.0,318.97,2026-06-19 06:57:22
OI00008270,ORD0003760,PROD000150,1,121.83,0.0,121.83,2026-06-19 06:57:22
OI00008271,ORD0003760,PROD000181,3,132.65,0.0,397.95,2026-06-19 06:57:22
OI00008272,ORD0003761,PROD000106,1,13.25,0.0,13.25,2026-02-22 09:14:50
OI00008273,ORD0003762,PROD000180,1,443.88,0.0,443.88,2026-05-05 19:52:33
OI00008274,ORD0003762,PROD000154,3,57.2,0.0,171.6,2026-05-05 19:52:33
OI00008275,ORD0003762,PROD000124,1,396.34,0.0,396.34,2026-05-05 19:52:33
OI00008276,ORD0003763,PROD000082,1,49.54,0.0,49.54,2026-03-02 05:39:16
OI00008277,ORD0003763,PROD000008,1,181.13,0.0,181.13,2026-03-02 05:39:16
OI00008278,ORD0003763,PROD000042,3,358.03,0.0,1074.09,2026-03-02 05:39:16
OI00008279,ORD0003763,PROD000106,2,13.25,0.0,26.5,2026-03-02 05:39:16
OI00008280,ORD0003763,PROD000099,1,244.63,0.0,244.63,2026-03-02 05:39:16
OI00008281,ORD0003764,PROD000187,1,260.32,0.0,260.32,2026-04-28 12:34:46
OI00008282,ORD0003765,PROD000187,1,260.32,0.0,260.32,2026-06-18 23:49:53
OI00008283,ORD0003765,PROD000079,3,315.96,94.79,853.09,2026-06-18 23:49:53
OI00008284,ORD0003766,PROD000019,2,64.3,19.29,109.31,2026-04-07 01:55:09
OI00008285,ORD0003767,PROD000091,1,244.05,12.2,231.85,2026-04-11 20:16:28
OI00008286,ORD0003768,PROD000184,1,192.54,38.51,154.03,2026-05-26 02:18:40
OI00008287,ORD0003769,PROD000188,2,114.4,45.76,183.04,2026-07-09 08:47:28
OI00008288,ORD0003770,PROD000029,1,12.47,0.62,11.85,2026-06-05 12:23:08
OI00008289,ORD0003770,PROD000168,3,433.94,65.09,1236.73,2026-06-05 12:23:08
OI00008290,ORD0003771,PROD000163,4,379.9,0.0,1519.6,2026-05-08 22:28:17
OI00008291,ORD0003771,PROD000185,1,186.5,0.0,186.5,2026-05-08 22:28:17
OI00008292,ORD0003771,PROD000171,1,118.83,5.94,112.89,2026-05-08 22:28:17
OI00008293,ORD0003771,PROD000040,2,202.37,0.0,404.74,2026-05-08 22:28:17
OI00008294,ORD0003772,PROD000109,1,87.72,0.0,87.72,2026-04-07 03:48:14
OI00008295,ORD0003773,PROD000153,3,46.39,0.0,139.17,2026-07-19 15:33:13
OI00008296,ORD0003774,PROD000074,2,260.67,0.0,521.34,2026-03-04 00:11:25
OI00008297,ORD0003775,PROD000084,1,172.79,8.64,164.15,2026-06-21 14:20:09
OI00008298,ORD0003775,PROD000012,1,374.67,18.73,355.94,2026-06-21 14:20:09
OI00008299,ORD0003776,PROD000174,1,225.67,11.28,214.39,2026-07-23 13:48:53
OI00008300,ORD0003776,PROD000196,3,135.89,0.0,407.67,2026-07-23 13:48:53
OI00008301,ORD0003776,PROD000109,2,87.72,8.77,166.67,2026-07-23 13:48:53
OI00008302,ORD0003776,PROD000079,1,315.96,0.0,315.96,2026-07-23 13:48:53
OI00008303,ORD0003777,PROD000127,1,216.42,10.82,205.6,2026-05-10 17:09:45
OI00008304,ORD0003777,PROD000021,3,325.45,97.64,878.71,2026-05-10 17:09:45
OI00008305,ORD0003777,PROD000149,2,259.04,0.0,518.08,2026-05-10 17:09:45
OI00008306,ORD0003778,PROD000038,1,84.38,0.0,84.38,2026-03-05 01:05:26
OI00008307,ORD0003779,PROD000136,2,248.42,0.0,496.84,2026-06-08 21:37:17
OI00008308,ORD0003780,PROD000127,2,216.42,0.0,432.84,2026-04-14 12:28:46
OI00008309,ORD0003780,PROD000170,1,39.7,1.99,37.71,2026-04-14 12:28:46
OI00008310,ORD0003780,PROD000027,1,174.59,0.0,174.59,2026-04-14 12:28:46
OI00008311,ORD0003781,PROD000060,2,313.56,31.36,595.76,2026-05-30 06:02:02
OI00008312,ORD0003782,PROD000061,1,85.11,12.77,72.34,2026-03-06 17:32:31
OI00008313,ORD0003782,PROD000177,1,200.82,10.04,190.78,2026-03-06 17:32:31
OI00008314,ORD0003782,PROD000050,2,110.2,0.0,220.4,2026-03-06 17:32:31
OI00008315,ORD0003782,PROD000020,2,59.38,11.88,106.88,2026-03-06 17:32:31
OI00008316,ORD0003783,PROD000195,2,397.59,0.0,795.18,2026-06-07 01:21:47
OI00008317,ORD0003783,PROD000182,1,116.92,11.69,105.23,2026-06-07 01:21:47
OI00008318,ORD0003784,PROD000168,1,433.94,0.0,433.94,2026-02-15 17:39:18
OI00008319,ORD0003784,PROD000044,2,137.29,41.19,233.39,2026-02-15 17:39:18
OI00008320,ORD0003784,PROD000164,2,179.02,0.0,358.04,2026-02-15 17:39:18
OI00008321,ORD0003785,PROD000107,2,128.32,25.66,230.98,2026-08-13 09:02:34
OI00008322,ORD0003785,PROD000065,2,459.64,0.0,919.28,2026-08-13 09:02:34
OI00008323,ORD0003786,PROD000112,1,76.78,3.84,72.94,2026-04-16 16:24:24
OI00008324,ORD0003786,PROD000003,1,265.29,0.0,265.29,2026-04-16 16:24:24
OI00008325,ORD0003787,PROD000161,1,310.12,0.0,310.12,2026-07-10 05:07:45
OI00008326,ORD0003787,PROD000014,1,171.48,0.0,171.48,2026-07-10 05:07:45
OI00008327,ORD0003787,PROD000027,1,174.59,8.73,165.86,2026-07-10 05:07:45
OI00008328,ORD0003788,PROD000033,1,240.82,0.0,240.82,2026-06-17 09:00:31
OI00008329,ORD0003788,PROD000147,1,359.37,0.0,359.37,2026-06-17 09:00:31
OI00008330,ORD0003788,PROD000047,3,125.52,0.0,376.56,2026-06-17 09:00:31
OI00008331,ORD0003789,PROD000120,1,200.42,0.0,200.42,2026-07-08 22:09:10
OI00008332,ORD0003789,PROD000022,2,302.51,0.0,605.02,2026-07-08 22:09:10
OI00008333,ORD0003789,PROD000198,1,307.49,0.0,307.49,2026-07-08 22:09:10
OI00008334,ORD0003790,PROD000055,1,324.24,64.85,259.39,2026-05-16 18:52:03
OI00008335,ORD0003790,PROD000053,2,381.96,0.0,763.92,2026-05-16 18:52:03
OI00008336,ORD0003790,PROD000161,1,310.12,0.0,310.12,2026-05-16 18:52:03
OI00008337,ORD0003791,PROD000125,4,169.29,0.0,677.16,2026-05-28 01:04:29
OI00008338,ORD0003791,PROD000124,1,396.34,19.82,376.52,2026-05-28 01:04:29
OI00008339,ORD0003792,PROD000091,1,244.05,12.2,231.85,2026-04-24 18:43:43
OI00008340,ORD0003792,PROD000084,1,172.79,0.0,172.79,2026-04-24 18:43:43
OI00008341,ORD0003792,PROD000132,3,86.93,0.0,260.79,2026-04-24 18:43:43
OI00008342,ORD0003793,PROD000171,2,118.83,0.0,237.66,2026-07-15 22:29:45
OI00008343,ORD0003794,PROD000021,3,325.45,0.0,976.35,2026-07-02 22:31:14
OI00008344,ORD0003795,PROD000069,2,332.4,0.0,664.8,2026-05-24 14:02:03
OI00008345,ORD0003796,PROD000008,2,181.13,0.0,362.26,2026-04-12 11:10:08
OI00008346,ORD0003797,PROD000006,1,276.33,13.82,262.51,2026-08-01 08:25:11
OI00008347,ORD0003797,PROD000046,2,353.88,0.0,707.76,2026-08-01 08:25:11
OI00008348,ORD0003797,PROD000101,1,140.13,14.01,126.12,2026-08-01 08:25:11
OI00008349,ORD0003798,PROD000108,1,87.18,0.0,87.18,2026-05-30 07:16:22
OI00008350,ORD0003799,PROD000048,1,312.1,0.0,312.1,2026-06-01 15:54:38
OI00008351,ORD0003799,PROD000113,1,295.97,0.0,295.97,2026-06-01 15:54:38
OI00008352,ORD0003799,PROD000039,1,318.97,0.0,318.97,2026-06-01 15:54:38
OI00008353,ORD0003800,PROD000084,2,172.79,0.0,345.58,2026-04-05 20:57:06
OI00008354,ORD0003800,PROD000066,3,424.54,191.04,1082.58,2026-04-05 20:57:06
OI00008355,ORD0003801,PROD000155,1,67.32,0.0,67.32,2026-04-29 17:02:38
OI00008356,ORD0003801,PROD000031,2,62.29,0.0,124.58,2026-04-29 17:02:38
OI00008357,ORD0003802,PROD000070,4,251.87,0.0,1007.48,2026-05-03 06:03:31
OI00008358,ORD0003802,PROD000117,4,96.57,0.0,386.28,2026-05-03 06:03:31
OI00008359,ORD0003802,PROD000153,3,46.39,0.0,139.17,2026-05-03 06:03:31
OI00008360,ORD0003803,PROD000010,1,238.36,0.0,238.36,2026-02-22 21:38:06
OI00008361,ORD0003803,PROD000095,2,317.49,0.0,634.98,2026-02-22 21:38:06
OI00008362,ORD0003804,PROD000162,1,85.74,8.57,77.17,2026-06-24 22:53:39
OI00008363,ORD0003804,PROD000126,2,5.66,0.57,10.75,2026-06-24 22:53:39
OI00008364,ORD0003804,PROD000183,1,239.94,35.99,203.95,2026-06-24 22:53:39
OI00008365,ORD0003804,PROD000014,1,171.48,0.0,171.48,2026-06-24 22:53:39
OI00008366,ORD0003804,PROD000063,3,61.43,0.0,184.29,2026-06-24 22:53:39
OI00008367,ORD0003805,PROD000181,2,132.65,13.27,252.03,2026-03-30 23:58:57
OI00008368,ORD0003805,PROD000085,3,36.94,5.54,105.28,2026-03-30 23:58:57
OI00008369,ORD0003805,PROD000033,3,240.82,0.0,722.46,2026-03-30 23:58:57
OI00008370,ORD0003805,PROD000003,4,265.29,106.12,955.04,2026-03-30 23:58:57
OI00008371,ORD0003806,PROD000138,1,154.12,0.0,154.12,2026-05-19 16:24:11
OI00008372,ORD0003807,PROD000138,1,154.12,0.0,154.12,2026-03-10 21:57:18
OI00008373,ORD0003807,PROD000061,2,85.11,0.0,170.22,2026-03-10 21:57:18
OI00008374,ORD0003808,PROD000040,1,202.37,0.0,202.37,2026-03-04 02:59:12
OI00008375,ORD0003809,PROD000013,1,286.54,0.0,286.54,2026-04-21 18:51:44
OI00008376,ORD0003809,PROD000063,2,61.43,0.0,122.86,2026-04-21 18:51:44
OI00008377,ORD0003810,PROD000015,1,74.75,3.74,71.01,2026-06-28 07:07:54
OI00008378,ORD0003811,PROD000002,3,68.17,20.45,184.06,2026-05-10 11:07:14
OI00008379,ORD0003812,PROD000055,1,324.24,0.0,324.24,2026-05-07 00:58:35
OI00008380,ORD0003812,PROD000012,2,374.67,0.0,749.34,2026-05-07 00:58:35
OI00008381,ORD0003813,PROD000146,4,237.64,0.0,950.56,2026-04-19 23:20:50
OI00008382,ORD0003813,PROD000113,2,295.97,0.0,591.94,2026-04-19 23:20:50
OI00008383,ORD0003814,PROD000103,2,30.32,0.0,60.64,2026-06-24 09:12:49
OI00008384,ORD0003815,PROD000067,1,181.48,18.15,163.33,2026-03-26 13:46:21
OI00008385,ORD0003815,PROD000032,2,305.5,0.0,611.0,2026-03-26 13:46:21
OI00008386,ORD0003816,PROD000101,1,140.13,7.01,133.12,2026-04-08 03:45:18
OI00008387,ORD0003816,PROD000109,4,87.72,52.63,298.25,2026-04-08 03:45:18
OI00008388,ORD0003816,PROD000026,2,165.8,33.16,298.44,2026-04-08 03:45:18
OI00008389,ORD0003817,PROD000030,1,113.9,5.7,108.2,2026-03-28 03:06:02
OI00008390,ORD0003818,PROD000031,4,62.29,12.46,236.7,2026-07-06 07:21:39
OI00008391,ORD0003819,PROD000059,1,368.8,0.0,368.8,2026-07-26 00:43:53
OI00008392,ORD0003820,PROD000012,1,374.67,0.0,374.67,2026-04-21 12:39:25
OI00008393,ORD0003820,PROD000142,1,276.94,13.85,263.09,2026-04-21 12:39:25
OI00008394,ORD0003820,PROD000091,3,244.05,0.0,732.15,2026-04-21 12:39:25
OI00008395,ORD0003820,PROD000073,2,9.42,0.0,18.84,2026-04-21 12:39:25
OI00008396,ORD0003820,PROD000153,1,46.39,0.0,46.39,2026-04-21 12:39:25
OI00008397,ORD0003821,PROD000154,2,57.2,5.72,108.68,2026-07-06 03:32:33
OI00008398,ORD0003821,PROD000085,1,36.94,0.0,36.94,2026-07-06 03:32:33
OI00008399,ORD0003822,PROD000183,1,239.94,47.99,191.95,2026-02-24 08:40:23
OI00008400,ORD0003823,PROD000014,4,171.48,0.0,685.92,2026-07-24 23:11:58
OI00008401,ORD0003823,PROD000151,1,220.37,0.0,220.37,2026-07-24 23:11:58
OI00008402,ORD0003824,PROD000038,1,84.38,0.0,84.38,2026-04-13 22:12:24
OI00008403,ORD0003825,PROD000028,1,209.71,0.0,209.71,2026-07-03 06:06:45
OI00008404,ORD0003825,PROD000062,1,129.94,0.0,129.94,2026-07-03 06:06:45
OI00008405,ORD0003826,PROD000117,1,96.57,0.0,96.57,2026-07-07 18:50:16
OI00008406,ORD0003826,PROD000047,1,125.52,6.28,119.24,2026-07-07 18:50:16
OI00008407,ORD0003826,PROD000138,1,154.12,7.71,146.41,2026-07-07 18:50:16
OI00008408,ORD0003827,PROD000193,1,322.33,0.0,322.33,2026-05-05 11:17:19
OI00008409,ORD0003828,PROD000140,1,156.23,0.0,156.23,2026-08-09 15:04:24
OI00008410,ORD0003828,PROD000028,2,209.71,0.0,419.42,2026-08-09 15:04:24
OI00008411,ORD0003828,PROD000069,3,332.4,0.0,997.2,2026-08-09 15:04:24
OI00008412,ORD0003828,PROD000137,1,16.14,0.0,16.14,2026-08-09 15:04:24
OI00008413,ORD0003829,PROD000011,1,74.18,0.0,74.18,2026-05-27 23:28:12
OI00008414,ORD0003830,PROD000157,1,230.53,0.0,230.53,2026-05-01 21:18:19
OI00008415,ORD0003831,PROD000102,2,157.31,0.0,314.62,2026-04-09 21:48:19
OI00008416,ORD0003832,PROD000117,1,96.57,0.0,96.57,2026-04-22 06:05:58
OI00008417,ORD0003832,PROD000119,1,93.67,9.37,84.3,2026-04-22 06:05:58
OI00008418,ORD0003833,PROD000040,1,202.37,0.0,202.37,2026-06-24 02:42:12
OI00008419,ORD0003833,PROD000009,1,247.91,12.4,235.51,2026-06-24 02:42:12
OI00008420,ORD0003833,PROD000160,1,181.18,18.12,163.06,2026-06-24 02:42:12
OI00008421,ORD0003834,PROD000085,1,36.94,3.69,33.25,2026-08-04 05:00:44
OI00008422,ORD0003835,PROD000108,1,87.18,4.36,82.82,2026-07-26 00:10:30
OI00008423,ORD0003836,PROD000147,1,359.37,17.97,341.4,2026-08-11 14:24:17
OI00008424,ORD0003836,PROD000047,2,125.52,0.0,251.04,2026-08-11 14:24:17
OI00008425,ORD0003837,PROD000040,1,202.37,0.0,202.37,2026-06-07 06:40:46
OI00008426,ORD0003838,PROD000002,3,68.17,0.0,204.51,2026-03-30 00:10:41
OI00008427,ORD0003839,PROD000040,1,202.37,0.0,202.37,2026-07-23 15:18:25
OI00008428,ORD0003839,PROD000125,3,169.29,0.0,507.87,2026-07-23 15:18:25
OI00008429,ORD0003840,PROD000026,4,165.8,0.0,663.2,2026-05-17 04:33:10
OI00008430,ORD0003840,PROD000055,1,324.24,16.21,308.03,2026-05-17 04:33:10
OI00008431,ORD0003840,PROD000078,1,44.16,0.0,44.16,2026-05-17 04:33:10
OI00008432,ORD0003841,PROD000135,1,106.79,0.0,106.79,2026-04-02 23:55:25
OI00008433,ORD0003841,PROD000121,1,311.61,0.0,311.61,2026-04-02 23:55:25
OI00008434,ORD0003842,PROD000110,1,112.33,0.0,112.33,2026-03-25 19:43:26
OI00008435,ORD0003842,PROD000015,1,74.75,0.0,74.75,2026-03-25 19:43:26
OI00008436,ORD0003843,PROD000060,2,313.56,31.36,595.76,2026-05-03 16:57:25
OI00008437,ORD0003843,PROD000019,1,64.3,0.0,64.3,2026-05-03 16:57:25
OI00008438,ORD0003843,PROD000175,1,395.9,19.8,376.1,2026-05-03 16:57:25
OI00008439,ORD0003844,PROD000048,1,312.1,0.0,312.1,2026-04-13 14:30:46
OI00008440,ORD0003844,PROD000071,2,259.22,0.0,518.44,2026-04-13 14:30:46
OI00008441,ORD0003844,PROD000046,1,353.88,0.0,353.88,2026-04-13 14:30:46
OI00008442,ORD0003845,PROD000042,1,358.03,0.0,358.03,2026-03-14 04:48:47
OI00008443,ORD0003845,PROD000079,2,315.96,0.0,631.92,2026-03-14 04:48:47
OI00008444,ORD0003845,PROD000164,4,179.02,35.8,680.28,2026-03-14 04:48:47
OI00008445,ORD0003845,PROD000174,1,225.67,0.0,225.67,2026-03-14 04:48:47
OI00008446,ORD0003845,PROD000156,3,208.16,0.0,624.48,2026-03-14 04:48:47
OI00008447,ORD0003846,PROD000010,1,238.36,0.0,238.36,2026-04-01 08:29:22
OI00008448,ORD0003847,PROD000008,3,181.13,0.0,543.39,2026-05-10 12:33:59
OI00008449,ORD0003847,PROD000105,1,230.76,34.61,196.15,2026-05-10 12:33:59
OI00008450,ORD0003848,PROD000018,1,6.39,0.0,6.39,2026-07-24 07:40:54
OI00008451,ORD0003848,PROD000049,1,343.12,0.0,343.12,2026-07-24 07:40:54
OI00008452,ORD0003848,PROD000007,1,255.16,0.0,255.16,2026-07-24 07:40:54
OI00008453,ORD0003848,PROD000095,2,317.49,0.0,634.98,2026-07-24 07:40:54
OI00008454,ORD0003849,PROD000052,1,289.95,0.0,289.95,2026-03-15 16:37:24
OI00008455,ORD0003849,PROD000106,1,13.25,0.0,13.25,2026-03-15 16:37:24
OI00008456,ORD0003849,PROD000034,1,376.06,0.0,376.06,2026-03-15 16:37:24
OI00008457,ORD0003850,PROD000062,1,129.94,19.49,110.45,2026-07-16 14:24:44
OI00008458,ORD0003851,PROD000156,1,208.16,0.0,208.16,2026-02-21 12:23:34
OI00008459,ORD0003852,PROD000089,2,270.52,0.0,541.04,2026-04-30 02:54:03
OI00008460,ORD0003853,PROD000012,1,374.67,0.0,374.67,2026-05-27 19:24:48
OI00008461,ORD0003853,PROD000163,1,379.9,0.0,379.9,2026-05-27 19:24:48
OI00008462,ORD0003854,PROD000104,2,219.63,0.0,439.26,2026-06-25 02:21:33
OI00008463,ORD0003855,PROD000173,1,269.92,26.99,242.93,2026-05-30 21:47:24
OI00008464,ORD0003855,PROD000189,1,184.49,0.0,184.49,2026-05-30 21:47:24
OI00008465,ORD0003855,PROD000200,2,107.97,21.59,194.35,2026-05-30 21:47:24
OI00008466,ORD0003856,PROD000102,4,157.31,0.0,629.24,2026-08-04 06:42:54
OI00008467,ORD0003857,PROD000061,1,85.11,0.0,85.11,2026-04-03 22:51:05
OI00008468,ORD0003858,PROD000065,1,459.64,0.0,459.64,2026-05-05 23:37:12
OI00008469,ORD0003859,PROD000017,2,177.67,53.3,302.04,2026-07-06 14:49:17
OI00008470,ORD0003859,PROD000029,1,12.47,0.0,12.47,2026-07-06 14:49:17
OI00008471,ORD0003860,PROD000140,1,156.23,7.81,148.42,2026-02-15 00:24:19
OI00008472,ORD0003860,PROD000119,2,93.67,0.0,187.34,2026-02-15 00:24:19
OI00008473,ORD0003861,PROD000133,1,7.24,0.72,6.52,2026-03-27 06:39:24
OI00008474,ORD0003861,PROD000063,2,61.43,0.0,122.86,2026-03-27 06:39:24
OI00008475,ORD0003861,PROD000005,1,219.89,0.0,219.89,2026-03-27 06:39:24
OI00008476,ORD0003862,PROD000164,2,179.02,17.9,340.14,2026-06-23 17:00:07
OI00008477,ORD0003862,PROD000086,2,216.37,0.0,432.74,2026-06-23 17:00:07
OI00008478,ORD0003862,PROD000110,1,112.33,0.0,112.33,2026-06-23 17:00:07
OI00008479,ORD0003863,PROD000156,1,208.16,0.0,208.16,2026-07-09 13:58:44
OI00008480,ORD0003864,PROD000085,1,36.94,3.69,33.25,2026-08-12 10:01:42
OI00008481,ORD0003865,PROD000162,2,85.74,0.0,171.48,2026-06-12 06:35:55
OI00008482,ORD0003865,PROD000169,1,53.52,0.0,53.52,2026-06-12 06:35:55
OI00008483,ORD0003865,PROD000133,1,7.24,0.0,7.24,2026-06-12 06:35:55
OI00008484,ORD0003866,PROD000025,2,337.19,33.72,640.66,2026-04-16 00:10:50
OI00008485,ORD0003866,PROD000109,1,87.72,0.0,87.72,2026-04-16 00:10:50
OI00008486,ORD0003867,PROD000113,4,295.97,0.0,1183.88,2026-07-13 16:25:33
OI00008487,ORD0003867,PROD000083,1,119.55,5.98,113.57,2026-07-13 16:25:33
OI00008488,ORD0003868,PROD000162,2,85.74,0.0,171.48,2026-05-18 18:17:02
OI00008489,ORD0003868,PROD000182,2,116.92,0.0,233.84,2026-05-18 18:17:02
OI00008490,ORD0003868,PROD000176,4,395.87,79.17,1504.31,2026-05-18 18:17:02
OI00008491,ORD0003868,PROD000123,1,410.86,0.0,410.86,2026-05-18 18:17:02
OI00008492,ORD0003868,PROD000180,1,443.88,0.0,443.88,2026-05-18 18:17:02
OI00008493,ORD0003869,PROD000176,3,395.87,0.0,1187.61,2026-03-12 13:52:50
OI00008494,ORD0003869,PROD000116,2,33.83,3.38,64.28,2026-03-12 13:52:50
OI00008495,ORD0003870,PROD000139,1,48.21,0.0,48.21,2026-04-17 09:11:51
OI00008496,ORD0003870,PROD000055,1,324.24,0.0,324.24,2026-04-17 09:11:51
OI00008497,ORD0003870,PROD000017,1,177.67,0.0,177.67,2026-04-17 09:11:51
OI00008498,ORD0003870,PROD000159,1,90.28,0.0,90.28,2026-04-17 09:11:51
OI00008499,ORD0003871,PROD000103,4,30.32,0.0,121.28,2026-07-09 01:39:28
OI00008500,ORD0003872,PROD000165,1,95.13,4.76,90.37,2026-06-16 17:00:04
OI00008501,ORD0003872,PROD000071,1,259.22,0.0,259.22,2026-06-16 17:00:04
OI00008502,ORD0003872,PROD000195,2,397.59,0.0,795.18,2026-06-16 17:00:04
OI00008503,ORD0003872,PROD000100,1,125.62,0.0,125.62,2026-06-16 17:00:04
OI00008504,ORD0003872,PROD000082,2,49.54,0.0,99.08,2026-06-16 17:00:04
OI00008505,ORD0003873,PROD000186,3,106.06,0.0,318.18,2026-05-11 04:03:02
OI00008506,ORD0003873,PROD000144,2,398.95,0.0,797.9,2026-05-11 04:03:02
OI00008507,ORD0003874,PROD000177,1,200.82,0.0,200.82,2026-03-20 22:47:03
OI00008508,ORD0003874,PROD000136,1,248.42,0.0,248.42,2026-03-20 22:47:03
OI00008509,ORD0003874,PROD000184,1,192.54,0.0,192.54,2026-03-20 22:47:03
OI00008510,ORD0003875,PROD000047,3,125.52,0.0,376.56,2026-04-10 12:09:00
OI00008511,ORD0003875,PROD000018,2,6.39,0.0,12.78,2026-04-10 12:09:00
OI00008512,ORD0003876,PROD000174,1,225.67,33.85,191.82,2026-07-31 19:01:42
OI00008513,ORD0003876,PROD000108,1,87.18,0.0,87.18,2026-07-31 19:01:42
OI00008514,ORD0003876,PROD000038,1,84.38,0.0,84.38,2026-07-31 19:01:42
OI00008515,ORD0003877,PROD000192,1,122.14,0.0,122.14,2026-04-15 11:51:23
OI00008516,ORD0003877,PROD000180,1,443.88,0.0,443.88,2026-04-15 11:51:23
OI00008517,ORD0003877,PROD000026,2,165.8,0.0,331.6,2026-04-15 11:51:23
OI00008518,ORD0003878,PROD000017,1,177.67,0.0,177.67,2026-03-27 14:48:09
OI00008519,ORD0003878,PROD000195,3,397.59,0.0,1192.77,2026-03-27 14:48:09
OI00008520,ORD0003879,PROD000083,1,119.55,0.0,119.55,2026-07-11 23:53:15
OI00008521,ORD0003879,PROD000150,1,121.83,6.09,115.74,2026-07-11 23:53:15
OI00008522,ORD0003880,PROD000085,1,36.94,0.0,36.94,2026-03-23 13:44:28
OI00008523,ORD0003880,PROD000057,1,282.26,56.45,225.81,2026-03-23 13:44:28
OI00008524,ORD0003881,PROD000046,4,353.88,0.0,1415.52,2026-05-23 16:54:24
OI00008525,ORD0003882,PROD000052,1,289.95,0.0,289.95,2026-07-25 02:00:07
OI00008526,ORD0003883,PROD000193,1,322.33,0.0,322.33,2026-06-23 14:00:35
OI00008527,ORD0003883,PROD000009,1,247.91,0.0,247.91,2026-06-23 14:00:35
OI00008528,ORD0003883,PROD000197,1,191.33,0.0,191.33,2026-06-23 14:00:35
OI00008529,ORD0003884,PROD000133,2,7.24,0.0,14.48,2026-07-21 01:17:21
OI00008530,ORD0003884,PROD000050,3,110.2,0.0,330.6,2026-07-21 01:17:21
OI00008531,ORD0003885,PROD000063,1,61.43,3.07,58.36,2026-02-22 16:35:23
OI00008532,ORD0003886,PROD000144,1,398.95,0.0,398.95,2026-05-15 20:26:31
OI00008533,ORD0003887,PROD000160,2,181.18,0.0,362.36,2026-04-19 03:33:19
OI00008534,ORD0003887,PROD000099,1,244.63,0.0,244.63,2026-04-19 03:33:19
OI00008535,ORD0003887,PROD000163,2,379.9,0.0,759.8,2026-04-19 03:33:19
OI00008536,ORD0003887,PROD000171,2,118.83,0.0,237.66,2026-04-19 03:33:19
OI00008537,ORD0003888,PROD000197,1,191.33,19.13,172.2,2026-05-29 10:59:57
OI00008538,ORD0003888,PROD000034,1,376.06,0.0,376.06,2026-05-29 10:59:57
OI00008539,ORD0003889,PROD000095,2,317.49,0.0,634.98,2026-07-05 13:04:35
OI00008540,ORD0003890,PROD000016,1,373.26,0.0,373.26,2026-03-06 17:07:45
OI00008541,ORD0003890,PROD000097,1,119.02,0.0,119.02,2026-03-06 17:07:45
OI00008542,ORD0003891,PROD000147,2,359.37,0.0,718.74,2026-06-10 06:00:33
OI00008543,ORD0003892,PROD000062,1,129.94,0.0,129.94,2026-04-24 07:57:03
OI00008544,ORD0003893,PROD000162,1,85.74,0.0,85.74,2026-04-03 12:30:01
OI00008545,ORD0003893,PROD000042,1,358.03,0.0,358.03,2026-04-03 12:30:01
OI00008546,ORD0003893,PROD000170,2,39.7,0.0,79.4,2026-04-03 12:30:01
OI00008547,ORD0003894,PROD000063,1,61.43,0.0,61.43,2026-03-05 15:04:46
OI00008548,ORD0003894,PROD000136,2,248.42,0.0,496.84,2026-03-05 15:04:46
OI00008549,ORD0003895,PROD000082,1,49.54,2.48,47.06,2026-08-09 21:11:52
OI00008550,ORD0003896,PROD000005,1,219.89,0.0,219.89,2026-03-13 06:34:13
OI00008551,ORD0003896,PROD000163,1,379.9,0.0,379.9,2026-03-13 06:34:13
OI00008552,ORD0003896,PROD000023,1,69.84,3.49,66.35,2026-03-13 06:34:13
OI00008553,ORD0003897,PROD000063,1,61.43,0.0,61.43,2026-05-10 04:53:15
OI00008554,ORD0003897,PROD000014,1,171.48,0.0,171.48,2026-05-10 04:53:15
OI00008555,ORD0003898,PROD000011,1,74.18,7.42,66.76,2026-06-29 00:52:11
OI00008556,ORD0003899,PROD000137,2,16.14,0.0,32.28,2026-08-04 14:32:57
OI00008557,ORD0003899,PROD000192,2,122.14,24.43,219.85,2026-08-04 14:32:57
OI00008558,ORD0003899,PROD000129,2,280.22,0.0,560.44,2026-08-04 14:32:57
OI00008559,ORD0003900,PROD000091,1,244.05,0.0,244.05,2026-05-19 18:23:15
OI00008560,ORD0003900,PROD000086,2,216.37,0.0,432.74,2026-05-19 18:23:15
OI00008561,ORD0003900,PROD000018,1,6.39,0.0,6.39,2026-05-19 18:23:15
OI00008562,ORD0003900,PROD000062,2,129.94,0.0,259.88,2026-05-19 18:23:15
OI00008563,ORD0003901,PROD000047,1,125.52,0.0,125.52,2026-04-20 14:10:42
OI00008564,ORD0003902,PROD000001,2,240.76,0.0,481.52,2026-05-10 04:00:33
OI00008565,ORD0003902,PROD000148,1,111.17,0.0,111.17,2026-05-10 04:00:33
OI00008566,ORD0003903,PROD000125,1,169.29,8.46,160.83,2026-07-18 16:18:43
OI00008567,ORD0003903,PROD000194,1,99.76,9.98,89.78,2026-07-18 16:18:43
OI00008568,ORD0003904,PROD000152,1,68.44,0.0,68.44,2026-05-10 02:32:48
OI00008569,ORD0003904,PROD000062,1,129.94,6.5,123.44,2026-05-10 02:32:48
OI00008570,ORD0003904,PROD000103,2,30.32,0.0,60.64,2026-05-10 02:32:48
OI00008571,ORD0003905,PROD000136,1,248.42,49.68,198.74,2026-03-19 14:27:09
OI00008572,ORD0003905,PROD000071,1,259.22,0.0,259.22,2026-03-19 14:27:09
OI00008573,ORD0003905,PROD000080,1,288.18,43.23,244.95,2026-03-19 14:27:09
OI00008574,ORD0003905,PROD000116,3,33.83,0.0,101.49,2026-03-19 14:27:09
OI00008575,ORD0003906,PROD000077,3,172.06,0.0,516.18,2026-03-04 16:18:39
OI00008576,ORD0003907,PROD000106,1,13.25,0.66,12.59,2026-05-22 11:53:36
OI00008577,ORD0003907,PROD000197,2,191.33,0.0,382.66,2026-05-22 11:53:36
OI00008578,ORD0003907,PROD000117,2,96.57,9.66,183.48,2026-05-22 11:53:36
OI00008579,ORD0003908,PROD000060,1,313.56,0.0,313.56,2026-03-29 17:10:17
OI00008580,ORD0003909,PROD000052,1,289.95,0.0,289.95,2026-05-01 00:31:58
OI00008581,ORD0003909,PROD000096,1,151.87,0.0,151.87,2026-05-01 00:31:58
OI00008582,ORD0003910,PROD000062,1,129.94,0.0,129.94,2026-05-11 16:38:59
OI00008583,ORD0003911,PROD000115,1,66.23,0.0,66.23,2026-07-17 06:58:17
OI00008584,ORD0003912,PROD000135,2,106.79,0.0,213.58,2026-07-22 15:35:33
OI00008585,ORD0003912,PROD000137,3,16.14,9.68,38.74,2026-07-22 15:35:33
OI00008586,ORD0003912,PROD000042,3,358.03,0.0,1074.09,2026-07-22 15:35:33
OI00008587,ORD0003913,PROD000115,3,66.23,0.0,198.69,2026-04-26 10:29:54
OI00008588,ORD0003913,PROD000080,1,288.18,0.0,288.18,2026-04-26 10:29:54
OI00008589,ORD0003914,PROD000111,1,209.32,10.47,198.85,2026-04-23 22:55:13
OI00008590,ORD0003914,PROD000084,1,172.79,0.0,172.79,2026-04-23 22:55:13
OI00008591,ORD0003914,PROD000103,4,30.32,0.0,121.28,2026-04-23 22:55:13
OI00008592,ORD0003914,PROD000197,1,191.33,0.0,191.33,2026-04-23 22:55:13
OI00008593,ORD0003915,PROD000184,2,192.54,0.0,385.08,2026-04-06 12:37:14
OI00008594,ORD0003916,PROD000010,4,238.36,0.0,953.44,2026-07-31 11:36:34
OI00008595,ORD0003916,PROD000197,1,191.33,19.13,172.2,2026-07-31 11:36:34
OI00008596,ORD0003916,PROD000008,1,181.13,0.0,181.13,2026-07-31 11:36:34
OI00008597,ORD0003916,PROD000099,1,244.63,0.0,244.63,2026-07-31 11:36:34
OI00008598,ORD0003917,PROD000120,2,200.42,0.0,400.84,2026-03-06 05:52:27
OI00008599,ORD0003917,PROD000193,3,322.33,0.0,966.99,2026-03-06 05:52:27
OI00008600,ORD0003917,PROD000077,4,172.06,0.0,688.24,2026-03-06 05:52:27
OI00008601,ORD0003917,PROD000016,1,373.26,18.66,354.6,2026-03-06 05:52:27
OI00008602,ORD0003918,PROD000032,1,305.5,0.0,305.5,2026-07-30 12:58:31
OI00008603,ORD0003919,PROD000113,3,295.97,88.79,799.12,2026-05-01 06:24:14
OI00008604,ORD0003920,PROD000039,3,318.97,0.0,956.91,2026-06-02 14:52:54
OI00008605,ORD0003921,PROD000151,1,220.37,0.0,220.37,2026-07-26 08:42:08
OI00008606,ORD0003922,PROD000183,1,239.94,0.0,239.94,2026-05-07 19:01:09
OI00008607,ORD0003923,PROD000060,1,313.56,0.0,313.56,2026-07-13 08:42:03
OI00008608,ORD0003924,PROD000183,1,239.94,23.99,215.95,2026-06-11 00:32:33
OI00008609,ORD0003925,PROD000136,1,248.42,0.0,248.42,2026-06-25 13:39:20
OI00008610,ORD0003925,PROD000057,1,282.26,0.0,282.26,2026-06-25 13:39:20
OI00008611,ORD0003925,PROD000069,2,332.4,33.24,631.56,2026-06-25 13:39:20
OI00008612,ORD0003925,PROD000061,1,85.11,0.0,85.11,2026-06-25 13:39:20
OI00008613,ORD0003925,PROD000003,2,265.29,0.0,530.58,2026-06-25 13:39:20
OI00008614,ORD0003926,PROD000004,1,71.87,0.0,71.87,2026-02-28 04:58:08
OI00008615,ORD0003926,PROD000001,1,240.76,0.0,240.76,2026-02-28 04:58:08
OI00008616,ORD0003927,PROD000098,1,188.42,0.0,188.42,2026-06-23 22:34:31
OI00008617,ORD0003928,PROD000127,2,216.42,0.0,432.84,2026-02-26 21:02:40
OI00008618,ORD0003929,PROD000034,1,376.06,0.0,376.06,2026-04-18 06:20:22
OI00008619,ORD0003929,PROD000041,1,287.98,28.8,259.18,2026-04-18 06:20:22
OI00008620,ORD0003929,PROD000194,1,99.76,0.0,99.76,2026-04-18 06:20:22
OI00008621,ORD0003930,PROD000062,1,129.94,0.0,129.94,2026-07-12 03:36:58
OI00008622,ORD0003931,PROD000144,4,398.95,79.79,1516.01,2026-03-12 06:50:55
OI00008623,ORD0003932,PROD000169,2,53.52,10.7,96.34,2026-02-17 15:16:24
OI00008624,ORD0003932,PROD000089,2,270.52,81.16,459.88,2026-02-17 15:16:24
OI00008625,ORD0003932,PROD000105,1,230.76,0.0,230.76,2026-02-17 15:16:24
OI00008626,ORD0003933,PROD000092,2,90.01,18.0,162.02,2026-03-03 15:15:18
OI00008627,ORD0003933,PROD000036,1,22.66,0.0,22.66,2026-03-03 15:15:18
OI00008628,ORD0003933,PROD000048,1,312.1,0.0,312.1,2026-03-03 15:15:18
OI00008629,ORD0003934,PROD000050,1,110.2,0.0,110.2,2026-04-24 23:01:06
OI00008630,ORD0003935,PROD000155,1,67.32,0.0,67.32,2026-04-03 22:33:59
OI00008631,ORD0003935,PROD000186,1,106.06,0.0,106.06,2026-04-03 22:33:59
OI00008632,ORD0003935,PROD000101,2,140.13,0.0,280.26,2026-04-03 22:33:59
OI00008633,ORD0003936,PROD000182,1,116.92,0.0,116.92,2026-04-09 12:45:44
OI00008634,ORD0003936,PROD000059,1,368.8,0.0,368.8,2026-04-09 12:45:44
OI00008635,ORD0003937,PROD000090,3,82.64,12.4,235.52,2026-07-17 11:13:47
OI00008636,ORD0003938,PROD000069,1,332.4,0.0,332.4,2026-07-24 03:21:07
OI00008637,ORD0003938,PROD000116,1,33.83,0.0,33.83,2026-07-24 03:21:07
OI00008638,ORD0003938,PROD000014,1,171.48,0.0,171.48,2026-07-24 03:21:07
OI00008639,ORD0003938,PROD000081,2,267.87,0.0,535.74,2026-07-24 03:21:07
OI00008640,ORD0003938,PROD000067,1,181.48,0.0,181.48,2026-07-24 03:21:07
OI00008641,ORD0003939,PROD000106,2,13.25,0.0,26.5,2026-05-02 01:09:23
OI00008642,ORD0003939,PROD000163,1,379.9,0.0,379.9,2026-05-02 01:09:23
OI00008643,ORD0003939,PROD000052,1,289.95,43.49,246.46,2026-05-02 01:09:23
OI00008644,ORD0003939,PROD000069,4,332.4,0.0,1329.6,2026-05-02 01:09:23
OI00008645,ORD0003940,PROD000179,1,100.96,0.0,100.96,2026-04-08 11:21:33
OI00008646,ORD0003941,PROD000142,2,276.94,0.0,553.88,2026-07-18 19:22:15
OI00008647,ORD0003941,PROD000016,3,373.26,0.0,1119.78,2026-07-18 19:22:15
OI00008648,ORD0003942,PROD000008,1,181.13,0.0,181.13,2026-02-28 19:06:52
OI00008649,ORD0003943,PROD000067,2,181.48,0.0,362.96,2026-06-20 16:03:07
OI00008650,ORD0003944,PROD000097,1,119.02,0.0,119.02,2026-07-04 00:19:02
OI00008651,ORD0003945,PROD000051,2,128.31,0.0,256.62,2026-07-26 22:49:40
OI00008652,ORD0003945,PROD000086,2,216.37,0.0,432.74,2026-07-26 22:49:40
OI00008653,ORD0003946,PROD000140,2,156.23,0.0,312.46,2026-05-04 23:07:26
OI00008654,ORD0003946,PROD000126,1,5.66,0.0,5.66,2026-05-04 23:07:26
OI00008655,ORD0003946,PROD000051,1,128.31,0.0,128.31,2026-05-04 23:07:26
OI00008656,ORD0003947,PROD000195,1,397.59,0.0,397.59,2026-04-12 14:05:38
OI00008657,ORD0003947,PROD000020,4,59.38,0.0,237.52,2026-04-12 14:05:38
OI00008658,ORD0003947,PROD000012,1,374.67,0.0,374.67,2026-04-12 14:05:38
OI00008659,ORD0003948,PROD000147,3,359.37,0.0,1078.11,2026-07-06 23:56:02
OI00008660,ORD0003948,PROD000026,1,165.8,16.58,149.22,2026-07-06 23:56:02
OI00008661,ORD0003949,PROD000055,2,324.24,97.27,551.21,2026-08-13 07:55:24
OI00008662,ORD0003950,PROD000139,2,48.21,0.0,96.42,2026-02-25 13:34:13
OI00008663,ORD0003950,PROD000037,2,48.34,0.0,96.68,2026-02-25 13:34:13
OI00008664,ORD0003950,PROD000083,1,119.55,0.0,119.55,2026-02-25 13:34:13
OI00008665,ORD0003951,PROD000068,3,253.43,0.0,760.29,2026-04-29 08:39:33
OI00008666,ORD0003951,PROD000146,1,237.64,0.0,237.64,2026-04-29 08:39:33
OI00008667,ORD0003952,PROD000103,1,30.32,0.0,30.32,2026-05-21 14:33:00
OI00008668,ORD0003952,PROD000148,1,111.17,0.0,111.17,2026-05-21 14:33:00
OI00008669,ORD0003952,PROD000080,2,288.18,0.0,576.36,2026-05-21 14:33:00
OI00008670,ORD0003953,PROD000139,1,48.21,0.0,48.21,2026-07-21 13:24:42
OI00008671,ORD0003953,PROD000063,1,61.43,0.0,61.43,2026-07-21 13:24:42
OI00008672,ORD0003953,PROD000143,1,293.11,0.0,293.11,2026-07-21 13:24:42
OI00008673,ORD0003954,PROD000116,1,33.83,0.0,33.83,2026-06-14 08:43:59
OI00008674,ORD0003955,PROD000142,1,276.94,0.0,276.94,2026-06-18 04:45:00
OI00008675,ORD0003956,PROD000149,1,259.04,0.0,259.04,2026-05-27 05:39:06
OI00008676,ORD0003956,PROD000168,1,433.94,0.0,433.94,2026-05-27 05:39:06
OI00008677,ORD0003957,PROD000065,1,459.64,0.0,459.64,2026-04-09 17:28:31
OI00008678,ORD0003957,PROD000124,1,396.34,0.0,396.34,2026-04-09 17:28:31
OI00008679,ORD0003958,PROD000176,1,395.87,19.79,376.08,2026-04-08 09:12:54
OI00008680,ORD0003958,PROD000016,2,373.26,74.65,671.87,2026-04-08 09:12:54
OI00008681,ORD0003959,PROD000008,4,181.13,144.9,579.62,2026-04-01 00:58:50
OI00008682,ORD0003959,PROD000108,1,87.18,0.0,87.18,2026-04-01 00:58:50
OI00008683,ORD0003960,PROD000142,1,276.94,0.0,276.94,2026-06-15 06:30:18
OI00008684,ORD0003961,PROD000177,4,200.82,0.0,803.28,2026-03-31 15:31:16
OI00008685,ORD0003961,PROD000071,2,259.22,25.92,492.52,2026-03-31 15:31:16
OI00008686,ORD0003961,PROD000015,2,74.75,0.0,149.5,2026-03-31 15:31:16
OI00008687,ORD0003961,PROD000187,1,260.32,0.0,260.32,2026-03-31 15:31:16
OI00008688,ORD0003961,PROD000081,2,267.87,0.0,535.74,2026-03-31 15:31:16
OI00008689,ORD0003962,PROD000181,1,132.65,0.0,132.65,2026-07-17 18:54:32
OI00008690,ORD0003962,PROD000041,1,287.98,14.4,273.58,2026-07-17 18:54:32
OI00008691,ORD0003963,PROD000067,1,181.48,0.0,181.48,2026-05-05 05:19:22
OI00008692,ORD0003963,PROD000059,3,368.8,0.0,1106.4,2026-05-05 05:19:22
OI00008693,ORD0003964,PROD000141,2,54.3,0.0,108.6,2026-03-30 16:17:53
OI00008694,ORD0003964,PROD000016,1,373.26,0.0,373.26,2026-03-30 16:17:53
OI00008695,ORD0003964,PROD000082,1,49.54,2.48,47.06,2026-03-30 16:17:53
OI00008696,ORD0003965,PROD000095,1,317.49,0.0,317.49,2026-08-02 20:24:16
OI00008697,ORD0003965,PROD000160,1,181.18,27.18,154.0,2026-08-02 20:24:16
OI00008698,ORD0003966,PROD000164,3,179.02,0.0,537.06,2026-03-31 14:04:55
OI00008699,ORD0003966,PROD000099,1,244.63,0.0,244.63,2026-03-31 14:04:55
OI00008700,ORD0003967,PROD000065,1,459.64,0.0,459.64,2026-07-10 09:26:24
OI00008701,ORD0003967,PROD000039,1,318.97,0.0,318.97,2026-07-10 09:26:24
OI00008702,ORD0003967,PROD000066,1,424.54,0.0,424.54,2026-07-10 09:26:24
OI00008703,ORD0003967,PROD000104,2,219.63,0.0,439.26,2026-07-10 09:26:24
OI00008704,ORD0003967,PROD000027,1,174.59,0.0,174.59,2026-07-10 09:26:24
OI00008705,ORD0003968,PROD000079,2,315.96,0.0,631.92,2026-07-04 05:06:03
OI00008706,ORD0003968,PROD000133,1,7.24,0.0,7.24,2026-07-04 05:06:03
OI00008707,ORD0003968,PROD000014,1,171.48,25.72,145.76,2026-07-04 05:06:03
OI00008708,ORD0003969,PROD000033,1,240.82,0.0,240.82,2026-06-07 23:45:21
OI00008709,ORD0003969,PROD000124,1,396.34,79.27,317.07,2026-06-07 23:45:21
OI00008710,ORD0003969,PROD000065,2,459.64,0.0,919.28,2026-06-07 23:45:21
OI00008711,ORD0003969,PROD000183,1,239.94,0.0,239.94,2026-06-07 23:45:21
OI00008712,ORD0003970,PROD000025,1,337.19,0.0,337.19,2026-07-10 06:26:25
OI00008713,ORD0003970,PROD000123,1,410.86,0.0,410.86,2026-07-10 06:26:25
OI00008714,ORD0003971,PROD000042,2,358.03,143.21,572.85,2026-02-28 23:30:55
OI00008715,ORD0003971,PROD000047,2,125.52,0.0,251.04,2026-02-28 23:30:55
OI00008716,ORD0003971,PROD000192,1,122.14,0.0,122.14,2026-02-28 23:30:55
OI00008717,ORD0003971,PROD000034,1,376.06,18.8,357.26,2026-02-28 23:30:55
OI00008718,ORD0003972,PROD000094,1,170.67,0.0,170.67,2026-04-28 08:18:56
OI00008719,ORD0003972,PROD000075,1,10.1,0.0,10.1,2026-04-28 08:18:56
OI00008720,ORD0003972,PROD000003,2,265.29,0.0,530.58,2026-04-28 08:18:56
OI00008721,ORD0003973,PROD000168,2,433.94,0.0,867.88,2026-03-28 10:49:56
OI00008722,ORD0003973,PROD000010,2,238.36,0.0,476.72,2026-03-28 10:49:56
OI00008723,ORD0003973,PROD000180,2,443.88,0.0,887.76,2026-03-28 10:49:56
OI00008724,ORD0003974,PROD000020,1,59.38,0.0,59.38,2026-03-15 10:56:31
OI00008725,ORD0003974,PROD000094,1,170.67,0.0,170.67,2026-03-15 10:56:31
OI00008726,ORD0003975,PROD000149,2,259.04,0.0,518.08,2026-03-06 02:56:20
OI00008727,ORD0003975,PROD000120,1,200.42,0.0,200.42,2026-03-06 02:56:20
OI00008728,ORD0003975,PROD000140,1,156.23,0.0,156.23,2026-03-06 02:56:20
OI00008729,ORD0003976,PROD000016,1,373.26,37.33,335.93,2026-05-21 21:41:33
OI00008730,ORD0003977,PROD000157,1,230.53,0.0,230.53,2026-08-14 12:42:23
OI00008731,ORD0003977,PROD000096,1,151.87,0.0,151.87,2026-08-14 12:42:23
OI00008732,ORD0003977,PROD000023,2,69.84,6.98,132.7,2026-08-14 12:42:23
OI00008733,ORD0003978,PROD000070,2,251.87,0.0,503.74,2026-06-22 10:17:32
OI00008734,ORD0003979,PROD000007,1,255.16,0.0,255.16,2026-05-22 15:42:06
OI00008735,ORD0003980,PROD000190,2,270.32,0.0,540.64,2026-04-29 11:43:24
OI00008736,ORD0003980,PROD000106,4,13.25,2.65,50.35,2026-04-29 11:43:24
OI00008737,ORD0003980,PROD000165,2,95.13,0.0,190.26,2026-04-29 11:43:24
OI00008738,ORD0003981,PROD000039,1,318.97,0.0,318.97,2026-02-20 21:06:27
OI00008739,ORD0003982,PROD000051,1,128.31,12.83,115.48,2026-04-02 07:33:48
OI00008740,ORD0003982,PROD000012,2,374.67,0.0,749.34,2026-04-02 07:33:48
OI00008741,ORD0003982,PROD000055,2,324.24,0.0,648.48,2026-04-02 07:33:48
OI00008742,ORD0003983,PROD000040,1,202.37,0.0,202.37,2026-08-12 04:47:58
OI00008743,ORD0003983,PROD000098,3,188.42,0.0,565.26,2026-08-12 04:47:58
OI00008744,ORD0003983,PROD000160,1,181.18,0.0,181.18,2026-08-12 04:47:58
OI00008745,ORD0003983,PROD000100,1,125.62,0.0,125.62,2026-08-12 04:47:58
OI00008746,ORD0003983,PROD000055,1,324.24,0.0,324.24,2026-08-12 04:47:58
OI00008747,ORD0003984,PROD000141,1,54.3,0.0,54.3,2026-06-04 15:29:23
OI00008748,ORD0003984,PROD000059,1,368.8,0.0,368.8,2026-06-04 15:29:23
OI00008749,ORD0003984,PROD000005,4,219.89,43.98,835.58,2026-06-04 15:29:23
OI00008750,ORD0003984,PROD000067,3,181.48,81.67,462.77,2026-06-04 15:29:23
OI00008751,ORD0003985,PROD000147,3,359.37,107.81,970.3,2026-06-29 10:00:45
OI00008752,ORD0003985,PROD000033,1,240.82,36.12,204.7,2026-06-29 10:00:45
OI00008753,ORD0003986,PROD000164,3,179.02,53.71,483.35,2026-06-20 19:37:19
OI00008754,ORD0003986,PROD000018,1,6.39,0.0,6.39,2026-06-20 19:37:19
OI00008755,ORD0003986,PROD000119,1,93.67,14.05,79.62,2026-06-20 19:37:19
OI00008756,ORD0003987,PROD000046,1,353.88,0.0,353.88,2026-06-11 05:00:10
OI00008757,ORD0003987,PROD000059,3,368.8,0.0,1106.4,2026-06-11 05:00:10
OI00008758,ORD0003988,PROD000084,1,172.79,0.0,172.79,2026-06-08 07:02:55
OI00008759,ORD0003988,PROD000195,3,397.59,0.0,1192.77,2026-06-08 07:02:55
OI00008760,ORD0003988,PROD000047,1,125.52,6.28,119.24,2026-06-08 07:02:55
OI00008761,ORD0003988,PROD000075,1,10.1,1.01,9.09,2026-06-08 07:02:55
OI00008762,ORD0003989,PROD000096,2,151.87,0.0,303.74,2026-08-01 01:16:52
OI00008763,ORD0003990,PROD000146,1,237.64,11.88,225.76,2026-06-22 11:50:37
OI00008764,ORD0003990,PROD000033,1,240.82,24.08,216.74,2026-06-22 11:50:37
OI00008765,ORD0003990,PROD000154,1,57.2,2.86,54.34,2026-06-22 11:50:37
OI00008766,ORD0003991,PROD000155,1,67.32,0.0,67.32,2026-07-30 02:56:02
OI00008767,ORD0003992,PROD000026,1,165.8,0.0,165.8,2026-07-20 10:51:45
OI00008768,ORD0003992,PROD000169,1,53.52,0.0,53.52,2026-07-20 10:51:45
OI00008769,ORD0003992,PROD000140,1,156.23,15.62,140.61,2026-07-20 10:51:45
OI00008770,ORD0003992,PROD000079,1,315.96,0.0,315.96,2026-07-20 10:51:45
OI00008771,ORD0003992,PROD000143,1,293.11,58.62,234.49,2026-07-20 10:51:45
OI00008772,ORD0003993,PROD000200,1,107.97,5.4,102.57,2026-05-12 19:19:26
OI00008773,ORD0003993,PROD000138,1,154.12,15.41,138.71,2026-05-12 19:19:26
OI00008774,ORD0003993,PROD000082,1,49.54,0.0,49.54,2026-05-12 19:19:26
OI00008775,ORD0003993,PROD000037,4,48.34,0.0,193.36,2026-05-12 19:19:26
OI00008776,ORD0003994,PROD000042,2,358.03,143.21,572.85,2026-04-26 20:01:05
OI00008777,ORD0003994,PROD000182,2,116.92,0.0,233.84,2026-04-26 20:01:05
OI00008778,ORD0003994,PROD000077,2,172.06,0.0,344.12,2026-04-26 20:01:05
OI00008779,ORD0003995,PROD000025,1,337.19,0.0,337.19,2026-03-12 04:37:52
OI00008780,ORD0003995,PROD000105,1,230.76,0.0,230.76,2026-03-12 04:37:52
OI00008781,ORD0003995,PROD000158,1,391.88,19.59,372.29,2026-03-12 04:37:52
OI00008782,ORD0003996,PROD000084,2,172.79,17.28,328.3,2026-02-23 20:08:17
OI00008783,ORD0003996,PROD000002,3,68.17,0.0,204.51,2026-02-23 20:08:17
OI00008784,ORD0003997,PROD000129,2,280.22,0.0,560.44,2026-07-13 10:25:47
OI00008785,ORD0003997,PROD000037,3,48.34,0.0,145.02,2026-07-13 10:25:47
OI00008786,ORD0003997,PROD000139,1,48.21,4.82,43.39,2026-07-13 10:25:47
OI00008787,ORD0003998,PROD000135,2,106.79,0.0,213.58,2026-05-25 22:01:13
OI00008788,ORD0003998,PROD000019,2,64.3,0.0,128.6,2026-05-25 22:01:13
OI00008789,ORD0003998,PROD000162,2,85.74,17.15,154.33,2026-05-25 22:01:13
OI00008790,ORD0003999,PROD000065,1,459.64,0.0,459.64,2026-03-25 20:06:17
OI00008791,ORD0003999,PROD000121,1,311.61,0.0,311.61,2026-03-25 20:06:17
OI00008792,ORD0003999,PROD000188,1,114.4,0.0,114.4,2026-03-25 20:06:17
OI00008793,ORD0004000,PROD000139,1,48.21,0.0,48.21,2026-07-09 16:11:29
OI00008794,ORD0004001,PROD000026,1,165.8,0.0,165.8,2026-08-05 09:08:08
OI00008795,ORD0004001,PROD000116,3,33.83,10.15,91.34,2026-08-05 09:08:08
OI00008796,ORD0004001,PROD000082,2,49.54,0.0,99.08,2026-08-05 09:08:08
OI00008797,ORD0004002,PROD000110,1,112.33,0.0,112.33,2026-03-18 10:14:40
OI00008798,ORD0004003,PROD000099,3,244.63,0.0,733.89,2026-02-25 02:05:08
OI00008799,ORD0004004,PROD000129,1,280.22,0.0,280.22,2026-07-23 06:30:39
OI00008800,ORD0004004,PROD000100,1,125.62,18.84,106.78,2026-07-23 06:30:39
OI00008801,ORD0004004,PROD000116,2,33.83,10.15,57.51,2026-07-23 06:30:39
OI00008802,ORD0004004,PROD000079,2,315.96,0.0,631.92,2026-07-23 06:30:39
OI00008803,ORD0004005,PROD000085,2,36.94,0.0,73.88,2026-03-14 01:58:37
OI00008804,ORD0004006,PROD000081,1,267.87,0.0,267.87,2026-04-21 12:22:12
OI00008805,ORD0004006,PROD000196,1,135.89,0.0,135.89,2026-04-21 12:22:12
OI00008806,ORD0004006,PROD000181,1,132.65,0.0,132.65,2026-04-21 12:22:12
OI00008807,ORD0004007,PROD000158,1,391.88,19.59,372.29,2026-02-27 13:03:21
OI00008808,ORD0004007,PROD000052,1,289.95,0.0,289.95,2026-02-27 13:03:21
OI00008809,ORD0004007,PROD000117,1,96.57,0.0,96.57,2026-02-27 13:03:21
OI00008810,ORD0004008,PROD000010,4,238.36,0.0,953.44,2026-06-20 00:22:13
OI00008811,ORD0004008,PROD000091,1,244.05,0.0,244.05,2026-06-20 00:22:13
OI00008812,ORD0004008,PROD000129,1,280.22,0.0,280.22,2026-06-20 00:22:13
OI00008813,ORD0004009,PROD000104,4,219.63,0.0,878.52,2026-05-11 01:42:59
OI00008814,ORD0004009,PROD000030,2,113.9,0.0,227.8,2026-05-11 01:42:59
OI00008815,ORD0004009,PROD000057,1,282.26,42.34,239.92,2026-05-11 01:42:59
OI00008816,ORD0004009,PROD000120,1,200.42,10.02,190.4,2026-05-11 01:42:59
OI00008817,ORD0004010,PROD000198,2,307.49,0.0,614.98,2026-07-08 13:37:20
OI00008818,ORD0004011,PROD000075,2,10.1,0.0,20.2,2026-05-18 16:39:54
OI00008819,ORD0004011,PROD000018,1,6.39,0.0,6.39,2026-05-18 16:39:54
OI00008820,ORD0004011,PROD000173,2,269.92,0.0,539.84,2026-05-18 16:39:54
OI00008821,ORD0004012,PROD000012,2,374.67,0.0,749.34,2026-07-03 09:06:41
OI00008822,ORD0004013,PROD000163,1,379.9,0.0,379.9,2026-07-02 21:25:04
OI00008823,ORD0004014,PROD000083,3,119.55,0.0,358.65,2026-03-05 03:53:54
OI00008824,ORD0004015,PROD000104,1,219.63,10.98,208.65,2026-05-24 22:07:31
OI00008825,ORD0004016,PROD000130,1,251.9,0.0,251.9,2026-05-16 01:55:13
OI00008826,ORD0004016,PROD000062,1,129.94,0.0,129.94,2026-05-16 01:55:13
OI00008827,ORD0004017,PROD000189,1,184.49,0.0,184.49,2026-03-07 10:57:54
OI00008828,ORD0004018,PROD000063,1,61.43,9.21,52.22,2026-03-16 11:59:44
OI00008829,ORD0004019,PROD000003,1,265.29,0.0,265.29,2026-05-25 13:04:53
OI00008830,ORD0004019,PROD000096,1,151.87,0.0,151.87,2026-05-25 13:04:53
OI00008831,ORD0004019,PROD000156,1,208.16,0.0,208.16,2026-05-25 13:04:53
OI00008832,ORD0004020,PROD000059,1,368.8,0.0,368.8,2026-02-22 16:18:33
OI00008833,ORD0004020,PROD000197,2,191.33,0.0,382.66,2026-02-22 16:18:33
OI00008834,ORD0004021,PROD000152,1,68.44,0.0,68.44,2026-03-17 01:01:43
OI00008835,ORD0004021,PROD000038,1,84.38,0.0,84.38,2026-03-17 01:01:43
OI00008836,ORD0004022,PROD000001,1,240.76,12.04,228.72,2026-05-23 04:09:12
OI00008837,ORD0004022,PROD000095,1,317.49,0.0,317.49,2026-05-23 04:09:12
OI00008838,ORD0004023,PROD000069,1,332.4,0.0,332.4,2026-03-21 12:16:43
OI00008839,ORD0004023,PROD000108,1,87.18,8.72,78.46,2026-03-21 12:16:43
OI00008840,ORD0004024,PROD000162,1,85.74,0.0,85.74,2026-05-30 21:11:44
OI00008841,ORD0004025,PROD000051,1,128.31,0.0,128.31,2026-08-05 10:11:05
OI00008842,ORD0004025,PROD000176,3,395.87,237.52,950.09,2026-08-05 10:11:05
OI00008843,ORD0004026,PROD000103,1,30.32,0.0,30.32,2026-03-25 11:34:56
OI00008844,ORD0004026,PROD000177,2,200.82,0.0,401.64,2026-03-25 11:34:56
OI00008845,ORD0004026,PROD000106,1,13.25,1.32,11.93,2026-03-25 11:34:56
OI00008846,ORD0004026,PROD000004,1,71.87,0.0,71.87,2026-03-25 11:34:56
OI00008847,ORD0004027,PROD000080,2,288.18,0.0,576.36,2026-05-12 10:33:59
OI00008848,ORD0004027,PROD000035,1,197.66,0.0,197.66,2026-05-12 10:33:59
OI00008849,ORD0004027,PROD000065,1,459.64,0.0,459.64,2026-05-12 10:33:59
OI00008850,ORD0004027,PROD000092,1,90.01,4.5,85.51,2026-05-12 10:33:59
OI00008851,ORD0004028,PROD000039,1,318.97,0.0,318.97,2026-07-24 08:01:25
OI00008852,ORD0004029,PROD000071,2,259.22,0.0,518.44,2026-05-03 07:59:44
OI00008853,ORD0004030,PROD000107,1,128.32,0.0,128.32,2026-02-20 18:12:42
OI00008854,ORD0004030,PROD000101,2,140.13,28.03,252.23,2026-02-20 18:12:42
OI00008855,ORD0004031,PROD000080,1,288.18,57.64,230.54,2026-03-18 01:40:11
OI00008856,ORD0004032,PROD000181,1,132.65,0.0,132.65,2026-06-22 05:36:46
OI00008857,ORD0004033,PROD000026,1,165.8,0.0,165.8,2026-04-15 23:19:19
OI00008858,ORD0004034,PROD000001,4,240.76,0.0,963.04,2026-02-27 03:49:07
OI00008859,ORD0004034,PROD000157,1,230.53,0.0,230.53,2026-02-27 03:49:07
OI00008860,ORD0004034,PROD000048,1,312.1,0.0,312.1,2026-02-27 03:49:07
OI00008861,ORD0004035,PROD000032,1,305.5,0.0,305.5,2026-03-22 03:42:33
OI00008862,ORD0004035,PROD000182,1,116.92,0.0,116.92,2026-03-22 03:42:33
OI00008863,ORD0004035,PROD000143,1,293.11,29.31,263.8,2026-03-22 03:42:33
OI00008864,ORD0004035,PROD000008,1,181.13,0.0,181.13,2026-03-22 03:42:33
OI00008865,ORD0004035,PROD000074,1,260.67,13.03,247.64,2026-03-22 03:42:33
OI00008866,ORD0004036,PROD000033,1,240.82,12.04,228.78,2026-07-29 18:51:28
OI00008867,ORD0004036,PROD000142,1,276.94,0.0,276.94,2026-07-29 18:51:28
OI00008868,ORD0004037,PROD000144,1,398.95,0.0,398.95,2026-04-05 17:29:48
OI00008869,ORD0004038,PROD000124,2,396.34,0.0,792.68,2026-04-13 03:23:32
OI00008870,ORD0004038,PROD000176,2,395.87,158.35,633.39,2026-04-13 03:23:32
OI00008871,ORD0004039,PROD000101,1,140.13,0.0,140.13,2026-07-27 05:44:16
OI00008872,ORD0004040,PROD000100,2,125.62,0.0,251.24,2026-05-20 10:04:50
OI00008873,ORD0004040,PROD000042,1,358.03,0.0,358.03,2026-05-20 10:04:50
OI00008874,ORD0004040,PROD000046,1,353.88,0.0,353.88,2026-05-20 10:04:50
OI00008875,ORD0004040,PROD000170,1,39.7,1.99,37.71,2026-05-20 10:04:50
OI00008876,ORD0004040,PROD000041,3,287.98,43.2,820.74,2026-05-20 10:04:50
OI00008877,ORD0004041,PROD000162,2,85.74,0.0,171.48,2026-02-25 22:18:46
OI00008878,ORD0004041,PROD000030,3,113.9,0.0,341.7,2026-02-25 22:18:46
OI00008879,ORD0004041,PROD000050,1,110.2,0.0,110.2,2026-02-25 22:18:46
OI00008880,ORD0004042,PROD000014,1,171.48,0.0,171.48,2026-08-10 17:29:01
OI00008881,ORD0004043,PROD000104,2,219.63,0.0,439.26,2026-05-17 20:56:53
OI00008882,ORD0004044,PROD000157,2,230.53,0.0,461.06,2026-03-20 15:56:22
OI00008883,ORD0004045,PROD000147,1,359.37,0.0,359.37,2026-03-01 15:41:01
OI00008884,ORD0004046,PROD000073,4,9.42,0.0,37.68,2026-07-27 02:29:52
OI00008885,ORD0004046,PROD000006,2,276.33,0.0,552.66,2026-07-27 02:29:52
OI00008886,ORD0004046,PROD000094,1,170.67,0.0,170.67,2026-07-27 02:29:52
OI00008887,ORD0004046,PROD000062,1,129.94,0.0,129.94,2026-07-27 02:29:52
OI00008888,ORD0004047,PROD000083,1,119.55,5.98,113.57,2026-03-19 20:10:29
OI00008889,ORD0004048,PROD000136,1,248.42,0.0,248.42,2026-07-06 13:51:33
OI00008890,ORD0004048,PROD000023,2,69.84,0.0,139.68,2026-07-06 13:51:33
OI00008891,ORD0004049,PROD000188,4,114.4,0.0,457.6,2026-02-18 03:01:38
OI00008892,ORD0004050,PROD000116,1,33.83,1.69,32.14,2026-06-17 11:04:40
OI00008893,ORD0004050,PROD000029,2,12.47,0.0,24.94,2026-06-17 11:04:40
OI00008894,ORD0004050,PROD000026,3,165.8,0.0,497.4,2026-06-17 11:04:40
OI00008895,ORD0004051,PROD000156,1,208.16,0.0,208.16,2026-06-07 15:51:43
OI00008896,ORD0004052,PROD000182,2,116.92,11.69,222.15,2026-07-31 01:38:22
OI00008897,ORD0004052,PROD000176,1,395.87,19.79,376.08,2026-07-31 01:38:22
OI00008898,ORD0004052,PROD000091,1,244.05,12.2,231.85,2026-07-31 01:38:22
OI00008899,ORD0004053,PROD000195,2,397.59,79.52,715.66,2026-04-25 11:50:49
OI00008900,ORD0004053,PROD000136,3,248.42,0.0,745.26,2026-04-25 11:50:49
OI00008901,ORD0004054,PROD000003,1,265.29,0.0,265.29,2026-05-26 13:51:29
OI00008902,ORD0004054,PROD000119,3,93.67,0.0,281.01,2026-05-26 13:51:29
OI00008903,ORD0004055,PROD000006,2,276.33,0.0,552.66,2026-05-16 07:05:34
OI00008904,ORD0004055,PROD000198,1,307.49,0.0,307.49,2026-05-16 07:05:34
OI00008905,ORD0004055,PROD000026,1,165.8,16.58,149.22,2026-05-16 07:05:34
OI00008906,ORD0004056,PROD000120,1,200.42,0.0,200.42,2026-04-05 13:14:06
OI00008907,ORD0004056,PROD000029,2,12.47,0.0,24.94,2026-04-05 13:14:06
OI00008908,ORD0004056,PROD000098,1,188.42,0.0,188.42,2026-04-05 13:14:06
OI00008909,ORD0004056,PROD000190,1,270.32,0.0,270.32,2026-04-05 13:14:06
OI00008910,ORD0004057,PROD000198,1,307.49,0.0,307.49,2026-03-22 07:46:35
OI00008911,ORD0004057,PROD000061,1,85.11,0.0,85.11,2026-03-22 07:46:35
OI00008912,ORD0004058,PROD000113,1,295.97,14.8,281.17,2026-08-02 14:26:50
OI00008913,ORD0004058,PROD000174,1,225.67,11.28,214.39,2026-08-02 14:26:50
OI00008914,ORD0004059,PROD000165,1,95.13,0.0,95.13,2026-07-21 20:13:56
OI00008915,ORD0004059,PROD000119,4,93.67,0.0,374.68,2026-07-21 20:13:56
OI00008916,ORD0004060,PROD000130,2,251.9,0.0,503.8,2026-04-22 05:51:41
OI00008917,ORD0004061,PROD000065,2,459.64,0.0,919.28,2026-06-22 19:16:38
OI00008918,ORD0004061,PROD000015,3,74.75,11.21,213.04,2026-06-22 19:16:38
OI00008919,ORD0004061,PROD000136,2,248.42,24.84,472.0,2026-06-22 19:16:38
OI00008920,ORD0004062,PROD000020,4,59.38,0.0,237.52,2026-02-25 17:43:59
OI00008921,ORD0004063,PROD000197,2,191.33,0.0,382.66,2026-07-24 06:02:32
OI00008922,ORD0004063,PROD000184,1,192.54,0.0,192.54,2026-07-24 06:02:32
OI00008923,ORD0004064,PROD000063,2,61.43,6.14,116.72,2026-02-16 03:41:41
OI00008924,ORD0004065,PROD000093,1,51.13,0.0,51.13,2026-05-28 23:08:05
OI00008925,ORD0004065,PROD000020,2,59.38,0.0,118.76,2026-05-28 23:08:05
OI00008926,ORD0004065,PROD000023,1,69.84,0.0,69.84,2026-05-28 23:08:05
OI00008927,ORD0004066,PROD000121,1,311.61,31.16,280.45,2026-07-29 07:04:26
OI00008928,ORD0004067,PROD000084,1,172.79,0.0,172.79,2026-02-18 10:32:34
OI00008929,ORD0004067,PROD000029,1,12.47,0.0,12.47,2026-02-18 10:32:34
OI00008930,ORD0004068,PROD000079,1,315.96,0.0,315.96,2026-05-09 14:50:37
OI00008931,ORD0004068,PROD000159,1,90.28,0.0,90.28,2026-05-09 14:50:37
OI00008932,ORD0004068,PROD000065,3,459.64,0.0,1378.92,2026-05-09 14:50:37
OI00008933,ORD0004069,PROD000133,1,7.24,0.0,7.24,2026-03-04 22:43:38
OI00008934,ORD0004069,PROD000126,2,5.66,0.57,10.75,2026-03-04 22:43:38
OI00008935,ORD0004070,PROD000154,1,57.2,0.0,57.2,2026-04-06 00:29:42
OI00008936,ORD0004071,PROD000120,1,200.42,0.0,200.42,2026-03-03 23:18:36
OI00008937,ORD0004071,PROD000135,2,106.79,10.68,202.9,2026-03-03 23:18:36
OI00008938,ORD0004072,PROD000013,3,286.54,42.98,816.64,2026-07-02 03:06:33
OI00008939,ORD0004072,PROD000123,1,410.86,0.0,410.86,2026-07-02 03:06:33
OI00008940,ORD0004072,PROD000105,2,230.76,46.15,415.37,2026-07-02 03:06:33
OI00008941,ORD0004073,PROD000103,1,30.32,0.0,30.32,2026-07-04 05:40:43
OI00008942,ORD0004074,PROD000077,1,172.06,17.21,154.85,2026-07-17 02:26:30
OI00008943,ORD0004074,PROD000165,3,95.13,14.27,271.12,2026-07-17 02:26:30
OI00008944,ORD0004074,PROD000109,1,87.72,0.0,87.72,2026-07-17 02:26:30
OI00008945,ORD0004075,PROD000041,1,287.98,14.4,273.58,2026-06-21 00:08:13
OI00008946,ORD0004075,PROD000031,4,62.29,24.92,224.24,2026-06-21 00:08:13
OI00008947,ORD0004076,PROD000074,1,260.67,26.07,234.6,2026-07-21 08:43:57
OI00008948,ORD0004076,PROD000046,2,353.88,0.0,707.76,2026-07-21 08:43:57
OI00008949,ORD0004077,PROD000180,1,443.88,0.0,443.88,2026-05-10 21:43:18
OI00008950,ORD0004077,PROD000188,1,114.4,17.16,97.24,2026-05-10 21:43:18
OI00008951,ORD0004078,PROD000063,1,61.43,0.0,61.43,2026-07-20 05:55:15
OI00008952,ORD0004079,PROD000151,2,220.37,0.0,440.74,2026-03-19 11:30:38
OI00008953,ORD0004079,PROD000097,1,119.02,0.0,119.02,2026-03-19 11:30:38
OI00008954,ORD0004079,PROD000115,3,66.23,0.0,198.69,2026-03-19 11:30:38
OI00008955,ORD0004079,PROD000070,2,251.87,75.56,428.18,2026-03-19 11:30:38
OI00008956,ORD0004079,PROD000098,1,188.42,18.84,169.58,2026-03-19 11:30:38
OI00008957,ORD0004080,PROD000138,1,154.12,0.0,154.12,2026-03-11 15:46:42
OI00008958,ORD0004080,PROD000015,1,74.75,0.0,74.75,2026-03-11 15:46:42
OI00008959,ORD0004080,PROD000014,2,171.48,0.0,342.96,2026-03-11 15:46:42
OI00008960,ORD0004081,PROD000192,2,122.14,0.0,244.28,2026-03-17 16:47:58
OI00008961,ORD0004082,PROD000026,1,165.8,16.58,149.22,2026-05-09 06:37:59
OI00008962,ORD0004082,PROD000179,1,100.96,0.0,100.96,2026-05-09 06:37:59
OI00008963,ORD0004082,PROD000141,1,54.3,0.0,54.3,2026-05-09 06:37:59
OI00008964,ORD0004083,PROD000106,2,13.25,0.0,26.5,2026-05-11 19:01:48
OI00008965,ORD0004084,PROD000023,1,69.84,0.0,69.84,2026-06-10 05:17:39
OI00008966,ORD0004084,PROD000092,2,90.01,0.0,180.02,2026-06-10 05:17:39
OI00008967,ORD0004084,PROD000010,2,238.36,0.0,476.72,2026-06-10 05:17:39
OI00008968,ORD0004084,PROD000012,1,374.67,0.0,374.67,2026-06-10 05:17:39
OI00008969,ORD0004084,PROD000150,1,121.83,6.09,115.74,2026-06-10 05:17:39
OI00008970,ORD0004085,PROD000137,1,16.14,0.0,16.14,2026-03-24 07:04:46
OI00008971,ORD0004085,PROD000033,2,240.82,0.0,481.64,2026-03-24 07:04:46
OI00008972,ORD0004086,PROD000089,1,270.52,0.0,270.52,2026-06-17 17:56:01
OI00008973,ORD0004086,PROD000073,1,9.42,0.0,9.42,2026-06-17 17:56:01
OI00008974,ORD0004087,PROD000010,1,238.36,35.75,202.61,2026-07-16 17:26:13
OI00008975,ORD0004088,PROD000068,3,253.43,0.0,760.29,2026-03-25 13:41:58
OI00008976,ORD0004088,PROD000183,1,239.94,12.0,227.94,2026-03-25 13:41:58
OI00008977,ORD0004088,PROD000171,1,118.83,0.0,118.83,2026-03-25 13:41:58
OI00008978,ORD0004089,PROD000017,1,177.67,26.65,151.02,2026-03-30 12:00:17
OI00008979,ORD0004090,PROD000174,1,225.67,0.0,225.67,2026-03-03 01:22:47
OI00008980,ORD0004091,PROD000190,1,270.32,0.0,270.32,2026-06-05 03:12:27
OI00008981,ORD0004091,PROD000020,1,59.38,5.94,53.44,2026-06-05 03:12:27
OI00008982,ORD0004092,PROD000017,1,177.67,8.88,168.79,2026-06-14 13:48:45
OI00008983,ORD0004093,PROD000092,2,90.01,0.0,180.02,2026-05-24 19:58:33
OI00008984,ORD0004094,PROD000005,2,219.89,0.0,439.78,2026-08-01 23:40:39
OI00008985,ORD0004094,PROD000012,1,374.67,0.0,374.67,2026-08-01 23:40:39
OI00008986,ORD0004095,PROD000130,1,251.9,37.78,214.12,2026-06-25 14:28:38
OI00008987,ORD0004096,PROD000103,1,30.32,1.52,28.8,2026-07-28 10:41:06
OI00008988,ORD0004096,PROD000037,2,48.34,0.0,96.68,2026-07-28 10:41:06
OI00008989,ORD0004096,PROD000009,1,247.91,0.0,247.91,2026-07-28 10:41:06
OI00008990,ORD0004096,PROD000136,1,248.42,0.0,248.42,2026-07-28 10:41:06
OI00008991,ORD0004097,PROD000036,1,22.66,3.4,19.26,2026-04-16 16:59:37
OI00008992,ORD0004097,PROD000104,2,219.63,0.0,439.26,2026-04-16 16:59:37
OI00008993,ORD0004098,PROD000109,3,87.72,0.0,263.16,2026-06-25 22:55:59
OI00008994,ORD0004098,PROD000055,1,324.24,0.0,324.24,2026-06-25 22:55:59
OI00008995,ORD0004098,PROD000039,1,318.97,0.0,318.97,2026-06-25 22:55:59
OI00008996,ORD0004098,PROD000098,2,188.42,0.0,376.84,2026-06-25 22:55:59
OI00008997,ORD0004099,PROD000056,2,23.5,4.7,42.3,2026-07-25 18:06:04
OI00008998,ORD0004100,PROD000103,2,30.32,0.0,60.64,2026-08-10 08:03:32
OI00008999,ORD0004100,PROD000180,2,443.88,0.0,887.76,2026-08-10 08:03:32
OI00009000,ORD0004100,PROD000048,1,312.1,0.0,312.1,2026-08-10 08:03:32
OI00009001,ORD0004101,PROD000061,1,85.11,0.0,85.11,2026-04-13 07:46:03
OI00009002,ORD0004101,PROD000056,1,23.5,0.0,23.5,2026-04-13 07:46:03
OI00009003,ORD0004102,PROD000144,1,398.95,0.0,398.95,2026-03-10 00:41:38
OI00009004,ORD0004103,PROD000090,3,82.64,0.0,247.92,2026-06-25 04:07:34
OI00009005,ORD0004104,PROD000153,1,46.39,2.32,44.07,2026-06-04 02:34:15
OI00009006,ORD0004105,PROD000014,1,171.48,0.0,171.48,2026-07-17 18:32:02
OI00009007,ORD0004105,PROD000048,1,312.1,31.21,280.89,2026-07-17 18:32:02
OI00009008,ORD0004106,PROD000008,2,181.13,18.11,344.15,2026-07-13 16:46:40
OI00009009,ORD0004106,PROD000196,1,135.89,6.79,129.1,2026-07-13 16:46:40
OI00009010,ORD0004107,PROD000041,1,287.98,0.0,287.98,2026-07-12 16:51:31
OI00009011,ORD0004107,PROD000182,1,116.92,0.0,116.92,2026-07-12 16:51:31
OI00009012,ORD0004107,PROD000074,1,260.67,0.0,260.67,2026-07-12 16:51:31
OI00009013,ORD0004108,PROD000109,1,87.72,0.0,87.72,2026-05-28 00:41:43
OI00009014,ORD0004108,PROD000100,3,125.62,0.0,376.86,2026-05-28 00:41:43
OI00009015,ORD0004108,PROD000144,2,398.95,39.9,758.0,2026-05-28 00:41:43
OI00009016,ORD0004108,PROD000105,1,230.76,0.0,230.76,2026-05-28 00:41:43
OI00009017,ORD0004109,PROD000051,2,128.31,0.0,256.62,2026-05-09 11:26:29
OI00009018,ORD0004109,PROD000060,2,313.56,0.0,627.12,2026-05-09 11:26:29
OI00009019,ORD0004109,PROD000073,1,9.42,1.88,7.54,2026-05-09 11:26:29
OI00009020,ORD0004109,PROD000097,3,119.02,0.0,357.06,2026-05-09 11:26:29
OI00009021,ORD0004110,PROD000075,1,10.1,0.0,10.1,2026-08-15 13:19:42
OI00009022,ORD0004110,PROD000164,2,179.02,0.0,358.04,2026-08-15 13:19:42
OI00009023,ORD0004111,PROD000048,2,312.1,0.0,624.2,2026-02-27 03:02:24
OI00009024,ORD0004111,PROD000045,2,70.0,0.0,140.0,2026-02-27 03:02:24
OI00009025,ORD0004111,PROD000187,1,260.32,26.03,234.29,2026-02-27 03:02:24
OI00009026,ORD0004111,PROD000059,1,368.8,36.88,331.92,2026-02-27 03:02:24
OI00009027,ORD0004112,PROD000005,2,219.89,0.0,439.78,2026-07-16 10:51:23
OI00009028,ORD0004113,PROD000140,1,156.23,0.0,156.23,2026-04-30 18:42:44
OI00009029,ORD0004113,PROD000080,1,288.18,0.0,288.18,2026-04-30 18:42:44
OI00009030,ORD0004114,PROD000163,2,379.9,0.0,759.8,2026-07-30 12:50:27
OI00009031,ORD0004114,PROD000187,1,260.32,39.05,221.27,2026-07-30 12:50:27
OI00009032,ORD0004114,PROD000135,2,106.79,10.68,202.9,2026-07-30 12:50:27
OI00009033,ORD0004114,PROD000065,1,459.64,0.0,459.64,2026-07-30 12:50:27
OI00009034,ORD0004115,PROD000095,1,317.49,0.0,317.49,2026-04-22 11:12:19
OI00009035,ORD0004116,PROD000133,1,7.24,0.0,7.24,2026-04-08 00:12:52
OI00009036,ORD0004116,PROD000036,3,22.66,0.0,67.98,2026-04-08 00:12:52
OI00009037,ORD0004116,PROD000195,1,397.59,79.52,318.07,2026-04-08 00:12:52
OI00009038,ORD0004117,PROD000148,2,111.17,33.35,188.99,2026-04-20 23:48:09
OI00009039,ORD0004118,PROD000148,1,111.17,0.0,111.17,2026-04-08 15:13:58
OI00009040,ORD0004118,PROD000179,1,100.96,0.0,100.96,2026-04-08 15:13:58
OI00009041,ORD0004118,PROD000095,4,317.49,0.0,1269.96,2026-04-08 15:13:58
OI00009042,ORD0004119,PROD000144,1,398.95,0.0,398.95,2026-02-21 13:44:05
OI00009043,ORD0004119,PROD000047,2,125.52,0.0,251.04,2026-02-21 13:44:05
OI00009044,ORD0004120,PROD000020,2,59.38,0.0,118.76,2026-07-05 17:18:36
OI00009045,ORD0004121,PROD000168,1,433.94,0.0,433.94,2026-03-07 07:22:57
OI00009046,ORD0004121,PROD000077,2,172.06,0.0,344.12,2026-03-07 07:22:57
OI00009047,ORD0004121,PROD000149,2,259.04,0.0,518.08,2026-03-07 07:22:57
OI00009048,ORD0004122,PROD000150,1,121.83,0.0,121.83,2026-04-23 03:14:23
OI00009049,ORD0004122,PROD000111,4,209.32,0.0,837.28,2026-04-23 03:14:23
OI00009050,ORD0004122,PROD000182,1,116.92,0.0,116.92,2026-04-23 03:14:23
OI00009051,ORD0004123,PROD000192,1,122.14,0.0,122.14,2026-03-16 21:53:44
OI00009052,ORD0004123,PROD000127,3,216.42,0.0,649.26,2026-03-16 21:53:44
OI00009053,ORD0004124,PROD000028,1,209.71,0.0,209.71,2026-02-21 15:04:08
OI00009054,ORD0004124,PROD000195,1,397.59,59.64,337.95,2026-02-21 15:04:08
OI00009055,ORD0004125,PROD000006,1,276.33,13.82,262.51,2026-04-14 00:15:37
OI00009056,ORD0004125,PROD000077,1,172.06,25.81,146.25,2026-04-14 00:15:37
OI00009057,ORD0004125,PROD000193,1,322.33,0.0,322.33,2026-04-14 00:15:37
OI00009058,ORD0004126,PROD000034,1,376.06,0.0,376.06,2026-04-27 11:09:15
OI00009059,ORD0004126,PROD000143,1,293.11,0.0,293.11,2026-04-27 11:09:15
OI00009060,ORD0004127,PROD000195,2,397.59,0.0,795.18,2026-02-24 05:00:18
OI00009061,ORD0004127,PROD000169,1,53.52,0.0,53.52,2026-02-24 05:00:18
OI00009062,ORD0004127,PROD000162,1,85.74,0.0,85.74,2026-02-24 05:00:18
OI00009063,ORD0004127,PROD000138,2,154.12,30.82,277.42,2026-02-24 05:00:18
OI00009064,ORD0004127,PROD000168,4,433.94,0.0,1735.76,2026-02-24 05:00:18
OI00009065,ORD0004128,PROD000009,1,247.91,0.0,247.91,2026-07-15 13:47:11
OI00009066,ORD0004128,PROD000140,2,156.23,0.0,312.46,2026-07-15 13:47:11
OI00009067,ORD0004129,PROD000162,3,85.74,0.0,257.22,2026-06-30 19:40:11
OI00009068,ORD0004129,PROD000144,1,398.95,39.9,359.05,2026-06-30 19:40:11
OI00009069,ORD0004129,PROD000066,1,424.54,21.23,403.31,2026-06-30 19:40:11
OI00009070,ORD0004130,PROD000194,1,99.76,14.96,84.8,2026-04-26 18:32:47
OI00009071,ORD0004131,PROD000052,3,289.95,86.98,782.87,2026-05-28 08:18:55
OI00009072,ORD0004131,PROD000048,1,312.1,0.0,312.1,2026-05-28 08:18:55
OI00009073,ORD0004131,PROD000039,2,318.97,0.0,637.94,2026-05-28 08:18:55
OI00009074,ORD0004132,PROD000074,1,260.67,0.0,260.67,2026-08-02 13:32:55
OI00009075,ORD0004132,PROD000136,1,248.42,49.68,198.74,2026-08-02 13:32:55
OI00009076,ORD0004133,PROD000047,2,125.52,0.0,251.04,2026-04-14 21:51:14
OI00009077,ORD0004133,PROD000080,1,288.18,28.82,259.36,2026-04-14 21:51:14
OI00009078,ORD0004133,PROD000052,1,289.95,29.0,260.95,2026-04-14 21:51:14
OI00009079,ORD0004133,PROD000193,2,322.33,0.0,644.66,2026-04-14 21:51:14
OI00009080,ORD0004133,PROD000142,1,276.94,27.69,249.25,2026-04-14 21:51:14
OI00009081,ORD0004134,PROD000195,3,397.59,0.0,1192.77,2026-07-12 06:38:49
OI00009082,ORD0004135,PROD000090,2,82.64,0.0,165.28,2026-03-16 00:59:09
OI00009083,ORD0004136,PROD000010,1,238.36,23.84,214.52,2026-05-10 09:00:11
OI00009084,ORD0004136,PROD000065,2,459.64,0.0,919.28,2026-05-10 09:00:11
OI00009085,ORD0004137,PROD000003,2,265.29,0.0,530.58,2026-04-03 22:34:56
OI00009086,ORD0004137,PROD000175,4,395.9,0.0,1583.6,2026-04-03 22:34:56
OI00009087,ORD0004138,PROD000002,2,68.17,0.0,136.34,2026-05-18 13:23:02
OI00009088,ORD0004138,PROD000010,2,238.36,23.84,452.88,2026-05-18 13:23:02
OI00009089,ORD0004138,PROD000196,1,135.89,0.0,135.89,2026-05-18 13:23:02
OI00009090,ORD0004139,PROD000090,2,82.64,0.0,165.28,2026-03-17 23:02:40
OI00009091,ORD0004139,PROD000187,1,260.32,0.0,260.32,2026-03-17 23:02:40
OI00009092,ORD0004140,PROD000049,1,343.12,0.0,343.12,2026-05-23 01:06:23
OI00009093,ORD0004140,PROD000046,2,353.88,0.0,707.76,2026-05-23 01:06:23
OI00009094,ORD0004141,PROD000042,2,358.03,35.8,680.26,2026-05-21 15:04:01
OI00009095,ORD0004142,PROD000143,1,293.11,0.0,293.11,2026-07-12 14:40:43
OI00009096,ORD0004142,PROD000032,1,305.5,0.0,305.5,2026-07-12 14:40:43
OI00009097,ORD0004142,PROD000080,1,288.18,43.23,244.95,2026-07-12 14:40:43
OI00009098,ORD0004142,PROD000050,2,110.2,0.0,220.4,2026-07-12 14:40:43
OI00009099,ORD0004143,PROD000025,2,337.19,0.0,674.38,2026-08-11 15:05:38
OI00009100,ORD0004143,PROD000001,1,240.76,0.0,240.76,2026-08-11 15:05:38
OI00009101,ORD0004143,PROD000093,1,51.13,5.11,46.02,2026-08-11 15:05:38
OI00009102,ORD0004144,PROD000186,1,106.06,0.0,106.06,2026-07-03 16:51:18
OI00009103,ORD0004144,PROD000176,2,395.87,0.0,791.74,2026-07-03 16:51:18
OI00009104,ORD0004144,PROD000184,3,192.54,28.88,548.74,2026-07-03 16:51:18
OI00009105,ORD0004145,PROD000028,1,209.71,20.97,188.74,2026-06-19 03:15:01
OI00009106,ORD0004145,PROD000029,2,12.47,1.25,23.69,2026-06-19 03:15:01
OI00009107,ORD0004145,PROD000098,2,188.42,75.37,301.47,2026-06-19 03:15:01
OI00009108,ORD0004146,PROD000008,1,181.13,0.0,181.13,2026-05-02 08:59:00
OI00009109,ORD0004147,PROD000140,1,156.23,0.0,156.23,2026-08-01 16:01:40
OI00009110,ORD0004147,PROD000051,2,128.31,0.0,256.62,2026-08-01 16:01:40
OI00009111,ORD0004148,PROD000182,1,116.92,0.0,116.92,2026-07-21 07:08:23
OI00009112,ORD0004148,PROD000089,1,270.52,0.0,270.52,2026-07-21 07:08:23
OI00009113,ORD0004148,PROD000105,3,230.76,0.0,692.28,2026-07-21 07:08:23
OI00009114,ORD0004149,PROD000026,1,165.8,0.0,165.8,2026-03-24 06:52:51
OI00009115,ORD0004149,PROD000063,1,61.43,3.07,58.36,2026-03-24 06:52:51
OI00009116,ORD0004149,PROD000006,1,276.33,0.0,276.33,2026-03-24 06:52:51
OI00009117,ORD0004150,PROD000157,1,230.53,0.0,230.53,2026-07-28 03:29:51
OI00009118,ORD0004151,PROD000038,1,84.38,0.0,84.38,2026-06-06 04:07:36
OI00009119,ORD0004151,PROD000154,1,57.2,0.0,57.2,2026-06-06 04:07:36
OI00009120,ORD0004151,PROD000200,1,107.97,10.8,97.17,2026-06-06 04:07:36
OI00009121,ORD0004152,PROD000186,1,106.06,0.0,106.06,2026-08-02 00:20:43
OI00009122,ORD0004152,PROD000035,1,197.66,0.0,197.66,2026-08-02 00:20:43
OI00009123,ORD0004152,PROD000045,1,70.0,0.0,70.0,2026-08-02 00:20:43
OI00009124,ORD0004153,PROD000135,4,106.79,0.0,427.16,2026-07-23 14:11:45
OI00009125,ORD0004154,PROD000033,1,240.82,0.0,240.82,2026-05-03 05:49:29
OI00009126,ORD0004155,PROD000057,1,282.26,0.0,282.26,2026-04-18 11:17:22
OI00009127,ORD0004156,PROD000048,3,312.1,140.45,795.85,2026-06-11 18:32:41
OI00009128,ORD0004157,PROD000149,1,259.04,0.0,259.04,2026-08-11 13:02:41
OI00009129,ORD0004158,PROD000021,2,325.45,0.0,650.9,2026-05-14 13:51:22
OI00009130,ORD0004158,PROD000164,2,179.02,17.9,340.14,2026-05-14 13:51:22
OI00009131,ORD0004158,PROD000133,3,7.24,0.0,21.72,2026-05-14 13:51:22
OI00009132,ORD0004159,PROD000005,1,219.89,0.0,219.89,2026-08-07 18:42:19
OI00009133,ORD0004159,PROD000168,3,433.94,0.0,1301.82,2026-08-07 18:42:19
OI00009134,ORD0004159,PROD000104,2,219.63,0.0,439.26,2026-08-07 18:42:19
OI00009135,ORD0004160,PROD000050,2,110.2,0.0,220.4,2026-06-11 08:36:54
OI00009136,ORD0004160,PROD000146,2,237.64,47.53,427.75,2026-06-11 08:36:54
OI00009137,ORD0004160,PROD000066,4,424.54,0.0,1698.16,2026-06-11 08:36:54
OI00009138,ORD0004160,PROD000038,1,84.38,12.66,71.72,2026-06-11 08:36:54
OI00009139,ORD0004161,PROD000184,4,192.54,77.02,693.14,2026-06-01 06:14:00
OI00009140,ORD0004161,PROD000096,4,151.87,0.0,607.48,2026-06-01 06:14:00
OI00009141,ORD0004161,PROD000006,2,276.33,0.0,552.66,2026-06-01 06:14:00
OI00009142,ORD0004161,PROD000160,1,181.18,0.0,181.18,2026-06-01 06:14:00
OI00009143,ORD0004162,PROD000159,1,90.28,0.0,90.28,2026-03-29 17:42:58
OI00009144,ORD0004162,PROD000044,3,137.29,0.0,411.87,2026-03-29 17:42:58
OI00009145,ORD0004162,PROD000098,2,188.42,0.0,376.84,2026-03-29 17:42:58
OI00009146,ORD0004163,PROD000180,3,443.88,0.0,1331.64,2026-03-14 08:27:57
OI00009147,ORD0004163,PROD000119,3,93.67,0.0,281.01,2026-03-14 08:27:57
OI00009148,ORD0004164,PROD000083,1,119.55,0.0,119.55,2026-04-06 18:37:54
OI00009149,ORD0004165,PROD000124,4,396.34,0.0,1585.36,2026-05-10 06:25:36
OI00009150,ORD0004165,PROD000057,1,282.26,0.0,282.26,2026-05-10 06:25:36
OI00009151,ORD0004165,PROD000096,2,151.87,0.0,303.74,2026-05-10 06:25:36
OI00009152,ORD0004165,PROD000176,1,395.87,19.79,376.08,2026-05-10 06:25:36
OI00009153,ORD0004166,PROD000102,2,157.31,31.46,283.16,2026-04-23 10:06:42
OI00009154,ORD0004166,PROD000115,1,66.23,0.0,66.23,2026-04-23 10:06:42
OI00009155,ORD0004166,PROD000195,1,397.59,0.0,397.59,2026-04-23 10:06:42
OI00009156,ORD0004166,PROD000109,1,87.72,0.0,87.72,2026-04-23 10:06:42
OI00009157,ORD0004167,PROD000170,2,39.7,11.91,67.49,2026-03-09 12:27:36
OI00009158,ORD0004167,PROD000062,1,129.94,0.0,129.94,2026-03-09 12:27:36
OI00009159,ORD0004168,PROD000022,2,302.51,0.0,605.02,2026-04-14 10:18:12
OI00009160,ORD0004168,PROD000097,1,119.02,5.95,113.07,2026-04-14 10:18:12
OI00009161,ORD0004168,PROD000115,1,66.23,0.0,66.23,2026-04-14 10:18:12
OI00009162,ORD0004168,PROD000050,1,110.2,0.0,110.2,2026-04-14 10:18:12
OI00009163,ORD0004169,PROD000117,1,96.57,0.0,96.57,2026-04-18 20:47:03
OI00009164,ORD0004169,PROD000136,2,248.42,0.0,496.84,2026-04-18 20:47:03
OI00009165,ORD0004169,PROD000107,1,128.32,19.25,109.07,2026-04-18 20:47:03
OI00009166,ORD0004169,PROD000194,2,99.76,9.98,189.54,2026-04-18 20:47:03
OI00009167,ORD0004170,PROD000153,3,46.39,0.0,139.17,2026-08-07 17:51:42
OI00009168,ORD0004170,PROD000179,2,100.96,0.0,201.92,2026-08-07 17:51:42
OI00009169,ORD0004171,PROD000148,2,111.17,0.0,222.34,2026-05-25 03:35:50
OI00009170,ORD0004172,PROD000055,1,324.24,16.21,308.03,2026-05-04 16:51:53
OI00009171,ORD0004172,PROD000188,1,114.4,0.0,114.4,2026-05-04 16:51:53
OI00009172,ORD0004172,PROD000046,1,353.88,0.0,353.88,2026-05-04 16:51:53
OI00009173,ORD0004172,PROD000080,2,288.18,0.0,576.36,2026-05-04 16:51:53
OI00009174,ORD0004173,PROD000015,3,74.75,0.0,224.25,2026-05-27 05:21:27
OI00009175,ORD0004173,PROD000105,1,230.76,0.0,230.76,2026-05-27 05:21:27
OI00009176,ORD0004173,PROD000194,2,99.76,0.0,199.52,2026-05-27 05:21:27
OI00009177,ORD0004173,PROD000012,1,374.67,0.0,374.67,2026-05-27 05:21:27
OI00009178,ORD0004173,PROD000139,1,48.21,0.0,48.21,2026-05-27 05:21:27
OI00009179,ORD0004174,PROD000008,1,181.13,0.0,181.13,2026-06-02 01:44:51
OI00009180,ORD0004174,PROD000042,2,358.03,0.0,716.06,2026-06-02 01:44:51
OI00009181,ORD0004175,PROD000047,1,125.52,25.1,100.42,2026-04-22 05:58:37
OI00009182,ORD0004175,PROD000075,1,10.1,0.0,10.1,2026-04-22 05:58:37
OI00009183,ORD0004175,PROD000196,2,135.89,0.0,271.78,2026-04-22 05:58:37
OI00009184,ORD0004176,PROD000019,1,64.3,0.0,64.3,2026-06-30 13:04:01
OI00009185,ORD0004176,PROD000158,2,391.88,0.0,783.76,2026-06-30 13:04:01
OI00009186,ORD0004177,PROD000003,4,265.29,0.0,1061.16,2026-07-27 13:47:07
OI00009187,ORD0004177,PROD000096,1,151.87,0.0,151.87,2026-07-27 13:47:07
OI00009188,ORD0004177,PROD000052,1,289.95,0.0,289.95,2026-07-27 13:47:07
OI00009189,ORD0004177,PROD000069,2,332.4,0.0,664.8,2026-07-27 13:47:07
OI00009190,ORD0004177,PROD000184,1,192.54,0.0,192.54,2026-07-27 13:47:07
OI00009191,ORD0004178,PROD000052,1,289.95,0.0,289.95,2026-07-05 04:23:26
OI00009192,ORD0004179,PROD000008,2,181.13,18.11,344.15,2026-06-08 00:22:33
OI00009193,ORD0004179,PROD000073,1,9.42,0.0,9.42,2026-06-08 00:22:33
OI00009194,ORD0004179,PROD000015,1,74.75,0.0,74.75,2026-06-08 00:22:33
OI00009195,ORD0004180,PROD000052,3,289.95,0.0,869.85,2026-04-08 13:00:25
OI00009196,ORD0004180,PROD000161,2,310.12,31.01,589.23,2026-04-08 13:00:25
OI00009197,ORD0004181,PROD000089,4,270.52,0.0,1082.08,2026-05-02 13:32:50
OI00009198,ORD0004181,PROD000186,1,106.06,0.0,106.06,2026-05-02 13:32:50
OI00009199,ORD0004181,PROD000136,1,248.42,0.0,248.42,2026-05-02 13:32:50
OI00009200,ORD0004181,PROD000074,1,260.67,0.0,260.67,2026-05-02 13:32:50
OI00009201,ORD0004182,PROD000152,1,68.44,0.0,68.44,2026-05-04 06:37:15
OI00009202,ORD0004182,PROD000170,1,39.7,0.0,39.7,2026-05-04 06:37:15
OI00009203,ORD0004182,PROD000038,3,84.38,0.0,253.14,2026-05-04 06:37:15
OI00009204,ORD0004183,PROD000123,4,410.86,0.0,1643.44,2026-07-02 21:56:49
OI00009205,ORD0004183,PROD000055,2,324.24,0.0,648.48,2026-07-02 21:56:49
OI00009206,ORD0004183,PROD000185,1,186.5,0.0,186.5,2026-07-02 21:56:49
OI00009207,ORD0004183,PROD000016,1,373.26,0.0,373.26,2026-07-02 21:56:49
OI00009208,ORD0004184,PROD000059,1,368.8,0.0,368.8,2026-04-01 00:18:23
OI00009209,ORD0004185,PROD000129,2,280.22,0.0,560.44,2026-06-01 18:53:28
OI00009210,ORD0004185,PROD000068,2,253.43,0.0,506.86,2026-06-01 18:53:28
OI00009211,ORD0004185,PROD000053,2,381.96,0.0,763.92,2026-06-01 18:53:28
OI00009212,ORD0004185,PROD000158,1,391.88,0.0,391.88,2026-06-01 18:53:28
OI00009213,ORD0004186,PROD000119,1,93.67,0.0,93.67,2026-03-16 20:43:02
OI00009214,ORD0004187,PROD000125,1,169.29,8.46,160.83,2026-05-29 19:07:54
OI00009215,ORD0004188,PROD000117,1,96.57,0.0,96.57,2026-06-18 20:39:08
OI00009216,ORD0004188,PROD000001,2,240.76,24.08,457.44,2026-06-18 20:39:08
OI00009217,ORD0004189,PROD000196,3,135.89,0.0,407.67,2026-08-04 00:28:02
OI00009218,ORD0004189,PROD000092,1,90.01,4.5,85.51,2026-08-04 00:28:02
OI00009219,ORD0004190,PROD000192,1,122.14,0.0,122.14,2026-07-27 20:44:03
OI00009220,ORD0004190,PROD000162,1,85.74,0.0,85.74,2026-07-27 20:44:03
OI00009221,ORD0004190,PROD000107,2,128.32,0.0,256.64,2026-07-27 20:44:03
OI00009222,ORD0004191,PROD000030,2,113.9,0.0,227.8,2026-04-12 21:23:41
OI00009223,ORD0004191,PROD000101,1,140.13,0.0,140.13,2026-04-12 21:23:41
OI00009224,ORD0004191,PROD000185,2,186.5,0.0,373.0,2026-04-12 21:23:41
OI00009225,ORD0004192,PROD000051,1,128.31,12.83,115.48,2026-08-06 05:54:15
OI00009226,ORD0004193,PROD000169,4,53.52,0.0,214.08,2026-06-03 21:18:28
OI00009227,ORD0004194,PROD000149,2,259.04,0.0,518.08,2026-04-27 02:02:25
OI00009228,ORD0004195,PROD000157,1,230.53,0.0,230.53,2026-05-10 06:58:06
OI00009229,ORD0004195,PROD000062,1,129.94,0.0,129.94,2026-05-10 06:58:06
OI00009230,ORD0004196,PROD000194,4,99.76,0.0,399.04,2026-05-24 00:35:22
OI00009231,ORD0004197,PROD000138,3,154.12,69.35,393.01,2026-06-04 21:25:33
OI00009232,ORD0004197,PROD000057,2,282.26,0.0,564.52,2026-06-04 21:25:33
OI00009233,ORD0004197,PROD000133,1,7.24,1.45,5.79,2026-06-04 21:25:33
OI00009234,ORD0004197,PROD000004,1,71.87,0.0,71.87,2026-06-04 21:25:33
OI00009235,ORD0004197,PROD000067,1,181.48,0.0,181.48,2026-06-04 21:25:33
OI00009236,ORD0004198,PROD000157,1,230.53,0.0,230.53,2026-08-07 10:01:18
OI00009237,ORD0004199,PROD000012,2,374.67,37.47,711.87,2026-07-25 22:11:06
OI00009238,ORD0004199,PROD000098,1,188.42,0.0,188.42,2026-07-25 22:11:06
OI00009239,ORD0004199,PROD000080,2,288.18,0.0,576.36,2026-07-25 22:11:06
OI00009240,ORD0004199,PROD000195,1,397.59,39.76,357.83,2026-07-25 22:11:06
OI00009241,ORD0004200,PROD000061,1,85.11,0.0,85.11,2026-06-03 00:03:58
OI00009242,ORD0004200,PROD000161,1,310.12,31.01,279.11,2026-06-03 00:03:58
OI00009243,ORD0004201,PROD000070,1,251.87,0.0,251.87,2026-06-09 21:48:27
OI00009244,ORD0004201,PROD000049,4,343.12,68.62,1303.86,2026-06-09 21:48:27
OI00009245,ORD0004201,PROD000136,1,248.42,0.0,248.42,2026-06-09 21:48:27
OI00009246,ORD0004201,PROD000011,3,74.18,22.25,200.29,2026-06-09 21:48:27
OI00009247,ORD0004202,PROD000102,1,157.31,7.87,149.44,2026-07-28 04:43:48
OI00009248,ORD0004202,PROD000060,2,313.56,94.07,533.05,2026-07-28 04:43:48
OI00009249,ORD0004202,PROD000114,2,36.68,0.0,73.36,2026-07-28 04:43:48
OI00009250,ORD0004202,PROD000065,1,459.64,22.98,436.66,2026-07-28 04:43:48
OI00009251,ORD0004203,PROD000035,1,197.66,0.0,197.66,2026-08-01 14:51:35
OI00009252,ORD0004204,PROD000161,1,310.12,0.0,310.12,2026-07-15 08:18:34
OI00009253,ORD0004205,PROD000148,2,111.17,0.0,222.34,2026-03-14 14:45:02
OI00009254,ORD0004205,PROD000111,2,209.32,0.0,418.64,2026-03-14 14:45:02
OI00009255,ORD0004206,PROD000141,3,54.3,0.0,162.9,2026-03-07 22:20:46
OI00009256,ORD0004207,PROD000035,1,197.66,0.0,197.66,2026-08-06 22:07:01
OI00009257,ORD0004208,PROD000095,1,317.49,0.0,317.49,2026-04-12 23:11:49
OI00009258,ORD0004208,PROD000065,1,459.64,45.96,413.68,2026-04-12 23:11:49
OI00009259,ORD0004208,PROD000094,1,170.67,8.53,162.14,2026-04-12 23:11:49
OI00009260,ORD0004209,PROD000119,1,93.67,9.37,84.3,2026-03-11 06:40:43
OI00009261,ORD0004210,PROD000098,1,188.42,0.0,188.42,2026-07-13 01:54:56
OI00009262,ORD0004210,PROD000017,1,177.67,0.0,177.67,2026-07-13 01:54:56
OI00009263,ORD0004211,PROD000144,3,398.95,0.0,1196.85,2026-03-25 16:53:58
OI00009264,ORD0004211,PROD000038,1,84.38,0.0,84.38,2026-03-25 16:53:58
OI00009265,ORD0004212,PROD000068,3,253.43,38.01,722.28,2026-04-05 13:44:38
OI00009266,ORD0004212,PROD000040,1,202.37,0.0,202.37,2026-04-05 13:44:38
OI00009267,ORD0004213,PROD000097,1,119.02,0.0,119.02,2026-06-20 01:34:47
OI00009268,ORD0004213,PROD000161,2,310.12,31.01,589.23,2026-06-20 01:34:47
OI00009269,ORD0004214,PROD000032,1,305.5,0.0,305.5,2026-06-24 21:04:07
OI00009270,ORD0004214,PROD000107,2,128.32,0.0,256.64,2026-06-24 21:04:07
OI00009271,ORD0004215,PROD000030,1,113.9,0.0,113.9,2026-05-30 03:41:47
OI00009272,ORD0004215,PROD000025,1,337.19,0.0,337.19,2026-05-30 03:41:47
OI00009273,ORD0004215,PROD000147,2,359.37,107.81,610.93,2026-05-30 03:41:47
OI00009274,ORD0004215,PROD000161,2,310.12,0.0,620.24,2026-05-30 03:41:47
OI00009275,ORD0004216,PROD000157,3,230.53,0.0,691.59,2026-07-31 12:52:02
OI00009276,ORD0004217,PROD000144,1,398.95,0.0,398.95,2026-04-29 09:40:13
OI00009277,ORD0004217,PROD000089,2,270.52,0.0,541.04,2026-04-29 09:40:13
OI00009278,ORD0004217,PROD000155,1,67.32,0.0,67.32,2026-04-29 09:40:13
OI00009279,ORD0004217,PROD000082,1,49.54,0.0,49.54,2026-04-29 09:40:13
OI00009280,ORD0004218,PROD000147,1,359.37,0.0,359.37,2026-05-14 08:28:20
OI00009281,ORD0004218,PROD000020,2,59.38,5.94,112.82,2026-05-14 08:28:20
OI00009282,ORD0004219,PROD000051,4,128.31,0.0,513.24,2026-08-06 13:52:05
OI00009283,ORD0004219,PROD000047,2,125.52,0.0,251.04,2026-08-06 13:52:05
OI00009284,ORD0004220,PROD000083,1,119.55,0.0,119.55,2026-05-01 19:18:35
OI00009285,ORD0004221,PROD000143,2,293.11,0.0,586.22,2026-07-14 01:36:08
OI00009286,ORD0004221,PROD000119,3,93.67,0.0,281.01,2026-07-14 01:36:08
OI00009287,ORD0004221,PROD000071,1,259.22,12.96,246.26,2026-07-14 01:36:08
OI00009288,ORD0004221,PROD000078,1,44.16,0.0,44.16,2026-07-14 01:36:08
OI00009289,ORD0004221,PROD000150,1,121.83,0.0,121.83,2026-07-14 01:36:08
OI00009290,ORD0004222,PROD000017,3,177.67,0.0,533.01,2026-02-28 13:10:18
OI00009291,ORD0004222,PROD000179,1,100.96,0.0,100.96,2026-02-28 13:10:18
OI00009292,ORD0004222,PROD000189,1,184.49,9.22,175.27,2026-02-28 13:10:18
OI00009293,ORD0004222,PROD000034,2,376.06,112.82,639.3,2026-02-28 13:10:18
OI00009294,ORD0004223,PROD000182,3,116.92,0.0,350.76,2026-06-04 12:59:22
OI00009295,ORD0004223,PROD000116,1,33.83,0.0,33.83,2026-06-04 12:59:22
OI00009296,ORD0004223,PROD000140,2,156.23,0.0,312.46,2026-06-04 12:59:22
OI00009297,ORD0004223,PROD000014,3,171.48,77.17,437.27,2026-06-04 12:59:22
OI00009298,ORD0004224,PROD000035,1,197.66,0.0,197.66,2026-05-21 07:49:22
OI00009299,ORD0004224,PROD000096,1,151.87,0.0,151.87,2026-05-21 07:49:22
OI00009300,ORD0004224,PROD000200,2,107.97,0.0,215.94,2026-05-21 07:49:22
OI00009301,ORD0004224,PROD000126,2,5.66,1.13,10.19,2026-05-21 07:49:22
OI00009302,ORD0004224,PROD000157,1,230.53,23.05,207.48,2026-05-21 07:49:22
OI00009303,ORD0004225,PROD000158,1,391.88,0.0,391.88,2026-05-31 05:06:44
OI00009304,ORD0004226,PROD000119,1,93.67,0.0,93.67,2026-03-09 04:35:37
OI00009305,ORD0004226,PROD000037,1,48.34,0.0,48.34,2026-03-09 04:35:37
OI00009306,ORD0004227,PROD000048,1,312.1,0.0,312.1,2026-03-05 13:23:30
OI00009307,ORD0004227,PROD000029,2,12.47,1.25,23.69,2026-03-05 13:23:30
OI00009308,ORD0004227,PROD000003,2,265.29,0.0,530.58,2026-03-05 13:23:30
OI00009309,ORD0004227,PROD000013,2,286.54,57.31,515.77,2026-03-05 13:23:30
OI00009310,ORD0004227,PROD000005,1,219.89,10.99,208.9,2026-03-05 13:23:30
OI00009311,ORD0004228,PROD000017,1,177.67,0.0,177.67,2026-03-03 08:57:28
OI00009312,ORD0004228,PROD000085,3,36.94,0.0,110.82,2026-03-03 08:57:28
OI00009313,ORD0004228,PROD000117,1,96.57,0.0,96.57,2026-03-03 08:57:28
OI00009314,ORD0004228,PROD000056,4,23.5,0.0,94.0,2026-03-03 08:57:28
OI00009315,ORD0004228,PROD000165,4,95.13,0.0,380.52,2026-03-03 08:57:28
OI00009316,ORD0004229,PROD000039,3,318.97,95.69,861.22,2026-03-17 07:55:57
OI00009317,ORD0004229,PROD000109,2,87.72,35.09,140.35,2026-03-17 07:55:57
OI00009318,ORD0004229,PROD000195,4,397.59,0.0,1590.36,2026-03-17 07:55:57
OI00009319,ORD0004229,PROD000005,1,219.89,0.0,219.89,2026-03-17 07:55:57
OI00009320,ORD0004229,PROD000103,1,30.32,0.0,30.32,2026-03-17 07:55:57
OI00009321,ORD0004230,PROD000008,2,181.13,0.0,362.26,2026-05-02 03:55:06
OI00009322,ORD0004230,PROD000039,4,318.97,255.18,1020.7,2026-05-02 03:55:06
OI00009323,ORD0004231,PROD000052,1,289.95,0.0,289.95,2026-07-07 10:12:07
OI00009324,ORD0004231,PROD000102,1,157.31,0.0,157.31,2026-07-07 10:12:07
OI00009325,ORD0004232,PROD000148,1,111.17,0.0,111.17,2026-04-20 03:58:56
OI00009326,ORD0004232,PROD000200,1,107.97,0.0,107.97,2026-04-20 03:58:56
OI00009327,ORD0004233,PROD000139,1,48.21,0.0,48.21,2026-06-28 18:34:07
OI00009328,ORD0004233,PROD000040,1,202.37,0.0,202.37,2026-06-28 18:34:07
OI00009329,ORD0004234,PROD000056,3,23.5,0.0,70.5,2026-04-03 11:44:53
OI00009330,ORD0004235,PROD000099,1,244.63,48.93,195.7,2026-04-30 14:18:01
OI00009331,ORD0004235,PROD000052,3,289.95,0.0,869.85,2026-04-30 14:18:01
OI00009332,ORD0004236,PROD000032,2,305.5,0.0,611.0,2026-02-25 16:30:02
OI00009333,ORD0004236,PROD000079,1,315.96,0.0,315.96,2026-02-25 16:30:02
OI00009334,ORD0004237,PROD000003,2,265.29,79.59,450.99,2026-06-13 13:36:26
OI00009335,ORD0004237,PROD000001,2,240.76,0.0,481.52,2026-06-13 13:36:26
OI00009336,ORD0004237,PROD000078,1,44.16,0.0,44.16,2026-06-13 13:36:26
OI00009337,ORD0004238,PROD000196,1,135.89,0.0,135.89,2026-04-14 12:13:29
OI00009338,ORD0004238,PROD000162,1,85.74,0.0,85.74,2026-04-14 12:13:29
OI00009339,ORD0004238,PROD000097,1,119.02,17.85,101.17,2026-04-14 12:13:29
OI00009340,ORD0004239,PROD000044,1,137.29,0.0,137.29,2026-05-23 06:20:59
OI00009341,ORD0004239,PROD000012,1,374.67,0.0,374.67,2026-05-23 06:20:59
OI00009342,ORD0004240,PROD000005,3,219.89,0.0,659.67,2026-05-20 17:55:19
OI00009343,ORD0004240,PROD000144,1,398.95,19.95,379.0,2026-05-20 17:55:19
OI00009344,ORD0004241,PROD000140,2,156.23,0.0,312.46,2026-02-19 23:42:16
OI00009345,ORD0004241,PROD000075,1,10.1,0.51,9.59,2026-02-19 23:42:16
OI00009346,ORD0004241,PROD000156,3,208.16,0.0,624.48,2026-02-19 23:42:16
OI00009347,ORD0004241,PROD000162,1,85.74,0.0,85.74,2026-02-19 23:42:16
OI00009348,ORD0004241,PROD000109,1,87.72,0.0,87.72,2026-02-19 23:42:16
OI00009349,ORD0004242,PROD000138,4,154.12,0.0,616.48,2026-07-17 20:15:07
OI00009350,ORD0004242,PROD000173,2,269.92,107.97,431.87,2026-07-17 20:15:07
OI00009351,ORD0004242,PROD000080,1,288.18,0.0,288.18,2026-07-17 20:15:07
OI00009352,ORD0004243,PROD000044,4,137.29,54.92,494.24,2026-07-19 15:26:48
OI00009353,ORD0004243,PROD000130,1,251.9,0.0,251.9,2026-07-19 15:26:48
OI00009354,ORD0004244,PROD000157,1,230.53,46.11,184.42,2026-07-19 07:31:51
OI00009355,ORD0004244,PROD000026,1,165.8,0.0,165.8,2026-07-19 07:31:51
OI00009356,ORD0004245,PROD000032,1,305.5,61.1,244.4,2026-05-05 18:36:28
OI00009357,ORD0004245,PROD000101,1,140.13,0.0,140.13,2026-05-05 18:36:28
OI00009358,ORD0004245,PROD000082,2,49.54,0.0,99.08,2026-05-05 18:36:28
OI00009359,ORD0004246,PROD000127,1,216.42,0.0,216.42,2026-03-22 03:34:15
OI00009360,ORD0004247,PROD000139,2,48.21,0.0,96.42,2026-07-07 12:35:50
OI00009361,ORD0004247,PROD000026,1,165.8,0.0,165.8,2026-07-07 12:35:50
OI00009362,ORD0004247,PROD000165,2,95.13,0.0,190.26,2026-07-07 12:35:50
OI00009363,ORD0004248,PROD000185,1,186.5,18.65,167.85,2026-05-15 07:59:22
OI00009364,ORD0004248,PROD000026,1,165.8,0.0,165.8,2026-05-15 07:59:22
OI00009365,ORD0004249,PROD000082,1,49.54,0.0,49.54,2026-02-24 15:54:39
OI00009366,ORD0004250,PROD000086,2,216.37,0.0,432.74,2026-06-20 15:39:32
OI00009367,ORD0004250,PROD000022,3,302.51,0.0,907.53,2026-06-20 15:39:32
OI00009368,ORD0004251,PROD000088,2,381.45,76.29,686.61,2026-07-19 07:12:46
OI00009369,ORD0004252,PROD000120,1,200.42,10.02,190.4,2026-07-07 21:14:04
OI00009370,ORD0004253,PROD000053,1,381.96,0.0,381.96,2026-06-08 14:11:37
OI00009371,ORD0004253,PROD000117,1,96.57,0.0,96.57,2026-06-08 14:11:37
OI00009372,ORD0004254,PROD000181,1,132.65,0.0,132.65,2026-04-13 16:53:20
OI00009373,ORD0004255,PROD000020,1,59.38,0.0,59.38,2026-04-20 03:30:13
OI00009374,ORD0004255,PROD000180,2,443.88,0.0,887.76,2026-04-20 03:30:13
OI00009375,ORD0004255,PROD000038,2,84.38,8.44,160.32,2026-04-20 03:30:13
OI00009376,ORD0004256,PROD000077,3,172.06,0.0,516.18,2026-03-19 01:06:03
OI00009377,ORD0004256,PROD000094,1,170.67,0.0,170.67,2026-03-19 01:06:03
OI00009378,ORD0004256,PROD000048,1,312.1,0.0,312.1,2026-03-19 01:06:03
OI00009379,ORD0004257,PROD000104,1,219.63,43.93,175.7,2026-07-27 11:29:07
OI00009380,ORD0004257,PROD000179,1,100.96,10.1,90.86,2026-07-27 11:29:07
OI00009381,ORD0004258,PROD000096,1,151.87,0.0,151.87,2026-02-20 15:44:19
OI00009382,ORD0004258,PROD000016,1,373.26,18.66,354.6,2026-02-20 15:44:19
OI00009383,ORD0004258,PROD000020,3,59.38,0.0,178.14,2026-02-20 15:44:19
OI00009384,ORD0004259,PROD000069,1,332.4,0.0,332.4,2026-05-29 15:51:02
OI00009385,ORD0004259,PROD000157,1,230.53,0.0,230.53,2026-05-29 15:51:02
OI00009386,ORD0004260,PROD000071,1,259.22,0.0,259.22,2026-03-15 16:05:02
OI00009387,ORD0004261,PROD000063,2,61.43,0.0,122.86,2026-06-20 18:48:26
OI00009388,ORD0004262,PROD000115,2,66.23,0.0,132.46,2026-05-14 04:04:52
OI00009389,ORD0004262,PROD000050,1,110.2,0.0,110.2,2026-05-14 04:04:52
OI00009390,ORD0004262,PROD000085,1,36.94,0.0,36.94,2026-05-14 04:04:52
OI00009391,ORD0004262,PROD000135,2,106.79,0.0,213.58,2026-05-14 04:04:52
OI00009392,ORD0004263,PROD000100,1,125.62,0.0,125.62,2026-02-18 04:49:48
OI00009393,ORD0004263,PROD000116,3,33.83,0.0,101.49,2026-02-18 04:49:48
OI00009394,ORD0004264,PROD000154,1,57.2,0.0,57.2,2026-07-28 10:23:33
OI00009395,ORD0004265,PROD000120,3,200.42,0.0,601.26,2026-02-22 03:53:28
OI00009396,ORD0004265,PROD000035,1,197.66,0.0,197.66,2026-02-22 03:53:28
OI00009397,ORD0004265,PROD000130,1,251.9,12.6,239.3,2026-02-22 03:53:28
OI00009398,ORD0004265,PROD000019,1,64.3,0.0,64.3,2026-02-22 03:53:28
OI00009399,ORD0004265,PROD000015,3,74.75,0.0,224.25,2026-02-22 03:53:28
OI00009400,ORD0004266,PROD000132,1,86.93,0.0,86.93,2026-05-25 00:09:54
OI00009401,ORD0004266,PROD000152,3,68.44,0.0,205.32,2026-05-25 00:09:54
OI00009402,ORD0004267,PROD000132,1,86.93,0.0,86.93,2026-03-18 08:38:00
OI00009403,ORD0004268,PROD000114,2,36.68,0.0,73.36,2026-06-29 15:16:19
OI00009404,ORD0004269,PROD000148,1,111.17,11.12,100.05,2026-06-01 08:13:38
OI00009405,ORD0004269,PROD000029,3,12.47,0.0,37.41,2026-06-01 08:13:38
OI00009406,ORD0004269,PROD000063,3,61.43,0.0,184.29,2026-06-01 08:13:38
OI00009407,ORD0004269,PROD000151,1,220.37,0.0,220.37,2026-06-01 08:13:38
OI00009408,ORD0004269,PROD000065,2,459.64,91.93,827.35,2026-06-01 08:13:38
OI00009409,ORD0004270,PROD000171,1,118.83,11.88,106.95,2026-06-13 15:43:29
OI00009410,ORD0004270,PROD000184,1,192.54,0.0,192.54,2026-06-13 15:43:29
OI00009411,ORD0004271,PROD000153,2,46.39,4.64,88.14,2026-03-18 02:52:58
OI00009412,ORD0004271,PROD000133,2,7.24,0.0,14.48,2026-03-18 02:52:58
OI00009413,ORD0004272,PROD000038,2,84.38,0.0,168.76,2026-03-29 00:54:15
OI00009414,ORD0004272,PROD000090,2,82.64,16.53,148.75,2026-03-29 00:54:15
OI00009415,ORD0004272,PROD000156,3,208.16,0.0,624.48,2026-03-29 00:54:15
OI00009416,ORD0004272,PROD000084,1,172.79,34.56,138.23,2026-03-29 00:54:15
OI00009417,ORD0004272,PROD000013,1,286.54,0.0,286.54,2026-03-29 00:54:15
OI00009418,ORD0004273,PROD000007,2,255.16,0.0,510.32,2026-02-14 13:56:58
OI00009419,ORD0004273,PROD000049,2,343.12,68.62,617.62,2026-02-14 13:56:58
OI00009420,ORD0004274,PROD000187,1,260.32,26.03,234.29,2026-07-19 14:12:29
OI00009421,ORD0004275,PROD000036,3,22.66,0.0,67.98,2026-03-31 01:52:07
OI00009422,ORD0004275,PROD000051,1,128.31,0.0,128.31,2026-03-31 01:52:07
OI00009423,ORD0004276,PROD000044,2,137.29,0.0,274.58,2026-05-09 18:51:53
OI00009424,ORD0004276,PROD000093,1,51.13,0.0,51.13,2026-05-09 18:51:53
OI00009425,ORD0004276,PROD000033,1,240.82,0.0,240.82,2026-05-09 18:51:53
OI00009426,ORD0004277,PROD000139,3,48.21,0.0,144.63,2026-02-27 19:13:05
OI00009427,ORD0004277,PROD000032,1,305.5,0.0,305.5,2026-02-27 19:13:05
OI00009428,ORD0004277,PROD000097,1,119.02,0.0,119.02,2026-02-27 19:13:05
OI00009429,ORD0004278,PROD000152,1,68.44,0.0,68.44,2026-02-17 19:16:35
OI00009430,ORD0004279,PROD000047,1,125.52,12.55,112.97,2026-03-24 11:50:57
OI00009431,ORD0004279,PROD000013,2,286.54,0.0,573.08,2026-03-24 11:50:57
OI00009432,ORD0004280,PROD000125,2,169.29,0.0,338.58,2026-06-23 05:43:29
OI00009433,ORD0004280,PROD000038,1,84.38,0.0,84.38,2026-06-23 05:43:29
OI00009434,ORD0004280,PROD000103,1,30.32,1.52,28.8,2026-06-23 05:43:29
OI00009435,ORD0004280,PROD000005,1,219.89,0.0,219.89,2026-06-23 05:43:29
OI00009436,ORD0004281,PROD000029,1,12.47,1.25,11.22,2026-04-22 19:44:09
OI00009437,ORD0004281,PROD000030,2,113.9,0.0,227.8,2026-04-22 19:44:09
OI00009438,ORD0004282,PROD000016,2,373.26,0.0,746.52,2026-04-07 19:14:21
OI00009439,ORD0004282,PROD000168,2,433.94,0.0,867.88,2026-04-07 19:14:21
OI00009440,ORD0004282,PROD000196,1,135.89,0.0,135.89,2026-04-07 19:14:21
OI00009441,ORD0004282,PROD000053,1,381.96,0.0,381.96,2026-04-07 19:14:21
OI00009442,ORD0004283,PROD000200,1,107.97,0.0,107.97,2026-04-16 22:29:53
OI00009443,ORD0004284,PROD000174,2,225.67,0.0,451.34,2026-08-12 05:57:28
OI00009444,ORD0004284,PROD000031,1,62.29,3.11,59.18,2026-08-12 05:57:28
OI00009445,ORD0004285,PROD000078,1,44.16,4.42,39.74,2026-04-24 18:50:35
OI00009446,ORD0004286,PROD000126,1,5.66,0.28,5.38,2026-08-10 07:20:37
OI00009447,ORD0004286,PROD000029,1,12.47,0.0,12.47,2026-08-10 07:20:37
OI00009448,ORD0004287,PROD000148,1,111.17,0.0,111.17,2026-07-15 00:53:12
OI00009449,ORD0004287,PROD000055,4,324.24,0.0,1296.96,2026-07-15 00:53:12
OI00009450,ORD0004288,PROD000035,4,197.66,39.53,751.11,2026-05-27 21:56:18
OI00009451,ORD0004289,PROD000124,1,396.34,0.0,396.34,2026-06-29 10:29:41
OI00009452,ORD0004289,PROD000113,2,295.97,0.0,591.94,2026-06-29 10:29:41
OI00009453,ORD0004290,PROD000177,1,200.82,0.0,200.82,2026-06-16 06:43:24
OI00009454,ORD0004291,PROD000037,1,48.34,0.0,48.34,2026-04-08 00:58:07
OI00009455,ORD0004291,PROD000108,1,87.18,0.0,87.18,2026-04-08 00:58:07
OI00009456,ORD0004292,PROD000102,1,157.31,0.0,157.31,2026-04-23 21:27:53
OI00009457,ORD0004292,PROD000153,2,46.39,0.0,92.78,2026-04-23 21:27:53
OI00009458,ORD0004292,PROD000070,2,251.87,0.0,503.74,2026-04-23 21:27:53
OI00009459,ORD0004292,PROD000009,1,247.91,0.0,247.91,2026-04-23 21:27:53
OI00009460,ORD0004293,PROD000200,2,107.97,0.0,215.94,2026-06-02 21:23:26
OI00009461,ORD0004293,PROD000044,1,137.29,0.0,137.29,2026-06-02 21:23:26
OI00009462,ORD0004293,PROD000084,1,172.79,0.0,172.79,2026-06-02 21:23:26
OI00009463,ORD0004294,PROD000164,4,179.02,0.0,716.08,2026-08-04 18:07:43
OI00009464,ORD0004295,PROD000126,1,5.66,0.0,5.66,2026-07-16 18:44:56
OI00009465,ORD0004296,PROD000008,1,181.13,0.0,181.13,2026-02-19 00:51:05
OI00009466,ORD0004296,PROD000183,3,239.94,0.0,719.82,2026-02-19 00:51:05
OI00009467,ORD0004296,PROD000063,2,61.43,0.0,122.86,2026-02-19 00:51:05
OI00009468,ORD0004296,PROD000051,1,128.31,0.0,128.31,2026-02-19 00:51:05
OI00009469,ORD0004297,PROD000161,4,310.12,0.0,1240.48,2026-04-28 01:31:12
OI00009470,ORD0004297,PROD000093,1,51.13,7.67,43.46,2026-04-28 01:31:12
OI00009471,ORD0004298,PROD000047,3,125.52,0.0,376.56,2026-06-15 15:29:43
OI00009472,ORD0004299,PROD000184,3,192.54,0.0,577.62,2026-06-19 21:24:37
OI00009473,ORD0004300,PROD000187,4,260.32,156.19,885.09,2026-04-01 03:31:02
OI00009474,ORD0004300,PROD000104,2,219.63,0.0,439.26,2026-04-01 03:31:02
OI00009475,ORD0004301,PROD000152,1,68.44,0.0,68.44,2026-03-28 19:02:28
OI00009476,ORD0004301,PROD000012,1,374.67,0.0,374.67,2026-03-28 19:02:28
OI00009477,ORD0004302,PROD000177,1,200.82,0.0,200.82,2026-06-18 07:28:25
OI00009478,ORD0004303,PROD000084,1,172.79,0.0,172.79,2026-07-05 21:44:21
OI00009479,ORD0004303,PROD000031,2,62.29,0.0,124.58,2026-07-05 21:44:21
OI00009480,ORD0004304,PROD000148,1,111.17,0.0,111.17,2026-05-01 08:58:56
OI00009481,ORD0004304,PROD000002,1,68.17,0.0,68.17,2026-05-01 08:58:56
OI00009482,ORD0004304,PROD000065,1,459.64,0.0,459.64,2026-05-01 08:58:56
OI00009483,ORD0004304,PROD000077,2,172.06,0.0,344.12,2026-05-01 08:58:56
OI00009484,ORD0004305,PROD000123,1,410.86,0.0,410.86,2026-02-24 11:44:25
OI00009485,ORD0004305,PROD000046,1,353.88,0.0,353.88,2026-02-24 11:44:25
OI00009486,ORD0004305,PROD000019,1,64.3,0.0,64.3,2026-02-24 11:44:25
OI00009487,ORD0004305,PROD000158,1,391.88,0.0,391.88,2026-02-24 11:44:25
OI00009488,ORD0004306,PROD000016,1,373.26,0.0,373.26,2026-07-23 04:48:07
OI00009489,ORD0004306,PROD000198,1,307.49,0.0,307.49,2026-07-23 04:48:07
OI00009490,ORD0004306,PROD000003,1,265.29,0.0,265.29,2026-07-23 04:48:07
OI00009491,ORD0004307,PROD000148,1,111.17,11.12,100.05,2026-03-09 19:30:31
OI00009492,ORD0004308,PROD000142,2,276.94,0.0,553.88,2026-04-17 12:37:10
OI00009493,ORD0004308,PROD000192,1,122.14,0.0,122.14,2026-04-17 12:37:10
OI00009494,ORD0004308,PROD000033,3,240.82,36.12,686.34,2026-04-17 12:37:10
OI00009495,ORD0004309,PROD000180,1,443.88,66.58,377.3,2026-06-22 13:14:48
OI00009496,ORD0004309,PROD000070,2,251.87,0.0,503.74,2026-06-22 13:14:48
OI00009497,ORD0004310,PROD000078,1,44.16,0.0,44.16,2026-07-28 09:13:20
OI00009498,ORD0004310,PROD000039,3,318.97,0.0,956.91,2026-07-28 09:13:20
OI00009499,ORD0004311,PROD000066,1,424.54,0.0,424.54,2026-06-17 17:32:55
OI00009500,ORD0004312,PROD000141,3,54.3,32.58,130.32,2026-08-07 20:11:08
OI00009501,ORD0004312,PROD000185,1,186.5,0.0,186.5,2026-08-07 20:11:08
OI00009502,ORD0004313,PROD000143,2,293.11,0.0,586.22,2026-08-04 12:52:29
OI00009503,ORD0004313,PROD000198,1,307.49,0.0,307.49,2026-08-04 12:52:29
OI00009504,ORD0004313,PROD000022,2,302.51,90.75,514.27,2026-08-04 12:52:29
OI00009505,ORD0004314,PROD000062,2,129.94,0.0,259.88,2026-08-02 07:17:07
OI00009506,ORD0004314,PROD000100,1,125.62,0.0,125.62,2026-08-02 07:17:07
OI00009507,ORD0004315,PROD000010,2,238.36,0.0,476.72,2026-03-26 22:48:39
OI00009508,ORD0004315,PROD000007,2,255.16,0.0,510.32,2026-03-26 22:48:39
OI00009509,ORD0004316,PROD000169,1,53.52,0.0,53.52,2026-05-21 16:05:17
OI00009510,ORD0004316,PROD000088,2,381.45,0.0,762.9,2026-05-21 16:05:17
OI00009511,ORD0004316,PROD000080,2,288.18,57.64,518.72,2026-05-21 16:05:17
OI00009512,ORD0004317,PROD000070,2,251.87,0.0,503.74,2026-06-04 21:12:10
OI00009513,ORD0004317,PROD000151,2,220.37,0.0,440.74,2026-06-04 21:12:10
OI00009514,ORD0004317,PROD000059,2,368.8,73.76,663.84,2026-06-04 21:12:10
OI00009515,ORD0004317,PROD000055,1,324.24,0.0,324.24,2026-06-04 21:12:10
OI00009516,ORD0004317,PROD000138,1,154.12,0.0,154.12,2026-06-04 21:12:10
OI00009517,ORD0004318,PROD000116,1,33.83,5.07,28.76,2026-03-15 00:58:24
OI00009518,ORD0004319,PROD000029,1,12.47,0.0,12.47,2026-07-23 22:28:58
OI00009519,ORD0004319,PROD000136,1,248.42,0.0,248.42,2026-07-23 22:28:58
OI00009520,ORD0004320,PROD000056,1,23.5,0.0,23.5,2026-04-14 10:23:25
OI00009521,ORD0004321,PROD000065,1,459.64,22.98,436.66,2026-03-02 04:46:15
OI00009522,ORD0004322,PROD000127,2,216.42,21.64,411.2,2026-08-02 22:41:08
OI00009523,ORD0004322,PROD000063,1,61.43,3.07,58.36,2026-08-02 22:41:08
OI00009524,ORD0004322,PROD000153,1,46.39,0.0,46.39,2026-08-02 22:41:08
OI00009525,ORD0004322,PROD000047,3,125.52,0.0,376.56,2026-08-02 22:41:08
OI00009526,ORD0004322,PROD000034,2,376.06,0.0,752.12,2026-08-02 22:41:08
OI00009527,ORD0004323,PROD000113,3,295.97,0.0,887.91,2026-06-18 20:39:39
OI00009528,ORD0004323,PROD000063,1,61.43,9.21,52.22,2026-06-18 20:39:39
OI00009529,ORD0004323,PROD000169,1,53.52,0.0,53.52,2026-06-18 20:39:39
OI00009530,ORD0004323,PROD000174,2,225.67,0.0,451.34,2026-06-18 20:39:39
OI00009531,ORD0004323,PROD000144,4,398.95,0.0,1595.8,2026-06-18 20:39:39
OI00009532,ORD0004324,PROD000090,1,82.64,0.0,82.64,2026-07-23 18:19:37
OI00009533,ORD0004324,PROD000004,1,71.87,0.0,71.87,2026-07-23 18:19:37
OI00009534,ORD0004324,PROD000160,1,181.18,0.0,181.18,2026-07-23 18:19:37
OI00009535,ORD0004324,PROD000068,1,253.43,0.0,253.43,2026-07-23 18:19:37
OI00009536,ORD0004325,PROD000091,1,244.05,0.0,244.05,2026-08-03 17:03:44
OI00009537,ORD0004325,PROD000053,4,381.96,152.78,1375.06,2026-08-03 17:03:44
OI00009538,ORD0004325,PROD000055,4,324.24,0.0,1296.96,2026-08-03 17:03:44
OI00009539,ORD0004326,PROD000107,1,128.32,0.0,128.32,2026-07-07 04:24:19
OI00009540,ORD0004327,PROD000104,1,219.63,0.0,219.63,2026-05-31 14:21:38
OI00009541,ORD0004327,PROD000169,1,53.52,0.0,53.52,2026-05-31 14:21:38
OI00009542,ORD0004328,PROD000004,2,71.87,0.0,143.74,2026-04-28 11:00:12
OI00009543,ORD0004329,PROD000075,2,10.1,0.0,20.2,2026-05-06 21:59:42
OI00009544,ORD0004330,PROD000177,3,200.82,0.0,602.46,2026-05-19 15:35:33
OI00009545,ORD0004330,PROD000003,1,265.29,26.53,238.76,2026-05-19 15:35:33
OI00009546,ORD0004330,PROD000088,2,381.45,0.0,762.9,2026-05-19 15:35:33
OI00009547,ORD0004331,PROD000158,3,391.88,0.0,1175.64,2026-06-06 22:48:05
OI00009548,ORD0004331,PROD000177,1,200.82,0.0,200.82,2026-06-06 22:48:05
OI00009549,ORD0004331,PROD000180,2,443.88,0.0,887.76,2026-06-06 22:48:05
OI00009550,ORD0004332,PROD000146,1,237.64,0.0,237.64,2026-05-18 02:06:00
OI00009551,ORD0004332,PROD000085,1,36.94,0.0,36.94,2026-05-18 02:06:00
OI00009552,ORD0004333,PROD000119,1,93.67,0.0,93.67,2026-02-25 03:28:43
OI00009553,ORD0004333,PROD000190,2,270.32,0.0,540.64,2026-02-25 03:28:43
OI00009554,ORD0004333,PROD000067,1,181.48,0.0,181.48,2026-02-25 03:28:43
OI00009555,ORD0004334,PROD000067,1,181.48,18.15,163.33,2026-07-27 13:08:08
OI00009556,ORD0004334,PROD000045,1,70.0,0.0,70.0,2026-07-27 13:08:08
OI00009557,ORD0004334,PROD000135,2,106.79,0.0,213.58,2026-07-27 13:08:08
OI00009558,ORD0004335,PROD000188,1,114.4,0.0,114.4,2026-03-27 21:14:52
OI00009559,ORD0004336,PROD000059,1,368.8,0.0,368.8,2026-06-26 23:05:31
OI00009560,ORD0004336,PROD000115,1,66.23,9.93,56.3,2026-06-26 23:05:31
OI00009561,ORD0004336,PROD000003,2,265.29,0.0,530.58,2026-06-26 23:05:31
OI00009562,ORD0004336,PROD000019,1,64.3,0.0,64.3,2026-06-26 23:05:31
OI00009563,ORD0004337,PROD000073,1,9.42,0.0,9.42,2026-06-15 02:09:53
OI00009564,ORD0004337,PROD000150,1,121.83,6.09,115.74,2026-06-15 02:09:53
OI00009565,ORD0004338,PROD000124,1,396.34,0.0,396.34,2026-06-25 17:35:34
OI00009566,ORD0004338,PROD000157,2,230.53,69.16,391.9,2026-06-25 17:35:34
OI00009567,ORD0004339,PROD000063,1,61.43,0.0,61.43,2026-05-13 03:27:08
OI00009568,ORD0004339,PROD000082,1,49.54,0.0,49.54,2026-05-13 03:27:08
OI00009569,ORD0004339,PROD000035,1,197.66,9.88,187.78,2026-05-13 03:27:08
OI00009570,ORD0004340,PROD000004,1,71.87,0.0,71.87,2026-05-19 09:52:24
OI00009571,ORD0004340,PROD000112,1,76.78,0.0,76.78,2026-05-19 09:52:24
OI00009572,ORD0004341,PROD000152,4,68.44,0.0,273.76,2026-05-04 01:07:01
OI00009573,ORD0004341,PROD000146,2,237.64,0.0,475.28,2026-05-04 01:07:01
OI00009574,ORD0004341,PROD000159,1,90.28,0.0,90.28,2026-05-04 01:07:01
OI00009575,ORD0004341,PROD000055,3,324.24,0.0,972.72,2026-05-04 01:07:01
OI00009576,ORD0004341,PROD000198,4,307.49,61.5,1168.46,2026-05-04 01:07:01
OI00009577,ORD0004342,PROD000028,2,209.71,0.0,419.42,2026-07-08 11:18:47
OI00009578,ORD0004342,PROD000125,4,169.29,0.0,677.16,2026-07-08 11:18:47
OI00009579,ORD0004343,PROD000196,1,135.89,0.0,135.89,2026-03-25 12:31:51
OI00009580,ORD0004344,PROD000182,1,116.92,0.0,116.92,2026-06-05 16:10:58
OI00009581,ORD0004344,PROD000011,2,74.18,0.0,148.36,2026-06-05 16:10:58
OI00009582,ORD0004344,PROD000049,1,343.12,0.0,343.12,2026-06-05 16:10:58
OI00009583,ORD0004345,PROD000083,2,119.55,47.82,191.28,2026-07-05 02:21:45
OI00009584,ORD0004345,PROD000126,1,5.66,0.0,5.66,2026-07-05 02:21:45
OI00009585,ORD0004346,PROD000138,1,154.12,0.0,154.12,2026-05-24 12:15:23
OI00009586,ORD0004347,PROD000186,1,106.06,0.0,106.06,2026-02-26 17:26:47
OI00009587,ORD0004348,PROD000012,1,374.67,0.0,374.67,2026-06-17 20:24:50
OI00009588,ORD0004348,PROD000013,1,286.54,0.0,286.54,2026-06-17 20:24:50
OI00009589,ORD0004349,PROD000023,2,69.84,13.97,125.71,2026-06-18 18:36:53
OI00009590,ORD0004350,PROD000095,1,317.49,15.87,301.62,2026-06-25 16:19:03
OI00009591,ORD0004351,PROD000151,1,220.37,0.0,220.37,2026-06-20 10:35:07
OI00009592,ORD0004352,PROD000120,2,200.42,0.0,400.84,2026-06-06 14:28:57
OI00009593,ORD0004352,PROD000037,1,48.34,4.83,43.51,2026-06-06 14:28:57
OI00009594,ORD0004352,PROD000181,2,132.65,0.0,265.3,2026-06-06 14:28:57
OI00009595,ORD0004353,PROD000137,1,16.14,0.0,16.14,2026-05-15 17:08:25
OI00009596,ORD0004353,PROD000010,2,238.36,0.0,476.72,2026-05-15 17:08:25
OI00009597,ORD0004353,PROD000077,1,172.06,0.0,172.06,2026-05-15 17:08:25
OI00009598,ORD0004354,PROD000096,3,151.87,0.0,455.61,2026-06-29 18:51:03
OI00009599,ORD0004354,PROD000077,2,172.06,0.0,344.12,2026-06-29 18:51:03
OI00009600,ORD0004355,PROD000091,2,244.05,73.22,414.88,2026-06-18 07:15:42
OI00009601,ORD0004356,PROD000114,1,36.68,0.0,36.68,2026-08-01 06:27:02
OI00009602,ORD0004357,PROD000152,1,68.44,0.0,68.44,2026-06-22 14:28:15
OI00009603,ORD0004357,PROD000012,2,374.67,0.0,749.34,2026-06-22 14:28:15
OI00009604,ORD0004358,PROD000094,1,170.67,0.0,170.67,2026-07-21 15:17:57
OI00009605,ORD0004359,PROD000018,1,6.39,0.0,6.39,2026-07-13 22:36:12
OI00009606,ORD0004359,PROD000186,1,106.06,5.3,100.76,2026-07-13 22:36:12
OI00009607,ORD0004359,PROD000185,1,186.5,0.0,186.5,2026-07-13 22:36:12
OI00009608,ORD0004360,PROD000085,2,36.94,0.0,73.88,2026-06-02 13:11:08
OI00009609,ORD0004360,PROD000029,1,12.47,0.0,12.47,2026-06-02 13:11:08
OI00009610,ORD0004361,PROD000065,1,459.64,0.0,459.64,2026-06-29 19:39:02
OI00009611,ORD0004362,PROD000053,1,381.96,0.0,381.96,2026-05-23 12:58:26
OI00009612,ORD0004363,PROD000107,1,128.32,0.0,128.32,2026-03-31 20:01:17
OI00009613,ORD0004364,PROD000093,1,51.13,0.0,51.13,2026-06-25 19:25:19
OI00009614,ORD0004364,PROD000042,4,358.03,0.0,1432.12,2026-06-25 19:25:19
OI00009615,ORD0004364,PROD000181,1,132.65,0.0,132.65,2026-06-25 19:25:19
OI00009616,ORD0004364,PROD000143,2,293.11,0.0,586.22,2026-06-25 19:25:19
OI00009617,ORD0004365,PROD000153,4,46.39,0.0,185.56,2026-07-14 15:36:06
OI00009618,ORD0004366,PROD000074,1,260.67,0.0,260.67,2026-03-04 09:01:09
OI00009619,ORD0004366,PROD000155,4,67.32,0.0,269.28,2026-03-04 09:01:09
OI00009620,ORD0004366,PROD000164,2,179.02,17.9,340.14,2026-03-04 09:01:09
OI00009621,ORD0004366,PROD000200,1,107.97,5.4,102.57,2026-03-04 09:01:09
OI00009622,ORD0004366,PROD000123,1,410.86,0.0,410.86,2026-03-04 09:01:09
OI00009623,ORD0004367,PROD000184,1,192.54,0.0,192.54,2026-03-17 03:36:47
OI00009624,ORD0004368,PROD000088,1,381.45,0.0,381.45,2026-05-31 13:01:05
OI00009625,ORD0004369,PROD000036,1,22.66,0.0,22.66,2026-05-13 17:09:54
OI00009626,ORD0004369,PROD000142,1,276.94,13.85,263.09,2026-05-13 17:09:54
OI00009627,ORD0004369,PROD000180,3,443.88,0.0,1331.64,2026-05-13 17:09:54
OI00009628,ORD0004370,PROD000033,1,240.82,36.12,204.7,2026-08-05 02:31:18
OI00009629,ORD0004371,PROD000065,1,459.64,0.0,459.64,2026-04-27 07:34:01
OI00009630,ORD0004371,PROD000095,1,317.49,0.0,317.49,2026-04-27 07:34:01
OI00009631,ORD0004371,PROD000195,1,397.59,19.88,377.71,2026-04-27 07:34:01
OI00009632,ORD0004372,PROD000049,2,343.12,137.25,548.99,2026-07-21 00:28:06
OI00009633,ORD0004373,PROD000046,2,353.88,35.39,672.37,2026-06-23 20:32:18
OI00009634,ORD0004373,PROD000105,1,230.76,11.54,219.22,2026-06-23 20:32:18
OI00009635,ORD0004374,PROD000042,3,358.03,107.41,966.68,2026-07-16 05:27:01
OI00009636,ORD0004374,PROD000177,1,200.82,0.0,200.82,2026-07-16 05:27:01
OI00009637,ORD0004374,PROD000095,1,317.49,47.62,269.87,2026-07-16 05:27:01
OI00009638,ORD0004375,PROD000021,1,325.45,32.55,292.9,2026-03-30 08:13:07
OI00009639,ORD0004375,PROD000101,2,140.13,0.0,280.26,2026-03-30 08:13:07
OI00009640,ORD0004375,PROD000088,3,381.45,0.0,1144.35,2026-03-30 08:13:07
OI00009641,ORD0004376,PROD000047,1,125.52,0.0,125.52,2026-07-27 11:36:49
OI00009642,ORD0004377,PROD000078,3,44.16,6.62,125.86,2026-07-14 20:55:50
OI00009643,ORD0004377,PROD000097,2,119.02,0.0,238.04,2026-07-14 20:55:50
OI00009644,ORD0004377,PROD000183,1,239.94,0.0,239.94,2026-07-14 20:55:50
OI00009645,ORD0004377,PROD000020,3,59.38,0.0,178.14,2026-07-14 20:55:50
OI00009646,ORD0004378,PROD000079,1,315.96,0.0,315.96,2026-06-07 21:36:57
OI00009647,ORD0004378,PROD000048,1,312.1,0.0,312.1,2026-06-07 21:36:57
OI00009648,ORD0004379,PROD000170,1,39.7,0.0,39.7,2026-03-11 23:35:56
OI00009649,ORD0004379,PROD000179,1,100.96,5.05,95.91,2026-03-11 23:35:56
OI00009650,ORD0004380,PROD000153,1,46.39,0.0,46.39,2026-03-15 16:11:53
OI00009651,ORD0004380,PROD000009,1,247.91,12.4,235.51,2026-03-15 16:11:53
OI00009652,ORD0004380,PROD000130,1,251.9,0.0,251.9,2026-03-15 16:11:53
OI00009653,ORD0004381,PROD000005,1,219.89,21.99,197.9,2026-02-25 07:31:09
OI00009654,ORD0004381,PROD000120,2,200.42,0.0,400.84,2026-02-25 07:31:09
OI00009655,ORD0004382,PROD000140,1,156.23,0.0,156.23,2026-05-19 17:17:57
OI00009656,ORD0004382,PROD000022,2,302.51,0.0,605.02,2026-05-19 17:17:57
OI00009657,ORD0004383,PROD000198,2,307.49,0.0,614.98,2026-07-22 06:36:59
OI00009658,ORD0004383,PROD000179,1,100.96,0.0,100.96,2026-07-22 06:36:59
OI00009659,ORD0004383,PROD000180,1,443.88,44.39,399.49,2026-07-22 06:36:59
OI00009660,ORD0004384,PROD000067,1,181.48,0.0,181.48,2026-04-01 17:55:07
OI00009661,ORD0004385,PROD000156,1,208.16,0.0,208.16,2026-04-27 03:09:10
OI00009662,ORD0004385,PROD000177,2,200.82,20.08,381.56,2026-04-27 03:09:10
OI00009663,ORD0004385,PROD000132,1,86.93,0.0,86.93,2026-04-27 03:09:10
OI00009664,ORD0004386,PROD000135,3,106.79,0.0,320.37,2026-02-27 05:53:01
OI00009665,ORD0004386,PROD000065,1,459.64,0.0,459.64,2026-02-27 05:53:01
OI00009666,ORD0004386,PROD000124,2,396.34,79.27,713.41,2026-02-27 05:53:01
OI00009667,ORD0004386,PROD000156,2,208.16,83.26,333.06,2026-02-27 05:53:01
OI00009668,ORD0004387,PROD000089,1,270.52,54.1,216.42,2026-03-29 01:02:12
OI00009669,ORD0004387,PROD000019,4,64.3,25.72,231.48,2026-03-29 01:02:12
OI00009670,ORD0004388,PROD000046,2,353.88,0.0,707.76,2026-08-15 07:41:14
OI00009671,ORD0004388,PROD000097,3,119.02,0.0,357.06,2026-08-15 07:41:14
OI00009672,ORD0004388,PROD000165,2,95.13,0.0,190.26,2026-08-15 07:41:14
OI00009673,ORD0004389,PROD000171,1,118.83,11.88,106.95,2026-08-11 16:04:42
OI00009674,ORD0004389,PROD000029,1,12.47,2.49,9.98,2026-08-11 16:04:42
OI00009675,ORD0004390,PROD000092,3,90.01,0.0,270.03,2026-06-28 00:06:13
OI00009676,ORD0004391,PROD000070,1,251.87,0.0,251.87,2026-03-08 05:57:37
OI00009677,ORD0004391,PROD000096,1,151.87,15.19,136.68,2026-03-08 05:57:37
OI00009678,ORD0004391,PROD000192,1,122.14,0.0,122.14,2026-03-08 05:57:37
OI00009679,ORD0004391,PROD000163,1,379.9,0.0,379.9,2026-03-08 05:57:37
OI00009680,ORD0004392,PROD000052,3,289.95,0.0,869.85,2026-05-27 21:59:07
OI00009681,ORD0004393,PROD000194,3,99.76,14.96,284.32,2026-04-04 22:28:14
OI00009682,ORD0004393,PROD000097,1,119.02,0.0,119.02,2026-04-04 22:28:14
OI00009683,ORD0004393,PROD000136,2,248.42,24.84,472.0,2026-04-04 22:28:14
OI00009684,ORD0004394,PROD000149,1,259.04,0.0,259.04,2026-06-11 19:56:56
OI00009685,ORD0004394,PROD000050,2,110.2,0.0,220.4,2026-06-11 19:56:56
OI00009686,ORD0004394,PROD000114,3,36.68,5.5,104.54,2026-06-11 19:56:56
OI00009687,ORD0004395,PROD000114,2,36.68,0.0,73.36,2026-06-08 20:57:14
OI00009688,ORD0004395,PROD000119,3,93.67,0.0,281.01,2026-06-08 20:57:14
OI00009689,ORD0004395,PROD000158,1,391.88,0.0,391.88,2026-06-08 20:57:14
OI00009690,ORD0004395,PROD000173,1,269.92,40.49,229.43,2026-06-08 20:57:14
OI00009691,ORD0004396,PROD000173,2,269.92,0.0,539.84,2026-05-16 13:39:06
OI00009692,ORD0004397,PROD000115,3,66.23,0.0,198.69,2026-04-21 02:04:42
OI00009693,ORD0004397,PROD000149,1,259.04,0.0,259.04,2026-04-21 02:04:42
OI00009694,ORD0004398,PROD000040,1,202.37,10.12,192.25,2026-05-18 09:21:54
OI00009695,ORD0004399,PROD000163,1,379.9,0.0,379.9,2026-02-23 01:47:37
OI00009696,ORD0004400,PROD000088,2,381.45,0.0,762.9,2026-05-06 15:06:03
OI00009697,ORD0004401,PROD000073,3,9.42,0.0,28.26,2026-03-04 01:19:02
OI00009698,ORD0004401,PROD000177,3,200.82,0.0,602.46,2026-03-04 01:19:02
OI00009699,ORD0004401,PROD000181,1,132.65,0.0,132.65,2026-03-04 01:19:02
OI00009700,ORD0004402,PROD000048,1,312.1,15.61,296.49,2026-02-18 02:45:27
OI00009701,ORD0004402,PROD000083,1,119.55,0.0,119.55,2026-02-18 02:45:27
OI00009702,ORD0004402,PROD000177,2,200.82,0.0,401.64,2026-02-18 02:45:27
OI00009703,ORD0004403,PROD000108,1,87.18,0.0,87.18,2026-06-12 03:26:09
OI00009704,ORD0004403,PROD000123,3,410.86,0.0,1232.58,2026-06-12 03:26:09
OI00009705,ORD0004403,PROD000173,3,269.92,0.0,809.76,2026-06-12 03:26:09
OI00009706,ORD0004404,PROD000008,1,181.13,0.0,181.13,2026-03-31 02:41:37
OI00009707,ORD0004404,PROD000015,1,74.75,3.74,71.01,2026-03-31 02:41:37
OI00009708,ORD0004405,PROD000102,1,157.31,0.0,157.31,2026-07-02 23:15:19
OI00009709,ORD0004406,PROD000158,1,391.88,0.0,391.88,2026-03-09 21:55:13
OI00009710,ORD0004407,PROD000104,3,219.63,0.0,658.89,2026-04-30 08:14:07
OI00009711,ORD0004408,PROD000082,3,49.54,29.72,118.9,2026-04-03 05:56:15
OI00009712,ORD0004408,PROD000120,1,200.42,20.04,180.38,2026-04-03 05:56:15
OI00009713,ORD0004408,PROD000001,1,240.76,0.0,240.76,2026-04-03 05:56:15
OI00009714,ORD0004409,PROD000177,1,200.82,10.04,190.78,2026-04-29 02:49:33
OI00009715,ORD0004409,PROD000171,1,118.83,0.0,118.83,2026-04-29 02:49:33
OI00009716,ORD0004410,PROD000029,1,12.47,1.25,11.22,2026-04-21 12:05:20
OI00009717,ORD0004410,PROD000019,1,64.3,0.0,64.3,2026-04-21 12:05:20
OI00009718,ORD0004411,PROD000015,2,74.75,7.47,142.03,2026-04-09 02:27:05
OI00009719,ORD0004412,PROD000183,3,239.94,0.0,719.82,2026-03-28 19:10:12
OI00009720,ORD0004412,PROD000163,1,379.9,0.0,379.9,2026-03-28 19:10:12
OI00009721,ORD0004412,PROD000127,1,216.42,0.0,216.42,2026-03-28 19:10:12
OI00009722,ORD0004412,PROD000159,1,90.28,0.0,90.28,2026-03-28 19:10:12
OI00009723,ORD0004412,PROD000177,2,200.82,0.0,401.64,2026-03-28 19:10:12
OI00009724,ORD0004413,PROD000047,1,125.52,0.0,125.52,2026-03-17 01:28:37
OI00009725,ORD0004414,PROD000011,1,74.18,11.13,63.05,2026-03-04 18:50:34
OI00009726,ORD0004414,PROD000014,4,171.48,68.59,617.33,2026-03-04 18:50:34
OI00009727,ORD0004415,PROD000176,2,395.87,79.17,712.57,2026-06-09 19:42:46
OI00009728,ORD0004416,PROD000119,1,93.67,4.68,88.99,2026-07-22 07:25:48
OI00009729,ORD0004417,PROD000115,2,66.23,0.0,132.46,2026-07-23 04:35:53
OI00009730,ORD0004417,PROD000025,1,337.19,0.0,337.19,2026-07-23 04:35:53
OI00009731,ORD0004418,PROD000146,1,237.64,0.0,237.64,2026-07-30 22:08:01
OI00009732,ORD0004418,PROD000135,1,106.79,0.0,106.79,2026-07-30 22:08:01
OI00009733,ORD0004418,PROD000069,4,332.4,0.0,1329.6,2026-07-30 22:08:01
OI00009734,ORD0004419,PROD000027,2,174.59,0.0,349.18,2026-08-13 11:23:33
OI00009735,ORD0004419,PROD000039,1,318.97,0.0,318.97,2026-08-13 11:23:33
OI00009736,ORD0004420,PROD000075,1,10.1,0.0,10.1,2026-07-09 12:37:31
OI00009737,ORD0004420,PROD000042,3,358.03,0.0,1074.09,2026-07-09 12:37:31
OI00009738,ORD0004421,PROD000136,1,248.42,24.84,223.58,2026-03-04 01:37:46
OI00009739,ORD0004421,PROD000138,1,154.12,0.0,154.12,2026-03-04 01:37:46
OI00009740,ORD0004421,PROD000089,1,270.52,0.0,270.52,2026-03-04 01:37:46
OI00009741,ORD0004422,PROD000086,2,216.37,21.64,411.1,2026-07-25 14:29:14
OI00009742,ORD0004422,PROD000044,1,137.29,0.0,137.29,2026-07-25 14:29:14
OI00009743,ORD0004422,PROD000121,1,311.61,0.0,311.61,2026-07-25 14:29:14
OI00009744,ORD0004423,PROD000129,1,280.22,0.0,280.22,2026-08-02 20:31:43
OI00009745,ORD0004424,PROD000198,1,307.49,0.0,307.49,2026-03-25 03:46:31
OI00009746,ORD0004424,PROD000086,1,216.37,0.0,216.37,2026-03-25 03:46:31
OI00009747,ORD0004425,PROD000012,3,374.67,0.0,1124.01,2026-04-15 12:45:01
OI00009748,ORD0004425,PROD000041,1,287.98,0.0,287.98,2026-04-15 12:45:01
OI00009749,ORD0004425,PROD000174,4,225.67,0.0,902.68,2026-04-15 12:45:01
OI00009750,ORD0004425,PROD000200,1,107.97,0.0,107.97,2026-04-15 12:45:01
OI00009751,ORD0004426,PROD000119,2,93.67,18.73,168.61,2026-08-03 15:50:33
OI00009752,ORD0004427,PROD000039,4,318.97,0.0,1275.88,2026-05-20 21:00:13
OI00009753,ORD0004427,PROD000120,1,200.42,40.08,160.34,2026-05-20 21:00:13
OI00009754,ORD0004427,PROD000046,2,353.88,0.0,707.76,2026-05-20 21:00:13
OI00009755,ORD0004428,PROD000049,3,343.12,0.0,1029.36,2026-06-02 19:10:30
OI00009756,ORD0004428,PROD000080,4,288.18,57.64,1095.08,2026-06-02 19:10:30
OI00009757,ORD0004428,PROD000015,1,74.75,14.95,59.8,2026-06-02 19:10:30
OI00009758,ORD0004428,PROD000105,2,230.76,0.0,461.52,2026-06-02 19:10:30
OI00009759,ORD0004429,PROD000017,2,177.67,0.0,355.34,2026-02-27 22:09:13
OI00009760,ORD0004429,PROD000012,1,374.67,0.0,374.67,2026-02-27 22:09:13
OI00009761,ORD0004430,PROD000006,2,276.33,0.0,552.66,2026-03-15 05:33:24
OI00009762,ORD0004431,PROD000139,1,48.21,0.0,48.21,2026-05-07 19:54:41
OI00009763,ORD0004431,PROD000115,2,66.23,13.25,119.21,2026-05-07 19:54:41
OI00009764,ORD0004432,PROD000078,2,44.16,0.0,88.32,2026-03-13 12:35:51
OI00009765,ORD0004433,PROD000020,1,59.38,0.0,59.38,2026-04-07 07:23:18
OI00009766,ORD0004433,PROD000119,2,93.67,0.0,187.34,2026-04-07 07:23:18
OI00009767,ORD0004434,PROD000085,3,36.94,11.08,99.74,2026-06-03 11:56:38
OI00009768,ORD0004434,PROD000063,2,61.43,0.0,122.86,2026-06-03 11:56:38
OI00009769,ORD0004435,PROD000108,4,87.18,0.0,348.72,2026-07-06 12:04:54
OI00009770,ORD0004435,PROD000101,1,140.13,0.0,140.13,2026-07-06 12:04:54
OI00009771,ORD0004436,PROD000194,1,99.76,0.0,99.76,2026-03-25 03:52:58
OI00009772,ORD0004437,PROD000004,1,71.87,0.0,71.87,2026-04-28 02:10:58
OI00009773,ORD0004437,PROD000193,1,322.33,0.0,322.33,2026-04-28 02:10:58
OI00009774,ORD0004438,PROD000014,1,171.48,0.0,171.48,2026-05-01 00:04:14
OI00009775,ORD0004439,PROD000027,1,174.59,0.0,174.59,2026-06-29 12:51:45
OI00009776,ORD0004439,PROD000080,1,288.18,0.0,288.18,2026-06-29 12:51:45
OI00009777,ORD0004440,PROD000059,1,368.8,36.88,331.92,2026-04-03 13:04:09
OI00009778,ORD0004440,PROD000179,1,100.96,0.0,100.96,2026-04-03 13:04:09
OI00009779,ORD0004440,PROD000036,4,22.66,0.0,90.64,2026-04-03 13:04:09
OI00009780,ORD0004440,PROD000081,1,267.87,0.0,267.87,2026-04-03 13:04:09
OI00009781,ORD0004441,PROD000093,1,51.13,2.56,48.57,2026-02-25 21:55:48
OI00009782,ORD0004441,PROD000085,2,36.94,0.0,73.88,2026-02-25 21:55:48
OI00009783,ORD0004442,PROD000071,1,259.22,25.92,233.3,2026-05-16 19:09:50
OI00009784,ORD0004442,PROD000040,1,202.37,20.24,182.13,2026-05-16 19:09:50
OI00009785,ORD0004443,PROD000113,2,295.97,0.0,591.94,2026-03-03 01:19:58
OI00009786,ORD0004443,PROD000082,1,49.54,2.48,47.06,2026-03-03 01:19:58
OI00009787,ORD0004444,PROD000094,4,170.67,0.0,682.68,2026-02-22 12:43:16
OI00009788,ORD0004444,PROD000029,4,12.47,2.49,47.39,2026-02-22 12:43:16
OI00009789,ORD0004445,PROD000158,1,391.88,0.0,391.88,2026-05-26 02:06:55
OI00009790,ORD0004445,PROD000029,1,12.47,0.0,12.47,2026-05-26 02:06:55
OI00009791,ORD0004445,PROD000034,3,376.06,0.0,1128.18,2026-05-26 02:06:55
OI00009792,ORD0004446,PROD000159,1,90.28,4.51,85.77,2026-04-02 14:20:23
OI00009793,ORD0004446,PROD000181,3,132.65,39.8,358.15,2026-04-02 14:20:23
OI00009794,ORD0004446,PROD000169,1,53.52,2.68,50.84,2026-04-02 14:20:23
OI00009795,ORD0004447,PROD000052,1,289.95,43.49,246.46,2026-03-02 02:26:08
OI00009796,ORD0004447,PROD000039,1,318.97,0.0,318.97,2026-03-02 02:26:08
OI00009797,ORD0004447,PROD000177,1,200.82,0.0,200.82,2026-03-02 02:26:08
OI00009798,ORD0004447,PROD000183,1,239.94,0.0,239.94,2026-03-02 02:26:08
OI00009799,ORD0004448,PROD000025,1,337.19,0.0,337.19,2026-04-21 00:46:20
OI00009800,ORD0004449,PROD000003,3,265.29,79.59,716.28,2026-02-16 05:31:16
OI00009801,ORD0004449,PROD000176,2,395.87,0.0,791.74,2026-02-16 05:31:16
OI00009802,ORD0004449,PROD000116,2,33.83,0.0,67.66,2026-02-16 05:31:16
OI00009803,ORD0004450,PROD000196,1,135.89,0.0,135.89,2026-05-10 13:59:05
OI00009804,ORD0004450,PROD000051,1,128.31,12.83,115.48,2026-05-10 13:59:05
OI00009805,ORD0004451,PROD000104,2,219.63,43.93,395.33,2026-07-23 04:47:18
OI00009806,ORD0004451,PROD000176,2,395.87,0.0,791.74,2026-07-23 04:47:18
OI00009807,ORD0004452,PROD000176,2,395.87,0.0,791.74,2026-07-18 22:35:59
OI00009808,ORD0004453,PROD000096,1,151.87,0.0,151.87,2026-04-13 00:08:24
OI00009809,ORD0004453,PROD000026,1,165.8,0.0,165.8,2026-04-13 00:08:24
OI00009810,ORD0004453,PROD000015,2,74.75,0.0,149.5,2026-04-13 00:08:24
OI00009811,ORD0004454,PROD000156,3,208.16,0.0,624.48,2026-04-27 19:30:59
OI00009812,ORD0004454,PROD000186,1,106.06,15.91,90.15,2026-04-27 19:30:59
OI00009813,ORD0004454,PROD000157,1,230.53,0.0,230.53,2026-04-27 19:30:59
OI00009814,ORD0004455,PROD000140,1,156.23,31.25,124.98,2026-03-05 08:30:41
OI00009815,ORD0004455,PROD000046,1,353.88,0.0,353.88,2026-03-05 08:30:41
OI00009816,ORD0004455,PROD000048,2,312.1,0.0,624.2,2026-03-05 08:30:41
OI00009817,ORD0004456,PROD000020,1,59.38,0.0,59.38,2026-04-21 22:18:50
OI00009818,ORD0004456,PROD000188,4,114.4,22.88,434.72,2026-04-21 22:18:50
OI00009819,ORD0004456,PROD000013,4,286.54,0.0,1146.16,2026-04-21 22:18:50
OI00009820,ORD0004457,PROD000068,1,253.43,0.0,253.43,2026-04-15 09:14:59
OI00009821,ORD0004457,PROD000179,1,100.96,0.0,100.96,2026-04-15 09:14:59
OI00009822,ORD0004457,PROD000138,1,154.12,0.0,154.12,2026-04-15 09:14:59
OI00009823,ORD0004457,PROD000080,3,288.18,0.0,864.54,2026-04-15 09:14:59
OI00009824,ORD0004457,PROD000139,1,48.21,0.0,48.21,2026-04-15 09:14:59
OI00009825,ORD0004458,PROD000102,2,157.31,0.0,314.62,2026-07-15 02:43:58
OI00009826,ORD0004458,PROD000037,1,48.34,0.0,48.34,2026-07-15 02:43:58
OI00009827,ORD0004458,PROD000100,3,125.62,0.0,376.86,2026-07-15 02:43:58
OI00009828,ORD0004458,PROD000116,2,33.83,3.38,64.28,2026-07-15 02:43:58
OI00009829,ORD0004458,PROD000075,1,10.1,0.0,10.1,2026-07-15 02:43:58
OI00009830,ORD0004459,PROD000157,1,230.53,0.0,230.53,2026-05-30 04:27:23
OI00009831,ORD0004460,PROD000019,1,64.3,0.0,64.3,2026-04-19 11:15:02
OI00009832,ORD0004461,PROD000042,1,358.03,0.0,358.03,2026-08-14 01:27:31
OI00009833,ORD0004461,PROD000017,2,177.67,35.53,319.81,2026-08-14 01:27:31
OI00009834,ORD0004461,PROD000028,3,209.71,0.0,629.13,2026-08-14 01:27:31
OI00009835,ORD0004462,PROD000175,1,395.9,0.0,395.9,2026-07-20 02:26:00
OI00009836,ORD0004462,PROD000176,1,395.87,19.79,376.08,2026-07-20 02:26:00
OI00009837,ORD0004463,PROD000083,1,119.55,0.0,119.55,2026-07-03 20:49:34
OI00009838,ORD0004464,PROD000132,3,86.93,0.0,260.79,2026-06-17 06:22:24
OI00009839,ORD0004465,PROD000018,4,6.39,0.0,25.56,2026-04-20 12:08:23
OI00009840,ORD0004465,PROD000121,1,311.61,0.0,311.61,2026-04-20 12:08:23
OI00009841,ORD0004465,PROD000008,1,181.13,0.0,181.13,2026-04-20 12:08:23
OI00009842,ORD0004466,PROD000136,2,248.42,0.0,496.84,2026-07-03 20:19:21
OI00009843,ORD0004467,PROD000141,4,54.3,0.0,217.2,2026-04-22 10:09:23
OI00009844,ORD0004467,PROD000019,1,64.3,0.0,64.3,2026-04-22 10:09:23
OI00009845,ORD0004467,PROD000177,1,200.82,0.0,200.82,2026-04-22 10:09:23
OI00009846,ORD0004467,PROD000049,1,343.12,0.0,343.12,2026-04-22 10:09:23
OI00009847,ORD0004468,PROD000148,1,111.17,0.0,111.17,2026-06-21 08:53:12
OI00009848,ORD0004469,PROD000196,1,135.89,13.59,122.3,2026-03-18 01:27:27
OI00009849,ORD0004469,PROD000008,2,181.13,0.0,362.26,2026-03-18 01:27:27
OI00009850,ORD0004469,PROD000163,1,379.9,0.0,379.9,2026-03-18 01:27:27
OI00009851,ORD0004470,PROD000080,1,288.18,57.64,230.54,2026-05-21 04:05:34
OI00009852,ORD0004470,PROD000073,2,9.42,3.77,15.07,2026-05-21 04:05:34
OI00009853,ORD0004470,PROD000011,2,74.18,0.0,148.36,2026-05-21 04:05:34
OI00009854,ORD0004470,PROD000016,2,373.26,0.0,746.52,2026-05-21 04:05:34
OI00009855,ORD0004470,PROD000090,1,82.64,0.0,82.64,2026-05-21 04:05:34
OI00009856,ORD0004471,PROD000061,1,85.11,0.0,85.11,2026-03-30 09:40:19
OI00009857,ORD0004471,PROD000142,1,276.94,0.0,276.94,2026-03-30 09:40:19
OI00009858,ORD0004471,PROD000162,1,85.74,0.0,85.74,2026-03-30 09:40:19
OI00009859,ORD0004471,PROD000057,1,282.26,14.11,268.15,2026-03-30 09:40:19
OI00009860,ORD0004472,PROD000124,1,396.34,0.0,396.34,2026-06-16 14:41:18
OI00009861,ORD0004472,PROD000017,1,177.67,0.0,177.67,2026-06-16 14:41:18
OI00009862,ORD0004473,PROD000063,1,61.43,0.0,61.43,2026-04-30 20:43:25
OI00009863,ORD0004474,PROD000016,3,373.26,0.0,1119.78,2026-07-03 04:21:36
OI00009864,ORD0004474,PROD000061,2,85.11,0.0,170.22,2026-07-03 04:21:36
OI00009865,ORD0004475,PROD000028,1,209.71,0.0,209.71,2026-07-13 07:50:55
OI00009866,ORD0004475,PROD000033,1,240.82,0.0,240.82,2026-07-13 07:50:55
OI00009867,ORD0004475,PROD000018,2,6.39,1.28,11.5,2026-07-13 07:50:55
OI00009868,ORD0004476,PROD000100,2,125.62,0.0,251.24,2026-03-13 09:53:49
OI00009869,ORD0004476,PROD000025,1,337.19,0.0,337.19,2026-03-13 09:53:49
OI00009870,ORD0004477,PROD000026,1,165.8,0.0,165.8,2026-03-26 14:40:42
OI00009871,ORD0004478,PROD000174,2,225.67,0.0,451.34,2026-08-03 00:06:00
OI00009872,ORD0004478,PROD000154,1,57.2,0.0,57.2,2026-08-03 00:06:00
OI00009873,ORD0004478,PROD000155,1,67.32,0.0,67.32,2026-08-03 00:06:00
OI00009874,ORD0004479,PROD000106,1,13.25,0.0,13.25,2026-04-18 03:59:51
OI00009875,ORD0004479,PROD000113,2,295.97,0.0,591.94,2026-04-18 03:59:51
OI00009876,ORD0004480,PROD000107,1,128.32,0.0,128.32,2026-04-19 20:09:09
OI00009877,ORD0004480,PROD000078,1,44.16,0.0,44.16,2026-04-19 20:09:09
OI00009878,ORD0004480,PROD000119,3,93.67,0.0,281.01,2026-04-19 20:09:09
OI00009879,ORD0004480,PROD000161,3,310.12,0.0,930.36,2026-04-19 20:09:09
OI00009880,ORD0004480,PROD000098,1,188.42,0.0,188.42,2026-04-19 20:09:09
OI00009881,ORD0004481,PROD000183,2,239.94,0.0,479.88,2026-06-13 22:09:23
OI00009882,ORD0004482,PROD000011,1,74.18,0.0,74.18,2026-03-29 13:38:08
OI00009883,ORD0004482,PROD000171,4,118.83,47.53,427.79,2026-03-29 13:38:08
OI00009884,ORD0004482,PROD000174,1,225.67,0.0,225.67,2026-03-29 13:38:08
OI00009885,ORD0004482,PROD000185,1,186.5,0.0,186.5,2026-03-29 13:38:08
OI00009886,ORD0004483,PROD000039,1,318.97,0.0,318.97,2026-07-07 06:02:30
OI00009887,ORD0004484,PROD000143,1,293.11,0.0,293.11,2026-07-18 08:14:56
OI00009888,ORD0004484,PROD000133,1,7.24,0.0,7.24,2026-07-18 08:14:56
OI00009889,ORD0004484,PROD000188,3,114.4,68.64,274.56,2026-07-18 08:14:56
OI00009890,ORD0004484,PROD000137,1,16.14,0.0,16.14,2026-07-18 08:14:56
OI00009891,ORD0004485,PROD000112,2,76.78,0.0,153.56,2026-04-04 21:30:56
OI00009892,ORD0004485,PROD000135,1,106.79,0.0,106.79,2026-04-04 21:30:56
OI00009893,ORD0004486,PROD000023,4,69.84,0.0,279.36,2026-07-13 20:36:16
OI00009894,ORD0004486,PROD000050,1,110.2,0.0,110.2,2026-07-13 20:36:16
OI00009895,ORD0004486,PROD000052,2,289.95,0.0,579.9,2026-07-13 20:36:16
OI00009896,ORD0004487,PROD000105,2,230.76,0.0,461.52,2026-06-13 23:59:34
OI00009897,ORD0004487,PROD000038,1,84.38,0.0,84.38,2026-06-13 23:59:34
OI00009898,ORD0004488,PROD000159,1,90.28,0.0,90.28,2026-06-17 09:31:28
OI00009899,ORD0004488,PROD000078,1,44.16,2.21,41.95,2026-06-17 09:31:28
OI00009900,ORD0004489,PROD000045,1,70.0,0.0,70.0,2026-07-13 04:33:58
OI00009901,ORD0004489,PROD000006,2,276.33,27.63,525.03,2026-07-13 04:33:58
OI00009902,ORD0004489,PROD000123,1,410.86,20.54,390.32,2026-07-13 04:33:58
OI00009903,ORD0004490,PROD000179,3,100.96,0.0,302.88,2026-03-21 02:21:53
OI00009904,ORD0004490,PROD000049,1,343.12,34.31,308.81,2026-03-21 02:21:53
OI00009905,ORD0004490,PROD000098,1,188.42,0.0,188.42,2026-03-21 02:21:53
OI00009906,ORD0004490,PROD000091,2,244.05,48.81,439.29,2026-03-21 02:21:53
OI00009907,ORD0004490,PROD000037,4,48.34,0.0,193.36,2026-03-21 02:21:53
OI00009908,ORD0004491,PROD000069,3,332.4,0.0,997.2,2026-08-02 17:30:33
OI00009909,ORD0004491,PROD000036,1,22.66,0.0,22.66,2026-08-02 17:30:33
OI00009910,ORD0004491,PROD000031,1,62.29,0.0,62.29,2026-08-02 17:30:33
OI00009911,ORD0004491,PROD000183,2,239.94,0.0,479.88,2026-08-02 17:30:33
OI00009912,ORD0004491,PROD000095,1,317.49,0.0,317.49,2026-08-02 17:30:33
OI00009913,ORD0004492,PROD000150,1,121.83,0.0,121.83,2026-04-26 00:40:24
OI00009914,ORD0004492,PROD000148,1,111.17,0.0,111.17,2026-04-26 00:40:24
OI00009915,ORD0004492,PROD000066,3,424.54,0.0,1273.62,2026-04-26 00:40:24
OI00009916,ORD0004493,PROD000017,2,177.67,0.0,355.34,2026-02-17 03:59:54
OI00009917,ORD0004493,PROD000151,2,220.37,0.0,440.74,2026-02-17 03:59:54
OI00009918,ORD0004493,PROD000144,1,398.95,79.79,319.16,2026-02-17 03:59:54
OI00009919,ORD0004493,PROD000147,1,359.37,0.0,359.37,2026-02-17 03:59:54
OI00009920,ORD0004493,PROD000004,2,71.87,0.0,143.74,2026-02-17 03:59:54
OI00009921,ORD0004494,PROD000056,1,23.5,1.18,22.32,2026-04-08 22:00:28
OI00009922,ORD0004494,PROD000152,1,68.44,13.69,54.75,2026-04-08 22:00:28
OI00009923,ORD0004494,PROD000105,1,230.76,0.0,230.76,2026-04-08 22:00:28
OI00009924,ORD0004495,PROD000090,3,82.64,0.0,247.92,2026-06-10 06:54:38
OI00009925,ORD0004495,PROD000146,1,237.64,23.76,213.88,2026-06-10 06:54:38
OI00009926,ORD0004496,PROD000032,1,305.5,30.55,274.95,2026-03-24 03:02:18
OI00009927,ORD0004496,PROD000148,1,111.17,11.12,100.05,2026-03-24 03:02:18
OI00009928,ORD0004496,PROD000101,1,140.13,0.0,140.13,2026-03-24 03:02:18
OI00009929,ORD0004496,PROD000115,1,66.23,0.0,66.23,2026-03-24 03:02:18
OI00009930,ORD0004496,PROD000034,1,376.06,0.0,376.06,2026-03-24 03:02:18
OI00009931,ORD0004497,PROD000100,1,125.62,0.0,125.62,2026-05-05 02:31:55
OI00009932,ORD0004497,PROD000023,1,69.84,10.48,59.36,2026-05-05 02:31:55
OI00009933,ORD0004497,PROD000053,1,381.96,0.0,381.96,2026-05-05 02:31:55
OI00009934,ORD0004498,PROD000194,1,99.76,0.0,99.76,2026-03-29 22:01:23
OI00009935,ORD0004499,PROD000183,1,239.94,0.0,239.94,2026-02-15 16:03:31
OI00009936,ORD0004500,PROD000139,3,48.21,0.0,144.63,2026-04-26 14:46:25
OI00009937,ORD0004500,PROD000174,1,225.67,0.0,225.67,2026-04-26 14:46:25
OI00009938,ORD0004501,PROD000174,1,225.67,11.28,214.39,2026-03-17 19:26:01
OI00009939,ORD0004501,PROD000170,1,39.7,0.0,39.7,2026-03-17 19:26:01
OI00009940,ORD0004502,PROD000013,4,286.54,57.31,1088.85,2026-03-09 09:57:01
OI00009941,ORD0004503,PROD000154,3,57.2,0.0,171.6,2026-02-28 19:29:53
OI00009942,ORD0004503,PROD000027,1,174.59,0.0,174.59,2026-02-28 19:29:53
OI00009943,ORD0004503,PROD000046,3,353.88,0.0,1061.64,2026-02-28 19:29:53
OI00009944,ORD0004503,PROD000196,2,135.89,13.59,258.19,2026-02-28 19:29:53
OI00009945,ORD0004504,PROD000108,1,87.18,0.0,87.18,2026-08-04 00:47:30
OI00009946,ORD0004505,PROD000136,1,248.42,0.0,248.42,2026-06-17 09:23:41
OI00009947,ORD0004505,PROD000117,1,96.57,0.0,96.57,2026-06-17 09:23:41
OI00009948,ORD0004505,PROD000040,1,202.37,0.0,202.37,2026-06-17 09:23:41
OI00009949,ORD0004506,PROD000018,1,6.39,0.96,5.43,2026-04-03 00:58:01
OI00009950,ORD0004506,PROD000012,1,374.67,0.0,374.67,2026-04-03 00:58:01
OI00009951,ORD0004506,PROD000108,1,87.18,4.36,82.82,2026-04-03 00:58:01
OI00009952,ORD0004506,PROD000080,2,288.18,28.82,547.54,2026-04-03 00:58:01
OI00009953,ORD0004507,PROD000130,1,251.9,0.0,251.9,2026-03-19 18:06:38
OI00009954,ORD0004508,PROD000046,2,353.88,141.55,566.21,2026-08-05 21:38:51
OI00009955,ORD0004508,PROD000068,1,253.43,0.0,253.43,2026-08-05 21:38:51
OI00009956,ORD0004509,PROD000033,2,240.82,0.0,481.64,2026-05-21 08:55:19
OI00009957,ORD0004509,PROD000052,1,289.95,0.0,289.95,2026-05-21 08:55:19
OI00009958,ORD0004510,PROD000176,3,395.87,118.76,1068.85,2026-05-21 06:58:48
OI00009959,ORD0004510,PROD000069,1,332.4,0.0,332.4,2026-05-21 06:58:48
OI00009960,ORD0004511,PROD000018,1,6.39,1.28,5.11,2026-03-15 08:05:55
OI00009961,ORD0004512,PROD000013,2,286.54,0.0,573.08,2026-08-02 10:24:07
OI00009962,ORD0004512,PROD000037,1,48.34,0.0,48.34,2026-08-02 10:24:07
OI00009963,ORD0004512,PROD000161,2,310.12,0.0,620.24,2026-08-02 10:24:07
OI00009964,ORD0004513,PROD000169,2,53.52,0.0,107.04,2026-04-05 01:36:50
OI00009965,ORD0004513,PROD000060,1,313.56,0.0,313.56,2026-04-05 01:36:50
OI00009966,ORD0004513,PROD000198,1,307.49,0.0,307.49,2026-04-05 01:36:50
OI00009967,ORD0004514,PROD000148,2,111.17,0.0,222.34,2026-06-20 01:31:28
OI00009968,ORD0004514,PROD000162,1,85.74,0.0,85.74,2026-06-20 01:31:28
OI00009969,ORD0004515,PROD000151,1,220.37,0.0,220.37,2026-07-17 10:14:06
OI00009970,ORD0004516,PROD000014,1,171.48,0.0,171.48,2026-04-07 20:41:40
OI00009971,ORD0004517,PROD000057,1,282.26,0.0,282.26,2026-06-27 06:16:01
OI00009972,ORD0004518,PROD000027,1,174.59,0.0,174.59,2026-07-22 14:15:47
OI00009973,ORD0004518,PROD000096,3,151.87,45.56,410.05,2026-07-22 14:15:47
OI00009974,ORD0004518,PROD000187,2,260.32,52.06,468.58,2026-07-22 14:15:47
OI00009975,ORD0004519,PROD000028,2,209.71,0.0,419.42,2026-05-29 01:30:56
OI00009976,ORD0004520,PROD000151,1,220.37,0.0,220.37,2026-06-30 02:34:49
OI00009977,ORD0004520,PROD000070,3,251.87,0.0,755.61,2026-06-30 02:34:49
OI00009978,ORD0004521,PROD000147,2,359.37,0.0,718.74,2026-08-08 19:22:40
OI00009979,ORD0004521,PROD000121,1,311.61,0.0,311.61,2026-08-08 19:22:40
OI00009980,ORD0004522,PROD000179,4,100.96,0.0,403.84,2026-05-10 14:44:46
OI00009981,ORD0004522,PROD000140,1,156.23,0.0,156.23,2026-05-10 14:44:46
OI00009982,ORD0004522,PROD000011,3,74.18,11.13,211.41,2026-05-10 14:44:46
OI00009983,ORD0004522,PROD000176,1,395.87,39.59,356.28,2026-05-10 14:44:46
OI00009984,ORD0004523,PROD000169,1,53.52,0.0,53.52,2026-05-10 17:14:26
OI00009985,ORD0004523,PROD000014,1,171.48,0.0,171.48,2026-05-10 17:14:26
OI00009986,ORD0004523,PROD000156,3,208.16,31.22,593.26,2026-05-10 17:14:26
OI00009987,ORD0004524,PROD000161,1,310.12,0.0,310.12,2026-03-15 01:30:31
OI00009988,ORD0004525,PROD000200,1,107.97,0.0,107.97,2026-03-05 09:23:14
OI00009989,ORD0004526,PROD000079,1,315.96,0.0,315.96,2026-05-24 09:11:03
OI00009990,ORD0004527,PROD000065,1,459.64,45.96,413.68,2026-06-06 01:16:23
OI00009991,ORD0004527,PROD000168,1,433.94,0.0,433.94,2026-06-06 01:16:23
OI00009992,ORD0004528,PROD000189,1,184.49,0.0,184.49,2026-05-20 08:44:40
OI00009993,ORD0004528,PROD000146,3,237.64,0.0,712.92,2026-05-20 08:44:40
OI00009994,ORD0004529,PROD000189,1,184.49,0.0,184.49,2026-06-03 17:20:43
OI00009995,ORD0004530,PROD000188,1,114.4,0.0,114.4,2026-04-08 13:56:38
OI00009996,ORD0004531,PROD000157,1,230.53,0.0,230.53,2026-07-20 17:13:14
OI00009997,ORD0004532,PROD000110,1,112.33,0.0,112.33,2026-08-09 22:34:37
OI00009998,ORD0004533,PROD000195,2,397.59,79.52,715.66,2026-03-18 23:27:33
OI00009999,ORD0004534,PROD000158,1,391.88,19.59,372.29,2026-04-24 02:17:40
OI00010000,ORD0004535,PROD000002,3,68.17,0.0,204.51,2026-04-25 18:03:55
OI00010001,ORD0004535,PROD000070,3,251.87,0.0,755.61,2026-04-25 18:03:55
OI00010002,ORD0004536,PROD000160,3,181.18,0.0,543.54,2026-07-05 23:29:14
OI00010003,ORD0004537,PROD000160,1,181.18,0.0,181.18,2026-04-04 00:15:19
OI00010004,ORD0004537,PROD000190,1,270.32,0.0,270.32,2026-04-04 00:15:19
OI00010005,ORD0004537,PROD000068,1,253.43,0.0,253.43,2026-04-04 00:15:19
OI00010006,ORD0004537,PROD000156,2,208.16,0.0,416.32,2026-04-04 00:15:19
OI00010007,ORD0004537,PROD000175,1,395.9,0.0,395.9,2026-04-04 00:15:19
OI00010008,ORD0004538,PROD000160,1,181.18,0.0,181.18,2026-03-30 12:40:53
OI00010009,ORD0004538,PROD000142,1,276.94,41.54,235.4,2026-03-30 12:40:53
OI00010010,ORD0004538,PROD000018,1,6.39,0.0,6.39,2026-03-30 12:40:53
OI00010011,ORD0004539,PROD000010,1,238.36,0.0,238.36,2026-04-26 13:19:08
OI00010012,ORD0004540,PROD000179,4,100.96,40.38,363.46,2026-04-28 09:33:30
OI00010013,ORD0004540,PROD000012,1,374.67,74.93,299.74,2026-04-28 09:33:30
OI00010014,ORD0004541,PROD000053,2,381.96,0.0,763.92,2026-03-24 03:18:57
OI00010015,ORD0004541,PROD000181,2,132.65,26.53,238.77,2026-03-24 03:18:57
OI00010016,ORD0004542,PROD000053,3,381.96,114.59,1031.29,2026-04-21 10:28:50
OI00010017,ORD0004542,PROD000127,1,216.42,0.0,216.42,2026-04-21 10:28:50
OI00010018,ORD0004542,PROD000120,1,200.42,0.0,200.42,2026-04-21 10:28:50
OI00010019,ORD0004543,PROD000143,1,293.11,0.0,293.11,2026-02-22 05:21:29
OI00010020,ORD0004544,PROD000148,1,111.17,0.0,111.17,2026-04-14 13:10:52
OI00010021,ORD0004544,PROD000080,1,288.18,0.0,288.18,2026-04-14 13:10:52
OI00010022,ORD0004545,PROD000018,1,6.39,0.64,5.75,2026-04-14 03:44:32
OI00010023,ORD0004545,PROD000157,3,230.53,0.0,691.59,2026-04-14 03:44:32
OI00010024,ORD0004546,PROD000023,1,69.84,0.0,69.84,2026-03-09 10:48:37
OI00010025,ORD0004546,PROD000114,2,36.68,0.0,73.36,2026-03-09 10:48:37
OI00010026,ORD0004546,PROD000157,2,230.53,0.0,461.06,2026-03-09 10:48:37
OI00010027,ORD0004547,PROD000088,1,381.45,0.0,381.45,2026-06-26 14:04:40
OI00010028,ORD0004547,PROD000003,1,265.29,0.0,265.29,2026-06-26 14:04:40
OI00010029,ORD0004547,PROD000102,2,157.31,15.73,298.89,2026-06-26 14:04:40
OI00010030,ORD0004548,PROD000164,1,179.02,0.0,179.02,2026-02-25 00:34:04
OI00010031,ORD0004548,PROD000065,3,459.64,0.0,1378.92,2026-02-25 00:34:04
OI00010032,ORD0004548,PROD000077,1,172.06,0.0,172.06,2026-02-25 00:34:04
OI00010033,ORD0004549,PROD000175,1,395.9,0.0,395.9,2026-05-26 08:53:19
OI00010034,ORD0004549,PROD000105,1,230.76,0.0,230.76,2026-05-26 08:53:19
OI00010035,ORD0004549,PROD000035,1,197.66,0.0,197.66,2026-05-26 08:53:19
OI00010036,ORD0004550,PROD000200,1,107.97,0.0,107.97,2026-06-18 02:20:11
OI00010037,ORD0004551,PROD000052,2,289.95,0.0,579.9,2026-06-30 04:07:59
OI00010038,ORD0004551,PROD000155,1,67.32,0.0,67.32,2026-06-30 04:07:59
OI00010039,ORD0004552,PROD000183,1,239.94,0.0,239.94,2026-05-16 11:19:41
OI00010040,ORD0004553,PROD000110,1,112.33,0.0,112.33,2026-03-17 14:55:12
OI00010041,ORD0004553,PROD000025,1,337.19,0.0,337.19,2026-03-17 14:55:12
OI00010042,ORD0004554,PROD000138,2,154.12,0.0,308.24,2026-06-19 03:35:19
OI00010043,ORD0004555,PROD000066,1,424.54,63.68,360.86,2026-08-08 10:19:27
OI00010044,ORD0004555,PROD000003,1,265.29,0.0,265.29,2026-08-08 10:19:27
OI00010045,ORD0004556,PROD000006,2,276.33,0.0,552.66,2026-05-14 00:10:12
OI00010046,ORD0004557,PROD000089,4,270.52,0.0,1082.08,2026-06-16 15:00:16
OI00010047,ORD0004557,PROD000013,1,286.54,0.0,286.54,2026-06-16 15:00:16
OI00010048,ORD0004558,PROD000196,1,135.89,6.79,129.1,2026-07-21 13:09:46
OI00010049,ORD0004559,PROD000078,1,44.16,0.0,44.16,2026-03-24 05:56:36
OI00010050,ORD0004559,PROD000188,1,114.4,0.0,114.4,2026-03-24 05:56:36
OI00010051,ORD0004560,PROD000100,1,125.62,0.0,125.62,2026-02-22 12:31:27
OI00010052,ORD0004561,PROD000163,1,379.9,0.0,379.9,2026-06-30 14:27:08
OI00010053,ORD0004562,PROD000111,1,209.32,0.0,209.32,2026-04-09 12:36:16
OI00010054,ORD0004563,PROD000009,1,247.91,0.0,247.91,2026-03-02 20:29:30
OI00010055,ORD0004563,PROD000061,2,85.11,0.0,170.22,2026-03-02 20:29:30
OI00010056,ORD0004563,PROD000184,2,192.54,0.0,385.08,2026-03-02 20:29:30
OI00010057,ORD0004564,PROD000047,1,125.52,0.0,125.52,2026-06-05 19:19:46
OI00010058,ORD0004565,PROD000095,1,317.49,31.75,285.74,2026-07-30 16:44:38
OI00010059,ORD0004565,PROD000177,1,200.82,0.0,200.82,2026-07-30 16:44:38
OI00010060,ORD0004566,PROD000161,1,310.12,0.0,310.12,2026-06-25 03:56:00
OI00010061,ORD0004567,PROD000005,1,219.89,10.99,208.9,2026-02-19 08:41:19
OI00010062,ORD0004567,PROD000080,1,288.18,0.0,288.18,2026-02-19 08:41:19
OI00010063,ORD0004567,PROD000116,1,33.83,0.0,33.83,2026-02-19 08:41:19
OI00010064,ORD0004568,PROD000138,1,154.12,7.71,146.41,2026-05-20 09:25:14
OI00010065,ORD0004568,PROD000116,1,33.83,0.0,33.83,2026-05-20 09:25:14
OI00010066,ORD0004568,PROD000142,1,276.94,0.0,276.94,2026-05-20 09:25:14
OI00010067,ORD0004568,PROD000038,1,84.38,0.0,84.38,2026-05-20 09:25:14
OI00010068,ORD0004568,PROD000179,2,100.96,0.0,201.92,2026-05-20 09:25:14
OI00010069,ORD0004569,PROD000121,2,311.61,0.0,623.22,2026-06-11 08:20:15
OI00010070,ORD0004569,PROD000097,1,119.02,0.0,119.02,2026-06-11 08:20:15
OI00010071,ORD0004570,PROD000160,2,181.18,0.0,362.36,2026-07-29 04:17:55
OI00010072,ORD0004570,PROD000035,3,197.66,118.6,474.38,2026-07-29 04:17:55
OI00010073,ORD0004571,PROD000041,2,287.98,0.0,575.96,2026-03-20 05:09:15
OI00010074,ORD0004571,PROD000181,4,132.65,0.0,530.6,2026-03-20 05:09:15
OI00010075,ORD0004571,PROD000185,1,186.5,0.0,186.5,2026-03-20 05:09:15
OI00010076,ORD0004572,PROD000031,2,62.29,0.0,124.58,2026-06-06 01:03:40
OI00010077,ORD0004572,PROD000008,1,181.13,0.0,181.13,2026-06-06 01:03:40
OI00010078,ORD0004573,PROD000037,1,48.34,0.0,48.34,2026-07-16 05:44:31
OI00010079,ORD0004574,PROD000154,1,57.2,11.44,45.76,2026-06-19 04:13:59
OI00010080,ORD0004575,PROD000062,1,129.94,19.49,110.45,2026-06-14 12:54:10
OI00010081,ORD0004575,PROD000110,1,112.33,5.62,106.71,2026-06-14 12:54:10
OI00010082,ORD0004575,PROD000171,2,118.83,0.0,237.66,2026-06-14 12:54:10
OI00010083,ORD0004576,PROD000152,1,68.44,0.0,68.44,2026-07-31 02:27:38
OI00010084,ORD0004577,PROD000003,1,265.29,0.0,265.29,2026-08-14 02:45:28
OI00010085,ORD0004577,PROD000007,1,255.16,0.0,255.16,2026-08-14 02:45:28
OI00010086,ORD0004578,PROD000034,1,376.06,56.41,319.65,2026-03-27 00:24:18
OI00010087,ORD0004578,PROD000139,1,48.21,0.0,48.21,2026-03-27 00:24:18
OI00010088,ORD0004578,PROD000133,1,7.24,0.0,7.24,2026-03-27 00:24:18
OI00010089,ORD0004578,PROD000185,2,186.5,37.3,335.7,2026-03-27 00:24:18
OI00010090,ORD0004579,PROD000117,1,96.57,0.0,96.57,2026-04-24 00:01:51
OI00010091,ORD0004579,PROD000150,1,121.83,0.0,121.83,2026-04-24 00:01:51
OI00010092,ORD0004580,PROD000104,2,219.63,21.96,417.3,2026-03-07 04:58:05
OI00010093,ORD0004581,PROD000141,2,54.3,0.0,108.6,2026-06-21 20:01:56
OI00010094,ORD0004581,PROD000026,2,165.8,33.16,298.44,2026-06-21 20:01:56
OI00010095,ORD0004581,PROD000137,2,16.14,1.61,30.67,2026-06-21 20:01:56
OI00010096,ORD0004582,PROD000039,1,318.97,0.0,318.97,2026-04-18 16:33:23
OI00010097,ORD0004583,PROD000113,2,295.97,0.0,591.94,2026-05-27 16:59:59
OI00010098,ORD0004584,PROD000121,2,311.61,62.32,560.9,2026-05-19 18:32:49
OI00010099,ORD0004584,PROD000038,1,84.38,0.0,84.38,2026-05-19 18:32:49
OI00010100,ORD0004584,PROD000103,2,30.32,0.0,60.64,2026-05-19 18:32:49
OI00010101,ORD0004584,PROD000061,1,85.11,0.0,85.11,2026-05-19 18:32:49
OI00010102,ORD0004585,PROD000164,2,179.02,0.0,358.04,2026-07-14 09:37:53
OI00010103,ORD0004586,PROD000103,3,30.32,9.1,81.86,2026-04-21 20:35:13
OI00010104,ORD0004586,PROD000086,2,216.37,0.0,432.74,2026-04-21 20:35:13
OI00010105,ORD0004586,PROD000095,1,317.49,0.0,317.49,2026-04-21 20:35:13
OI00010106,ORD0004586,PROD000186,1,106.06,10.61,95.45,2026-04-21 20:35:13
OI00010107,ORD0004587,PROD000139,2,48.21,9.64,86.78,2026-06-23 16:41:48
OI00010108,ORD0004587,PROD000052,2,289.95,0.0,579.9,2026-06-23 16:41:48
OI00010109,ORD0004587,PROD000088,1,381.45,0.0,381.45,2026-06-23 16:41:48
OI00010110,ORD0004587,PROD000095,1,317.49,0.0,317.49,2026-06-23 16:41:48
OI00010111,ORD0004587,PROD000198,2,307.49,0.0,614.98,2026-06-23 16:41:48
OI00010112,ORD0004588,PROD000012,3,374.67,0.0,1124.01,2026-03-22 14:12:04
OI00010113,ORD0004588,PROD000040,4,202.37,0.0,809.48,2026-03-22 14:12:04
OI00010114,ORD0004588,PROD000004,4,71.87,14.37,273.11,2026-03-22 14:12:04
OI00010115,ORD0004589,PROD000124,2,396.34,0.0,792.68,2026-03-08 08:13:19
OI00010116,ORD0004589,PROD000106,2,13.25,0.0,26.5,2026-03-08 08:13:19
OI00010117,ORD0004590,PROD000002,1,68.17,0.0,68.17,2026-04-19 06:35:57
OI00010118,ORD0004590,PROD000073,2,9.42,0.0,18.84,2026-04-19 06:35:57
OI00010119,ORD0004590,PROD000099,2,244.63,0.0,489.26,2026-04-19 06:35:57
OI00010120,ORD0004590,PROD000177,2,200.82,40.16,361.48,2026-04-19 06:35:57
OI00010121,ORD0004590,PROD000140,1,156.23,7.81,148.42,2026-04-19 06:35:57
OI00010122,ORD0004591,PROD000104,1,219.63,43.93,175.7,2026-07-18 01:22:53
OI00010123,ORD0004592,PROD000112,1,76.78,0.0,76.78,2026-07-24 20:09:29
OI00010124,ORD0004592,PROD000038,2,84.38,0.0,168.76,2026-07-24 20:09:29
OI00010125,ORD0004593,PROD000014,1,171.48,25.72,145.76,2026-07-20 17:57:12
OI00010126,ORD0004594,PROD000023,1,69.84,0.0,69.84,2026-08-03 11:43:57
OI00010127,ORD0004595,PROD000019,1,64.3,3.21,61.09,2026-08-11 13:38:28
OI00010128,ORD0004596,PROD000047,1,125.52,18.83,106.69,2026-07-13 13:24:31
OI00010129,ORD0004596,PROD000193,2,322.33,0.0,644.66,2026-07-13 13:24:31
OI00010130,ORD0004597,PROD000189,2,184.49,0.0,368.98,2026-06-03 05:07:21
OI00010131,ORD0004597,PROD000136,1,248.42,0.0,248.42,2026-06-03 05:07:21
OI00010132,ORD0004598,PROD000136,1,248.42,0.0,248.42,2026-03-02 10:54:09
OI00010133,ORD0004599,PROD000055,1,324.24,0.0,324.24,2026-08-14 21:06:39
OI00010134,ORD0004600,PROD000052,1,289.95,0.0,289.95,2026-03-18 22:51:28
OI00010135,ORD0004600,PROD000023,1,69.84,0.0,69.84,2026-03-18 22:51:28
OI00010136,ORD0004601,PROD000103,2,30.32,0.0,60.64,2026-05-29 23:05:17
OI00010137,ORD0004601,PROD000136,1,248.42,0.0,248.42,2026-05-29 23:05:17
OI00010138,ORD0004602,PROD000102,1,157.31,0.0,157.31,2026-03-01 18:38:54
OI00010139,ORD0004603,PROD000015,1,74.75,0.0,74.75,2026-06-13 00:22:21
OI00010140,ORD0004603,PROD000003,1,265.29,39.79,225.5,2026-06-13 00:22:21
OI00010141,ORD0004603,PROD000081,4,267.87,53.57,1017.91,2026-06-13 00:22:21
OI00010142,ORD0004603,PROD000135,1,106.79,21.36,85.43,2026-06-13 00:22:21
OI00010143,ORD0004604,PROD000019,1,64.3,0.0,64.3,2026-04-06 14:06:59
OI00010144,ORD0004604,PROD000010,1,238.36,0.0,238.36,2026-04-06 14:06:59
OI00010145,ORD0004605,PROD000092,1,90.01,0.0,90.01,2026-08-08 03:08:55
OI00010146,ORD0004606,PROD000107,3,128.32,0.0,384.96,2026-04-06 08:35:42
OI00010147,ORD0004606,PROD000037,1,48.34,0.0,48.34,2026-04-06 08:35:42
OI00010148,ORD0004607,PROD000069,2,332.4,0.0,664.8,2026-04-29 12:39:01
OI00010149,ORD0004607,PROD000046,1,353.88,0.0,353.88,2026-04-29 12:39:01
OI00010150,ORD0004608,PROD000051,1,128.31,0.0,128.31,2026-08-14 17:56:57
OI00010151,ORD0004608,PROD000092,1,90.01,0.0,90.01,2026-08-14 17:56:57
OI00010152,ORD0004609,PROD000176,2,395.87,0.0,791.74,2026-07-07 12:15:06
OI00010153,ORD0004609,PROD000158,1,391.88,39.19,352.69,2026-07-07 12:15:06
OI00010154,ORD0004610,PROD000009,1,247.91,0.0,247.91,2026-06-12 17:12:29
OI00010155,ORD0004610,PROD000147,2,359.37,0.0,718.74,2026-06-12 17:12:29
OI00010156,ORD0004611,PROD000105,4,230.76,92.3,830.74,2026-03-18 04:54:57
OI00010157,ORD0004611,PROD000075,1,10.1,0.0,10.1,2026-03-18 04:54:57
OI00010158,ORD0004612,PROD000033,2,240.82,0.0,481.64,2026-07-31 02:32:18
OI00010159,ORD0004612,PROD000002,1,68.17,0.0,68.17,2026-07-31 02:32:18
OI00010160,ORD0004612,PROD000042,2,358.03,0.0,716.06,2026-07-31 02:32:18
OI00010161,ORD0004612,PROD000039,1,318.97,0.0,318.97,2026-07-31 02:32:18
OI00010162,ORD0004613,PROD000189,3,184.49,0.0,553.47,2026-07-01 09:22:08
OI00010163,ORD0004614,PROD000002,1,68.17,0.0,68.17,2026-06-07 21:44:29
OI00010164,ORD0004614,PROD000176,2,395.87,0.0,791.74,2026-06-07 21:44:29
OI00010165,ORD0004615,PROD000121,2,311.61,0.0,623.22,2026-03-11 16:39:45
OI00010166,ORD0004615,PROD000200,2,107.97,0.0,215.94,2026-03-11 16:39:45
OI00010167,ORD0004615,PROD000016,1,373.26,0.0,373.26,2026-03-11 16:39:45
OI00010168,ORD0004616,PROD000159,4,90.28,0.0,361.12,2026-08-11 19:25:44
OI00010169,ORD0004617,PROD000031,1,62.29,9.34,52.95,2026-03-09 14:10:01
OI00010170,ORD0004618,PROD000188,1,114.4,22.88,91.52,2026-08-05 22:40:06
OI00010171,ORD0004618,PROD000126,3,5.66,0.0,16.98,2026-08-05 22:40:06
OI00010172,ORD0004619,PROD000037,1,48.34,2.42,45.92,2026-07-03 21:15:20
OI00010173,ORD0004620,PROD000168,1,433.94,0.0,433.94,2026-04-22 16:37:46
OI00010174,ORD0004620,PROD000005,1,219.89,0.0,219.89,2026-04-22 16:37:46
OI00010175,ORD0004620,PROD000125,3,169.29,0.0,507.87,2026-04-22 16:37:46
OI00010176,ORD0004621,PROD000193,2,322.33,0.0,644.66,2026-06-30 12:00:11
OI00010177,ORD0004622,PROD000069,1,332.4,0.0,332.4,2026-08-10 21:04:18
OI00010178,ORD0004622,PROD000108,1,87.18,0.0,87.18,2026-08-10 21:04:18
OI00010179,ORD0004622,PROD000030,1,113.9,0.0,113.9,2026-08-10 21:04:18
OI00010180,ORD0004623,PROD000194,1,99.76,0.0,99.76,2026-08-05 14:57:37
OI00010181,ORD0004623,PROD000095,1,317.49,0.0,317.49,2026-08-05 14:57:37
OI00010182,ORD0004623,PROD000042,1,358.03,0.0,358.03,2026-08-05 14:57:37
OI00010183,ORD0004624,PROD000061,1,85.11,0.0,85.11,2026-05-23 09:45:04
OI00010184,ORD0004624,PROD000126,1,5.66,0.57,5.09,2026-05-23 09:45:04
OI00010185,ORD0004624,PROD000005,1,219.89,21.99,197.9,2026-05-23 09:45:04
OI00010186,ORD0004624,PROD000163,2,379.9,0.0,759.8,2026-05-23 09:45:04
OI00010187,ORD0004625,PROD000051,2,128.31,0.0,256.62,2026-04-16 10:36:57
OI00010188,ORD0004625,PROD000197,1,191.33,0.0,191.33,2026-04-16 10:36:57
OI00010189,ORD0004625,PROD000036,1,22.66,4.53,18.13,2026-04-16 10:36:57
OI00010190,ORD0004626,PROD000170,3,39.7,0.0,119.1,2026-05-04 22:50:34
OI00010191,ORD0004627,PROD000158,2,391.88,0.0,783.76,2026-02-28 04:03:24
OI00010192,ORD0004628,PROD000133,1,7.24,0.0,7.24,2026-05-24 03:25:04
OI00010193,ORD0004628,PROD000037,2,48.34,19.34,77.34,2026-05-24 03:25:04
OI00010194,ORD0004628,PROD000114,1,36.68,3.67,33.01,2026-05-24 03:25:04
OI00010195,ORD0004629,PROD000155,2,67.32,0.0,134.64,2026-03-25 16:49:56
OI00010196,ORD0004629,PROD000169,4,53.52,0.0,214.08,2026-03-25 16:49:56
OI00010197,ORD0004630,PROD000056,3,23.5,0.0,70.5,2026-08-01 03:06:34
OI00010198,ORD0004630,PROD000029,1,12.47,1.25,11.22,2026-08-01 03:06:34
OI00010199,ORD0004630,PROD000110,2,112.33,0.0,224.66,2026-08-01 03:06:34
OI00010200,ORD0004631,PROD000008,1,181.13,0.0,181.13,2026-07-17 09:23:15
OI00010201,ORD0004631,PROD000093,1,51.13,5.11,46.02,2026-07-17 09:23:15
OI00010202,ORD0004631,PROD000114,2,36.68,0.0,73.36,2026-07-17 09:23:15
OI00010203,ORD0004632,PROD000185,2,186.5,0.0,373.0,2026-05-27 10:56:11
OI00010204,ORD0004632,PROD000010,1,238.36,0.0,238.36,2026-05-27 10:56:11
OI00010205,ORD0004633,PROD000006,1,276.33,0.0,276.33,2026-06-07 12:59:01
OI00010206,ORD0004634,PROD000077,3,172.06,0.0,516.18,2026-02-17 07:39:51
OI00010207,ORD0004635,PROD000094,1,170.67,8.53,162.14,2026-06-10 14:51:08
OI00010208,ORD0004635,PROD000074,2,260.67,0.0,521.34,2026-06-10 14:51:08
OI00010209,ORD0004636,PROD000026,3,165.8,0.0,497.4,2026-04-03 07:50:29
OI00010210,ORD0004636,PROD000177,2,200.82,40.16,361.48,2026-04-03 07:50:29
OI00010211,ORD0004637,PROD000104,3,219.63,0.0,658.89,2026-06-05 02:05:36
OI00010212,ORD0004637,PROD000105,1,230.76,11.54,219.22,2026-06-05 02:05:36
OI00010213,ORD0004637,PROD000059,1,368.8,0.0,368.8,2026-06-05 02:05:36
OI00010214,ORD0004638,PROD000174,2,225.67,45.13,406.21,2026-07-17 01:42:34
OI00010215,ORD0004638,PROD000085,1,36.94,1.85,35.09,2026-07-17 01:42:34
OI00010216,ORD0004638,PROD000028,2,209.71,0.0,419.42,2026-07-17 01:42:34
OI00010217,ORD0004639,PROD000026,3,165.8,0.0,497.4,2026-03-24 11:00:43
OI00010218,ORD0004639,PROD000088,4,381.45,0.0,1525.8,2026-03-24 11:00:43
OI00010219,ORD0004639,PROD000052,1,289.95,0.0,289.95,2026-03-24 11:00:43
OI00010220,ORD0004639,PROD000188,2,114.4,0.0,228.8,2026-03-24 11:00:43
OI00010221,ORD0004640,PROD000012,1,374.67,37.47,337.2,2026-07-25 13:18:10
OI00010222,ORD0004640,PROD000153,1,46.39,0.0,46.39,2026-07-25 13:18:10
OI00010223,ORD0004640,PROD000136,2,248.42,0.0,496.84,2026-07-25 13:18:10
OI00010224,ORD0004641,PROD000018,1,6.39,0.0,6.39,2026-08-02 20:47:21
OI00010225,ORD0004642,PROD000179,2,100.96,0.0,201.92,2026-06-14 12:34:42
OI00010226,ORD0004642,PROD000023,3,69.84,0.0,209.52,2026-06-14 12:34:42
OI00010227,ORD0004642,PROD000121,1,311.61,15.58,296.03,2026-06-14 12:34:42
OI00010228,ORD0004643,PROD000111,2,209.32,62.8,355.84,2026-04-17 09:14:58
OI00010229,ORD0004643,PROD000018,1,6.39,0.0,6.39,2026-04-17 09:14:58
OI00010230,ORD0004643,PROD000025,3,337.19,0.0,1011.57,2026-04-17 09:14:58
OI00010231,ORD0004643,PROD000129,1,280.22,42.03,238.19,2026-04-17 09:14:58
OI00010232,ORD0004643,PROD000160,1,181.18,9.06,172.12,2026-04-17 09:14:58
OI00010233,ORD0004644,PROD000107,3,128.32,0.0,384.96,2026-04-21 03:44:19
OI00010234,ORD0004644,PROD000033,2,240.82,48.16,433.48,2026-04-21 03:44:19
OI00010235,ORD0004644,PROD000071,1,259.22,12.96,246.26,2026-04-21 03:44:19
OI00010236,ORD0004644,PROD000094,1,170.67,8.53,162.14,2026-04-21 03:44:19
OI00010237,ORD0004645,PROD000164,1,179.02,0.0,179.02,2026-08-11 04:07:44
OI00010238,ORD0004646,PROD000106,2,13.25,0.0,26.5,2026-02-18 15:59:31
OI00010239,ORD0004646,PROD000146,1,237.64,35.65,201.99,2026-02-18 15:59:31
OI00010240,ORD0004647,PROD000081,1,267.87,0.0,267.87,2026-07-29 03:27:18
OI00010241,ORD0004647,PROD000083,1,119.55,11.96,107.59,2026-07-29 03:27:18
OI00010242,ORD0004648,PROD000030,3,113.9,0.0,341.7,2026-03-24 13:16:50
OI00010243,ORD0004648,PROD000117,2,96.57,9.66,183.48,2026-03-24 13:16:50
OI00010244,ORD0004649,PROD000170,1,39.7,0.0,39.7,2026-03-29 01:17:33
OI00010245,ORD0004650,PROD000053,1,381.96,19.1,362.86,2026-07-26 00:48:14
OI00010246,ORD0004650,PROD000062,1,129.94,25.99,103.95,2026-07-26 00:48:14
OI00010247,ORD0004651,PROD000097,3,119.02,0.0,357.06,2026-03-10 00:31:07
OI00010248,ORD0004651,PROD000120,2,200.42,20.04,380.8,2026-03-10 00:31:07
OI00010249,ORD0004651,PROD000158,2,391.88,0.0,783.76,2026-03-10 00:31:07
OI00010250,ORD0004652,PROD000161,1,310.12,0.0,310.12,2026-06-11 07:33:02
OI00010251,ORD0004652,PROD000124,1,396.34,0.0,396.34,2026-06-11 07:33:02
OI00010252,ORD0004653,PROD000121,2,311.61,0.0,623.22,2026-04-04 09:31:41
OI00010253,ORD0004654,PROD000099,1,244.63,0.0,244.63,2026-07-16 11:59:17
OI00010254,ORD0004655,PROD000081,1,267.87,26.79,241.08,2026-07-15 08:49:58
OI00010255,ORD0004656,PROD000120,4,200.42,0.0,801.68,2026-04-12 16:48:56
OI00010256,ORD0004656,PROD000008,1,181.13,0.0,181.13,2026-04-12 16:48:56
OI00010257,ORD0004657,PROD000180,1,443.88,0.0,443.88,2026-07-12 02:43:29
OI00010258,ORD0004658,PROD000022,1,302.51,30.25,272.26,2026-05-27 19:16:02
OI00010259,ORD0004658,PROD000144,3,398.95,0.0,1196.85,2026-05-27 19:16:02
OI00010260,ORD0004658,PROD000080,1,288.18,14.41,273.77,2026-05-27 19:16:02
OI00010261,ORD0004659,PROD000200,1,107.97,0.0,107.97,2026-03-21 10:14:53
OI00010262,ORD0004659,PROD000138,1,154.12,0.0,154.12,2026-03-21 10:14:53
OI00010263,ORD0004660,PROD000025,1,337.19,67.44,269.75,2026-06-05 16:21:52
OI00010264,ORD0004660,PROD000111,1,209.32,0.0,209.32,2026-06-05 16:21:52
OI00010265,ORD0004660,PROD000176,2,395.87,0.0,791.74,2026-06-05 16:21:52
OI00010266,ORD0004661,PROD000099,3,244.63,0.0,733.89,2026-03-27 22:28:45
OI00010267,ORD0004661,PROD000089,2,270.52,0.0,541.04,2026-03-27 22:28:45
OI00010268,ORD0004661,PROD000074,4,260.67,52.13,990.55,2026-03-27 22:28:45
OI00010269,ORD0004662,PROD000035,2,197.66,0.0,395.32,2026-04-16 13:45:00
OI00010270,ORD0004662,PROD000007,2,255.16,0.0,510.32,2026-04-16 13:45:00
OI00010271,ORD0004663,PROD000124,2,396.34,0.0,792.68,2026-02-27 14:37:28
OI00010272,ORD0004663,PROD000022,1,302.51,15.13,287.38,2026-02-27 14:37:28
OI00010273,ORD0004663,PROD000188,2,114.4,0.0,228.8,2026-02-27 14:37:28
OI00010274,ORD0004663,PROD000042,1,358.03,0.0,358.03,2026-02-27 14:37:28
OI00010275,ORD0004664,PROD000070,2,251.87,25.19,478.55,2026-06-12 18:23:19
OI00010276,ORD0004664,PROD000152,4,68.44,27.38,246.38,2026-06-12 18:23:19
OI00010277,ORD0004664,PROD000150,1,121.83,0.0,121.83,2026-06-12 18:23:19
OI00010278,ORD0004665,PROD000138,1,154.12,15.41,138.71,2026-04-26 22:10:53
OI00010279,ORD0004665,PROD000060,2,313.56,0.0,627.12,2026-04-26 22:10:53
OI00010280,ORD0004665,PROD000030,1,113.9,0.0,113.9,2026-04-26 22:10:53
OI00010281,ORD0004665,PROD000127,2,216.42,0.0,432.84,2026-04-26 22:10:53
OI00010282,ORD0004665,PROD000130,1,251.9,0.0,251.9,2026-04-26 22:10:53
OI00010283,ORD0004666,PROD000106,1,13.25,0.0,13.25,2026-04-24 20:29:22
OI00010284,ORD0004667,PROD000084,1,172.79,0.0,172.79,2026-02-18 20:46:59
OI00010285,ORD0004668,PROD000077,1,172.06,0.0,172.06,2026-04-25 03:50:35
OI00010286,ORD0004669,PROD000161,1,310.12,15.51,294.61,2026-04-03 16:40:18
OI00010287,ORD0004669,PROD000066,1,424.54,0.0,424.54,2026-04-03 16:40:18
OI00010288,ORD0004670,PROD000015,1,74.75,0.0,74.75,2026-02-26 13:11:09
OI00010289,ORD0004670,PROD000059,1,368.8,0.0,368.8,2026-02-26 13:11:09
OI00010290,ORD0004671,PROD000065,1,459.64,0.0,459.64,2026-07-23 21:56:15
OI00010291,ORD0004671,PROD000100,1,125.62,0.0,125.62,2026-07-23 21:56:15
OI00010292,ORD0004671,PROD000146,1,237.64,0.0,237.64,2026-07-23 21:56:15
OI00010293,ORD0004672,PROD000028,1,209.71,0.0,209.71,2026-03-11 05:32:43
OI00010294,ORD0004672,PROD000027,2,174.59,0.0,349.18,2026-03-11 05:32:43
OI00010295,ORD0004672,PROD000174,1,225.67,0.0,225.67,2026-03-11 05:32:43
OI00010296,ORD0004673,PROD000045,1,70.0,0.0,70.0,2026-04-19 18:22:24
OI00010297,ORD0004673,PROD000144,4,398.95,239.37,1356.43,2026-04-19 18:22:24
OI00010298,ORD0004674,PROD000088,1,381.45,0.0,381.45,2026-07-13 21:31:29
OI00010299,ORD0004674,PROD000049,3,343.12,0.0,1029.36,2026-07-13 21:31:29
OI00010300,ORD0004675,PROD000073,1,9.42,0.0,9.42,2026-07-26 21:13:27
OI00010301,ORD0004675,PROD000117,2,96.57,0.0,193.14,2026-07-26 21:13:27
OI00010302,ORD0004675,PROD000065,3,459.64,68.95,1309.97,2026-07-26 21:13:27
OI00010303,ORD0004676,PROD000152,2,68.44,0.0,136.88,2026-03-19 20:16:46
OI00010304,ORD0004676,PROD000186,1,106.06,0.0,106.06,2026-03-19 20:16:46
OI00010305,ORD0004677,PROD000184,1,192.54,0.0,192.54,2026-03-18 05:40:41
OI00010306,ORD0004677,PROD000115,2,66.23,19.87,112.59,2026-03-18 05:40:41
OI00010307,ORD0004677,PROD000192,1,122.14,0.0,122.14,2026-03-18 05:40:41
OI00010308,ORD0004677,PROD000090,1,82.64,0.0,82.64,2026-03-18 05:40:41
OI00010309,ORD0004677,PROD000193,1,322.33,16.12,306.21,2026-03-18 05:40:41
OI00010310,ORD0004678,PROD000018,1,6.39,0.96,5.43,2026-08-03 20:47:41
OI00010311,ORD0004678,PROD000041,1,287.98,14.4,273.58,2026-08-03 20:47:41
OI00010312,ORD0004678,PROD000088,1,381.45,0.0,381.45,2026-08-03 20:47:41
OI00010313,ORD0004678,PROD000174,2,225.67,0.0,451.34,2026-08-03 20:47:41
OI00010314,ORD0004679,PROD000137,1,16.14,0.0,16.14,2026-02-20 00:39:33
OI00010315,ORD0004679,PROD000051,2,128.31,0.0,256.62,2026-02-20 00:39:33
OI00010316,ORD0004680,PROD000101,1,140.13,0.0,140.13,2026-06-03 07:11:43
OI00010317,ORD0004680,PROD000062,1,129.94,6.5,123.44,2026-06-03 07:11:43
OI00010318,ORD0004680,PROD000120,1,200.42,0.0,200.42,2026-06-03 07:11:43
OI00010319,ORD0004681,PROD000159,1,90.28,0.0,90.28,2026-05-21 06:10:06
OI00010320,ORD0004681,PROD000121,1,311.61,0.0,311.61,2026-05-21 06:10:06
OI00010321,ORD0004682,PROD000123,1,410.86,0.0,410.86,2026-06-01 01:06:34
OI00010322,ORD0004683,PROD000070,3,251.87,0.0,755.61,2026-08-03 16:25:46
OI00010323,ORD0004683,PROD000180,1,443.88,66.58,377.3,2026-08-03 16:25:46
OI00010324,ORD0004683,PROD000002,1,68.17,3.41,64.76,2026-08-03 16:25:46
OI00010325,ORD0004684,PROD000105,1,230.76,34.61,196.15,2026-06-05 12:37:38
OI00010326,ORD0004685,PROD000008,1,181.13,0.0,181.13,2026-03-01 16:16:42
OI00010327,ORD0004685,PROD000192,1,122.14,0.0,122.14,2026-03-01 16:16:42
OI00010328,ORD0004685,PROD000097,1,119.02,0.0,119.02,2026-03-01 16:16:42
OI00010329,ORD0004686,PROD000016,2,373.26,0.0,746.52,2026-06-28 05:52:04
OI00010330,ORD0004686,PROD000081,1,267.87,0.0,267.87,2026-06-28 05:52:04
OI00010331,ORD0004687,PROD000162,2,85.74,25.72,145.76,2026-02-23 15:46:29
OI00010332,ORD0004687,PROD000127,1,216.42,0.0,216.42,2026-02-23 15:46:29
OI00010333,ORD0004687,PROD000095,1,317.49,0.0,317.49,2026-02-23 15:46:29
OI00010334,ORD0004688,PROD000018,2,6.39,2.56,10.22,2026-05-03 22:32:04
OI00010335,ORD0004688,PROD000111,2,209.32,0.0,418.64,2026-05-03 22:32:04
OI00010336,ORD0004688,PROD000055,4,324.24,0.0,1296.96,2026-05-03 22:32:04
OI00010337,ORD0004689,PROD000169,3,53.52,0.0,160.56,2026-04-16 23:27:05
OI00010338,ORD0004690,PROD000143,1,293.11,0.0,293.11,2026-03-30 13:09:35
OI00010339,ORD0004690,PROD000071,1,259.22,0.0,259.22,2026-03-30 13:09:35
OI00010340,ORD0004690,PROD000192,2,122.14,0.0,244.28,2026-03-30 13:09:35
OI00010341,ORD0004691,PROD000119,1,93.67,0.0,93.67,2026-05-27 10:48:31
OI00010342,ORD0004692,PROD000014,1,171.48,0.0,171.48,2026-05-30 11:17:04
OI00010343,ORD0004692,PROD000071,1,259.22,25.92,233.3,2026-05-30 11:17:04
OI00010344,ORD0004692,PROD000188,1,114.4,0.0,114.4,2026-05-30 11:17:04
OI00010345,ORD0004692,PROD000192,1,122.14,0.0,122.14,2026-05-30 11:17:04
OI00010346,ORD0004693,PROD000019,1,64.3,0.0,64.3,2026-08-05 03:38:28
OI00010347,ORD0004693,PROD000059,1,368.8,0.0,368.8,2026-08-05 03:38:28
OI00010348,ORD0004693,PROD000084,1,172.79,0.0,172.79,2026-08-05 03:38:28
OI00010349,ORD0004694,PROD000108,4,87.18,69.74,278.98,2026-05-26 22:22:04
OI00010350,ORD0004695,PROD000154,1,57.2,8.58,48.62,2026-03-31 01:19:39
OI00010351,ORD0004696,PROD000105,2,230.76,46.15,415.37,2026-02-17 11:56:14
OI00010352,ORD0004697,PROD000181,1,132.65,0.0,132.65,2026-05-01 04:53:53
OI00010353,ORD0004698,PROD000174,1,225.67,0.0,225.67,2026-04-03 12:03:15
OI00010354,ORD0004698,PROD000017,1,177.67,0.0,177.67,2026-04-03 12:03:15
OI00010355,ORD0004698,PROD000066,1,424.54,0.0,424.54,2026-04-03 12:03:15
OI00010356,ORD0004699,PROD000035,1,197.66,0.0,197.66,2026-04-21 13:55:19
OI00010357,ORD0004699,PROD000141,2,54.3,0.0,108.6,2026-04-21 13:55:19
OI00010358,ORD0004700,PROD000046,1,353.88,35.39,318.49,2026-06-22 00:23:37
OI00010359,ORD0004701,PROD000137,2,16.14,0.0,32.28,2026-07-17 21:16:41
OI00010360,ORD0004701,PROD000175,1,395.9,79.18,316.72,2026-07-17 21:16:41
OI00010361,ORD0004702,PROD000127,1,216.42,43.28,173.14,2026-03-07 04:12:20
OI00010362,ORD0004702,PROD000030,1,113.9,0.0,113.9,2026-03-07 04:12:20
OI00010363,ORD0004702,PROD000115,2,66.23,0.0,132.46,2026-03-07 04:12:20
OI00010364,ORD0004702,PROD000089,1,270.52,0.0,270.52,2026-03-07 04:12:20
OI00010365,ORD0004702,PROD000014,1,171.48,0.0,171.48,2026-03-07 04:12:20
OI00010366,ORD0004703,PROD000084,1,172.79,0.0,172.79,2026-07-15 09:21:15
OI00010367,ORD0004704,PROD000176,1,395.87,0.0,395.87,2026-03-22 20:17:40
OI00010368,ORD0004704,PROD000179,2,100.96,0.0,201.92,2026-03-22 20:17:40
OI00010369,ORD0004704,PROD000156,1,208.16,0.0,208.16,2026-03-22 20:17:40
OI00010370,ORD0004705,PROD000192,1,122.14,24.43,97.71,2026-03-24 16:10:12
OI00010371,ORD0004705,PROD000170,1,39.7,0.0,39.7,2026-03-24 16:10:12
OI00010372,ORD0004705,PROD000106,1,13.25,1.32,11.93,2026-03-24 16:10:12
OI00010373,ORD0004706,PROD000008,1,181.13,0.0,181.13,2026-05-15 10:33:59
OI00010374,ORD0004707,PROD000008,1,181.13,0.0,181.13,2026-07-04 00:03:43
OI00010375,ORD0004707,PROD000100,2,125.62,0.0,251.24,2026-07-04 00:03:43
OI00010376,ORD0004708,PROD000059,3,368.8,110.64,995.76,2026-07-27 14:12:27
OI00010377,ORD0004708,PROD000153,1,46.39,0.0,46.39,2026-07-27 14:12:27
OI00010378,ORD0004708,PROD000009,2,247.91,49.58,446.24,2026-07-27 14:12:27
OI00010379,ORD0004709,PROD000176,2,395.87,0.0,791.74,2026-03-22 10:54:15
OI00010380,ORD0004709,PROD000141,2,54.3,0.0,108.6,2026-03-22 10:54:15
OI00010381,ORD0004710,PROD000116,1,33.83,0.0,33.83,2026-05-24 01:42:00
OI00010382,ORD0004711,PROD000057,1,282.26,0.0,282.26,2026-04-04 21:20:12
OI00010383,ORD0004712,PROD000102,2,157.31,0.0,314.62,2026-03-03 06:00:03
OI00010384,ORD0004712,PROD000004,1,71.87,0.0,71.87,2026-03-03 06:00:03
OI00010385,ORD0004712,PROD000186,4,106.06,0.0,424.24,2026-03-03 06:00:03
OI00010386,ORD0004712,PROD000029,3,12.47,0.0,37.41,2026-03-03 06:00:03
OI00010387,ORD0004713,PROD000071,1,259.22,12.96,246.26,2026-03-23 20:08:22
OI00010388,ORD0004713,PROD000173,1,269.92,13.5,256.42,2026-03-23 20:08:22
OI00010389,ORD0004714,PROD000181,1,132.65,0.0,132.65,2026-08-07 06:12:50
OI00010390,ORD0004714,PROD000055,1,324.24,0.0,324.24,2026-08-07 06:12:50
OI00010391,ORD0004715,PROD000074,3,260.67,0.0,782.01,2026-06-20 22:46:37
OI00010392,ORD0004715,PROD000084,2,172.79,0.0,345.58,2026-06-20 22:46:37
OI00010393,ORD0004715,PROD000141,1,54.3,0.0,54.3,2026-06-20 22:46:37
OI00010394,ORD0004715,PROD000186,2,106.06,21.21,190.91,2026-06-20 22:46:37
OI00010395,ORD0004716,PROD000137,1,16.14,3.23,12.91,2026-02-20 10:46:53
OI00010396,ORD0004716,PROD000150,1,121.83,0.0,121.83,2026-02-20 10:46:53
OI00010397,ORD0004716,PROD000086,1,216.37,0.0,216.37,2026-02-20 10:46:53
OI00010398,ORD0004717,PROD000143,1,293.11,0.0,293.11,2026-06-11 21:19:14
OI00010399,ORD0004717,PROD000194,1,99.76,0.0,99.76,2026-06-11 21:19:14
OI00010400,ORD0004717,PROD000012,1,374.67,0.0,374.67,2026-06-11 21:19:14
OI00010401,ORD0004718,PROD000030,1,113.9,5.7,108.2,2026-06-02 15:20:03
OI00010402,ORD0004719,PROD000126,1,5.66,0.57,5.09,2026-06-18 04:48:57
OI00010403,ORD0004719,PROD000179,1,100.96,5.05,95.91,2026-06-18 04:48:57
OI00010404,ORD0004719,PROD000066,1,424.54,0.0,424.54,2026-06-18 04:48:57
OI00010405,ORD0004720,PROD000034,1,376.06,0.0,376.06,2026-06-07 04:55:00
OI00010406,ORD0004721,PROD000004,1,71.87,0.0,71.87,2026-03-21 10:33:29
OI00010407,ORD0004721,PROD000005,1,219.89,21.99,197.9,2026-03-21 10:33:29
OI00010408,ORD0004722,PROD000162,1,85.74,0.0,85.74,2026-04-04 02:15:38
OI00010409,ORD0004722,PROD000114,2,36.68,0.0,73.36,2026-04-04 02:15:38
OI00010410,ORD0004723,PROD000124,3,396.34,0.0,1189.02,2026-05-25 07:57:47
OI00010411,ORD0004723,PROD000017,1,177.67,0.0,177.67,2026-05-25 07:57:47
OI00010412,ORD0004723,PROD000057,2,282.26,0.0,564.52,2026-05-25 07:57:47
OI00010413,ORD0004724,PROD000068,3,253.43,0.0,760.29,2026-03-29 11:13:34
OI00010414,ORD0004725,PROD000008,2,181.13,0.0,362.26,2026-07-31 02:18:46
OI00010415,ORD0004726,PROD000126,1,5.66,0.0,5.66,2026-07-13 12:55:32
OI00010416,ORD0004727,PROD000120,1,200.42,0.0,200.42,2026-03-31 16:22:25
OI00010417,ORD0004727,PROD000002,2,68.17,6.82,129.52,2026-03-31 16:22:25
OI00010418,ORD0004728,PROD000063,4,61.43,0.0,245.72,2026-07-01 06:18:19
OI00010419,ORD0004729,PROD000181,1,132.65,0.0,132.65,2026-06-02 01:00:02
OI00010420,ORD0004729,PROD000050,2,110.2,22.04,198.36,2026-06-02 01:00:02
OI00010421,ORD0004729,PROD000092,1,90.01,4.5,85.51,2026-06-02 01:00:02
OI00010422,ORD0004730,PROD000141,1,54.3,0.0,54.3,2026-03-09 05:37:06
OI00010423,ORD0004731,PROD000165,1,95.13,0.0,95.13,2026-03-04 10:19:15
OI00010424,ORD0004732,PROD000165,1,95.13,14.27,80.86,2026-03-28 18:23:15
OI00010425,ORD0004733,PROD000192,1,122.14,0.0,122.14,2026-04-30 04:50:34
OI00010426,ORD0004733,PROD000061,1,85.11,0.0,85.11,2026-04-30 04:50:34
OI00010427,ORD0004734,PROD000156,3,208.16,0.0,624.48,2026-02-27 19:52:18
OI00010428,ORD0004735,PROD000009,1,247.91,0.0,247.91,2026-05-20 22:36:54
OI00010429,ORD0004735,PROD000051,2,128.31,0.0,256.62,2026-05-20 22:36:54
OI00010430,ORD0004735,PROD000036,2,22.66,0.0,45.32,2026-05-20 22:36:54
OI00010431,ORD0004735,PROD000032,3,305.5,0.0,916.5,2026-05-20 22:36:54
OI00010432,ORD0004736,PROD000018,1,6.39,0.0,6.39,2026-04-16 03:54:23
OI00010433,ORD0004737,PROD000107,1,128.32,0.0,128.32,2026-07-07 10:14:21
OI00010434,ORD0004737,PROD000039,2,318.97,95.69,542.25,2026-07-07 10:14:21
OI00010435,ORD0004737,PROD000038,1,84.38,0.0,84.38,2026-07-07 10:14:21
OI00010436,ORD0004738,PROD000022,1,302.51,45.38,257.13,2026-06-20 23:28:08
OI00010437,ORD0004738,PROD000136,1,248.42,0.0,248.42,2026-06-20 23:28:08
OI00010438,ORD0004738,PROD000035,1,197.66,0.0,197.66,2026-06-20 23:28:08
OI00010439,ORD0004739,PROD000089,1,270.52,0.0,270.52,2026-07-14 17:16:59
OI00010440,ORD0004739,PROD000062,1,129.94,19.49,110.45,2026-07-14 17:16:59
OI00010441,ORD0004740,PROD000017,2,177.67,0.0,355.34,2026-08-09 22:27:46
OI00010442,ORD0004741,PROD000029,3,12.47,0.0,37.41,2026-06-23 17:58:40
OI00010443,ORD0004741,PROD000007,3,255.16,0.0,765.48,2026-06-23 17:58:40
OI00010444,ORD0004741,PROD000119,1,93.67,14.05,79.62,2026-06-23 17:58:40
OI00010445,ORD0004742,PROD000153,1,46.39,2.32,44.07,2026-06-27 07:36:39
OI00010446,ORD0004743,PROD000093,2,51.13,0.0,102.26,2026-06-30 03:34:40
OI00010447,ORD0004743,PROD000074,4,260.67,0.0,1042.68,2026-06-30 03:34:40
OI00010448,ORD0004743,PROD000019,1,64.3,0.0,64.3,2026-06-30 03:34:40
OI00010449,ORD0004744,PROD000032,2,305.5,0.0,611.0,2026-06-05 19:39:05
OI00010450,ORD0004744,PROD000135,2,106.79,0.0,213.58,2026-06-05 19:39:05
OI00010451,ORD0004744,PROD000042,1,358.03,0.0,358.03,2026-06-05 19:39:05
OI00010452,ORD0004745,PROD000127,1,216.42,0.0,216.42,2026-04-12 00:57:42
OI00010453,ORD0004746,PROD000165,2,95.13,19.03,171.23,2026-07-09 02:14:28
OI00010454,ORD0004747,PROD000031,1,62.29,0.0,62.29,2026-06-28 09:57:30
OI00010455,ORD0004747,PROD000150,1,121.83,0.0,121.83,2026-06-28 09:57:30
OI00010456,ORD0004747,PROD000124,2,396.34,0.0,792.68,2026-06-28 09:57:30
OI00010457,ORD0004748,PROD000147,1,359.37,0.0,359.37,2026-05-31 23:49:28
OI00010458,ORD0004748,PROD000030,2,113.9,0.0,227.8,2026-05-31 23:49:28
OI00010459,ORD0004748,PROD000065,1,459.64,0.0,459.64,2026-05-31 23:49:28
OI00010460,ORD0004749,PROD000008,1,181.13,0.0,181.13,2026-03-21 06:44:40
OI00010461,ORD0004750,PROD000038,1,84.38,8.44,75.94,2026-07-23 01:11:47
OI00010462,ORD0004750,PROD000079,1,315.96,0.0,315.96,2026-07-23 01:11:47
OI00010463,ORD0004751,PROD000148,3,111.17,0.0,333.51,2026-04-29 15:43:05
OI00010464,ORD0004751,PROD000039,2,318.97,0.0,637.94,2026-04-29 15:43:05
OI00010465,ORD0004751,PROD000096,2,151.87,0.0,303.74,2026-04-29 15:43:05
OI00010466,ORD0004752,PROD000106,2,13.25,1.32,25.18,2026-04-10 23:59:09
OI00010467,ORD0004752,PROD000192,1,122.14,0.0,122.14,2026-04-10 23:59:09
OI00010468,ORD0004753,PROD000176,2,395.87,0.0,791.74,2026-04-06 10:44:49
OI00010469,ORD0004754,PROD000036,1,22.66,0.0,22.66,2026-07-04 06:18:37
OI00010470,ORD0004755,PROD000065,1,459.64,0.0,459.64,2026-08-01 08:41:04
OI00010471,ORD0004756,PROD000080,1,288.18,0.0,288.18,2026-02-27 02:49:55
OI00010472,ORD0004757,PROD000010,1,238.36,0.0,238.36,2026-07-15 05:49:09
OI00010473,ORD0004757,PROD000102,2,157.31,0.0,314.62,2026-07-15 05:49:09
OI00010474,ORD0004758,PROD000159,1,90.28,0.0,90.28,2026-03-29 09:30:54
OI00010475,ORD0004758,PROD000192,1,122.14,0.0,122.14,2026-03-29 09:30:54
OI00010476,ORD0004758,PROD000152,3,68.44,0.0,205.32,2026-03-29 09:30:54
OI00010477,ORD0004759,PROD000148,2,111.17,0.0,222.34,2026-03-31 23:05:48
OI00010478,ORD0004759,PROD000115,2,66.23,0.0,132.46,2026-03-31 23:05:48
OI00010479,ORD0004760,PROD000190,1,270.32,0.0,270.32,2026-05-22 11:15:27
OI00010480,ORD0004761,PROD000115,1,66.23,0.0,66.23,2026-04-29 21:20:24
OI00010481,ORD0004761,PROD000042,2,358.03,0.0,716.06,2026-04-29 21:20:24
OI00010482,ORD0004761,PROD000147,2,359.37,35.94,682.8,2026-04-29 21:20:24
OI00010483,ORD0004762,PROD000019,3,64.3,0.0,192.9,2026-07-10 06:51:04
OI00010484,ORD0004762,PROD000197,1,191.33,0.0,191.33,2026-07-10 06:51:04
OI00010485,ORD0004762,PROD000055,4,324.24,0.0,1296.96,2026-07-10 06:51:04
OI00010486,ORD0004763,PROD000081,1,267.87,26.79,241.08,2026-03-10 01:09:43
OI00010487,ORD0004763,PROD000090,2,82.64,0.0,165.28,2026-03-10 01:09:43
OI00010488,ORD0004763,PROD000088,2,381.45,0.0,762.9,2026-03-10 01:09:43
OI00010489,ORD0004764,PROD000057,1,282.26,0.0,282.26,2026-04-27 08:37:30
OI00010490,ORD0004765,PROD000111,1,209.32,0.0,209.32,2026-05-28 09:32:21
OI00010491,ORD0004765,PROD000123,1,410.86,0.0,410.86,2026-05-28 09:32:21
OI00010492,ORD0004766,PROD000185,4,186.5,0.0,746.0,2026-02-24 03:48:20
OI00010493,ORD0004766,PROD000023,2,69.84,0.0,139.68,2026-02-24 03:48:20
OI00010494,ORD0004766,PROD000082,1,49.54,0.0,49.54,2026-02-24 03:48:20
OI00010495,ORD0004767,PROD000095,1,317.49,0.0,317.49,2026-04-13 12:31:17
OI00010496,ORD0004767,PROD000029,1,12.47,2.49,9.98,2026-04-13 12:31:17
OI00010497,ORD0004767,PROD000124,1,396.34,0.0,396.34,2026-04-13 12:31:17
OI00010498,ORD0004767,PROD000086,1,216.37,0.0,216.37,2026-04-13 12:31:17
OI00010499,ORD0004768,PROD000056,1,23.5,1.18,22.32,2026-04-18 14:42:22
OI00010500,ORD0004769,PROD000057,1,282.26,0.0,282.26,2026-03-14 08:30:39
OI00010501,ORD0004770,PROD000112,1,76.78,0.0,76.78,2026-05-28 08:06:00
OI00010502,ORD0004770,PROD000033,1,240.82,0.0,240.82,2026-05-28 08:06:00
OI00010503,ORD0004771,PROD000029,2,12.47,0.0,24.94,2026-06-06 23:03:30
OI00010504,ORD0004771,PROD000015,2,74.75,0.0,149.5,2026-06-06 23:03:30
OI00010505,ORD0004772,PROD000006,1,276.33,27.63,248.7,2026-06-30 17:08:07
OI00010506,ORD0004773,PROD000071,1,259.22,51.84,207.38,2026-04-29 09:39:12
OI00010507,ORD0004773,PROD000109,2,87.72,0.0,175.44,2026-04-29 09:39:12
OI00010508,ORD0004773,PROD000171,1,118.83,0.0,118.83,2026-04-29 09:39:12
OI00010509,ORD0004774,PROD000045,1,70.0,0.0,70.0,2026-03-26 22:48:09
OI00010510,ORD0004774,PROD000049,1,343.12,0.0,343.12,2026-03-26 22:48:09
OI00010511,ORD0004775,PROD000154,1,57.2,0.0,57.2,2026-08-12 00:21:39
OI00010512,ORD0004775,PROD000180,2,443.88,0.0,887.76,2026-08-12 00:21:39
OI00010513,ORD0004775,PROD000152,2,68.44,6.84,130.04,2026-08-12 00:21:39
OI00010514,ORD0004776,PROD000051,1,128.31,0.0,128.31,2026-06-21 16:49:56
OI00010515,ORD0004776,PROD000003,4,265.29,0.0,1061.16,2026-06-21 16:49:56
OI00010516,ORD0004777,PROD000119,1,93.67,18.73,74.94,2026-02-15 11:25:45
OI00010517,ORD0004777,PROD000144,1,398.95,0.0,398.95,2026-02-15 11:25:45
OI00010518,ORD0004778,PROD000017,2,177.67,0.0,355.34,2026-07-17 07:49:15
OI00010519,ORD0004778,PROD000160,3,181.18,0.0,543.54,2026-07-17 07:49:15
OI00010520,ORD0004779,PROD000157,1,230.53,0.0,230.53,2026-03-06 03:46:56
OI00010521,ORD0004780,PROD000190,1,270.32,0.0,270.32,2026-03-05 11:58:00
OI00010522,ORD0004781,PROD000017,4,177.67,0.0,710.68,2026-07-08 06:50:11
OI00010523,ORD0004782,PROD000053,1,381.96,0.0,381.96,2026-04-11 00:51:28
OI00010524,ORD0004782,PROD000050,4,110.2,66.12,374.68,2026-04-11 00:51:28
OI00010525,ORD0004782,PROD000100,1,125.62,0.0,125.62,2026-04-11 00:51:28
OI00010526,ORD0004783,PROD000168,1,433.94,0.0,433.94,2026-04-16 03:52:23
OI00010527,ORD0004783,PROD000051,2,128.31,0.0,256.62,2026-04-16 03:52:23
OI00010528,ORD0004783,PROD000195,3,397.59,0.0,1192.77,2026-04-16 03:52:23
OI00010529,ORD0004784,PROD000158,1,391.88,0.0,391.88,2026-08-09 00:45:00
OI00010530,ORD0004784,PROD000162,2,85.74,0.0,171.48,2026-08-09 00:45:00
OI00010531,ORD0004784,PROD000144,1,398.95,19.95,379.0,2026-08-09 00:45:00
OI00010532,ORD0004785,PROD000089,1,270.52,0.0,270.52,2026-05-18 20:45:19
OI00010533,ORD0004785,PROD000168,3,433.94,0.0,1301.82,2026-05-18 20:45:19
OI00010534,ORD0004786,PROD000013,1,286.54,0.0,286.54,2026-05-11 14:37:48
OI00010535,ORD0004787,PROD000169,1,53.52,0.0,53.52,2026-05-13 15:06:43
OI00010536,ORD0004788,PROD000022,1,302.51,0.0,302.51,2026-05-17 11:57:29
OI00010537,ORD0004788,PROD000073,1,9.42,1.88,7.54,2026-05-17 11:57:29
OI00010538,ORD0004788,PROD000144,1,398.95,0.0,398.95,2026-05-17 11:57:29
OI00010539,ORD0004789,PROD000061,2,85.11,0.0,170.22,2026-06-29 09:23:56
OI00010540,ORD0004790,PROD000104,2,219.63,0.0,439.26,2026-02-16 09:22:22
OI00010541,ORD0004791,PROD000101,1,140.13,7.01,133.12,2026-08-08 12:53:15
OI00010542,ORD0004791,PROD000169,1,53.52,0.0,53.52,2026-08-08 12:53:15
OI00010543,ORD0004791,PROD000090,1,82.64,0.0,82.64,2026-08-08 12:53:15
OI00010544,ORD0004792,PROD000135,1,106.79,5.34,101.45,2026-06-21 09:35:52
OI00010545,ORD0004792,PROD000052,1,289.95,29.0,260.95,2026-06-21 09:35:52
OI00010546,ORD0004792,PROD000108,1,87.18,8.72,78.46,2026-06-21 09:35:52
OI00010547,ORD0004793,PROD000154,1,57.2,0.0,57.2,2026-04-28 10:34:50
OI00010548,ORD0004794,PROD000006,1,276.33,41.45,234.88,2026-03-26 05:06:34
OI00010549,ORD0004795,PROD000030,4,113.9,0.0,455.6,2026-05-09 09:29:32
OI00010550,ORD0004796,PROD000102,2,157.31,0.0,314.62,2026-02-22 18:28:48
OI00010551,ORD0004797,PROD000189,3,184.49,0.0,553.47,2026-02-17 06:06:26
OI00010552,ORD0004797,PROD000016,2,373.26,0.0,746.52,2026-02-17 06:06:26
OI00010553,ORD0004797,PROD000115,1,66.23,0.0,66.23,2026-02-17 06:06:26
OI00010554,ORD0004798,PROD000073,3,9.42,0.0,28.26,2026-05-06 17:01:08
OI00010555,ORD0004798,PROD000152,2,68.44,0.0,136.88,2026-05-06 17:01:08
OI00010556,ORD0004799,PROD000195,3,397.59,0.0,1192.77,2026-03-30 23:58:01
OI00010557,ORD0004799,PROD000090,2,82.64,0.0,165.28,2026-03-30 23:58:01
OI00010558,ORD0004800,PROD000009,3,247.91,0.0,743.73,2026-06-09 07:20:01
OI00010559,ORD0004800,PROD000003,1,265.29,13.26,252.03,2026-06-09 07:20:01
OI00010560,ORD0004801,PROD000154,1,57.2,0.0,57.2,2026-03-06 00:52:31
OI00010561,ORD0004801,PROD000184,1,192.54,9.63,182.91,2026-03-06 00:52:31
OI00010562,ORD0004801,PROD000168,2,433.94,0.0,867.88,2026-03-06 00:52:31
OI00010563,ORD0004802,PROD000180,2,443.88,0.0,887.76,2026-08-12 14:41:17
OI00010564,ORD0004802,PROD000005,1,219.89,0.0,219.89,2026-08-12 14:41:17
OI00010565,ORD0004802,PROD000116,1,33.83,0.0,33.83,2026-08-12 14:41:17
OI00010566,ORD0004802,PROD000120,2,200.42,40.08,360.76,2026-08-12 14:41:17
OI00010567,ORD0004802,PROD000014,1,171.48,25.72,145.76,2026-08-12 14:41:17
OI00010568,ORD0004803,PROD000022,1,302.51,0.0,302.51,2026-03-29 11:54:20
OI00010569,ORD0004804,PROD000019,1,64.3,9.64,54.66,2026-02-17 22:27:09
OI00010570,ORD0004805,PROD000148,1,111.17,0.0,111.17,2026-06-22 05:15:16
OI00010571,ORD0004805,PROD000091,1,244.05,24.41,219.64,2026-06-22 05:15:16
OI00010572,ORD0004806,PROD000031,2,62.29,0.0,124.58,2026-06-12 01:18:15
OI00010573,ORD0004806,PROD000159,1,90.28,0.0,90.28,2026-06-12 01:18:15
OI00010574,ORD0004806,PROD000027,3,174.59,0.0,523.77,2026-06-12 01:18:15
OI00010575,ORD0004807,PROD000181,2,132.65,0.0,265.3,2026-07-14 09:20:51
OI00010576,ORD0004808,PROD000189,2,184.49,0.0,368.98,2026-03-02 21:55:57
OI00010577,ORD0004808,PROD000061,1,85.11,0.0,85.11,2026-03-02 21:55:57
OI00010578,ORD0004809,PROD000044,1,137.29,0.0,137.29,2026-03-25 01:20:13
OI00010579,ORD0004810,PROD000062,1,129.94,25.99,103.95,2026-06-27 05:52:52
OI00010580,ORD0004810,PROD000039,1,318.97,0.0,318.97,2026-06-27 05:52:52
OI00010581,ORD0004810,PROD000105,1,230.76,0.0,230.76,2026-06-27 05:52:52
OI00010582,ORD0004811,PROD000090,1,82.64,0.0,82.64,2026-05-07 12:48:02
OI00010583,ORD0004811,PROD000017,2,177.67,0.0,355.34,2026-05-07 12:48:02
OI00010584,ORD0004811,PROD000068,2,253.43,0.0,506.86,2026-05-07 12:48:02
OI00010585,ORD0004812,PROD000006,1,276.33,0.0,276.33,2026-08-06 05:18:41
OI00010586,ORD0004813,PROD000030,3,113.9,17.09,324.61,2026-05-17 21:21:08
OI00010587,ORD0004813,PROD000111,1,209.32,0.0,209.32,2026-05-17 21:21:08
OI00010588,ORD0004813,PROD000160,3,181.18,0.0,543.54,2026-05-17 21:21:08
OI00010589,ORD0004813,PROD000028,1,209.71,0.0,209.71,2026-05-17 21:21:08
OI00010590,ORD0004813,PROD000164,1,179.02,8.95,170.07,2026-05-17 21:21:08
OI00010591,ORD0004814,PROD000084,2,172.79,0.0,345.58,2026-05-10 07:46:55
OI00010592,ORD0004814,PROD000015,1,74.75,0.0,74.75,2026-05-10 07:46:55
OI00010593,ORD0004815,PROD000123,2,410.86,0.0,821.72,2026-03-16 05:33:55
OI00010594,ORD0004815,PROD000075,2,10.1,0.0,20.2,2026-03-16 05:33:55
OI00010595,ORD0004815,PROD000174,1,225.67,0.0,225.67,2026-03-16 05:33:55
OI00010596,ORD0004816,PROD000090,1,82.64,0.0,82.64,2026-04-05 20:23:23
OI00010597,ORD0004816,PROD000050,3,110.2,0.0,330.6,2026-04-05 20:23:23
OI00010598,ORD0004816,PROD000031,2,62.29,0.0,124.58,2026-04-05 20:23:23
OI00010599,ORD0004816,PROD000114,2,36.68,7.34,66.02,2026-04-05 20:23:23
OI00010600,ORD0004817,PROD000090,2,82.64,0.0,165.28,2026-06-08 06:19:29
OI00010601,ORD0004818,PROD000142,1,276.94,0.0,276.94,2026-07-14 06:31:23
OI00010602,ORD0004819,PROD000004,1,71.87,0.0,71.87,2026-03-17 22:00:49
OI00010603,ORD0004819,PROD000003,1,265.29,0.0,265.29,2026-03-17 22:00:49
OI00010604,ORD0004819,PROD000029,2,12.47,0.0,24.94,2026-03-17 22:00:49
OI00010605,ORD0004820,PROD000161,1,310.12,0.0,310.12,2026-07-29 22:16:48
OI00010606,ORD0004821,PROD000007,1,255.16,0.0,255.16,2026-06-19 13:44:32
OI00010607,ORD0004822,PROD000052,3,289.95,0.0,869.85,2026-07-17 13:41:13
OI00010608,ORD0004823,PROD000019,1,64.3,0.0,64.3,2026-05-17 01:30:09
OI00010609,ORD0004824,PROD000100,1,125.62,18.84,106.78,2026-06-21 03:26:43
OI00010610,ORD0004824,PROD000151,2,220.37,0.0,440.74,2026-06-21 03:26:43
OI00010611,ORD0004824,PROD000035,3,197.66,0.0,592.98,2026-06-21 03:26:43
OI00010612,ORD0004825,PROD000192,1,122.14,0.0,122.14,2026-08-05 22:33:28
OI00010613,ORD0004825,PROD000080,2,288.18,0.0,576.36,2026-08-05 22:33:28
OI00010614,ORD0004826,PROD000163,2,379.9,0.0,759.8,2026-08-03 10:39:33
OI00010615,ORD0004826,PROD000019,1,64.3,0.0,64.3,2026-08-03 10:39:33
OI00010616,ORD0004827,PROD000008,1,181.13,0.0,181.13,2026-07-19 19:51:58
OI00010617,ORD0004827,PROD000021,1,325.45,0.0,325.45,2026-07-19 19:51:58
OI00010618,ORD0004828,PROD000181,1,132.65,6.63,126.02,2026-03-18 06:37:21
OI00010619,ORD0004829,PROD000097,2,119.02,0.0,238.04,2026-03-26 21:45:28
OI00010620,ORD0004830,PROD000020,2,59.38,0.0,118.76,2026-06-18 12:55:38
OI00010621,ORD0004830,PROD000060,4,313.56,62.71,1191.53,2026-06-18 12:55:38
OI00010622,ORD0004830,PROD000039,4,318.97,0.0,1275.88,2026-06-18 12:55:38
OI00010623,ORD0004830,PROD000152,1,68.44,0.0,68.44,2026-06-18 12:55:38
OI00010624,ORD0004831,PROD000125,1,169.29,0.0,169.29,2026-05-07 12:59:12
OI00010625,ORD0004832,PROD000104,1,219.63,0.0,219.63,2026-07-11 18:12:06
OI00010626,ORD0004832,PROD000038,1,84.38,0.0,84.38,2026-07-11 18:12:06
OI00010627,ORD0004832,PROD000141,1,54.3,0.0,54.3,2026-07-11 18:12:06
OI00010628,ORD0004832,PROD000088,2,381.45,0.0,762.9,2026-07-11 18:12:06
OI00010629,ORD0004833,PROD000164,1,179.02,8.95,170.07,2026-04-01 22:20:06
OI00010630,ORD0004834,PROD000194,2,99.76,9.98,189.54,2026-02-24 14:59:02
OI00010631,ORD0004835,PROD000120,1,200.42,10.02,190.4,2026-08-07 15:11:53
OI00010632,ORD0004835,PROD000027,1,174.59,0.0,174.59,2026-08-07 15:11:53
OI00010633,ORD0004835,PROD000098,3,188.42,0.0,565.26,2026-08-07 15:11:53
OI00010634,ORD0004836,PROD000143,4,293.11,175.87,996.57,2026-08-11 18:59:11
OI00010635,ORD0004836,PROD000060,2,313.56,0.0,627.12,2026-08-11 18:59:11
OI00010636,ORD0004837,PROD000152,2,68.44,0.0,136.88,2026-06-21 16:12:18
OI00010637,ORD0004837,PROD000025,1,337.19,0.0,337.19,2026-06-21 16:12:18
OI00010638,ORD0004837,PROD000075,2,10.1,0.0,20.2,2026-06-21 16:12:18
OI00010639,ORD0004838,PROD000156,3,208.16,0.0,624.48,2026-06-30 08:46:06
OI00010640,ORD0004839,PROD000033,1,240.82,0.0,240.82,2026-06-05 20:10:52
OI00010641,ORD0004839,PROD000168,2,433.94,0.0,867.88,2026-06-05 20:10:52
OI00010642,ORD0004840,PROD000080,2,288.18,28.82,547.54,2026-07-03 16:52:25
OI00010643,ORD0004840,PROD000044,1,137.29,0.0,137.29,2026-07-03 16:52:25
OI00010644,ORD0004840,PROD000187,1,260.32,0.0,260.32,2026-07-03 16:52:25
OI00010645,ORD0004841,PROD000082,2,49.54,0.0,99.08,2026-03-08 23:57:06
OI00010646,ORD0004842,PROD000195,1,397.59,0.0,397.59,2026-06-14 17:30:19
OI00010647,ORD0004843,PROD000063,1,61.43,0.0,61.43,2026-04-17 00:54:30
OI00010648,ORD0004843,PROD000033,1,240.82,0.0,240.82,2026-04-17 00:54:30
OI00010649,ORD0004844,PROD000071,2,259.22,0.0,518.44,2026-06-19 00:37:25
OI00010650,ORD0004844,PROD000017,2,177.67,0.0,355.34,2026-06-19 00:37:25
OI00010651,ORD0004845,PROD000180,2,443.88,0.0,887.76,2026-07-07 13:52:47
OI00010652,ORD0004845,PROD000088,1,381.45,0.0,381.45,2026-07-07 13:52:47
OI00010653,ORD0004845,PROD000075,2,10.1,0.0,20.2,2026-07-07 13:52:47
OI00010654,ORD0004846,PROD000115,1,66.23,0.0,66.23,2026-05-17 00:32:27
OI00010655,ORD0004847,PROD000077,1,172.06,0.0,172.06,2026-06-03 14:15:06
OI00010656,ORD0004848,PROD000147,1,359.37,71.87,287.5,2026-04-04 05:05:09
OI00010657,ORD0004848,PROD000103,1,30.32,0.0,30.32,2026-04-04 05:05:09
OI00010658,ORD0004849,PROD000081,1,267.87,53.57,214.3,2026-08-08 03:26:47
OI00010659,ORD0004850,PROD000085,1,36.94,0.0,36.94,2026-07-06 16:27:58
OI00010660,ORD0004851,PROD000057,1,282.26,0.0,282.26,2026-06-29 12:30:00
OI00010661,ORD0004852,PROD000179,1,100.96,0.0,100.96,2026-05-11 08:55:25
OI00010662,ORD0004853,PROD000088,1,381.45,0.0,381.45,2026-06-23 05:16:09
OI00010663,ORD0004853,PROD000132,2,86.93,0.0,173.86,2026-06-23 05:16:09
OI00010664,ORD0004854,PROD000026,1,165.8,0.0,165.8,2026-05-21 14:40:12
OI00010665,ORD0004855,PROD000133,1,7.24,0.72,6.52,2026-04-13 09:35:39
OI00010666,ORD0004855,PROD000080,1,288.18,0.0,288.18,2026-04-13 09:35:39
OI00010667,ORD0004855,PROD000153,1,46.39,0.0,46.39,2026-04-13 09:35:39
OI00010668,ORD0004856,PROD000059,1,368.8,0.0,368.8,2026-07-27 19:43:23
OI00010669,ORD0004856,PROD000189,1,184.49,0.0,184.49,2026-07-27 19:43:23
OI00010670,ORD0004856,PROD000186,1,106.06,0.0,106.06,2026-07-27 19:43:23
OI00010671,ORD0004857,PROD000119,2,93.67,0.0,187.34,2026-03-18 02:20:20
OI00010672,ORD0004857,PROD000198,2,307.49,61.5,553.48,2026-03-18 02:20:20
OI00010673,ORD0004857,PROD000014,1,171.48,0.0,171.48,2026-03-18 02:20:20
OI00010674,ORD0004858,PROD000168,1,433.94,0.0,433.94,2026-04-25 05:08:20
OI00010675,ORD0004858,PROD000163,2,379.9,0.0,759.8,2026-04-25 05:08:20
OI00010676,ORD0004859,PROD000077,1,172.06,17.21,154.85,2026-07-07 12:45:23
OI00010677,ORD0004859,PROD000006,2,276.33,0.0,552.66,2026-07-07 12:45:23
OI00010678,ORD0004860,PROD000019,1,64.3,0.0,64.3,2026-07-22 08:09:32
OI00010679,ORD0004860,PROD000084,1,172.79,0.0,172.79,2026-07-22 08:09:32
OI00010680,ORD0004860,PROD000001,2,240.76,0.0,481.52,2026-07-22 08:09:32
OI00010681,ORD0004860,PROD000007,1,255.16,0.0,255.16,2026-07-22 08:09:32
OI00010682,ORD0004860,PROD000195,1,397.59,79.52,318.07,2026-07-22 08:09:32
OI00010683,ORD0004861,PROD000045,1,70.0,14.0,56.0,2026-05-13 06:17:56
OI00010684,ORD0004861,PROD000185,1,186.5,0.0,186.5,2026-05-13 06:17:56
OI00010685,ORD0004862,PROD000185,1,186.5,0.0,186.5,2026-03-31 13:43:53
OI00010686,ORD0004862,PROD000090,3,82.64,0.0,247.92,2026-03-31 13:43:53
OI00010687,ORD0004863,PROD000158,1,391.88,39.19,352.69,2026-08-12 19:36:56
OI00010688,ORD0004864,PROD000027,2,174.59,0.0,349.18,2026-08-06 21:16:09
OI00010689,ORD0004864,PROD000132,2,86.93,26.08,147.78,2026-08-06 21:16:09
OI00010690,ORD0004864,PROD000007,3,255.16,0.0,765.48,2026-08-06 21:16:09
OI00010691,ORD0004864,PROD000105,2,230.76,0.0,461.52,2026-08-06 21:16:09
OI00010692,ORD0004865,PROD000017,3,177.67,79.95,453.06,2026-04-16 11:49:47
OI00010693,ORD0004865,PROD000073,1,9.42,0.0,9.42,2026-04-16 11:49:47
OI00010694,ORD0004865,PROD000182,1,116.92,0.0,116.92,2026-04-16 11:49:47
OI00010695,ORD0004866,PROD000164,1,179.02,0.0,179.02,2026-05-13 21:45:21
OI00010696,ORD0004867,PROD000115,4,66.23,0.0,264.92,2026-07-01 21:53:57
OI00010697,ORD0004867,PROD000015,2,74.75,0.0,149.5,2026-07-01 21:53:57
OI00010698,ORD0004867,PROD000143,1,293.11,0.0,293.11,2026-07-01 21:53:57
OI00010699,ORD0004868,PROD000121,2,311.61,0.0,623.22,2026-06-19 00:29:45
OI00010700,ORD0004868,PROD000147,2,359.37,0.0,718.74,2026-06-19 00:29:45
OI00010701,ORD0004868,PROD000098,1,188.42,9.42,179.0,2026-06-19 00:29:45
OI00010702,ORD0004869,PROD000113,1,295.97,0.0,295.97,2026-04-16 11:16:34
OI00010703,ORD0004870,PROD000141,3,54.3,0.0,162.9,2026-08-05 18:28:27
OI00010704,ORD0004871,PROD000060,1,313.56,47.03,266.53,2026-05-14 05:26:08
OI00010705,ORD0004872,PROD000130,1,251.9,0.0,251.9,2026-07-05 01:15:18
OI00010706,ORD0004873,PROD000183,2,239.94,0.0,479.88,2026-06-01 21:23:30
OI00010707,ORD0004874,PROD000023,4,69.84,0.0,279.36,2026-07-06 12:38:14
OI00010708,ORD0004874,PROD000105,1,230.76,0.0,230.76,2026-07-06 12:38:14
OI00010709,ORD0004875,PROD000137,1,16.14,0.0,16.14,2026-03-25 11:49:09
OI00010710,ORD0004875,PROD000086,1,216.37,0.0,216.37,2026-03-25 11:49:09
OI00010711,ORD0004875,PROD000147,2,359.37,0.0,718.74,2026-03-25 11:49:09
OI00010712,ORD0004876,PROD000077,1,172.06,8.6,163.46,2026-07-18 16:06:40
OI00010713,ORD0004877,PROD000138,1,154.12,0.0,154.12,2026-07-26 19:45:15
OI00010714,ORD0004878,PROD000056,1,23.5,0.0,23.5,2026-04-10 01:49:00
OI00010715,ORD0004878,PROD000144,1,398.95,0.0,398.95,2026-04-10 01:49:00
OI00010716,ORD0004879,PROD000050,1,110.2,0.0,110.2,2026-06-07 12:28:37
OI00010717,ORD0004880,PROD000179,2,100.96,0.0,201.92,2026-06-18 21:43:10
OI00010718,ORD0004880,PROD000091,3,244.05,0.0,732.15,2026-06-18 21:43:10
OI00010719,ORD0004881,PROD000068,1,253.43,0.0,253.43,2026-06-21 00:00:44
OI00010720,ORD0004881,PROD000125,1,169.29,0.0,169.29,2026-06-21 00:00:44
OI00010721,ORD0004881,PROD000155,2,67.32,0.0,134.64,2026-06-21 00:00:44
OI00010722,ORD0004881,PROD000027,1,174.59,26.19,148.4,2026-06-21 00:00:44
OI00010723,ORD0004881,PROD000080,2,288.18,115.27,461.09,2026-06-21 00:00:44
OI00010724,ORD0004882,PROD000130,1,251.9,0.0,251.9,2026-05-21 21:57:59
OI00010725,ORD0004883,PROD000113,1,295.97,0.0,295.97,2026-06-10 22:07:32
OI00010726,ORD0004883,PROD000138,3,154.12,0.0,462.36,2026-06-10 22:07:32
OI00010727,ORD0004883,PROD000032,3,305.5,91.65,824.85,2026-06-10 22:07:32
OI00010728,ORD0004884,PROD000035,2,197.66,0.0,395.32,2026-08-04 14:49:21
OI00010729,ORD0004885,PROD000046,1,353.88,0.0,353.88,2026-08-04 03:20:25
OI00010730,ORD0004885,PROD000085,3,36.94,16.62,94.2,2026-08-04 03:20:25
OI00010731,ORD0004885,PROD000140,1,156.23,0.0,156.23,2026-08-04 03:20:25
OI00010732,ORD0004886,PROD000057,1,282.26,14.11,268.15,2026-03-08 01:22:22
OI00010733,ORD0004886,PROD000200,1,107.97,10.8,97.17,2026-03-08 01:22:22
OI00010734,ORD0004887,PROD000082,1,49.54,9.91,39.63,2026-07-05 10:58:01
OI00010735,ORD0004887,PROD000027,4,174.59,0.0,698.36,2026-07-05 10:58:01
OI00010736,ORD0004888,PROD000085,2,36.94,7.39,66.49,2026-04-15 00:49:57
OI00010737,ORD0004889,PROD000090,1,82.64,0.0,82.64,2026-05-10 12:31:11
OI00010738,ORD0004890,PROD000151,2,220.37,22.04,418.7,2026-03-19 16:52:16
OI00010739,ORD0004891,PROD000187,1,260.32,13.02,247.3,2026-04-15 18:04:13
OI00010740,ORD0004891,PROD000081,2,267.87,0.0,535.74,2026-04-15 18:04:13
OI00010741,ORD0004891,PROD000162,1,85.74,0.0,85.74,2026-04-15 18:04:13
OI00010742,ORD0004892,PROD000157,3,230.53,34.58,657.01,2026-03-16 19:58:17
OI00010743,ORD0004893,PROD000011,2,74.18,0.0,148.36,2026-02-15 20:41:00
OI00010744,ORD0004894,PROD000157,1,230.53,0.0,230.53,2026-06-14 10:42:25
OI00010745,ORD0004894,PROD000006,1,276.33,27.63,248.7,2026-06-14 10:42:25
OI00010746,ORD0004895,PROD000030,1,113.9,17.09,96.81,2026-03-13 20:41:32
OI00010747,ORD0004895,PROD000046,3,353.88,0.0,1061.64,2026-03-13 20:41:32
OI00010748,ORD0004895,PROD000001,1,240.76,0.0,240.76,2026-03-13 20:41:32
OI00010749,ORD0004895,PROD000105,2,230.76,0.0,461.52,2026-03-13 20:41:32
OI00010750,ORD0004896,PROD000140,1,156.23,7.81,148.42,2026-04-29 20:05:21
OI00010751,ORD0004896,PROD000093,1,51.13,0.0,51.13,2026-04-29 20:05:21
OI00010752,ORD0004897,PROD000065,2,459.64,91.93,827.35,2026-05-12 15:53:11
OI00010753,ORD0004898,PROD000136,2,248.42,0.0,496.84,2026-03-27 23:10:13
OI00010754,ORD0004899,PROD000065,1,459.64,45.96,413.68,2026-03-29 08:17:53
OI00010755,ORD0004899,PROD000161,1,310.12,0.0,310.12,2026-03-29 08:17:53
OI00010756,ORD0004899,PROD000026,3,165.8,0.0,497.4,2026-03-29 08:17:53
OI00010757,ORD0004900,PROD000081,1,267.87,26.79,241.08,2026-02-17 00:30:44
OI00010758,ORD0004901,PROD000075,4,10.1,0.0,40.4,2026-03-30 06:22:52
OI00010759,ORD0004901,PROD000179,3,100.96,0.0,302.88,2026-03-30 06:22:52
OI00010760,ORD0004902,PROD000030,4,113.9,0.0,455.6,2026-06-21 02:30:47
OI00010761,ORD0004903,PROD000008,1,181.13,9.06,172.07,2026-05-11 23:18:16
OI00010762,ORD0004904,PROD000037,1,48.34,2.42,45.92,2026-04-11 22:11:16
OI00010763,ORD0004904,PROD000192,1,122.14,0.0,122.14,2026-04-11 22:11:16
OI00010764,ORD0004905,PROD000089,1,270.52,0.0,270.52,2026-05-23 19:12:01
OI00010765,ORD0004905,PROD000155,2,67.32,0.0,134.64,2026-05-23 19:12:01
OI00010766,ORD0004906,PROD000026,1,165.8,0.0,165.8,2026-05-31 20:19:19
OI00010767,ORD0004907,PROD000187,3,260.32,0.0,780.96,2026-02-27 09:08:33
OI00010768,ORD0004907,PROD000034,1,376.06,0.0,376.06,2026-02-27 09:08:33
OI00010769,ORD0004908,PROD000038,1,84.38,0.0,84.38,2026-06-16 09:53:41
OI00010770,ORD0004908,PROD000154,1,57.2,0.0,57.2,2026-06-16 09:53:41
OI00010771,ORD0004908,PROD000006,1,276.33,0.0,276.33,2026-06-16 09:53:41
OI00010772,ORD0004909,PROD000062,2,129.94,25.99,233.89,2026-05-12 03:33:57
OI00010773,ORD0004909,PROD000120,2,200.42,0.0,400.84,2026-05-12 03:33:57
OI00010774,ORD0004910,PROD000046,1,353.88,0.0,353.88,2026-03-28 01:07:52
OI00010775,ORD0004910,PROD000197,1,191.33,0.0,191.33,2026-03-28 01:07:52
OI00010776,ORD0004911,PROD000051,1,128.31,0.0,128.31,2026-04-16 13:18:32
OI00010777,ORD0004911,PROD000101,3,140.13,0.0,420.39,2026-04-16 13:18:32
OI00010778,ORD0004912,PROD000155,1,67.32,0.0,67.32,2026-03-20 18:43:25
OI00010779,ORD0004912,PROD000018,1,6.39,0.0,6.39,2026-03-20 18:43:25
OI00010780,ORD0004913,PROD000104,1,219.63,0.0,219.63,2026-05-19 20:19:29
OI00010781,ORD0004914,PROD000194,3,99.76,0.0,299.28,2026-07-02 19:32:52
OI00010782,ORD0004914,PROD000062,3,129.94,19.49,370.33,2026-07-02 19:32:52
OI00010783,ORD0004914,PROD000046,1,353.88,0.0,353.88,2026-07-02 19:32:52
OI00010784,ORD0004915,PROD000036,1,22.66,0.0,22.66,2026-03-04 21:33:46
OI00010785,ORD0004915,PROD000104,2,219.63,0.0,439.26,2026-03-04 21:33:46
OI00010786,ORD0004915,PROD000189,1,184.49,0.0,184.49,2026-03-04 21:33:46
OI00010787,ORD0004916,PROD000100,1,125.62,0.0,125.62,2026-04-02 15:44:08
OI00010788,ORD0004916,PROD000081,2,267.87,0.0,535.74,2026-04-02 15:44:08
OI00010789,ORD0004917,PROD000057,1,282.26,0.0,282.26,2026-03-28 18:58:57
OI00010790,ORD0004918,PROD000112,1,76.78,0.0,76.78,2026-02-26 13:26:05
OI00010791,ORD0004918,PROD000198,1,307.49,0.0,307.49,2026-02-26 13:26:05
OI00010792,ORD0004918,PROD000137,2,16.14,0.0,32.28,2026-02-26 13:26:05
OI00010793,ORD0004919,PROD000109,1,87.72,0.0,87.72,2026-07-18 10:18:35
OI00010794,ORD0004920,PROD000059,2,368.8,0.0,737.6,2026-03-01 01:09:07
OI00010795,ORD0004921,PROD000022,1,302.51,0.0,302.51,2026-04-06 22:27:37
OI00010796,ORD0004922,PROD000104,1,219.63,0.0,219.63,2026-05-20 03:40:28
OI00010797,ORD0004922,PROD000016,1,373.26,0.0,373.26,2026-05-20 03:40:28
OI00010798,ORD0004922,PROD000038,1,84.38,0.0,84.38,2026-05-20 03:40:28
OI00010799,ORD0004922,PROD000026,1,165.8,0.0,165.8,2026-05-20 03:40:28
OI00010800,ORD0004922,PROD000144,2,398.95,0.0,797.9,2026-05-20 03:40:28
OI00010801,ORD0004923,PROD000180,1,443.88,0.0,443.88,2026-07-07 14:39:01
OI00010802,ORD0004923,PROD000062,1,129.94,0.0,129.94,2026-07-07 14:39:01
OI00010803,ORD0004923,PROD000016,2,373.26,0.0,746.52,2026-07-07 14:39:01
OI00010804,ORD0004923,PROD000052,1,289.95,0.0,289.95,2026-07-07 14:39:01
OI00010805,ORD0004924,PROD000083,2,119.55,23.91,215.19,2026-08-11 13:52:26
OI00010806,ORD0004924,PROD000037,2,48.34,0.0,96.68,2026-08-11 13:52:26
OI00010807,ORD0004924,PROD000001,2,240.76,0.0,481.52,2026-08-11 13:52:26
OI00010808,ORD0004925,PROD000006,2,276.33,0.0,552.66,2026-02-27 02:51:57
OI00010809,ORD0004925,PROD000027,1,174.59,8.73,165.86,2026-02-27 02:51:57
OI00010810,ORD0004926,PROD000196,1,135.89,13.59,122.3,2026-03-29 08:42:10
OI00010811,ORD0004927,PROD000088,3,381.45,0.0,1144.35,2026-06-04 23:54:21
OI00010812,ORD0004927,PROD000027,1,174.59,26.19,148.4,2026-06-04 23:54:21
OI00010813,ORD0004928,PROD000181,2,132.65,0.0,265.3,2026-05-06 14:58:24
OI00010814,ORD0004928,PROD000138,1,154.12,0.0,154.12,2026-05-06 14:58:24
OI00010815,ORD0004928,PROD000038,2,84.38,0.0,168.76,2026-05-06 14:58:24
OI00010816,ORD0004928,PROD000079,1,315.96,31.6,284.36,2026-05-06 14:58:24
OI00010817,ORD0004929,PROD000026,1,165.8,0.0,165.8,2026-02-28 06:29:37
OI00010818,ORD0004930,PROD000103,3,30.32,0.0,90.96,2026-07-25 06:03:59
OI00010819,ORD0004930,PROD000055,2,324.24,0.0,648.48,2026-07-25 06:03:59
OI00010820,ORD0004930,PROD000196,2,135.89,13.59,258.19,2026-07-25 06:03:59
OI00010821,ORD0004931,PROD000104,1,219.63,0.0,219.63,2026-07-25 18:09:03
OI00010822,ORD0004932,PROD000194,1,99.76,4.99,94.77,2026-07-20 05:00:45
OI00010823,ORD0004932,PROD000151,1,220.37,0.0,220.37,2026-07-20 05:00:45
OI00010824,ORD0004932,PROD000004,1,71.87,10.78,61.09,2026-07-20 05:00:45
OI00010825,ORD0004933,PROD000177,2,200.82,0.0,401.64,2026-08-02 18:50:37
OI00010826,ORD0004934,PROD000162,1,85.74,0.0,85.74,2026-06-30 12:27:12
OI00010827,ORD0004934,PROD000114,1,36.68,0.0,36.68,2026-06-30 12:27:12
OI00010828,ORD0004934,PROD000144,2,398.95,39.9,758.0,2026-06-30 12:27:12
OI00010829,ORD0004935,PROD000086,2,216.37,0.0,432.74,2026-05-05 12:25:17
OI00010830,ORD0004935,PROD000038,1,84.38,8.44,75.94,2026-05-05 12:25:17
OI00010831,ORD0004936,PROD000169,1,53.52,0.0,53.52,2026-03-26 09:23:05
OI00010832,ORD0004936,PROD000017,2,177.67,0.0,355.34,2026-03-26 09:23:05
OI00010833,ORD0004937,PROD000005,4,219.89,0.0,879.56,2026-03-14 13:27:39
OI00010834,ORD0004937,PROD000046,1,353.88,0.0,353.88,2026-03-14 13:27:39
OI00010835,ORD0004938,PROD000003,3,265.29,0.0,795.87,2026-03-16 02:11:17
OI00010836,ORD0004938,PROD000193,2,322.33,0.0,644.66,2026-03-16 02:11:17
OI00010837,ORD0004938,PROD000057,1,282.26,28.23,254.03,2026-03-16 02:11:17
OI00010838,ORD0004938,PROD000088,1,381.45,19.07,362.38,2026-03-16 02:11:17
OI00010839,ORD0004938,PROD000026,1,165.8,0.0,165.8,2026-03-16 02:11:17
OI00010840,ORD0004939,PROD000117,1,96.57,0.0,96.57,2026-06-14 16:01:17
OI00010841,ORD0004939,PROD000112,1,76.78,0.0,76.78,2026-06-14 16:01:17
OI00010842,ORD0004939,PROD000084,2,172.79,0.0,345.58,2026-06-14 16:01:17
OI00010843,ORD0004940,PROD000187,1,260.32,13.02,247.3,2026-03-07 10:09:08
OI00010844,ORD0004941,PROD000044,1,137.29,0.0,137.29,2026-06-16 16:59:00
OI00010845,ORD0004941,PROD000039,1,318.97,0.0,318.97,2026-06-16 16:59:00
OI00010846,ORD0004942,PROD000185,1,186.5,0.0,186.5,2026-04-02 15:11:17
OI00010847,ORD0004942,PROD000141,1,54.3,5.43,48.87,2026-04-02 15:11:17
OI00010848,ORD0004943,PROD000086,1,216.37,0.0,216.37,2026-04-18 14:48:09
OI00010849,ORD0004943,PROD000007,1,255.16,0.0,255.16,2026-04-18 14:48:09
OI00010850,ORD0004944,PROD000114,2,36.68,0.0,73.36,2026-02-20 12:13:37
OI00010851,ORD0004945,PROD000037,1,48.34,0.0,48.34,2026-04-23 10:57:40
OI00010852,ORD0004945,PROD000175,1,395.9,0.0,395.9,2026-04-23 10:57:40
OI00010853,ORD0004945,PROD000163,2,379.9,0.0,759.8,2026-04-23 10:57:40
OI00010854,ORD0004946,PROD000055,1,324.24,48.64,275.6,2026-02-16 20:28:25
OI00010855,ORD0004946,PROD000089,1,270.52,13.53,256.99,2026-02-16 20:28:25
OI00010856,ORD0004946,PROD000006,1,276.33,0.0,276.33,2026-02-16 20:28:25
OI00010857,ORD0004946,PROD000141,3,54.3,0.0,162.9,2026-02-16 20:28:25
OI00010858,ORD0004947,PROD000089,2,270.52,0.0,541.04,2026-05-14 22:42:44
OI00010859,ORD0004947,PROD000186,2,106.06,42.42,169.7,2026-05-14 22:42:44
OI00010860,ORD0004947,PROD000068,1,253.43,0.0,253.43,2026-05-14 22:42:44
OI00010861,ORD0004947,PROD000052,3,289.95,0.0,869.85,2026-05-14 22:42:44
OI00010862,ORD0004947,PROD000046,2,353.88,35.39,672.37,2026-05-14 22:42:44
OI00010863,ORD0004948,PROD000075,1,10.1,0.0,10.1,2026-04-17 13:46:33
OI00010864,ORD0004949,PROD000088,1,381.45,76.29,305.16,2026-06-17 18:00:52
OI00010865,ORD0004950,PROD000142,1,276.94,0.0,276.94,2026-06-20 13:35:44
OI00010866,ORD0004951,PROD000062,2,129.94,25.99,233.89,2026-02-28 21:06:06
OI00010867,ORD0004952,PROD000113,2,295.97,0.0,591.94,2026-02-19 13:44:41
OI00010868,ORD0004953,PROD000086,1,216.37,0.0,216.37,2026-03-11 17:17:11
OI00010869,ORD0004954,PROD000009,1,247.91,0.0,247.91,2026-07-29 15:35:10
OI00010870,ORD0004955,PROD000190,1,270.32,40.55,229.77,2026-03-19 07:01:22
OI00010871,ORD0004955,PROD000153,1,46.39,0.0,46.39,2026-03-19 07:01:22
OI00010872,ORD0004955,PROD000028,1,209.71,0.0,209.71,2026-03-19 07:01:22
OI00010873,ORD0004956,PROD000139,2,48.21,0.0,96.42,2026-07-28 13:25:44
OI00010874,ORD0004957,PROD000115,1,66.23,0.0,66.23,2026-04-27 11:20:26
OI00010875,ORD0004958,PROD000103,1,30.32,0.0,30.32,2026-07-03 12:16:22
OI00010876,ORD0004959,PROD000140,2,156.23,0.0,312.46,2026-02-21 17:27:33
OI00010877,ORD0004959,PROD000120,1,200.42,0.0,200.42,2026-02-21 17:27:33
OI00010878,ORD0004960,PROD000084,1,172.79,0.0,172.79,2026-04-20 13:28:21
OI00010879,ORD0004960,PROD000065,1,459.64,0.0,459.64,2026-04-20 13:28:21
OI00010880,ORD0004961,PROD000036,4,22.66,4.53,86.11,2026-03-11 06:25:10
OI00010881,ORD0004962,PROD000164,3,179.02,0.0,537.06,2026-07-08 00:10:55
OI00010882,ORD0004962,PROD000055,2,324.24,0.0,648.48,2026-07-08 00:10:55
OI00010883,ORD0004963,PROD000060,1,313.56,0.0,313.56,2026-04-21 07:29:40
OI00010884,ORD0004963,PROD000020,1,59.38,0.0,59.38,2026-04-21 07:29:40
OI00010885,ORD0004963,PROD000092,1,90.01,9.0,81.01,2026-04-21 07:29:40
OI00010886,ORD0004963,PROD000148,1,111.17,0.0,111.17,2026-04-21 07:29:40
OI00010887,ORD0004963,PROD000106,2,13.25,0.0,26.5,2026-04-21 07:29:40
OI00010888,ORD0004964,PROD000022,1,302.51,45.38,257.13,2026-02-28 22:37:16
OI00010889,ORD0004965,PROD000161,1,310.12,0.0,310.12,2026-05-04 18:26:44
OI00010890,ORD0004966,PROD000103,1,30.32,0.0,30.32,2026-05-28 11:54:17
OI00010891,ORD0004966,PROD000005,3,219.89,0.0,659.67,2026-05-28 11:54:17
OI00010892,ORD0004966,PROD000062,1,129.94,0.0,129.94,2026-05-28 11:54:17
OI00010893,ORD0004967,PROD000035,1,197.66,0.0,197.66,2026-04-29 06:30:32
OI00010894,ORD0004967,PROD000065,1,459.64,0.0,459.64,2026-04-29 06:30:32
OI00010895,ORD0004967,PROD000136,3,248.42,0.0,745.26,2026-04-29 06:30:32
OI00010896,ORD0004967,PROD000048,1,312.1,0.0,312.1,2026-04-29 06:30:32
OI00010897,ORD0004968,PROD000133,1,7.24,0.0,7.24,2026-07-23 04:37:41
OI00010898,ORD0004969,PROD000176,1,395.87,39.59,356.28,2026-03-12 02:33:27
OI00010899,ORD0004969,PROD000109,1,87.72,0.0,87.72,2026-03-12 02:33:27
OI00010900,ORD0004970,PROD000152,3,68.44,0.0,205.32,2026-02-18 20:35:00
OI00010901,ORD0004970,PROD000063,2,61.43,0.0,122.86,2026-02-18 20:35:00
OI00010902,ORD0004971,PROD000195,1,397.59,59.64,337.95,2026-06-16 17:50:59
OI00010903,ORD0004972,PROD000041,1,287.98,14.4,273.58,2026-02-23 18:51:44
OI00010904,ORD0004973,PROD000083,2,119.55,0.0,239.1,2026-03-08 11:34:07
OI00010905,ORD0004973,PROD000067,1,181.48,0.0,181.48,2026-03-08 11:34:07
OI00010906,ORD0004974,PROD000029,3,12.47,5.61,31.8,2026-06-20 21:45:22
OI00010907,ORD0004974,PROD000047,1,125.52,12.55,112.97,2026-06-20 21:45:22
OI00010908,ORD0004974,PROD000115,1,66.23,0.0,66.23,2026-06-20 21:45:22
OI00010909,ORD0004974,PROD000005,2,219.89,0.0,439.78,2026-06-20 21:45:22
OI00010910,ORD0004974,PROD000007,2,255.16,0.0,510.32,2026-06-20 21:45:22
OI00010911,ORD0004975,PROD000142,3,276.94,83.08,747.74,2026-03-21 09:01:24
OI00010912,ORD0004975,PROD000035,2,197.66,19.77,375.55,2026-03-21 09:01:24
OI00010913,ORD0004976,PROD000089,1,270.52,0.0,270.52,2026-04-06 12:48:27
OI00010914,ORD0004977,PROD000031,2,62.29,6.23,118.35,2026-03-02 00:00:11
OI00010915,ORD0004977,PROD000109,2,87.72,0.0,175.44,2026-03-02 00:00:11
OI00010916,ORD0004978,PROD000102,2,157.31,0.0,314.62,2026-03-25 23:38:00
OI00010917,ORD0004979,PROD000069,1,332.4,66.48,265.92,2026-03-07 07:32:12
OI00010918,ORD0004980,PROD000129,1,280.22,0.0,280.22,2026-07-04 10:34:44
OI00010919,ORD0004980,PROD000113,1,295.97,0.0,295.97,2026-07-04 10:34:44
OI00010920,ORD0004980,PROD000048,1,312.1,0.0,312.1,2026-07-04 10:34:44
OI00010921,ORD0004980,PROD000001,1,240.76,0.0,240.76,2026-07-04 10:34:44
OI00010922,ORD0004981,PROD000136,1,248.42,0.0,248.42,2026-08-08 23:06:45
OI00010923,ORD0004981,PROD000073,2,9.42,0.0,18.84,2026-08-08 23:06:45
OI00010924,ORD0004981,PROD000055,1,324.24,0.0,324.24,2026-08-08 23:06:45
OI00010925,ORD0004982,PROD000153,1,46.39,0.0,46.39,2026-03-19 05:22:35
OI00010926,ORD0004983,PROD000164,2,179.02,0.0,358.04,2026-03-10 05:59:06
OI00010927,ORD0004984,PROD000158,1,391.88,0.0,391.88,2026-07-19 22:01:28
OI00010928,ORD0004984,PROD000157,1,230.53,0.0,230.53,2026-07-19 22:01:28
OI00010929,ORD0004984,PROD000069,1,332.4,0.0,332.4,2026-07-19 22:01:28
OI00010930,ORD0004984,PROD000086,3,216.37,0.0,649.11,2026-07-19 22:01:28
OI00010931,ORD0004985,PROD000015,2,74.75,0.0,149.5,2026-04-01 02:56:38
OI00010932,ORD0004986,PROD000111,2,209.32,0.0,418.64,2026-07-25 21:47:10
OI00010933,ORD0004987,PROD000092,1,90.01,0.0,90.01,2026-07-24 06:48:57
OI00010934,ORD0004988,PROD000056,1,23.5,2.35,21.15,2026-04-12 00:19:54
OI00010935,ORD0004989,PROD000107,3,128.32,0.0,384.96,2026-03-29 17:13:45
OI00010936,ORD0004990,PROD000169,3,53.52,0.0,160.56,2026-03-22 09:29:11
OI00010937,ORD0004991,PROD000069,1,332.4,49.86,282.54,2026-06-22 06:20:24
OI00010938,ORD0004991,PROD000100,4,125.62,50.25,452.23,2026-06-22 06:20:24
OI00010939,ORD0004992,PROD000146,1,237.64,0.0,237.64,2026-07-28 13:18:55
OI00010940,ORD0004993,PROD000133,1,7.24,0.0,7.24,2026-06-22 07:52:59
OI00010941,ORD0004994,PROD000007,1,255.16,0.0,255.16,2026-06-04 22:25:23
OI00010942,ORD0004994,PROD000014,2,171.48,17.15,325.81,2026-06-04 22:25:23
OI00010943,ORD0004995,PROD000006,1,276.33,0.0,276.33,2026-02-23 23:29:07
OI00010944,ORD0004996,PROD000168,1,433.94,0.0,433.94,2026-03-08 16:28:06
OI00010945,ORD0004996,PROD000180,1,443.88,0.0,443.88,2026-03-08 16:28:06
OI00010946,ORD0004996,PROD000139,2,48.21,0.0,96.42,2026-03-08 16:28:06
OI00010947,ORD0004996,PROD000200,1,107.97,0.0,107.97,2026-03-08 16:28:06
OI00010948,ORD0004997,PROD000165,2,95.13,0.0,190.26,2026-08-05 02:49:20
OI00010949,ORD0004998,PROD000066,1,424.54,0.0,424.54,2026-06-06 04:37:53
OI00010950,ORD0004998,PROD000073,2,9.42,0.0,18.84,2026-06-06 04:37:53
OI00010951,ORD0004998,PROD000139,1,48.21,0.0,48.21,2026-06-06 04:37:53
OI00010952,ORD0004998,PROD000149,1,259.04,0.0,259.04,2026-06-06 04:37:53
OI00010953,ORD0004998,PROD000120,1,200.42,0.0,200.42,2026-06-06 04:37:53
OI00010954,ORD0004999,PROD000026,1,165.8,0.0,165.8,2026-07-25 11:41:31
OI00010955,ORD0004999,PROD000198,1,307.49,46.12,261.37,2026-07-25 11:41:31
OI00010956,ORD0004999,PROD000071,1,259.22,0.0,259.22,2026-07-25 11:41:31
OI00010957,ORD0004999,PROD000006,1,276.33,55.27,221.06,2026-07-25 11:41:31
OI00010958,ORD0004999,PROD000195,1,397.59,0.0,397.59,2026-07-25 11:41:31
OI00010959,ORD0005000,PROD000073,1,9.42,0.0,9.42,2026-04-29 10:09:08
OI00010960,ORD0005000,PROD000129,1,280.22,0.0,280.22,2026-04-29 10:09:08
